2026-02-23 00:01:02.353 - [INFO ] - hikari-pool - Shutdown initiated...
2026-02-23 00:01:02.381 - [INFO ] - hikari-pool - Shutdown completed.
2026-02-23 00:01:02.382 - [WARN ] - AgentQueue
org.mybatis.spring.MyBatisSystemException: nested exception is org.apache.ibatis.exceptions.PersistenceException: 
### Error querying database.  Cause: org.springframework.jdbc.CannotGetJdbcConnectionException: Failed to obtain JDBC Connection; nested exception is java.sql.SQLException: HikariDataSource HikariDataSource (hikari-pool) has been closed.
### The error may exist in cn/psycall/ccmgt/mapper/DBUtilsMapper.java (best guess)
### The error may involve cn.psycall.ccmgt.mapper.DBUtilsMapper.listQueue
### The error occurred while executing a query
### Cause: org.springframework.jdbc.CannotGetJdbcConnectionException: Failed to obtain JDBC Connection; nested exception is java.sql.SQLException: HikariDataSource HikariDataSource (hikari-pool) has been closed.
	at org.mybatis.spring.MyBatisExceptionTranslator.translateExceptionIfPossible(MyBatisExceptionTranslator.java:96)
	at org.mybatis.spring.SqlSessionTemplate$SqlSessionInterceptor.invoke(SqlSessionTemplate.java:441)
	at com.sun.proxy.$Proxy60.selectList(Unknown Source)
	at org.mybatis.spring.SqlSessionTemplate.selectList(SqlSessionTemplate.java:224)
	at org.apache.ibatis.binding.MapperMethod.executeForMany(MapperMethod.java:147)
	at org.apache.ibatis.binding.MapperMethod.execute(MapperMethod.java:80)
	at org.apache.ibatis.binding.MapperProxy$PlainMethodInvoker.invoke(MapperProxy.java:152)
	at org.apache.ibatis.binding.MapperProxy.invoke(MapperProxy.java:85)
	at com.sun.proxy.$Proxy72.listQueue(Unknown Source)
	at cn.psycall.ccmgt.service.DBUtilsService.listQueue(DBUtilsService.java:296)
	at cn.psycall.ccmgt.util.AgentQueue.exec(AgentQueue.java:41)
	at cn.psycall.ccmgt.util.AgentQueue.run(AgentQueue.java:24)
Caused by: org.apache.ibatis.exceptions.PersistenceException: 
### Error querying database.  Cause: org.springframework.jdbc.CannotGetJdbcConnectionException: Failed to obtain JDBC Connection; nested exception is java.sql.SQLException: HikariDataSource HikariDataSource (hikari-pool) has been closed.
### The error may exist in cn/psycall/ccmgt/mapper/DBUtilsMapper.java (best guess)
### The error may involve cn.psycall.ccmgt.mapper.DBUtilsMapper.listQueue
### The error occurred while executing a query
### Cause: org.springframework.jdbc.CannotGetJdbcConnectionException: Failed to obtain JDBC Connection; nested exception is java.sql.SQLException: HikariDataSource HikariDataSource (hikari-pool) has been closed.
	at org.apache.ibatis.exceptions.ExceptionFactory.wrapException(ExceptionFactory.java:30)
	at org.apache.ibatis.session.defaults.DefaultSqlSession.selectList(DefaultSqlSession.java:149)
	at org.apache.ibatis.session.defaults.DefaultSqlSession.selectList(DefaultSqlSession.java:140)
	at jdk.internal.reflect.GeneratedMethodAccessor32.invoke(Unknown Source)
	at java.base/jdk.internal.reflect.DelegatingMethodAccessorImpl.invoke(DelegatingMethodAccessorImpl.java:43)
	at java.base/java.lang.reflect.Method.invoke(Method.java:566)
	at org.mybatis.spring.SqlSessionTemplate$SqlSessionInterceptor.invoke(SqlSessionTemplate.java:427)
	... 10 common frames omitted
Caused by: org.springframework.jdbc.CannotGetJdbcConnectionException: Failed to obtain JDBC Connection; nested exception is java.sql.SQLException: HikariDataSource HikariDataSource (hikari-pool) has been closed.
	at org.springframework.jdbc.datasource.DataSourceUtils.getConnection(DataSourceUtils.java:84)
	at org.mybatis.spring.transaction.SpringManagedTransaction.openConnection(SpringManagedTransaction.java:80)
	at org.mybatis.spring.transaction.SpringManagedTransaction.getConnection(SpringManagedTransaction.java:67)
	at org.apache.ibatis.executor.BaseExecutor.getConnection(BaseExecutor.java:337)
	at org.apache.ibatis.executor.SimpleExecutor.prepareStatement(SimpleExecutor.java:86)
	at org.apache.ibatis.executor.SimpleExecutor.doQuery(SimpleExecutor.java:62)
	at org.apache.ibatis.executor.BaseExecutor.queryFromDatabase(BaseExecutor.java:325)
	at org.apache.ibatis.executor.BaseExecutor.query(BaseExecutor.java:156)
	at org.apache.ibatis.executor.CachingExecutor.query(CachingExecutor.java:109)
	at org.apache.ibatis.executor.CachingExecutor.query(CachingExecutor.java:89)
	at org.apache.ibatis.session.defaults.DefaultSqlSession.selectList(DefaultSqlSession.java:147)
	... 15 common frames omitted
Caused by: java.sql.SQLException: HikariDataSource HikariDataSource (hikari-pool) has been closed.
	at com.zaxxer.hikari.HikariDataSource.getConnection(HikariDataSource.java:96)
	at org.springframework.jdbc.datasource.DataSourceUtils.fetchConnection(DataSourceUtils.java:160)
	at org.springframework.jdbc.datasource.DataSourceUtils.doGetConnection(DataSourceUtils.java:118)
	at org.springframework.jdbc.datasource.DataSourceUtils.getConnection(DataSourceUtils.java:81)
	... 25 common frames omitted
2026-02-23 00:03:20.753 - [INFO ] - Starting CcmgtApplication v1.0 using Java 11.0.29 on 142-0 with PID 4906 (/usr/local/cc/ccmgt-1.0.jar started by root in /usr/local/cc)
2026-02-23 00:03:20.799 - [INFO ] - No active profile set, falling back to default profiles: default
2026-02-23 00:03:30.184 - [INFO ] - Initializing ProtocolHandler ["http-nio-8020"]
2026-02-23 00:03:30.188 - [INFO ] - Starting service [Tomcat]
2026-02-23 00:03:30.189 - [INFO ] - Starting Servlet engine: [Apache Tomcat/9.0.41]
2026-02-23 00:03:30.522 - [INFO ] - Initializing Spring embedded WebApplicationContext
2026-02-23 00:03:38.388 - [INFO ] - Starting ProtocolHandler ["http-nio-8020"]
2026-02-23 00:03:38.697 - [INFO ] - Started CcmgtApplication in 23.149 seconds (JVM running for 27.189)
2026-02-23 00:03:38.792 - [INFO ] - ccmgt init
2026-02-23 00:03:39.421 - [INFO ] - hikari-pool - Starting...
2026-02-23 00:03:39.955 - [INFO ] - RabbitMQ connected!
2026-02-23 00:03:41.421 - [INFO ] - hikari-pool - Start completed.
2026-02-23 00:03:46.837 - [INFO ] - Initializing Spring DispatcherServlet 'dispatcherServlet'
2026-02-23 00:04:08.053 - [INFO ] - internal->61.158.166.43:5060
2026-02-23 00:04:08.056 - [INFO ] - ESL Client connected ..(61.158.166.43:8021[31d95df1-dfed-4c4d-8e3e-2dcc1b3984f0])
2026-02-23 00:04:08.133 - [INFO ] - internal_sip_port->5060
2026-02-23 00:04:08.134 - [INFO ] - external_sip_port->5080
2026-02-23 00:04:13.648 - [INFO ] - fs[31d95df1-dfed-4c4d-8e3e-2dcc1b3984f0] CallThread start
2026-02-23 00:04:13.985 - [INFO ] - internal->61.158.166.44:5060
2026-02-23 00:04:13.985 - [INFO ] - ESL Client connected ..(61.158.166.44:8021[bd9ad5dd-c973-4e22-968f-dc9c3ea1f56c])
2026-02-23 00:04:14.031 - [INFO ] - internal_sip_port->5060
2026-02-23 00:04:14.032 - [INFO ] - external_sip_port->5080
2026-02-23 00:04:19.548 - [INFO ] - fs[bd9ad5dd-c973-4e22-968f-dc9c3ea1f56c] CallThread start
2026-02-23 00:04:20.178 - [INFO ] - internal->61.158.166.45:5060
2026-02-23 00:04:20.179 - [INFO ] - ESL Client connected ..(61.158.166.45:8021[296f705a-ff6b-4e8a-b87c-2b6d9ecebe81])
2026-02-23 00:04:20.204 - [WARN ] - ChannelHangupComplete
java.lang.NullPointerException: null
	at cn.psycall.ccmgt.cti.ChannelHangupComplete.run(ChannelHangupComplete.java:60)
	at java.base/java.util.concurrent.ThreadPoolExecutor.runWorker(ThreadPoolExecutor.java:1128)
	at java.base/java.util.concurrent.ThreadPoolExecutor$Worker.run(ThreadPoolExecutor.java:628)
	at java.base/java.lang.Thread.run(Thread.java:829)
2026-02-23 00:04:20.229 - [INFO ] - internal_sip_port->5060
2026-02-23 00:04:20.229 - [INFO ] - external_sip_port->5080
2026-02-23 00:04:25.796 - [INFO ] - fs[296f705a-ff6b-4e8a-b87c-2b6d9ecebe81] CallThread start
2026-02-23 00:04:26.139 - [INFO ] - internal->61.158.166.46:5060
2026-02-23 00:04:26.140 - [INFO ] - ESL Client connected ..(61.158.166.46:8021[badceef2-f88c-497d-b118-9cb70d459145])
2026-02-23 00:04:26.190 - [INFO ] - internal_sip_port->5060
2026-02-23 00:04:26.190 - [INFO ] - external_sip_port->5080
2026-02-23 00:04:31.707 - [INFO ] - fs[badceef2-f88c-497d-b118-9cb70d459145] CallThread start
2026-02-23 02:00:00.026 - [INFO ] - Failed to access file: /usr/local/freeswitch/sounds - /usr/local/freeswitch/sounds
2026-02-23 02:00:00.081 - [INFO ] - earliest ->20251225
2026-02-23 02:00:00.081 - [INFO ] - drop table ->customer_cdr_20251225
2026-02-23 02:01:42.837 - [INFO ] - [delete from customer_cdr_20251226 where answered=1 and admin_id=6, delete from customer_cdr_20251227 where answered=1 and admin_id=6, delete from customer_cdr_20251228 where answered=1 and admin_id=6, delete from customer_cdr_20251229 where answered=1 and admin_id=6, delete from customer_cdr_20251230 where answered=1 and admin_id=6, delete from customer_cdr_20251231 where answered=1 and admin_id=6, delete from customer_cdr_20260101 where answered=1 and admin_id=6, delete from customer_cdr_20260102 where answered=1 and admin_id=6, delete from customer_cdr_20260103 where answered=1 and admin_id=6, delete from customer_cdr_20260104 where answered=1 and admin_id=6, delete from customer_cdr_20260105 where answered=1 and admin_id=6, delete from customer_cdr_20260106 where answered=1 and admin_id=6, delete from customer_cdr_20260107 where answered=1 and admin_id=6, delete from customer_cdr_20260108 where answered=1 and admin_id=6, delete from customer_cdr_20260109 where answered=1 and admin_id=6, delete from customer_cdr_20260110 where answered=1 and admin_id=6, delete from customer_cdr_20260111 where answered=1 and admin_id=6, delete from customer_cdr_20260112 where answered=1 and admin_id=6, delete from customer_cdr_20260113 where answered=1 and admin_id=6, delete from customer_cdr_20260114 where answered=1 and admin_id=6, delete from customer_cdr_20260115 where answered=1 and admin_id=6, delete from customer_cdr_20260116 where answered=1 and admin_id=6, delete from customer_cdr_20260117 where answered=1 and admin_id=6, delete from customer_cdr_20260118 where answered=1 and admin_id=6, delete from customer_cdr_20260119 where answered=1 and admin_id=6, delete from customer_cdr_20260120 where answered=1 and admin_id=6, delete from customer_cdr_20260121 where answered=1 and admin_id=6, delete from customer_cdr_20260122 where answered=1 and admin_id=6, delete from customer_cdr_20260123 where answered=1 and admin_id=6, delete from customer_cdr_20260124 where answered=1 and admin_id=6]
2026-02-23 02:01:42.838 - [INFO ] - start
2026-02-23 02:02:20.304 - [INFO ] - end
2026-02-23 02:02:20.307 - [INFO ] - [delete from customer_cdr_20251226 where answered=0 and admin_id=6, delete from customer_cdr_20251227 where answered=0 and admin_id=6, delete from customer_cdr_20251228 where answered=0 and admin_id=6, delete from customer_cdr_20251229 where answered=0 and admin_id=6, delete from customer_cdr_20251230 where answered=0 and admin_id=6, delete from customer_cdr_20251231 where answered=0 and admin_id=6, delete from customer_cdr_20260101 where answered=0 and admin_id=6, delete from customer_cdr_20260102 where answered=0 and admin_id=6, delete from customer_cdr_20260103 where answered=0 and admin_id=6, delete from customer_cdr_20260104 where answered=0 and admin_id=6, delete from customer_cdr_20260105 where answered=0 and admin_id=6, delete from customer_cdr_20260106 where answered=0 and admin_id=6, delete from customer_cdr_20260107 where answered=0 and admin_id=6, delete from customer_cdr_20260108 where answered=0 and admin_id=6, delete from customer_cdr_20260109 where answered=0 and admin_id=6, delete from customer_cdr_20260110 where answered=0 and admin_id=6, delete from customer_cdr_20260111 where answered=0 and admin_id=6, delete from customer_cdr_20260112 where answered=0 and admin_id=6, delete from customer_cdr_20260113 where answered=0 and admin_id=6, delete from customer_cdr_20260114 where answered=0 and admin_id=6, delete from customer_cdr_20260115 where answered=0 and admin_id=6, delete from customer_cdr_20260116 where answered=0 and admin_id=6, delete from customer_cdr_20260117 where answered=0 and admin_id=6, delete from customer_cdr_20260118 where answered=0 and admin_id=6, delete from customer_cdr_20260119 where answered=0 and admin_id=6, delete from customer_cdr_20260120 where answered=0 and admin_id=6, delete from customer_cdr_20260121 where answered=0 and admin_id=6, delete from customer_cdr_20260122 where answered=0 and admin_id=6, delete from customer_cdr_20260123 where answered=0 and admin_id=6, delete from customer_cdr_20260124 where answered=0 and admin_id=6]
2026-02-23 02:02:20.308 - [INFO ] - start
2026-02-23 02:06:01.554 - [INFO ] - end
2026-02-23 02:07:14.766 - [INFO ] - [delete from customer_cdr_20251226 where answered=1 and admin_id=7, delete from customer_cdr_20251227 where answered=1 and admin_id=7, delete from customer_cdr_20251228 where answered=1 and admin_id=7, delete from customer_cdr_20251229 where answered=1 and admin_id=7, delete from customer_cdr_20251230 where answered=1 and admin_id=7, delete from customer_cdr_20251231 where answered=1 and admin_id=7, delete from customer_cdr_20260101 where answered=1 and admin_id=7, delete from customer_cdr_20260102 where answered=1 and admin_id=7, delete from customer_cdr_20260103 where answered=1 and admin_id=7, delete from customer_cdr_20260104 where answered=1 and admin_id=7, delete from customer_cdr_20260105 where answered=1 and admin_id=7, delete from customer_cdr_20260106 where answered=1 and admin_id=7, delete from customer_cdr_20260107 where answered=1 and admin_id=7, delete from customer_cdr_20260108 where answered=1 and admin_id=7, delete from customer_cdr_20260109 where answered=1 and admin_id=7, delete from customer_cdr_20260110 where answered=1 and admin_id=7, delete from customer_cdr_20260111 where answered=1 and admin_id=7, delete from customer_cdr_20260112 where answered=1 and admin_id=7, delete from customer_cdr_20260113 where answered=1 and admin_id=7, delete from customer_cdr_20260114 where answered=1 and admin_id=7, delete from customer_cdr_20260115 where answered=1 and admin_id=7, delete from customer_cdr_20260116 where answered=1 and admin_id=7, delete from customer_cdr_20260117 where answered=1 and admin_id=7, delete from customer_cdr_20260118 where answered=1 and admin_id=7, delete from customer_cdr_20260119 where answered=1 and admin_id=7, delete from customer_cdr_20260120 where answered=1 and admin_id=7, delete from customer_cdr_20260121 where answered=1 and admin_id=7, delete from customer_cdr_20260122 where answered=1 and admin_id=7, delete from customer_cdr_20260123 where answered=1 and admin_id=7, delete from customer_cdr_20260124 where answered=1 and admin_id=7]
2026-02-23 02:07:14.767 - [INFO ] - start
2026-02-23 02:07:31.234 - [INFO ] - end
2026-02-23 02:07:31.239 - [INFO ] - [delete from customer_cdr_20251226 where answered=0 and admin_id=7, delete from customer_cdr_20251227 where answered=0 and admin_id=7, delete from customer_cdr_20251228 where answered=0 and admin_id=7, delete from customer_cdr_20251229 where answered=0 and admin_id=7, delete from customer_cdr_20251230 where answered=0 and admin_id=7, delete from customer_cdr_20251231 where answered=0 and admin_id=7, delete from customer_cdr_20260101 where answered=0 and admin_id=7, delete from customer_cdr_20260102 where answered=0 and admin_id=7, delete from customer_cdr_20260103 where answered=0 and admin_id=7, delete from customer_cdr_20260104 where answered=0 and admin_id=7, delete from customer_cdr_20260105 where answered=0 and admin_id=7, delete from customer_cdr_20260106 where answered=0 and admin_id=7, delete from customer_cdr_20260107 where answered=0 and admin_id=7, delete from customer_cdr_20260108 where answered=0 and admin_id=7, delete from customer_cdr_20260109 where answered=0 and admin_id=7, delete from customer_cdr_20260110 where answered=0 and admin_id=7, delete from customer_cdr_20260111 where answered=0 and admin_id=7, delete from customer_cdr_20260112 where answered=0 and admin_id=7, delete from customer_cdr_20260113 where answered=0 and admin_id=7, delete from customer_cdr_20260114 where answered=0 and admin_id=7, delete from customer_cdr_20260115 where answered=0 and admin_id=7, delete from customer_cdr_20260116 where answered=0 and admin_id=7, delete from customer_cdr_20260117 where answered=0 and admin_id=7, delete from customer_cdr_20260118 where answered=0 and admin_id=7, delete from customer_cdr_20260119 where answered=0 and admin_id=7, delete from customer_cdr_20260120 where answered=0 and admin_id=7, delete from customer_cdr_20260121 where answered=0 and admin_id=7, delete from customer_cdr_20260122 where answered=0 and admin_id=7, delete from customer_cdr_20260123 where answered=0 and admin_id=7, delete from customer_cdr_20260124 where answered=0 and admin_id=7]
2026-02-23 02:07:31.239 - [INFO ] - start
2026-02-23 02:11:18.052 - [INFO ] - end
2026-02-23 02:46:21.667 - [INFO ] - Error parsing HTTP request header
 Note: further occurrences of HTTP request parsing errors will be logged at DEBUG level.
java.lang.IllegalArgumentException: Invalid character found in method name [0x160x030x010x00{0x010x000x00w0x030x03cc8\0x100xcf0xd7e0xba]. HTTP method names must be tokens
	at org.apache.coyote.http11.Http11InputBuffer.parseRequestLine(Http11InputBuffer.java:417)
	at org.apache.coyote.http11.Http11Processor.service(Http11Processor.java:261)
	at org.apache.coyote.AbstractProcessorLight.process(AbstractProcessorLight.java:65)
	at org.apache.coyote.AbstractProtocol$ConnectionHandler.process(AbstractProtocol.java:888)
	at org.apache.tomcat.util.net.NioEndpoint$SocketProcessor.doRun(NioEndpoint.java:1597)
	at org.apache.tomcat.util.net.SocketProcessorBase.run(SocketProcessorBase.java:49)
	at java.base/java.util.concurrent.ThreadPoolExecutor.runWorker(ThreadPoolExecutor.java:1128)
	at java.base/java.util.concurrent.ThreadPoolExecutor$Worker.run(ThreadPoolExecutor.java:628)
	at org.apache.tomcat.util.threads.TaskThread$WrappingRunnable.run(TaskThread.java:61)
	at java.base/java.lang.Thread.run(Thread.java:829)
2026-02-23 03:03:44.544 - [INFO ] - ESL Client Disconnect ..(61.158.166.43:8021)
2026-02-23 03:03:45.853 - [WARN ] - esl
org.freeswitch.esl.client.inbound.InboundConnectionException: Could not connect to /61.158.166.43:8021
	at org.freeswitch.esl.client.inbound.Client.connect(Client.java:134)
	at cn.psycall.ccmgt.util.FreeSwitchManage.monitor(FreeSwitchManage.java:86)
	at cn.psycall.ccmgt.util.FreeSwitchManage.run(FreeSwitchManage.java:42)
Caused by: io.netty.channel.AbstractChannel$AnnotatedConnectException: Connection refused: /61.158.166.43:8021
Caused by: java.net.ConnectException: Connection refused
	at java.base/sun.nio.ch.SocketChannelImpl.checkConnect(Native Method)
	at java.base/sun.nio.ch.SocketChannelImpl.finishConnect(SocketChannelImpl.java:777)
	at io.netty.channel.socket.nio.NioSocketChannel.doFinishConnect(NioSocketChannel.java:330)
	at io.netty.channel.nio.AbstractNioChannel$AbstractNioUnsafe.finishConnect(AbstractNioChannel.java:334)
	at io.netty.channel.nio.NioEventLoop.processSelectedKey(NioEventLoop.java:707)
	at io.netty.channel.nio.NioEventLoop.processSelectedKeysOptimized(NioEventLoop.java:655)
	at io.netty.channel.nio.NioEventLoop.processSelectedKeys(NioEventLoop.java:581)
	at io.netty.channel.nio.NioEventLoop.run(NioEventLoop.java:493)
	at io.netty.util.concurrent.SingleThreadEventExecutor$4.run(SingleThreadEventExecutor.java:989)
	at io.netty.util.internal.ThreadExecutorMap$2.run(ThreadExecutorMap.java:74)
	at io.netty.util.concurrent.FastThreadLocalRunnable.run(FastThreadLocalRunnable.java:30)
	at java.base/java.lang.Thread.run(Thread.java:829)
2026-02-23 03:03:47.021 - [WARN ] - esl
org.freeswitch.esl.client.inbound.InboundConnectionException: Could not connect to /61.158.166.43:8021
	at org.freeswitch.esl.client.inbound.Client.connect(Client.java:134)
	at cn.psycall.ccmgt.util.FreeSwitchManage.monitor(FreeSwitchManage.java:86)
	at cn.psycall.ccmgt.util.FreeSwitchManage.run(FreeSwitchManage.java:42)
Caused by: io.netty.channel.AbstractChannel$AnnotatedConnectException: Connection refused: /61.158.166.43:8021
Caused by: java.net.ConnectException: Connection refused
	at java.base/sun.nio.ch.SocketChannelImpl.checkConnect(Native Method)
	at java.base/sun.nio.ch.SocketChannelImpl.finishConnect(SocketChannelImpl.java:777)
	at io.netty.channel.socket.nio.NioSocketChannel.doFinishConnect(NioSocketChannel.java:330)
	at io.netty.channel.nio.AbstractNioChannel$AbstractNioUnsafe.finishConnect(AbstractNioChannel.java:334)
	at io.netty.channel.nio.NioEventLoop.processSelectedKey(NioEventLoop.java:707)
	at io.netty.channel.nio.NioEventLoop.processSelectedKeysOptimized(NioEventLoop.java:655)
	at io.netty.channel.nio.NioEventLoop.processSelectedKeys(NioEventLoop.java:581)
	at io.netty.channel.nio.NioEventLoop.run(NioEventLoop.java:493)
	at io.netty.util.concurrent.SingleThreadEventExecutor$4.run(SingleThreadEventExecutor.java:989)
	at io.netty.util.internal.ThreadExecutorMap$2.run(ThreadExecutorMap.java:74)
	at io.netty.util.concurrent.FastThreadLocalRunnable.run(FastThreadLocalRunnable.java:30)
	at java.base/java.lang.Thread.run(Thread.java:829)
2026-02-23 03:03:48.129 - [WARN ] - esl
org.freeswitch.esl.client.inbound.InboundConnectionException: Could not connect to /61.158.166.43:8021
	at org.freeswitch.esl.client.inbound.Client.connect(Client.java:134)
	at cn.psycall.ccmgt.util.FreeSwitchManage.monitor(FreeSwitchManage.java:86)
	at cn.psycall.ccmgt.util.FreeSwitchManage.run(FreeSwitchManage.java:42)
Caused by: io.netty.channel.AbstractChannel$AnnotatedConnectException: Connection refused: /61.158.166.43:8021
Caused by: java.net.ConnectException: Connection refused
	at java.base/sun.nio.ch.SocketChannelImpl.checkConnect(Native Method)
	at java.base/sun.nio.ch.SocketChannelImpl.finishConnect(SocketChannelImpl.java:777)
	at io.netty.channel.socket.nio.NioSocketChannel.doFinishConnect(NioSocketChannel.java:330)
	at io.netty.channel.nio.AbstractNioChannel$AbstractNioUnsafe.finishConnect(AbstractNioChannel.java:334)
	at io.netty.channel.nio.NioEventLoop.processSelectedKey(NioEventLoop.java:707)
	at io.netty.channel.nio.NioEventLoop.processSelectedKeysOptimized(NioEventLoop.java:655)
	at io.netty.channel.nio.NioEventLoop.processSelectedKeys(NioEventLoop.java:581)
	at io.netty.channel.nio.NioEventLoop.run(NioEventLoop.java:493)
	at io.netty.util.concurrent.SingleThreadEventExecutor$4.run(SingleThreadEventExecutor.java:989)
	at io.netty.util.internal.ThreadExecutorMap$2.run(ThreadExecutorMap.java:74)
	at io.netty.util.concurrent.FastThreadLocalRunnable.run(FastThreadLocalRunnable.java:30)
	at java.base/java.lang.Thread.run(Thread.java:829)
2026-02-23 03:03:49.203 - [WARN ] - esl
org.freeswitch.esl.client.inbound.InboundConnectionException: Could not connect to /61.158.166.43:8021
	at org.freeswitch.esl.client.inbound.Client.connect(Client.java:134)
	at cn.psycall.ccmgt.util.FreeSwitchManage.monitor(FreeSwitchManage.java:86)
	at cn.psycall.ccmgt.util.FreeSwitchManage.run(FreeSwitchManage.java:42)
Caused by: io.netty.channel.AbstractChannel$AnnotatedConnectException: Connection refused: /61.158.166.43:8021
Caused by: java.net.ConnectException: Connection refused
	at java.base/sun.nio.ch.SocketChannelImpl.checkConnect(Native Method)
	at java.base/sun.nio.ch.SocketChannelImpl.finishConnect(SocketChannelImpl.java:777)
	at io.netty.channel.socket.nio.NioSocketChannel.doFinishConnect(NioSocketChannel.java:330)
	at io.netty.channel.nio.AbstractNioChannel$AbstractNioUnsafe.finishConnect(AbstractNioChannel.java:334)
	at io.netty.channel.nio.NioEventLoop.processSelectedKey(NioEventLoop.java:707)
	at io.netty.channel.nio.NioEventLoop.processSelectedKeysOptimized(NioEventLoop.java:655)
	at io.netty.channel.nio.NioEventLoop.processSelectedKeys(NioEventLoop.java:581)
	at io.netty.channel.nio.NioEventLoop.run(NioEventLoop.java:493)
	at io.netty.util.concurrent.SingleThreadEventExecutor$4.run(SingleThreadEventExecutor.java:989)
	at io.netty.util.internal.ThreadExecutorMap$2.run(ThreadExecutorMap.java:74)
	at io.netty.util.concurrent.FastThreadLocalRunnable.run(FastThreadLocalRunnable.java:30)
	at java.base/java.lang.Thread.run(Thread.java:829)
2026-02-23 03:03:50.312 - [WARN ] - esl
org.freeswitch.esl.client.inbound.InboundConnectionException: Could not connect to /61.158.166.43:8021
	at org.freeswitch.esl.client.inbound.Client.connect(Client.java:134)
	at cn.psycall.ccmgt.util.FreeSwitchManage.monitor(FreeSwitchManage.java:86)
	at cn.psycall.ccmgt.util.FreeSwitchManage.run(FreeSwitchManage.java:42)
Caused by: io.netty.channel.AbstractChannel$AnnotatedConnectException: Connection refused: /61.158.166.43:8021
Caused by: java.net.ConnectException: Connection refused
	at java.base/sun.nio.ch.SocketChannelImpl.checkConnect(Native Method)
	at java.base/sun.nio.ch.SocketChannelImpl.finishConnect(SocketChannelImpl.java:777)
	at io.netty.channel.socket.nio.NioSocketChannel.doFinishConnect(NioSocketChannel.java:330)
	at io.netty.channel.nio.AbstractNioChannel$AbstractNioUnsafe.finishConnect(AbstractNioChannel.java:334)
	at io.netty.channel.nio.NioEventLoop.processSelectedKey(NioEventLoop.java:707)
	at io.netty.channel.nio.NioEventLoop.processSelectedKeysOptimized(NioEventLoop.java:655)
	at io.netty.channel.nio.NioEventLoop.processSelectedKeys(NioEventLoop.java:581)
	at io.netty.channel.nio.NioEventLoop.run(NioEventLoop.java:493)
	at io.netty.util.concurrent.SingleThreadEventExecutor$4.run(SingleThreadEventExecutor.java:989)
	at io.netty.util.internal.ThreadExecutorMap$2.run(ThreadExecutorMap.java:74)
	at io.netty.util.concurrent.FastThreadLocalRunnable.run(FastThreadLocalRunnable.java:30)
	at java.base/java.lang.Thread.run(Thread.java:829)
2026-02-23 03:03:51.408 - [WARN ] - esl
org.freeswitch.esl.client.inbound.InboundConnectionException: Could not connect to /61.158.166.43:8021
	at org.freeswitch.esl.client.inbound.Client.connect(Client.java:134)
	at cn.psycall.ccmgt.util.FreeSwitchManage.monitor(FreeSwitchManage.java:86)
	at cn.psycall.ccmgt.util.FreeSwitchManage.run(FreeSwitchManage.java:42)
Caused by: io.netty.channel.AbstractChannel$AnnotatedConnectException: Connection refused: /61.158.166.43:8021
Caused by: java.net.ConnectException: Connection refused
	at java.base/sun.nio.ch.SocketChannelImpl.checkConnect(Native Method)
	at java.base/sun.nio.ch.SocketChannelImpl.finishConnect(SocketChannelImpl.java:777)
	at io.netty.channel.socket.nio.NioSocketChannel.doFinishConnect(NioSocketChannel.java:330)
	at io.netty.channel.nio.AbstractNioChannel$AbstractNioUnsafe.finishConnect(AbstractNioChannel.java:334)
	at io.netty.channel.nio.NioEventLoop.processSelectedKey(NioEventLoop.java:707)
	at io.netty.channel.nio.NioEventLoop.processSelectedKeysOptimized(NioEventLoop.java:655)
	at io.netty.channel.nio.NioEventLoop.processSelectedKeys(NioEventLoop.java:581)
	at io.netty.channel.nio.NioEventLoop.run(NioEventLoop.java:493)
	at io.netty.util.concurrent.SingleThreadEventExecutor$4.run(SingleThreadEventExecutor.java:989)
	at io.netty.util.internal.ThreadExecutorMap$2.run(ThreadExecutorMap.java:74)
	at io.netty.util.concurrent.FastThreadLocalRunnable.run(FastThreadLocalRunnable.java:30)
	at java.base/java.lang.Thread.run(Thread.java:829)
2026-02-23 03:03:52.498 - [WARN ] - esl
org.freeswitch.esl.client.inbound.InboundConnectionException: Could not connect to /61.158.166.43:8021
	at org.freeswitch.esl.client.inbound.Client.connect(Client.java:134)
	at cn.psycall.ccmgt.util.FreeSwitchManage.monitor(FreeSwitchManage.java:86)
	at cn.psycall.ccmgt.util.FreeSwitchManage.run(FreeSwitchManage.java:42)
Caused by: io.netty.channel.AbstractChannel$AnnotatedConnectException: Connection refused: /61.158.166.43:8021
Caused by: java.net.ConnectException: Connection refused
	at java.base/sun.nio.ch.SocketChannelImpl.checkConnect(Native Method)
	at java.base/sun.nio.ch.SocketChannelImpl.finishConnect(SocketChannelImpl.java:777)
	at io.netty.channel.socket.nio.NioSocketChannel.doFinishConnect(NioSocketChannel.java:330)
	at io.netty.channel.nio.AbstractNioChannel$AbstractNioUnsafe.finishConnect(AbstractNioChannel.java:334)
	at io.netty.channel.nio.NioEventLoop.processSelectedKey(NioEventLoop.java:707)
	at io.netty.channel.nio.NioEventLoop.processSelectedKeysOptimized(NioEventLoop.java:655)
	at io.netty.channel.nio.NioEventLoop.processSelectedKeys(NioEventLoop.java:581)
	at io.netty.channel.nio.NioEventLoop.run(NioEventLoop.java:493)
	at io.netty.util.concurrent.SingleThreadEventExecutor$4.run(SingleThreadEventExecutor.java:989)
	at io.netty.util.internal.ThreadExecutorMap$2.run(ThreadExecutorMap.java:74)
	at io.netty.util.concurrent.FastThreadLocalRunnable.run(FastThreadLocalRunnable.java:30)
	at java.base/java.lang.Thread.run(Thread.java:829)
2026-02-23 03:03:53.590 - [WARN ] - esl
org.freeswitch.esl.client.inbound.InboundConnectionException: Could not connect to /61.158.166.43:8021
	at org.freeswitch.esl.client.inbound.Client.connect(Client.java:134)
	at cn.psycall.ccmgt.util.FreeSwitchManage.monitor(FreeSwitchManage.java:86)
	at cn.psycall.ccmgt.util.FreeSwitchManage.run(FreeSwitchManage.java:42)
Caused by: io.netty.channel.AbstractChannel$AnnotatedConnectException: Connection refused: /61.158.166.43:8021
Caused by: java.net.ConnectException: Connection refused
	at java.base/sun.nio.ch.SocketChannelImpl.checkConnect(Native Method)
	at java.base/sun.nio.ch.SocketChannelImpl.finishConnect(SocketChannelImpl.java:777)
	at io.netty.channel.socket.nio.NioSocketChannel.doFinishConnect(NioSocketChannel.java:330)
	at io.netty.channel.nio.AbstractNioChannel$AbstractNioUnsafe.finishConnect(AbstractNioChannel.java:334)
	at io.netty.channel.nio.NioEventLoop.processSelectedKey(NioEventLoop.java:707)
	at io.netty.channel.nio.NioEventLoop.processSelectedKeysOptimized(NioEventLoop.java:655)
	at io.netty.channel.nio.NioEventLoop.processSelectedKeys(NioEventLoop.java:581)
	at io.netty.channel.nio.NioEventLoop.run(NioEventLoop.java:493)
	at io.netty.util.concurrent.SingleThreadEventExecutor$4.run(SingleThreadEventExecutor.java:989)
	at io.netty.util.internal.ThreadExecutorMap$2.run(ThreadExecutorMap.java:74)
	at io.netty.util.concurrent.FastThreadLocalRunnable.run(FastThreadLocalRunnable.java:30)
	at java.base/java.lang.Thread.run(Thread.java:829)
2026-02-23 03:03:54.687 - [WARN ] - esl
org.freeswitch.esl.client.inbound.InboundConnectionException: Could not connect to /61.158.166.43:8021
	at org.freeswitch.esl.client.inbound.Client.connect(Client.java:134)
	at cn.psycall.ccmgt.util.FreeSwitchManage.monitor(FreeSwitchManage.java:86)
	at cn.psycall.ccmgt.util.FreeSwitchManage.run(FreeSwitchManage.java:42)
Caused by: io.netty.channel.AbstractChannel$AnnotatedConnectException: Connection refused: /61.158.166.43:8021
Caused by: java.net.ConnectException: Connection refused
	at java.base/sun.nio.ch.SocketChannelImpl.checkConnect(Native Method)
	at java.base/sun.nio.ch.SocketChannelImpl.finishConnect(SocketChannelImpl.java:777)
	at io.netty.channel.socket.nio.NioSocketChannel.doFinishConnect(NioSocketChannel.java:330)
	at io.netty.channel.nio.AbstractNioChannel$AbstractNioUnsafe.finishConnect(AbstractNioChannel.java:334)
	at io.netty.channel.nio.NioEventLoop.processSelectedKey(NioEventLoop.java:707)
	at io.netty.channel.nio.NioEventLoop.processSelectedKeysOptimized(NioEventLoop.java:655)
	at io.netty.channel.nio.NioEventLoop.processSelectedKeys(NioEventLoop.java:581)
	at io.netty.channel.nio.NioEventLoop.run(NioEventLoop.java:493)
	at io.netty.util.concurrent.SingleThreadEventExecutor$4.run(SingleThreadEventExecutor.java:989)
	at io.netty.util.internal.ThreadExecutorMap$2.run(ThreadExecutorMap.java:74)
	at io.netty.util.concurrent.FastThreadLocalRunnable.run(FastThreadLocalRunnable.java:30)
	at java.base/java.lang.Thread.run(Thread.java:829)
2026-02-23 03:03:55.779 - [WARN ] - esl
org.freeswitch.esl.client.inbound.InboundConnectionException: Could not connect to /61.158.166.43:8021
	at org.freeswitch.esl.client.inbound.Client.connect(Client.java:134)
	at cn.psycall.ccmgt.util.FreeSwitchManage.monitor(FreeSwitchManage.java:86)
	at cn.psycall.ccmgt.util.FreeSwitchManage.run(FreeSwitchManage.java:42)
Caused by: io.netty.channel.AbstractChannel$AnnotatedConnectException: Connection refused: /61.158.166.43:8021
Caused by: java.net.ConnectException: Connection refused
	at java.base/sun.nio.ch.SocketChannelImpl.checkConnect(Native Method)
	at java.base/sun.nio.ch.SocketChannelImpl.finishConnect(SocketChannelImpl.java:777)
	at io.netty.channel.socket.nio.NioSocketChannel.doFinishConnect(NioSocketChannel.java:330)
	at io.netty.channel.nio.AbstractNioChannel$AbstractNioUnsafe.finishConnect(AbstractNioChannel.java:334)
	at io.netty.channel.nio.NioEventLoop.processSelectedKey(NioEventLoop.java:707)
	at io.netty.channel.nio.NioEventLoop.processSelectedKeysOptimized(NioEventLoop.java:655)
	at io.netty.channel.nio.NioEventLoop.processSelectedKeys(NioEventLoop.java:581)
	at io.netty.channel.nio.NioEventLoop.run(NioEventLoop.java:493)
	at io.netty.util.concurrent.SingleThreadEventExecutor$4.run(SingleThreadEventExecutor.java:989)
	at io.netty.util.internal.ThreadExecutorMap$2.run(ThreadExecutorMap.java:74)
	at io.netty.util.concurrent.FastThreadLocalRunnable.run(FastThreadLocalRunnable.java:30)
	at java.base/java.lang.Thread.run(Thread.java:829)
2026-02-23 03:03:56.876 - [WARN ] - esl
org.freeswitch.esl.client.inbound.InboundConnectionException: Could not connect to /61.158.166.43:8021
	at org.freeswitch.esl.client.inbound.Client.connect(Client.java:134)
	at cn.psycall.ccmgt.util.FreeSwitchManage.monitor(FreeSwitchManage.java:86)
	at cn.psycall.ccmgt.util.FreeSwitchManage.run(FreeSwitchManage.java:42)
Caused by: io.netty.channel.AbstractChannel$AnnotatedConnectException: Connection refused: /61.158.166.43:8021
Caused by: java.net.ConnectException: Connection refused
	at java.base/sun.nio.ch.SocketChannelImpl.checkConnect(Native Method)
	at java.base/sun.nio.ch.SocketChannelImpl.finishConnect(SocketChannelImpl.java:777)
	at io.netty.channel.socket.nio.NioSocketChannel.doFinishConnect(NioSocketChannel.java:330)
	at io.netty.channel.nio.AbstractNioChannel$AbstractNioUnsafe.finishConnect(AbstractNioChannel.java:334)
	at io.netty.channel.nio.NioEventLoop.processSelectedKey(NioEventLoop.java:707)
	at io.netty.channel.nio.NioEventLoop.processSelectedKeysOptimized(NioEventLoop.java:655)
	at io.netty.channel.nio.NioEventLoop.processSelectedKeys(NioEventLoop.java:581)
	at io.netty.channel.nio.NioEventLoop.run(NioEventLoop.java:493)
	at io.netty.util.concurrent.SingleThreadEventExecutor$4.run(SingleThreadEventExecutor.java:989)
	at io.netty.util.internal.ThreadExecutorMap$2.run(ThreadExecutorMap.java:74)
	at io.netty.util.concurrent.FastThreadLocalRunnable.run(FastThreadLocalRunnable.java:30)
	at java.base/java.lang.Thread.run(Thread.java:829)
2026-02-23 03:03:57.973 - [WARN ] - esl
org.freeswitch.esl.client.inbound.InboundConnectionException: Could not connect to /61.158.166.43:8021
	at org.freeswitch.esl.client.inbound.Client.connect(Client.java:134)
	at cn.psycall.ccmgt.util.FreeSwitchManage.monitor(FreeSwitchManage.java:86)
	at cn.psycall.ccmgt.util.FreeSwitchManage.run(FreeSwitchManage.java:42)
Caused by: io.netty.channel.AbstractChannel$AnnotatedConnectException: Connection refused: /61.158.166.43:8021
Caused by: java.net.ConnectException: Connection refused
	at java.base/sun.nio.ch.SocketChannelImpl.checkConnect(Native Method)
	at java.base/sun.nio.ch.SocketChannelImpl.finishConnect(SocketChannelImpl.java:777)
	at io.netty.channel.socket.nio.NioSocketChannel.doFinishConnect(NioSocketChannel.java:330)
	at io.netty.channel.nio.AbstractNioChannel$AbstractNioUnsafe.finishConnect(AbstractNioChannel.java:334)
	at io.netty.channel.nio.NioEventLoop.processSelectedKey(NioEventLoop.java:707)
	at io.netty.channel.nio.NioEventLoop.processSelectedKeysOptimized(NioEventLoop.java:655)
	at io.netty.channel.nio.NioEventLoop.processSelectedKeys(NioEventLoop.java:581)
	at io.netty.channel.nio.NioEventLoop.run(NioEventLoop.java:493)
	at io.netty.util.concurrent.SingleThreadEventExecutor$4.run(SingleThreadEventExecutor.java:989)
	at io.netty.util.internal.ThreadExecutorMap$2.run(ThreadExecutorMap.java:74)
	at io.netty.util.concurrent.FastThreadLocalRunnable.run(FastThreadLocalRunnable.java:30)
	at java.base/java.lang.Thread.run(Thread.java:829)
2026-02-23 03:03:59.076 - [WARN ] - esl
org.freeswitch.esl.client.inbound.InboundConnectionException: Could not connect to /61.158.166.43:8021
	at org.freeswitch.esl.client.inbound.Client.connect(Client.java:134)
	at cn.psycall.ccmgt.util.FreeSwitchManage.monitor(FreeSwitchManage.java:86)
	at cn.psycall.ccmgt.util.FreeSwitchManage.run(FreeSwitchManage.java:42)
Caused by: io.netty.channel.AbstractChannel$AnnotatedConnectException: Connection refused: /61.158.166.43:8021
Caused by: java.net.ConnectException: Connection refused
	at java.base/sun.nio.ch.SocketChannelImpl.checkConnect(Native Method)
	at java.base/sun.nio.ch.SocketChannelImpl.finishConnect(SocketChannelImpl.java:777)
	at io.netty.channel.socket.nio.NioSocketChannel.doFinishConnect(NioSocketChannel.java:330)
	at io.netty.channel.nio.AbstractNioChannel$AbstractNioUnsafe.finishConnect(AbstractNioChannel.java:334)
	at io.netty.channel.nio.NioEventLoop.processSelectedKey(NioEventLoop.java:707)
	at io.netty.channel.nio.NioEventLoop.processSelectedKeysOptimized(NioEventLoop.java:655)
	at io.netty.channel.nio.NioEventLoop.processSelectedKeys(NioEventLoop.java:581)
	at io.netty.channel.nio.NioEventLoop.run(NioEventLoop.java:493)
	at io.netty.util.concurrent.SingleThreadEventExecutor$4.run(SingleThreadEventExecutor.java:989)
	at io.netty.util.internal.ThreadExecutorMap$2.run(ThreadExecutorMap.java:74)
	at io.netty.util.concurrent.FastThreadLocalRunnable.run(FastThreadLocalRunnable.java:30)
	at java.base/java.lang.Thread.run(Thread.java:829)
2026-02-23 03:04:00.177 - [WARN ] - esl
org.freeswitch.esl.client.inbound.InboundConnectionException: Could not connect to /61.158.166.43:8021
	at org.freeswitch.esl.client.inbound.Client.connect(Client.java:134)
	at cn.psycall.ccmgt.util.FreeSwitchManage.monitor(FreeSwitchManage.java:86)
	at cn.psycall.ccmgt.util.FreeSwitchManage.run(FreeSwitchManage.java:42)
Caused by: io.netty.channel.AbstractChannel$AnnotatedConnectException: Connection refused: /61.158.166.43:8021
Caused by: java.net.ConnectException: Connection refused
	at java.base/sun.nio.ch.SocketChannelImpl.checkConnect(Native Method)
	at java.base/sun.nio.ch.SocketChannelImpl.finishConnect(SocketChannelImpl.java:777)
	at io.netty.channel.socket.nio.NioSocketChannel.doFinishConnect(NioSocketChannel.java:330)
	at io.netty.channel.nio.AbstractNioChannel$AbstractNioUnsafe.finishConnect(AbstractNioChannel.java:334)
	at io.netty.channel.nio.NioEventLoop.processSelectedKey(NioEventLoop.java:707)
	at io.netty.channel.nio.NioEventLoop.processSelectedKeysOptimized(NioEventLoop.java:655)
	at io.netty.channel.nio.NioEventLoop.processSelectedKeys(NioEventLoop.java:581)
	at io.netty.channel.nio.NioEventLoop.run(NioEventLoop.java:493)
	at io.netty.util.concurrent.SingleThreadEventExecutor$4.run(SingleThreadEventExecutor.java:989)
	at io.netty.util.internal.ThreadExecutorMap$2.run(ThreadExecutorMap.java:74)
	at io.netty.util.concurrent.FastThreadLocalRunnable.run(FastThreadLocalRunnable.java:30)
	at java.base/java.lang.Thread.run(Thread.java:829)
2026-02-23 03:04:01.279 - [WARN ] - esl
org.freeswitch.esl.client.inbound.InboundConnectionException: Could not connect to /61.158.166.43:8021
	at org.freeswitch.esl.client.inbound.Client.connect(Client.java:134)
	at cn.psycall.ccmgt.util.FreeSwitchManage.monitor(FreeSwitchManage.java:86)
	at cn.psycall.ccmgt.util.FreeSwitchManage.run(FreeSwitchManage.java:42)
Caused by: io.netty.channel.AbstractChannel$AnnotatedConnectException: Connection refused: /61.158.166.43:8021
Caused by: java.net.ConnectException: Connection refused
	at java.base/sun.nio.ch.SocketChannelImpl.checkConnect(Native Method)
	at java.base/sun.nio.ch.SocketChannelImpl.finishConnect(SocketChannelImpl.java:777)
	at io.netty.channel.socket.nio.NioSocketChannel.doFinishConnect(NioSocketChannel.java:330)
	at io.netty.channel.nio.AbstractNioChannel$AbstractNioUnsafe.finishConnect(AbstractNioChannel.java:334)
	at io.netty.channel.nio.NioEventLoop.processSelectedKey(NioEventLoop.java:707)
	at io.netty.channel.nio.NioEventLoop.processSelectedKeysOptimized(NioEventLoop.java:655)
	at io.netty.channel.nio.NioEventLoop.processSelectedKeys(NioEventLoop.java:581)
	at io.netty.channel.nio.NioEventLoop.run(NioEventLoop.java:493)
	at io.netty.util.concurrent.SingleThreadEventExecutor$4.run(SingleThreadEventExecutor.java:989)
	at io.netty.util.internal.ThreadExecutorMap$2.run(ThreadExecutorMap.java:74)
	at io.netty.util.concurrent.FastThreadLocalRunnable.run(FastThreadLocalRunnable.java:30)
	at java.base/java.lang.Thread.run(Thread.java:829)
2026-02-23 03:04:02.442 - [WARN ] - esl
org.freeswitch.esl.client.inbound.InboundConnectionException: Could not connect to /61.158.166.43:8021
	at org.freeswitch.esl.client.inbound.Client.connect(Client.java:134)
	at cn.psycall.ccmgt.util.FreeSwitchManage.monitor(FreeSwitchManage.java:86)
	at cn.psycall.ccmgt.util.FreeSwitchManage.run(FreeSwitchManage.java:42)
Caused by: io.netty.channel.AbstractChannel$AnnotatedConnectException: Connection refused: /61.158.166.43:8021
Caused by: java.net.ConnectException: Connection refused
	at java.base/sun.nio.ch.SocketChannelImpl.checkConnect(Native Method)
	at java.base/sun.nio.ch.SocketChannelImpl.finishConnect(SocketChannelImpl.java:777)
	at io.netty.channel.socket.nio.NioSocketChannel.doFinishConnect(NioSocketChannel.java:330)
	at io.netty.channel.nio.AbstractNioChannel$AbstractNioUnsafe.finishConnect(AbstractNioChannel.java:334)
	at io.netty.channel.nio.NioEventLoop.processSelectedKey(NioEventLoop.java:707)
	at io.netty.channel.nio.NioEventLoop.processSelectedKeysOptimized(NioEventLoop.java:655)
	at io.netty.channel.nio.NioEventLoop.processSelectedKeys(NioEventLoop.java:581)
	at io.netty.channel.nio.NioEventLoop.run(NioEventLoop.java:493)
	at io.netty.util.concurrent.SingleThreadEventExecutor$4.run(SingleThreadEventExecutor.java:989)
	at io.netty.util.internal.ThreadExecutorMap$2.run(ThreadExecutorMap.java:74)
	at io.netty.util.concurrent.FastThreadLocalRunnable.run(FastThreadLocalRunnable.java:30)
	at java.base/java.lang.Thread.run(Thread.java:829)
2026-02-23 03:04:03.546 - [WARN ] - esl
org.freeswitch.esl.client.inbound.InboundConnectionException: Could not connect to /61.158.166.43:8021
	at org.freeswitch.esl.client.inbound.Client.connect(Client.java:134)
	at cn.psycall.ccmgt.util.FreeSwitchManage.monitor(FreeSwitchManage.java:86)
	at cn.psycall.ccmgt.util.FreeSwitchManage.run(FreeSwitchManage.java:42)
Caused by: io.netty.channel.AbstractChannel$AnnotatedConnectException: Connection refused: /61.158.166.43:8021
Caused by: java.net.ConnectException: Connection refused
	at java.base/sun.nio.ch.SocketChannelImpl.checkConnect(Native Method)
	at java.base/sun.nio.ch.SocketChannelImpl.finishConnect(SocketChannelImpl.java:777)
	at io.netty.channel.socket.nio.NioSocketChannel.doFinishConnect(NioSocketChannel.java:330)
	at io.netty.channel.nio.AbstractNioChannel$AbstractNioUnsafe.finishConnect(AbstractNioChannel.java:334)
	at io.netty.channel.nio.NioEventLoop.processSelectedKey(NioEventLoop.java:707)
	at io.netty.channel.nio.NioEventLoop.processSelectedKeysOptimized(NioEventLoop.java:655)
	at io.netty.channel.nio.NioEventLoop.processSelectedKeys(NioEventLoop.java:581)
	at io.netty.channel.nio.NioEventLoop.run(NioEventLoop.java:493)
	at io.netty.util.concurrent.SingleThreadEventExecutor$4.run(SingleThreadEventExecutor.java:989)
	at io.netty.util.internal.ThreadExecutorMap$2.run(ThreadExecutorMap.java:74)
	at io.netty.util.concurrent.FastThreadLocalRunnable.run(FastThreadLocalRunnable.java:30)
	at java.base/java.lang.Thread.run(Thread.java:829)
2026-02-23 03:04:04.642 - [WARN ] - esl
org.freeswitch.esl.client.inbound.InboundConnectionException: Could not connect to /61.158.166.43:8021
	at org.freeswitch.esl.client.inbound.Client.connect(Client.java:134)
	at cn.psycall.ccmgt.util.FreeSwitchManage.monitor(FreeSwitchManage.java:86)
	at cn.psycall.ccmgt.util.FreeSwitchManage.run(FreeSwitchManage.java:42)
Caused by: io.netty.channel.AbstractChannel$AnnotatedConnectException: Connection refused: /61.158.166.43:8021
Caused by: java.net.ConnectException: Connection refused
	at java.base/sun.nio.ch.SocketChannelImpl.checkConnect(Native Method)
	at java.base/sun.nio.ch.SocketChannelImpl.finishConnect(SocketChannelImpl.java:777)
	at io.netty.channel.socket.nio.NioSocketChannel.doFinishConnect(NioSocketChannel.java:330)
	at io.netty.channel.nio.AbstractNioChannel$AbstractNioUnsafe.finishConnect(AbstractNioChannel.java:334)
	at io.netty.channel.nio.NioEventLoop.processSelectedKey(NioEventLoop.java:707)
	at io.netty.channel.nio.NioEventLoop.processSelectedKeysOptimized(NioEventLoop.java:655)
	at io.netty.channel.nio.NioEventLoop.processSelectedKeys(NioEventLoop.java:581)
	at io.netty.channel.nio.NioEventLoop.run(NioEventLoop.java:493)
	at io.netty.util.concurrent.SingleThreadEventExecutor$4.run(SingleThreadEventExecutor.java:989)
	at io.netty.util.internal.ThreadExecutorMap$2.run(ThreadExecutorMap.java:74)
	at io.netty.util.concurrent.FastThreadLocalRunnable.run(FastThreadLocalRunnable.java:30)
	at java.base/java.lang.Thread.run(Thread.java:829)
2026-02-23 03:04:05.741 - [WARN ] - esl
org.freeswitch.esl.client.inbound.InboundConnectionException: Could not connect to /61.158.166.43:8021
	at org.freeswitch.esl.client.inbound.Client.connect(Client.java:134)
	at cn.psycall.ccmgt.util.FreeSwitchManage.monitor(FreeSwitchManage.java:86)
	at cn.psycall.ccmgt.util.FreeSwitchManage.run(FreeSwitchManage.java:42)
Caused by: io.netty.channel.AbstractChannel$AnnotatedConnectException: Connection refused: /61.158.166.43:8021
Caused by: java.net.ConnectException: Connection refused
	at java.base/sun.nio.ch.SocketChannelImpl.checkConnect(Native Method)
	at java.base/sun.nio.ch.SocketChannelImpl.finishConnect(SocketChannelImpl.java:777)
	at io.netty.channel.socket.nio.NioSocketChannel.doFinishConnect(NioSocketChannel.java:330)
	at io.netty.channel.nio.AbstractNioChannel$AbstractNioUnsafe.finishConnect(AbstractNioChannel.java:334)
	at io.netty.channel.nio.NioEventLoop.processSelectedKey(NioEventLoop.java:707)
	at io.netty.channel.nio.NioEventLoop.processSelectedKeysOptimized(NioEventLoop.java:655)
	at io.netty.channel.nio.NioEventLoop.processSelectedKeys(NioEventLoop.java:581)
	at io.netty.channel.nio.NioEventLoop.run(NioEventLoop.java:493)
	at io.netty.util.concurrent.SingleThreadEventExecutor$4.run(SingleThreadEventExecutor.java:989)
	at io.netty.util.internal.ThreadExecutorMap$2.run(ThreadExecutorMap.java:74)
	at io.netty.util.concurrent.FastThreadLocalRunnable.run(FastThreadLocalRunnable.java:30)
	at java.base/java.lang.Thread.run(Thread.java:829)
2026-02-23 03:04:06.894 - [WARN ] - esl
org.freeswitch.esl.client.inbound.InboundConnectionException: Could not connect to /61.158.166.43:8021
	at org.freeswitch.esl.client.inbound.Client.connect(Client.java:134)
	at cn.psycall.ccmgt.util.FreeSwitchManage.monitor(FreeSwitchManage.java:86)
	at cn.psycall.ccmgt.util.FreeSwitchManage.run(FreeSwitchManage.java:42)
Caused by: io.netty.channel.AbstractChannel$AnnotatedConnectException: Connection refused: /61.158.166.43:8021
Caused by: java.net.ConnectException: Connection refused
	at java.base/sun.nio.ch.SocketChannelImpl.checkConnect(Native Method)
	at java.base/sun.nio.ch.SocketChannelImpl.finishConnect(SocketChannelImpl.java:777)
	at io.netty.channel.socket.nio.NioSocketChannel.doFinishConnect(NioSocketChannel.java:330)
	at io.netty.channel.nio.AbstractNioChannel$AbstractNioUnsafe.finishConnect(AbstractNioChannel.java:334)
	at io.netty.channel.nio.NioEventLoop.processSelectedKey(NioEventLoop.java:707)
	at io.netty.channel.nio.NioEventLoop.processSelectedKeysOptimized(NioEventLoop.java:655)
	at io.netty.channel.nio.NioEventLoop.processSelectedKeys(NioEventLoop.java:581)
	at io.netty.channel.nio.NioEventLoop.run(NioEventLoop.java:493)
	at io.netty.util.concurrent.SingleThreadEventExecutor$4.run(SingleThreadEventExecutor.java:989)
	at io.netty.util.internal.ThreadExecutorMap$2.run(ThreadExecutorMap.java:74)
	at io.netty.util.concurrent.FastThreadLocalRunnable.run(FastThreadLocalRunnable.java:30)
	at java.base/java.lang.Thread.run(Thread.java:829)
2026-02-23 03:04:13.461 - [WARN ] - esl
org.freeswitch.esl.client.inbound.InboundConnectionException: Could not connect to /61.158.166.43:8021
	at org.freeswitch.esl.client.inbound.Client.connect(Client.java:134)
	at cn.psycall.ccmgt.util.FreeSwitchManage.monitor(FreeSwitchManage.java:86)
	at cn.psycall.ccmgt.util.FreeSwitchManage.run(FreeSwitchManage.java:42)
Caused by: io.netty.channel.AbstractChannel$AnnotatedConnectException: Connection refused: /61.158.166.43:8021
Caused by: java.net.ConnectException: Connection refused
	at java.base/sun.nio.ch.SocketChannelImpl.checkConnect(Native Method)
	at java.base/sun.nio.ch.SocketChannelImpl.finishConnect(SocketChannelImpl.java:777)
	at io.netty.channel.socket.nio.NioSocketChannel.doFinishConnect(NioSocketChannel.java:330)
	at io.netty.channel.nio.AbstractNioChannel$AbstractNioUnsafe.finishConnect(AbstractNioChannel.java:334)
	at io.netty.channel.nio.NioEventLoop.processSelectedKey(NioEventLoop.java:707)
	at io.netty.channel.nio.NioEventLoop.processSelectedKeysOptimized(NioEventLoop.java:655)
	at io.netty.channel.nio.NioEventLoop.processSelectedKeys(NioEventLoop.java:581)
	at io.netty.channel.nio.NioEventLoop.run(NioEventLoop.java:493)
	at io.netty.util.concurrent.SingleThreadEventExecutor$4.run(SingleThreadEventExecutor.java:989)
	at io.netty.util.internal.ThreadExecutorMap$2.run(ThreadExecutorMap.java:74)
	at io.netty.util.concurrent.FastThreadLocalRunnable.run(FastThreadLocalRunnable.java:30)
	at java.base/java.lang.Thread.run(Thread.java:829)
2026-02-23 03:04:14.572 - [WARN ] - esl
org.freeswitch.esl.client.inbound.InboundConnectionException: Could not connect to /61.158.166.43:8021
	at org.freeswitch.esl.client.inbound.Client.connect(Client.java:134)
	at cn.psycall.ccmgt.util.FreeSwitchManage.monitor(FreeSwitchManage.java:86)
	at cn.psycall.ccmgt.util.FreeSwitchManage.run(FreeSwitchManage.java:42)
Caused by: io.netty.channel.AbstractChannel$AnnotatedConnectException: Connection refused: /61.158.166.43:8021
Caused by: java.net.ConnectException: Connection refused
	at java.base/sun.nio.ch.SocketChannelImpl.checkConnect(Native Method)
	at java.base/sun.nio.ch.SocketChannelImpl.finishConnect(SocketChannelImpl.java:777)
	at io.netty.channel.socket.nio.NioSocketChannel.doFinishConnect(NioSocketChannel.java:330)
	at io.netty.channel.nio.AbstractNioChannel$AbstractNioUnsafe.finishConnect(AbstractNioChannel.java:334)
	at io.netty.channel.nio.NioEventLoop.processSelectedKey(NioEventLoop.java:707)
	at io.netty.channel.nio.NioEventLoop.processSelectedKeysOptimized(NioEventLoop.java:655)
	at io.netty.channel.nio.NioEventLoop.processSelectedKeys(NioEventLoop.java:581)
	at io.netty.channel.nio.NioEventLoop.run(NioEventLoop.java:493)
	at io.netty.util.concurrent.SingleThreadEventExecutor$4.run(SingleThreadEventExecutor.java:989)
	at io.netty.util.internal.ThreadExecutorMap$2.run(ThreadExecutorMap.java:74)
	at io.netty.util.concurrent.FastThreadLocalRunnable.run(FastThreadLocalRunnable.java:30)
	at java.base/java.lang.Thread.run(Thread.java:829)
2026-02-23 03:04:15.686 - [WARN ] - esl
org.freeswitch.esl.client.inbound.InboundConnectionException: Could not connect to /61.158.166.43:8021
	at org.freeswitch.esl.client.inbound.Client.connect(Client.java:134)
	at cn.psycall.ccmgt.util.FreeSwitchManage.monitor(FreeSwitchManage.java:86)
	at cn.psycall.ccmgt.util.FreeSwitchManage.run(FreeSwitchManage.java:42)
Caused by: io.netty.channel.AbstractChannel$AnnotatedConnectException: Connection refused: /61.158.166.43:8021
Caused by: java.net.ConnectException: Connection refused
	at java.base/sun.nio.ch.SocketChannelImpl.checkConnect(Native Method)
	at java.base/sun.nio.ch.SocketChannelImpl.finishConnect(SocketChannelImpl.java:777)
	at io.netty.channel.socket.nio.NioSocketChannel.doFinishConnect(NioSocketChannel.java:330)
	at io.netty.channel.nio.AbstractNioChannel$AbstractNioUnsafe.finishConnect(AbstractNioChannel.java:334)
	at io.netty.channel.nio.NioEventLoop.processSelectedKey(NioEventLoop.java:707)
	at io.netty.channel.nio.NioEventLoop.processSelectedKeysOptimized(NioEventLoop.java:655)
	at io.netty.channel.nio.NioEventLoop.processSelectedKeys(NioEventLoop.java:581)
	at io.netty.channel.nio.NioEventLoop.run(NioEventLoop.java:493)
	at io.netty.util.concurrent.SingleThreadEventExecutor$4.run(SingleThreadEventExecutor.java:989)
	at io.netty.util.internal.ThreadExecutorMap$2.run(ThreadExecutorMap.java:74)
	at io.netty.util.concurrent.FastThreadLocalRunnable.run(FastThreadLocalRunnable.java:30)
	at java.base/java.lang.Thread.run(Thread.java:829)
2026-02-23 03:04:16.786 - [WARN ] - esl
org.freeswitch.esl.client.inbound.InboundConnectionException: Could not connect to /61.158.166.43:8021
	at org.freeswitch.esl.client.inbound.Client.connect(Client.java:134)
	at cn.psycall.ccmgt.util.FreeSwitchManage.monitor(FreeSwitchManage.java:86)
	at cn.psycall.ccmgt.util.FreeSwitchManage.run(FreeSwitchManage.java:42)
Caused by: io.netty.channel.AbstractChannel$AnnotatedConnectException: Connection refused: /61.158.166.43:8021
Caused by: java.net.ConnectException: Connection refused
	at java.base/sun.nio.ch.SocketChannelImpl.checkConnect(Native Method)
	at java.base/sun.nio.ch.SocketChannelImpl.finishConnect(SocketChannelImpl.java:777)
	at io.netty.channel.socket.nio.NioSocketChannel.doFinishConnect(NioSocketChannel.java:330)
	at io.netty.channel.nio.AbstractNioChannel$AbstractNioUnsafe.finishConnect(AbstractNioChannel.java:334)
	at io.netty.channel.nio.NioEventLoop.processSelectedKey(NioEventLoop.java:707)
	at io.netty.channel.nio.NioEventLoop.processSelectedKeysOptimized(NioEventLoop.java:655)
	at io.netty.channel.nio.NioEventLoop.processSelectedKeys(NioEventLoop.java:581)
	at io.netty.channel.nio.NioEventLoop.run(NioEventLoop.java:493)
	at io.netty.util.concurrent.SingleThreadEventExecutor$4.run(SingleThreadEventExecutor.java:989)
	at io.netty.util.internal.ThreadExecutorMap$2.run(ThreadExecutorMap.java:74)
	at io.netty.util.concurrent.FastThreadLocalRunnable.run(FastThreadLocalRunnable.java:30)
	at java.base/java.lang.Thread.run(Thread.java:829)
2026-02-23 03:04:17.889 - [WARN ] - esl
org.freeswitch.esl.client.inbound.InboundConnectionException: Could not connect to /61.158.166.43:8021
	at org.freeswitch.esl.client.inbound.Client.connect(Client.java:134)
	at cn.psycall.ccmgt.util.FreeSwitchManage.monitor(FreeSwitchManage.java:86)
	at cn.psycall.ccmgt.util.FreeSwitchManage.run(FreeSwitchManage.java:42)
Caused by: io.netty.channel.AbstractChannel$AnnotatedConnectException: Connection refused: /61.158.166.43:8021
Caused by: java.net.ConnectException: Connection refused
	at java.base/sun.nio.ch.SocketChannelImpl.checkConnect(Native Method)
	at java.base/sun.nio.ch.SocketChannelImpl.finishConnect(SocketChannelImpl.java:777)
	at io.netty.channel.socket.nio.NioSocketChannel.doFinishConnect(NioSocketChannel.java:330)
	at io.netty.channel.nio.AbstractNioChannel$AbstractNioUnsafe.finishConnect(AbstractNioChannel.java:334)
	at io.netty.channel.nio.NioEventLoop.processSelectedKey(NioEventLoop.java:707)
	at io.netty.channel.nio.NioEventLoop.processSelectedKeysOptimized(NioEventLoop.java:655)
	at io.netty.channel.nio.NioEventLoop.processSelectedKeys(NioEventLoop.java:581)
	at io.netty.channel.nio.NioEventLoop.run(NioEventLoop.java:493)
	at io.netty.util.concurrent.SingleThreadEventExecutor$4.run(SingleThreadEventExecutor.java:989)
	at io.netty.util.internal.ThreadExecutorMap$2.run(ThreadExecutorMap.java:74)
	at io.netty.util.concurrent.FastThreadLocalRunnable.run(FastThreadLocalRunnable.java:30)
	at java.base/java.lang.Thread.run(Thread.java:829)
2026-02-23 03:04:18.988 - [WARN ] - esl
org.freeswitch.esl.client.inbound.InboundConnectionException: Could not connect to /61.158.166.43:8021
	at org.freeswitch.esl.client.inbound.Client.connect(Client.java:134)
	at cn.psycall.ccmgt.util.FreeSwitchManage.monitor(FreeSwitchManage.java:86)
	at cn.psycall.ccmgt.util.FreeSwitchManage.run(FreeSwitchManage.java:42)
Caused by: io.netty.channel.AbstractChannel$AnnotatedConnectException: Connection refused: /61.158.166.43:8021
Caused by: java.net.ConnectException: Connection refused
	at java.base/sun.nio.ch.SocketChannelImpl.checkConnect(Native Method)
	at java.base/sun.nio.ch.SocketChannelImpl.finishConnect(SocketChannelImpl.java:777)
	at io.netty.channel.socket.nio.NioSocketChannel.doFinishConnect(NioSocketChannel.java:330)
	at io.netty.channel.nio.AbstractNioChannel$AbstractNioUnsafe.finishConnect(AbstractNioChannel.java:334)
	at io.netty.channel.nio.NioEventLoop.processSelectedKey(NioEventLoop.java:707)
	at io.netty.channel.nio.NioEventLoop.processSelectedKeysOptimized(NioEventLoop.java:655)
	at io.netty.channel.nio.NioEventLoop.processSelectedKeys(NioEventLoop.java:581)
	at io.netty.channel.nio.NioEventLoop.run(NioEventLoop.java:493)
	at io.netty.util.concurrent.SingleThreadEventExecutor$4.run(SingleThreadEventExecutor.java:989)
	at io.netty.util.internal.ThreadExecutorMap$2.run(ThreadExecutorMap.java:74)
	at io.netty.util.concurrent.FastThreadLocalRunnable.run(FastThreadLocalRunnable.java:30)
	at java.base/java.lang.Thread.run(Thread.java:829)
2026-02-23 03:04:20.072 - [WARN ] - esl
org.freeswitch.esl.client.inbound.InboundConnectionException: Could not connect to /61.158.166.43:8021
	at org.freeswitch.esl.client.inbound.Client.connect(Client.java:134)
	at cn.psycall.ccmgt.util.FreeSwitchManage.monitor(FreeSwitchManage.java:86)
	at cn.psycall.ccmgt.util.FreeSwitchManage.run(FreeSwitchManage.java:42)
Caused by: io.netty.channel.AbstractChannel$AnnotatedConnectException: Connection refused: /61.158.166.43:8021
Caused by: java.net.ConnectException: Connection refused
	at java.base/sun.nio.ch.SocketChannelImpl.checkConnect(Native Method)
	at java.base/sun.nio.ch.SocketChannelImpl.finishConnect(SocketChannelImpl.java:777)
	at io.netty.channel.socket.nio.NioSocketChannel.doFinishConnect(NioSocketChannel.java:330)
	at io.netty.channel.nio.AbstractNioChannel$AbstractNioUnsafe.finishConnect(AbstractNioChannel.java:334)
	at io.netty.channel.nio.NioEventLoop.processSelectedKey(NioEventLoop.java:707)
	at io.netty.channel.nio.NioEventLoop.processSelectedKeysOptimized(NioEventLoop.java:655)
	at io.netty.channel.nio.NioEventLoop.processSelectedKeys(NioEventLoop.java:581)
	at io.netty.channel.nio.NioEventLoop.run(NioEventLoop.java:493)
	at io.netty.util.concurrent.SingleThreadEventExecutor$4.run(SingleThreadEventExecutor.java:989)
	at io.netty.util.internal.ThreadExecutorMap$2.run(ThreadExecutorMap.java:74)
	at io.netty.util.concurrent.FastThreadLocalRunnable.run(FastThreadLocalRunnable.java:30)
	at java.base/java.lang.Thread.run(Thread.java:829)
2026-02-23 03:04:21.169 - [WARN ] - esl
org.freeswitch.esl.client.inbound.InboundConnectionException: Could not connect to /61.158.166.43:8021
	at org.freeswitch.esl.client.inbound.Client.connect(Client.java:134)
	at cn.psycall.ccmgt.util.FreeSwitchManage.monitor(FreeSwitchManage.java:86)
	at cn.psycall.ccmgt.util.FreeSwitchManage.run(FreeSwitchManage.java:42)
Caused by: io.netty.channel.AbstractChannel$AnnotatedConnectException: Connection refused: /61.158.166.43:8021
Caused by: java.net.ConnectException: Connection refused
	at java.base/sun.nio.ch.SocketChannelImpl.checkConnect(Native Method)
	at java.base/sun.nio.ch.SocketChannelImpl.finishConnect(SocketChannelImpl.java:777)
	at io.netty.channel.socket.nio.NioSocketChannel.doFinishConnect(NioSocketChannel.java:330)
	at io.netty.channel.nio.AbstractNioChannel$AbstractNioUnsafe.finishConnect(AbstractNioChannel.java:334)
	at io.netty.channel.nio.NioEventLoop.processSelectedKey(NioEventLoop.java:707)
	at io.netty.channel.nio.NioEventLoop.processSelectedKeysOptimized(NioEventLoop.java:655)
	at io.netty.channel.nio.NioEventLoop.processSelectedKeys(NioEventLoop.java:581)
	at io.netty.channel.nio.NioEventLoop.run(NioEventLoop.java:493)
	at io.netty.util.concurrent.SingleThreadEventExecutor$4.run(SingleThreadEventExecutor.java:989)
	at io.netty.util.internal.ThreadExecutorMap$2.run(ThreadExecutorMap.java:74)
	at io.netty.util.concurrent.FastThreadLocalRunnable.run(FastThreadLocalRunnable.java:30)
	at java.base/java.lang.Thread.run(Thread.java:829)
2026-02-23 03:04:22.266 - [WARN ] - esl
org.freeswitch.esl.client.inbound.InboundConnectionException: Could not connect to /61.158.166.43:8021
	at org.freeswitch.esl.client.inbound.Client.connect(Client.java:134)
	at cn.psycall.ccmgt.util.FreeSwitchManage.monitor(FreeSwitchManage.java:86)
	at cn.psycall.ccmgt.util.FreeSwitchManage.run(FreeSwitchManage.java:42)
Caused by: io.netty.channel.AbstractChannel$AnnotatedConnectException: Connection refused: /61.158.166.43:8021
Caused by: java.net.ConnectException: Connection refused
	at java.base/sun.nio.ch.SocketChannelImpl.checkConnect(Native Method)
	at java.base/sun.nio.ch.SocketChannelImpl.finishConnect(SocketChannelImpl.java:777)
	at io.netty.channel.socket.nio.NioSocketChannel.doFinishConnect(NioSocketChannel.java:330)
	at io.netty.channel.nio.AbstractNioChannel$AbstractNioUnsafe.finishConnect(AbstractNioChannel.java:334)
	at io.netty.channel.nio.NioEventLoop.processSelectedKey(NioEventLoop.java:707)
	at io.netty.channel.nio.NioEventLoop.processSelectedKeysOptimized(NioEventLoop.java:655)
	at io.netty.channel.nio.NioEventLoop.processSelectedKeys(NioEventLoop.java:581)
	at io.netty.channel.nio.NioEventLoop.run(NioEventLoop.java:493)
	at io.netty.util.concurrent.SingleThreadEventExecutor$4.run(SingleThreadEventExecutor.java:989)
	at io.netty.util.internal.ThreadExecutorMap$2.run(ThreadExecutorMap.java:74)
	at io.netty.util.concurrent.FastThreadLocalRunnable.run(FastThreadLocalRunnable.java:30)
	at java.base/java.lang.Thread.run(Thread.java:829)
2026-02-23 03:04:23.355 - [WARN ] - esl
org.freeswitch.esl.client.inbound.InboundConnectionException: Could not connect to /61.158.166.43:8021
	at org.freeswitch.esl.client.inbound.Client.connect(Client.java:134)
	at cn.psycall.ccmgt.util.FreeSwitchManage.monitor(FreeSwitchManage.java:86)
	at cn.psycall.ccmgt.util.FreeSwitchManage.run(FreeSwitchManage.java:42)
Caused by: io.netty.channel.AbstractChannel$AnnotatedConnectException: Connection refused: /61.158.166.43:8021
Caused by: java.net.ConnectException: Connection refused
	at java.base/sun.nio.ch.SocketChannelImpl.checkConnect(Native Method)
	at java.base/sun.nio.ch.SocketChannelImpl.finishConnect(SocketChannelImpl.java:777)
	at io.netty.channel.socket.nio.NioSocketChannel.doFinishConnect(NioSocketChannel.java:330)
	at io.netty.channel.nio.AbstractNioChannel$AbstractNioUnsafe.finishConnect(AbstractNioChannel.java:334)
	at io.netty.channel.nio.NioEventLoop.processSelectedKey(NioEventLoop.java:707)
	at io.netty.channel.nio.NioEventLoop.processSelectedKeysOptimized(NioEventLoop.java:655)
	at io.netty.channel.nio.NioEventLoop.processSelectedKeys(NioEventLoop.java:581)
	at io.netty.channel.nio.NioEventLoop.run(NioEventLoop.java:493)
	at io.netty.util.concurrent.SingleThreadEventExecutor$4.run(SingleThreadEventExecutor.java:989)
	at io.netty.util.internal.ThreadExecutorMap$2.run(ThreadExecutorMap.java:74)
	at io.netty.util.concurrent.FastThreadLocalRunnable.run(FastThreadLocalRunnable.java:30)
	at java.base/java.lang.Thread.run(Thread.java:829)
2026-02-23 03:04:24.480 - [WARN ] - esl
org.freeswitch.esl.client.inbound.InboundConnectionException: Could not connect to /61.158.166.43:8021
	at org.freeswitch.esl.client.inbound.Client.connect(Client.java:134)
	at cn.psycall.ccmgt.util.FreeSwitchManage.monitor(FreeSwitchManage.java:86)
	at cn.psycall.ccmgt.util.FreeSwitchManage.run(FreeSwitchManage.java:42)
Caused by: io.netty.channel.AbstractChannel$AnnotatedConnectException: Connection refused: /61.158.166.43:8021
Caused by: java.net.ConnectException: Connection refused
	at java.base/sun.nio.ch.SocketChannelImpl.checkConnect(Native Method)
	at java.base/sun.nio.ch.SocketChannelImpl.finishConnect(SocketChannelImpl.java:777)
	at io.netty.channel.socket.nio.NioSocketChannel.doFinishConnect(NioSocketChannel.java:330)
	at io.netty.channel.nio.AbstractNioChannel$AbstractNioUnsafe.finishConnect(AbstractNioChannel.java:334)
	at io.netty.channel.nio.NioEventLoop.processSelectedKey(NioEventLoop.java:707)
	at io.netty.channel.nio.NioEventLoop.processSelectedKeysOptimized(NioEventLoop.java:655)
	at io.netty.channel.nio.NioEventLoop.processSelectedKeys(NioEventLoop.java:581)
	at io.netty.channel.nio.NioEventLoop.run(NioEventLoop.java:493)
	at io.netty.util.concurrent.SingleThreadEventExecutor$4.run(SingleThreadEventExecutor.java:989)
	at io.netty.util.internal.ThreadExecutorMap$2.run(ThreadExecutorMap.java:74)
	at io.netty.util.concurrent.FastThreadLocalRunnable.run(FastThreadLocalRunnable.java:30)
	at java.base/java.lang.Thread.run(Thread.java:829)
2026-02-23 03:04:25.571 - [WARN ] - esl
org.freeswitch.esl.client.inbound.InboundConnectionException: Could not connect to /61.158.166.43:8021
	at org.freeswitch.esl.client.inbound.Client.connect(Client.java:134)
	at cn.psycall.ccmgt.util.FreeSwitchManage.monitor(FreeSwitchManage.java:86)
	at cn.psycall.ccmgt.util.FreeSwitchManage.run(FreeSwitchManage.java:42)
Caused by: io.netty.channel.AbstractChannel$AnnotatedConnectException: Connection refused: /61.158.166.43:8021
Caused by: java.net.ConnectException: Connection refused
	at java.base/sun.nio.ch.SocketChannelImpl.checkConnect(Native Method)
	at java.base/sun.nio.ch.SocketChannelImpl.finishConnect(SocketChannelImpl.java:777)
	at io.netty.channel.socket.nio.NioSocketChannel.doFinishConnect(NioSocketChannel.java:330)
	at io.netty.channel.nio.AbstractNioChannel$AbstractNioUnsafe.finishConnect(AbstractNioChannel.java:334)
	at io.netty.channel.nio.NioEventLoop.processSelectedKey(NioEventLoop.java:707)
	at io.netty.channel.nio.NioEventLoop.processSelectedKeysOptimized(NioEventLoop.java:655)
	at io.netty.channel.nio.NioEventLoop.processSelectedKeys(NioEventLoop.java:581)
	at io.netty.channel.nio.NioEventLoop.run(NioEventLoop.java:493)
	at io.netty.util.concurrent.SingleThreadEventExecutor$4.run(SingleThreadEventExecutor.java:989)
	at io.netty.util.internal.ThreadExecutorMap$2.run(ThreadExecutorMap.java:74)
	at io.netty.util.concurrent.FastThreadLocalRunnable.run(FastThreadLocalRunnable.java:30)
	at java.base/java.lang.Thread.run(Thread.java:829)
2026-02-23 03:04:26.647 - [WARN ] - esl
org.freeswitch.esl.client.inbound.InboundConnectionException: Could not connect to /61.158.166.43:8021
	at org.freeswitch.esl.client.inbound.Client.connect(Client.java:134)
	at cn.psycall.ccmgt.util.FreeSwitchManage.monitor(FreeSwitchManage.java:86)
	at cn.psycall.ccmgt.util.FreeSwitchManage.run(FreeSwitchManage.java:42)
Caused by: io.netty.channel.AbstractChannel$AnnotatedConnectException: Connection refused: /61.158.166.43:8021
Caused by: java.net.ConnectException: Connection refused
	at java.base/sun.nio.ch.SocketChannelImpl.checkConnect(Native Method)
	at java.base/sun.nio.ch.SocketChannelImpl.finishConnect(SocketChannelImpl.java:777)
	at io.netty.channel.socket.nio.NioSocketChannel.doFinishConnect(NioSocketChannel.java:330)
	at io.netty.channel.nio.AbstractNioChannel$AbstractNioUnsafe.finishConnect(AbstractNioChannel.java:334)
	at io.netty.channel.nio.NioEventLoop.processSelectedKey(NioEventLoop.java:707)
	at io.netty.channel.nio.NioEventLoop.processSelectedKeysOptimized(NioEventLoop.java:655)
	at io.netty.channel.nio.NioEventLoop.processSelectedKeys(NioEventLoop.java:581)
	at io.netty.channel.nio.NioEventLoop.run(NioEventLoop.java:493)
	at io.netty.util.concurrent.SingleThreadEventExecutor$4.run(SingleThreadEventExecutor.java:989)
	at io.netty.util.internal.ThreadExecutorMap$2.run(ThreadExecutorMap.java:74)
	at io.netty.util.concurrent.FastThreadLocalRunnable.run(FastThreadLocalRunnable.java:30)
	at java.base/java.lang.Thread.run(Thread.java:829)
2026-02-23 03:04:27.743 - [WARN ] - esl
org.freeswitch.esl.client.inbound.InboundConnectionException: Could not connect to /61.158.166.43:8021
	at org.freeswitch.esl.client.inbound.Client.connect(Client.java:134)
	at cn.psycall.ccmgt.util.FreeSwitchManage.monitor(FreeSwitchManage.java:86)
	at cn.psycall.ccmgt.util.FreeSwitchManage.run(FreeSwitchManage.java:42)
Caused by: io.netty.channel.AbstractChannel$AnnotatedConnectException: Connection refused: /61.158.166.43:8021
Caused by: java.net.ConnectException: Connection refused
	at java.base/sun.nio.ch.SocketChannelImpl.checkConnect(Native Method)
	at java.base/sun.nio.ch.SocketChannelImpl.finishConnect(SocketChannelImpl.java:777)
	at io.netty.channel.socket.nio.NioSocketChannel.doFinishConnect(NioSocketChannel.java:330)
	at io.netty.channel.nio.AbstractNioChannel$AbstractNioUnsafe.finishConnect(AbstractNioChannel.java:334)
	at io.netty.channel.nio.NioEventLoop.processSelectedKey(NioEventLoop.java:707)
	at io.netty.channel.nio.NioEventLoop.processSelectedKeysOptimized(NioEventLoop.java:655)
	at io.netty.channel.nio.NioEventLoop.processSelectedKeys(NioEventLoop.java:581)
	at io.netty.channel.nio.NioEventLoop.run(NioEventLoop.java:493)
	at io.netty.util.concurrent.SingleThreadEventExecutor$4.run(SingleThreadEventExecutor.java:989)
	at io.netty.util.internal.ThreadExecutorMap$2.run(ThreadExecutorMap.java:74)
	at io.netty.util.concurrent.FastThreadLocalRunnable.run(FastThreadLocalRunnable.java:30)
	at java.base/java.lang.Thread.run(Thread.java:829)
2026-02-23 03:04:28.837 - [WARN ] - esl
org.freeswitch.esl.client.inbound.InboundConnectionException: Could not connect to /61.158.166.43:8021
	at org.freeswitch.esl.client.inbound.Client.connect(Client.java:134)
	at cn.psycall.ccmgt.util.FreeSwitchManage.monitor(FreeSwitchManage.java:86)
	at cn.psycall.ccmgt.util.FreeSwitchManage.run(FreeSwitchManage.java:42)
Caused by: io.netty.channel.AbstractChannel$AnnotatedConnectException: Connection refused: /61.158.166.43:8021
Caused by: java.net.ConnectException: Connection refused
	at java.base/sun.nio.ch.SocketChannelImpl.checkConnect(Native Method)
	at java.base/sun.nio.ch.SocketChannelImpl.finishConnect(SocketChannelImpl.java:777)
	at io.netty.channel.socket.nio.NioSocketChannel.doFinishConnect(NioSocketChannel.java:330)
	at io.netty.channel.nio.AbstractNioChannel$AbstractNioUnsafe.finishConnect(AbstractNioChannel.java:334)
	at io.netty.channel.nio.NioEventLoop.processSelectedKey(NioEventLoop.java:707)
	at io.netty.channel.nio.NioEventLoop.processSelectedKeysOptimized(NioEventLoop.java:655)
	at io.netty.channel.nio.NioEventLoop.processSelectedKeys(NioEventLoop.java:581)
	at io.netty.channel.nio.NioEventLoop.run(NioEventLoop.java:493)
	at io.netty.util.concurrent.SingleThreadEventExecutor$4.run(SingleThreadEventExecutor.java:989)
	at io.netty.util.internal.ThreadExecutorMap$2.run(ThreadExecutorMap.java:74)
	at io.netty.util.concurrent.FastThreadLocalRunnable.run(FastThreadLocalRunnable.java:30)
	at java.base/java.lang.Thread.run(Thread.java:829)
2026-02-23 03:04:29.938 - [WARN ] - esl
org.freeswitch.esl.client.inbound.InboundConnectionException: Could not connect to /61.158.166.43:8021
	at org.freeswitch.esl.client.inbound.Client.connect(Client.java:134)
	at cn.psycall.ccmgt.util.FreeSwitchManage.monitor(FreeSwitchManage.java:86)
	at cn.psycall.ccmgt.util.FreeSwitchManage.run(FreeSwitchManage.java:42)
Caused by: io.netty.channel.AbstractChannel$AnnotatedConnectException: Connection refused: /61.158.166.43:8021
Caused by: java.net.ConnectException: Connection refused
	at java.base/sun.nio.ch.SocketChannelImpl.checkConnect(Native Method)
	at java.base/sun.nio.ch.SocketChannelImpl.finishConnect(SocketChannelImpl.java:777)
	at io.netty.channel.socket.nio.NioSocketChannel.doFinishConnect(NioSocketChannel.java:330)
	at io.netty.channel.nio.AbstractNioChannel$AbstractNioUnsafe.finishConnect(AbstractNioChannel.java:334)
	at io.netty.channel.nio.NioEventLoop.processSelectedKey(NioEventLoop.java:707)
	at io.netty.channel.nio.NioEventLoop.processSelectedKeysOptimized(NioEventLoop.java:655)
	at io.netty.channel.nio.NioEventLoop.processSelectedKeys(NioEventLoop.java:581)
	at io.netty.channel.nio.NioEventLoop.run(NioEventLoop.java:493)
	at io.netty.util.concurrent.SingleThreadEventExecutor$4.run(SingleThreadEventExecutor.java:989)
	at io.netty.util.internal.ThreadExecutorMap$2.run(ThreadExecutorMap.java:74)
	at io.netty.util.concurrent.FastThreadLocalRunnable.run(FastThreadLocalRunnable.java:30)
	at java.base/java.lang.Thread.run(Thread.java:829)
2026-02-23 03:04:31.034 - [WARN ] - esl
org.freeswitch.esl.client.inbound.InboundConnectionException: Could not connect to /61.158.166.43:8021
	at org.freeswitch.esl.client.inbound.Client.connect(Client.java:134)
	at cn.psycall.ccmgt.util.FreeSwitchManage.monitor(FreeSwitchManage.java:86)
	at cn.psycall.ccmgt.util.FreeSwitchManage.run(FreeSwitchManage.java:42)
Caused by: io.netty.channel.AbstractChannel$AnnotatedConnectException: Connection refused: /61.158.166.43:8021
Caused by: java.net.ConnectException: Connection refused
	at java.base/sun.nio.ch.SocketChannelImpl.checkConnect(Native Method)
	at java.base/sun.nio.ch.SocketChannelImpl.finishConnect(SocketChannelImpl.java:777)
	at io.netty.channel.socket.nio.NioSocketChannel.doFinishConnect(NioSocketChannel.java:330)
	at io.netty.channel.nio.AbstractNioChannel$AbstractNioUnsafe.finishConnect(AbstractNioChannel.java:334)
	at io.netty.channel.nio.NioEventLoop.processSelectedKey(NioEventLoop.java:707)
	at io.netty.channel.nio.NioEventLoop.processSelectedKeysOptimized(NioEventLoop.java:655)
	at io.netty.channel.nio.NioEventLoop.processSelectedKeys(NioEventLoop.java:581)
	at io.netty.channel.nio.NioEventLoop.run(NioEventLoop.java:493)
	at io.netty.util.concurrent.SingleThreadEventExecutor$4.run(SingleThreadEventExecutor.java:989)
	at io.netty.util.internal.ThreadExecutorMap$2.run(ThreadExecutorMap.java:74)
	at io.netty.util.concurrent.FastThreadLocalRunnable.run(FastThreadLocalRunnable.java:30)
	at java.base/java.lang.Thread.run(Thread.java:829)
2026-02-23 03:04:32.137 - [WARN ] - esl
org.freeswitch.esl.client.inbound.InboundConnectionException: Could not connect to /61.158.166.43:8021
	at org.freeswitch.esl.client.inbound.Client.connect(Client.java:134)
	at cn.psycall.ccmgt.util.FreeSwitchManage.monitor(FreeSwitchManage.java:86)
	at cn.psycall.ccmgt.util.FreeSwitchManage.run(FreeSwitchManage.java:42)
Caused by: io.netty.channel.AbstractChannel$AnnotatedConnectException: Connection refused: /61.158.166.43:8021
Caused by: java.net.ConnectException: Connection refused
	at java.base/sun.nio.ch.SocketChannelImpl.checkConnect(Native Method)
	at java.base/sun.nio.ch.SocketChannelImpl.finishConnect(SocketChannelImpl.java:777)
	at io.netty.channel.socket.nio.NioSocketChannel.doFinishConnect(NioSocketChannel.java:330)
	at io.netty.channel.nio.AbstractNioChannel$AbstractNioUnsafe.finishConnect(AbstractNioChannel.java:334)
	at io.netty.channel.nio.NioEventLoop.processSelectedKey(NioEventLoop.java:707)
	at io.netty.channel.nio.NioEventLoop.processSelectedKeysOptimized(NioEventLoop.java:655)
	at io.netty.channel.nio.NioEventLoop.processSelectedKeys(NioEventLoop.java:581)
	at io.netty.channel.nio.NioEventLoop.run(NioEventLoop.java:493)
	at io.netty.util.concurrent.SingleThreadEventExecutor$4.run(SingleThreadEventExecutor.java:989)
	at io.netty.util.internal.ThreadExecutorMap$2.run(ThreadExecutorMap.java:74)
	at io.netty.util.concurrent.FastThreadLocalRunnable.run(FastThreadLocalRunnable.java:30)
	at java.base/java.lang.Thread.run(Thread.java:829)
2026-02-23 03:04:33.250 - [WARN ] - esl
org.freeswitch.esl.client.inbound.InboundConnectionException: Could not connect to /61.158.166.43:8021
	at org.freeswitch.esl.client.inbound.Client.connect(Client.java:134)
	at cn.psycall.ccmgt.util.FreeSwitchManage.monitor(FreeSwitchManage.java:86)
	at cn.psycall.ccmgt.util.FreeSwitchManage.run(FreeSwitchManage.java:42)
Caused by: io.netty.channel.AbstractChannel$AnnotatedConnectException: Connection refused: /61.158.166.43:8021
Caused by: java.net.ConnectException: Connection refused
	at java.base/sun.nio.ch.SocketChannelImpl.checkConnect(Native Method)
	at java.base/sun.nio.ch.SocketChannelImpl.finishConnect(SocketChannelImpl.java:777)
	at io.netty.channel.socket.nio.NioSocketChannel.doFinishConnect(NioSocketChannel.java:330)
	at io.netty.channel.nio.AbstractNioChannel$AbstractNioUnsafe.finishConnect(AbstractNioChannel.java:334)
	at io.netty.channel.nio.NioEventLoop.processSelectedKey(NioEventLoop.java:707)
	at io.netty.channel.nio.NioEventLoop.processSelectedKeysOptimized(NioEventLoop.java:655)
	at io.netty.channel.nio.NioEventLoop.processSelectedKeys(NioEventLoop.java:581)
	at io.netty.channel.nio.NioEventLoop.run(NioEventLoop.java:493)
	at io.netty.util.concurrent.SingleThreadEventExecutor$4.run(SingleThreadEventExecutor.java:989)
	at io.netty.util.internal.ThreadExecutorMap$2.run(ThreadExecutorMap.java:74)
	at io.netty.util.concurrent.FastThreadLocalRunnable.run(FastThreadLocalRunnable.java:30)
	at java.base/java.lang.Thread.run(Thread.java:829)
2026-02-23 03:04:34.352 - [WARN ] - esl
org.freeswitch.esl.client.inbound.InboundConnectionException: Could not connect to /61.158.166.43:8021
	at org.freeswitch.esl.client.inbound.Client.connect(Client.java:134)
	at cn.psycall.ccmgt.util.FreeSwitchManage.monitor(FreeSwitchManage.java:86)
	at cn.psycall.ccmgt.util.FreeSwitchManage.run(FreeSwitchManage.java:42)
Caused by: io.netty.channel.AbstractChannel$AnnotatedConnectException: Connection refused: /61.158.166.43:8021
Caused by: java.net.ConnectException: Connection refused
	at java.base/sun.nio.ch.SocketChannelImpl.checkConnect(Native Method)
	at java.base/sun.nio.ch.SocketChannelImpl.finishConnect(SocketChannelImpl.java:777)
	at io.netty.channel.socket.nio.NioSocketChannel.doFinishConnect(NioSocketChannel.java:330)
	at io.netty.channel.nio.AbstractNioChannel$AbstractNioUnsafe.finishConnect(AbstractNioChannel.java:334)
	at io.netty.channel.nio.NioEventLoop.processSelectedKey(NioEventLoop.java:707)
	at io.netty.channel.nio.NioEventLoop.processSelectedKeysOptimized(NioEventLoop.java:655)
	at io.netty.channel.nio.NioEventLoop.processSelectedKeys(NioEventLoop.java:581)
	at io.netty.channel.nio.NioEventLoop.run(NioEventLoop.java:493)
	at io.netty.util.concurrent.SingleThreadEventExecutor$4.run(SingleThreadEventExecutor.java:989)
	at io.netty.util.internal.ThreadExecutorMap$2.run(ThreadExecutorMap.java:74)
	at io.netty.util.concurrent.FastThreadLocalRunnable.run(FastThreadLocalRunnable.java:30)
	at java.base/java.lang.Thread.run(Thread.java:829)
2026-02-23 03:04:35.446 - [WARN ] - esl
org.freeswitch.esl.client.inbound.InboundConnectionException: Could not connect to /61.158.166.43:8021
	at org.freeswitch.esl.client.inbound.Client.connect(Client.java:134)
	at cn.psycall.ccmgt.util.FreeSwitchManage.monitor(FreeSwitchManage.java:86)
	at cn.psycall.ccmgt.util.FreeSwitchManage.run(FreeSwitchManage.java:42)
Caused by: io.netty.channel.AbstractChannel$AnnotatedConnectException: Connection refused: /61.158.166.43:8021
Caused by: java.net.ConnectException: Connection refused
	at java.base/sun.nio.ch.SocketChannelImpl.checkConnect(Native Method)
	at java.base/sun.nio.ch.SocketChannelImpl.finishConnect(SocketChannelImpl.java:777)
	at io.netty.channel.socket.nio.NioSocketChannel.doFinishConnect(NioSocketChannel.java:330)
	at io.netty.channel.nio.AbstractNioChannel$AbstractNioUnsafe.finishConnect(AbstractNioChannel.java:334)
	at io.netty.channel.nio.NioEventLoop.processSelectedKey(NioEventLoop.java:707)
	at io.netty.channel.nio.NioEventLoop.processSelectedKeysOptimized(NioEventLoop.java:655)
	at io.netty.channel.nio.NioEventLoop.processSelectedKeys(NioEventLoop.java:581)
	at io.netty.channel.nio.NioEventLoop.run(NioEventLoop.java:493)
	at io.netty.util.concurrent.SingleThreadEventExecutor$4.run(SingleThreadEventExecutor.java:989)
	at io.netty.util.internal.ThreadExecutorMap$2.run(ThreadExecutorMap.java:74)
	at io.netty.util.concurrent.FastThreadLocalRunnable.run(FastThreadLocalRunnable.java:30)
	at java.base/java.lang.Thread.run(Thread.java:829)
2026-02-23 03:04:36.538 - [WARN ] - esl
org.freeswitch.esl.client.inbound.InboundConnectionException: Could not connect to /61.158.166.43:8021
	at org.freeswitch.esl.client.inbound.Client.connect(Client.java:134)
	at cn.psycall.ccmgt.util.FreeSwitchManage.monitor(FreeSwitchManage.java:86)
	at cn.psycall.ccmgt.util.FreeSwitchManage.run(FreeSwitchManage.java:42)
Caused by: io.netty.channel.AbstractChannel$AnnotatedConnectException: Connection refused: /61.158.166.43:8021
Caused by: java.net.ConnectException: Connection refused
	at java.base/sun.nio.ch.SocketChannelImpl.checkConnect(Native Method)
	at java.base/sun.nio.ch.SocketChannelImpl.finishConnect(SocketChannelImpl.java:777)
	at io.netty.channel.socket.nio.NioSocketChannel.doFinishConnect(NioSocketChannel.java:330)
	at io.netty.channel.nio.AbstractNioChannel$AbstractNioUnsafe.finishConnect(AbstractNioChannel.java:334)
	at io.netty.channel.nio.NioEventLoop.processSelectedKey(NioEventLoop.java:707)
	at io.netty.channel.nio.NioEventLoop.processSelectedKeysOptimized(NioEventLoop.java:655)
	at io.netty.channel.nio.NioEventLoop.processSelectedKeys(NioEventLoop.java:581)
	at io.netty.channel.nio.NioEventLoop.run(NioEventLoop.java:493)
	at io.netty.util.concurrent.SingleThreadEventExecutor$4.run(SingleThreadEventExecutor.java:989)
	at io.netty.util.internal.ThreadExecutorMap$2.run(ThreadExecutorMap.java:74)
	at io.netty.util.concurrent.FastThreadLocalRunnable.run(FastThreadLocalRunnable.java:30)
	at java.base/java.lang.Thread.run(Thread.java:829)
2026-02-23 03:04:37.640 - [WARN ] - esl
org.freeswitch.esl.client.inbound.InboundConnectionException: Could not connect to /61.158.166.43:8021
	at org.freeswitch.esl.client.inbound.Client.connect(Client.java:134)
	at cn.psycall.ccmgt.util.FreeSwitchManage.monitor(FreeSwitchManage.java:86)
	at cn.psycall.ccmgt.util.FreeSwitchManage.run(FreeSwitchManage.java:42)
Caused by: io.netty.channel.AbstractChannel$AnnotatedConnectException: Connection refused: /61.158.166.43:8021
Caused by: java.net.ConnectException: Connection refused
	at java.base/sun.nio.ch.SocketChannelImpl.checkConnect(Native Method)
	at java.base/sun.nio.ch.SocketChannelImpl.finishConnect(SocketChannelImpl.java:777)
	at io.netty.channel.socket.nio.NioSocketChannel.doFinishConnect(NioSocketChannel.java:330)
	at io.netty.channel.nio.AbstractNioChannel$AbstractNioUnsafe.finishConnect(AbstractNioChannel.java:334)
	at io.netty.channel.nio.NioEventLoop.processSelectedKey(NioEventLoop.java:707)
	at io.netty.channel.nio.NioEventLoop.processSelectedKeysOptimized(NioEventLoop.java:655)
	at io.netty.channel.nio.NioEventLoop.processSelectedKeys(NioEventLoop.java:581)
	at io.netty.channel.nio.NioEventLoop.run(NioEventLoop.java:493)
	at io.netty.util.concurrent.SingleThreadEventExecutor$4.run(SingleThreadEventExecutor.java:989)
	at io.netty.util.internal.ThreadExecutorMap$2.run(ThreadExecutorMap.java:74)
	at io.netty.util.concurrent.FastThreadLocalRunnable.run(FastThreadLocalRunnable.java:30)
	at java.base/java.lang.Thread.run(Thread.java:829)
2026-02-23 03:04:38.739 - [WARN ] - esl
org.freeswitch.esl.client.inbound.InboundConnectionException: Could not connect to /61.158.166.43:8021
	at org.freeswitch.esl.client.inbound.Client.connect(Client.java:134)
	at cn.psycall.ccmgt.util.FreeSwitchManage.monitor(FreeSwitchManage.java:86)
	at cn.psycall.ccmgt.util.FreeSwitchManage.run(FreeSwitchManage.java:42)
Caused by: io.netty.channel.AbstractChannel$AnnotatedConnectException: Connection refused: /61.158.166.43:8021
Caused by: java.net.ConnectException: Connection refused
	at java.base/sun.nio.ch.SocketChannelImpl.checkConnect(Native Method)
	at java.base/sun.nio.ch.SocketChannelImpl.finishConnect(SocketChannelImpl.java:777)
	at io.netty.channel.socket.nio.NioSocketChannel.doFinishConnect(NioSocketChannel.java:330)
	at io.netty.channel.nio.AbstractNioChannel$AbstractNioUnsafe.finishConnect(AbstractNioChannel.java:334)
	at io.netty.channel.nio.NioEventLoop.processSelectedKey(NioEventLoop.java:707)
	at io.netty.channel.nio.NioEventLoop.processSelectedKeysOptimized(NioEventLoop.java:655)
	at io.netty.channel.nio.NioEventLoop.processSelectedKeys(NioEventLoop.java:581)
	at io.netty.channel.nio.NioEventLoop.run(NioEventLoop.java:493)
	at io.netty.util.concurrent.SingleThreadEventExecutor$4.run(SingleThreadEventExecutor.java:989)
	at io.netty.util.internal.ThreadExecutorMap$2.run(ThreadExecutorMap.java:74)
	at io.netty.util.concurrent.FastThreadLocalRunnable.run(FastThreadLocalRunnable.java:30)
	at java.base/java.lang.Thread.run(Thread.java:829)
2026-02-23 03:04:39.828 - [WARN ] - esl
org.freeswitch.esl.client.inbound.InboundConnectionException: Could not connect to /61.158.166.43:8021
	at org.freeswitch.esl.client.inbound.Client.connect(Client.java:134)
	at cn.psycall.ccmgt.util.FreeSwitchManage.monitor(FreeSwitchManage.java:86)
	at cn.psycall.ccmgt.util.FreeSwitchManage.run(FreeSwitchManage.java:42)
Caused by: io.netty.channel.AbstractChannel$AnnotatedConnectException: Connection refused: /61.158.166.43:8021
Caused by: java.net.ConnectException: Connection refused
	at java.base/sun.nio.ch.SocketChannelImpl.checkConnect(Native Method)
	at java.base/sun.nio.ch.SocketChannelImpl.finishConnect(SocketChannelImpl.java:777)
	at io.netty.channel.socket.nio.NioSocketChannel.doFinishConnect(NioSocketChannel.java:330)
	at io.netty.channel.nio.AbstractNioChannel$AbstractNioUnsafe.finishConnect(AbstractNioChannel.java:334)
	at io.netty.channel.nio.NioEventLoop.processSelectedKey(NioEventLoop.java:707)
	at io.netty.channel.nio.NioEventLoop.processSelectedKeysOptimized(NioEventLoop.java:655)
	at io.netty.channel.nio.NioEventLoop.processSelectedKeys(NioEventLoop.java:581)
	at io.netty.channel.nio.NioEventLoop.run(NioEventLoop.java:493)
	at io.netty.util.concurrent.SingleThreadEventExecutor$4.run(SingleThreadEventExecutor.java:989)
	at io.netty.util.internal.ThreadExecutorMap$2.run(ThreadExecutorMap.java:74)
	at io.netty.util.concurrent.FastThreadLocalRunnable.run(FastThreadLocalRunnable.java:30)
	at java.base/java.lang.Thread.run(Thread.java:829)
2026-02-23 03:04:40.921 - [WARN ] - esl
org.freeswitch.esl.client.inbound.InboundConnectionException: Could not connect to /61.158.166.43:8021
	at org.freeswitch.esl.client.inbound.Client.connect(Client.java:134)
	at cn.psycall.ccmgt.util.FreeSwitchManage.monitor(FreeSwitchManage.java:86)
	at cn.psycall.ccmgt.util.FreeSwitchManage.run(FreeSwitchManage.java:42)
Caused by: io.netty.channel.AbstractChannel$AnnotatedConnectException: Connection refused: /61.158.166.43:8021
Caused by: java.net.ConnectException: Connection refused
	at java.base/sun.nio.ch.SocketChannelImpl.checkConnect(Native Method)
	at java.base/sun.nio.ch.SocketChannelImpl.finishConnect(SocketChannelImpl.java:777)
	at io.netty.channel.socket.nio.NioSocketChannel.doFinishConnect(NioSocketChannel.java:330)
	at io.netty.channel.nio.AbstractNioChannel$AbstractNioUnsafe.finishConnect(AbstractNioChannel.java:334)
	at io.netty.channel.nio.NioEventLoop.processSelectedKey(NioEventLoop.java:707)
	at io.netty.channel.nio.NioEventLoop.processSelectedKeysOptimized(NioEventLoop.java:655)
	at io.netty.channel.nio.NioEventLoop.processSelectedKeys(NioEventLoop.java:581)
	at io.netty.channel.nio.NioEventLoop.run(NioEventLoop.java:493)
	at io.netty.util.concurrent.SingleThreadEventExecutor$4.run(SingleThreadEventExecutor.java:989)
	at io.netty.util.internal.ThreadExecutorMap$2.run(ThreadExecutorMap.java:74)
	at io.netty.util.concurrent.FastThreadLocalRunnable.run(FastThreadLocalRunnable.java:30)
	at java.base/java.lang.Thread.run(Thread.java:829)
2026-02-23 03:04:42.015 - [WARN ] - esl
org.freeswitch.esl.client.inbound.InboundConnectionException: Could not connect to /61.158.166.43:8021
	at org.freeswitch.esl.client.inbound.Client.connect(Client.java:134)
	at cn.psycall.ccmgt.util.FreeSwitchManage.monitor(FreeSwitchManage.java:86)
	at cn.psycall.ccmgt.util.FreeSwitchManage.run(FreeSwitchManage.java:42)
Caused by: io.netty.channel.AbstractChannel$AnnotatedConnectException: Connection refused: /61.158.166.43:8021
Caused by: java.net.ConnectException: Connection refused
	at java.base/sun.nio.ch.SocketChannelImpl.checkConnect(Native Method)
	at java.base/sun.nio.ch.SocketChannelImpl.finishConnect(SocketChannelImpl.java:777)
	at io.netty.channel.socket.nio.NioSocketChannel.doFinishConnect(NioSocketChannel.java:330)
	at io.netty.channel.nio.AbstractNioChannel$AbstractNioUnsafe.finishConnect(AbstractNioChannel.java:334)
	at io.netty.channel.nio.NioEventLoop.processSelectedKey(NioEventLoop.java:707)
	at io.netty.channel.nio.NioEventLoop.processSelectedKeysOptimized(NioEventLoop.java:655)
	at io.netty.channel.nio.NioEventLoop.processSelectedKeys(NioEventLoop.java:581)
	at io.netty.channel.nio.NioEventLoop.run(NioEventLoop.java:493)
	at io.netty.util.concurrent.SingleThreadEventExecutor$4.run(SingleThreadEventExecutor.java:989)
	at io.netty.util.internal.ThreadExecutorMap$2.run(ThreadExecutorMap.java:74)
	at io.netty.util.concurrent.FastThreadLocalRunnable.run(FastThreadLocalRunnable.java:30)
	at java.base/java.lang.Thread.run(Thread.java:829)
2026-02-23 03:04:43.108 - [WARN ] - esl
org.freeswitch.esl.client.inbound.InboundConnectionException: Could not connect to /61.158.166.43:8021
	at org.freeswitch.esl.client.inbound.Client.connect(Client.java:134)
	at cn.psycall.ccmgt.util.FreeSwitchManage.monitor(FreeSwitchManage.java:86)
	at cn.psycall.ccmgt.util.FreeSwitchManage.run(FreeSwitchManage.java:42)
Caused by: io.netty.channel.AbstractChannel$AnnotatedConnectException: Connection refused: /61.158.166.43:8021
Caused by: java.net.ConnectException: Connection refused
	at java.base/sun.nio.ch.SocketChannelImpl.checkConnect(Native Method)
	at java.base/sun.nio.ch.SocketChannelImpl.finishConnect(SocketChannelImpl.java:777)
	at io.netty.channel.socket.nio.NioSocketChannel.doFinishConnect(NioSocketChannel.java:330)
	at io.netty.channel.nio.AbstractNioChannel$AbstractNioUnsafe.finishConnect(AbstractNioChannel.java:334)
	at io.netty.channel.nio.NioEventLoop.processSelectedKey(NioEventLoop.java:707)
	at io.netty.channel.nio.NioEventLoop.processSelectedKeysOptimized(NioEventLoop.java:655)
	at io.netty.channel.nio.NioEventLoop.processSelectedKeys(NioEventLoop.java:581)
	at io.netty.channel.nio.NioEventLoop.run(NioEventLoop.java:493)
	at io.netty.util.concurrent.SingleThreadEventExecutor$4.run(SingleThreadEventExecutor.java:989)
	at io.netty.util.internal.ThreadExecutorMap$2.run(ThreadExecutorMap.java:74)
	at io.netty.util.concurrent.FastThreadLocalRunnable.run(FastThreadLocalRunnable.java:30)
	at java.base/java.lang.Thread.run(Thread.java:829)
2026-02-23 03:04:44.196 - [WARN ] - esl
org.freeswitch.esl.client.inbound.InboundConnectionException: Could not connect to /61.158.166.43:8021
	at org.freeswitch.esl.client.inbound.Client.connect(Client.java:134)
	at cn.psycall.ccmgt.util.FreeSwitchManage.monitor(FreeSwitchManage.java:86)
	at cn.psycall.ccmgt.util.FreeSwitchManage.run(FreeSwitchManage.java:42)
Caused by: io.netty.channel.AbstractChannel$AnnotatedConnectException: Connection refused: /61.158.166.43:8021
Caused by: java.net.ConnectException: Connection refused
	at java.base/sun.nio.ch.SocketChannelImpl.checkConnect(Native Method)
	at java.base/sun.nio.ch.SocketChannelImpl.finishConnect(SocketChannelImpl.java:777)
	at io.netty.channel.socket.nio.NioSocketChannel.doFinishConnect(NioSocketChannel.java:330)
	at io.netty.channel.nio.AbstractNioChannel$AbstractNioUnsafe.finishConnect(AbstractNioChannel.java:334)
	at io.netty.channel.nio.NioEventLoop.processSelectedKey(NioEventLoop.java:707)
	at io.netty.channel.nio.NioEventLoop.processSelectedKeysOptimized(NioEventLoop.java:655)
	at io.netty.channel.nio.NioEventLoop.processSelectedKeys(NioEventLoop.java:581)
	at io.netty.channel.nio.NioEventLoop.run(NioEventLoop.java:493)
	at io.netty.util.concurrent.SingleThreadEventExecutor$4.run(SingleThreadEventExecutor.java:989)
	at io.netty.util.internal.ThreadExecutorMap$2.run(ThreadExecutorMap.java:74)
	at io.netty.util.concurrent.FastThreadLocalRunnable.run(FastThreadLocalRunnable.java:30)
	at java.base/java.lang.Thread.run(Thread.java:829)
2026-02-23 03:04:44.204 - [INFO ] - ESL Client Disconnect ..(61.158.166.44:8021)
2026-02-23 03:04:45.441 - [WARN ] - esl
org.freeswitch.esl.client.inbound.InboundConnectionException: Could not connect to /61.158.166.43:8021
	at org.freeswitch.esl.client.inbound.Client.connect(Client.java:134)
	at cn.psycall.ccmgt.util.FreeSwitchManage.monitor(FreeSwitchManage.java:86)
	at cn.psycall.ccmgt.util.FreeSwitchManage.run(FreeSwitchManage.java:42)
Caused by: io.netty.channel.AbstractChannel$AnnotatedConnectException: Connection refused: /61.158.166.43:8021
Caused by: java.net.ConnectException: Connection refused
	at java.base/sun.nio.ch.SocketChannelImpl.checkConnect(Native Method)
	at java.base/sun.nio.ch.SocketChannelImpl.finishConnect(SocketChannelImpl.java:777)
	at io.netty.channel.socket.nio.NioSocketChannel.doFinishConnect(NioSocketChannel.java:330)
	at io.netty.channel.nio.AbstractNioChannel$AbstractNioUnsafe.finishConnect(AbstractNioChannel.java:334)
	at io.netty.channel.nio.NioEventLoop.processSelectedKey(NioEventLoop.java:707)
	at io.netty.channel.nio.NioEventLoop.processSelectedKeysOptimized(NioEventLoop.java:655)
	at io.netty.channel.nio.NioEventLoop.processSelectedKeys(NioEventLoop.java:581)
	at io.netty.channel.nio.NioEventLoop.run(NioEventLoop.java:493)
	at io.netty.util.concurrent.SingleThreadEventExecutor$4.run(SingleThreadEventExecutor.java:989)
	at io.netty.util.internal.ThreadExecutorMap$2.run(ThreadExecutorMap.java:74)
	at io.netty.util.concurrent.FastThreadLocalRunnable.run(FastThreadLocalRunnable.java:30)
	at java.base/java.lang.Thread.run(Thread.java:829)
2026-02-23 03:04:45.547 - [WARN ] - esl
org.freeswitch.esl.client.inbound.InboundConnectionException: Could not connect to /61.158.166.44:8021
	at org.freeswitch.esl.client.inbound.Client.connect(Client.java:134)
	at cn.psycall.ccmgt.util.FreeSwitchManage.monitor(FreeSwitchManage.java:86)
	at cn.psycall.ccmgt.util.FreeSwitchManage.run(FreeSwitchManage.java:42)
Caused by: io.netty.channel.AbstractChannel$AnnotatedConnectException: Connection refused: /61.158.166.44:8021
Caused by: java.net.ConnectException: Connection refused
	at java.base/sun.nio.ch.SocketChannelImpl.checkConnect(Native Method)
	at java.base/sun.nio.ch.SocketChannelImpl.finishConnect(SocketChannelImpl.java:777)
	at io.netty.channel.socket.nio.NioSocketChannel.doFinishConnect(NioSocketChannel.java:330)
	at io.netty.channel.nio.AbstractNioChannel$AbstractNioUnsafe.finishConnect(AbstractNioChannel.java:334)
	at io.netty.channel.nio.NioEventLoop.processSelectedKey(NioEventLoop.java:707)
	at io.netty.channel.nio.NioEventLoop.processSelectedKeysOptimized(NioEventLoop.java:655)
	at io.netty.channel.nio.NioEventLoop.processSelectedKeys(NioEventLoop.java:581)
	at io.netty.channel.nio.NioEventLoop.run(NioEventLoop.java:493)
	at io.netty.util.concurrent.SingleThreadEventExecutor$4.run(SingleThreadEventExecutor.java:989)
	at io.netty.util.internal.ThreadExecutorMap$2.run(ThreadExecutorMap.java:74)
	at io.netty.util.concurrent.FastThreadLocalRunnable.run(FastThreadLocalRunnable.java:30)
	at java.base/java.lang.Thread.run(Thread.java:829)
2026-02-23 03:04:46.646 - [WARN ] - esl
org.freeswitch.esl.client.inbound.InboundConnectionException: Could not connect to /61.158.166.43:8021
	at org.freeswitch.esl.client.inbound.Client.connect(Client.java:134)
	at cn.psycall.ccmgt.util.FreeSwitchManage.monitor(FreeSwitchManage.java:86)
	at cn.psycall.ccmgt.util.FreeSwitchManage.run(FreeSwitchManage.java:42)
Caused by: io.netty.channel.AbstractChannel$AnnotatedConnectException: Connection refused: /61.158.166.43:8021
Caused by: java.net.ConnectException: Connection refused
	at java.base/sun.nio.ch.SocketChannelImpl.checkConnect(Native Method)
	at java.base/sun.nio.ch.SocketChannelImpl.finishConnect(SocketChannelImpl.java:777)
	at io.netty.channel.socket.nio.NioSocketChannel.doFinishConnect(NioSocketChannel.java:330)
	at io.netty.channel.nio.AbstractNioChannel$AbstractNioUnsafe.finishConnect(AbstractNioChannel.java:334)
	at io.netty.channel.nio.NioEventLoop.processSelectedKey(NioEventLoop.java:707)
	at io.netty.channel.nio.NioEventLoop.processSelectedKeysOptimized(NioEventLoop.java:655)
	at io.netty.channel.nio.NioEventLoop.processSelectedKeys(NioEventLoop.java:581)
	at io.netty.channel.nio.NioEventLoop.run(NioEventLoop.java:493)
	at io.netty.util.concurrent.SingleThreadEventExecutor$4.run(SingleThreadEventExecutor.java:989)
	at io.netty.util.internal.ThreadExecutorMap$2.run(ThreadExecutorMap.java:74)
	at io.netty.util.concurrent.FastThreadLocalRunnable.run(FastThreadLocalRunnable.java:30)
	at java.base/java.lang.Thread.run(Thread.java:829)
2026-02-23 03:04:46.875 - [WARN ] - esl
org.freeswitch.esl.client.inbound.InboundConnectionException: Could not connect to /61.158.166.44:8021
	at org.freeswitch.esl.client.inbound.Client.connect(Client.java:134)
	at cn.psycall.ccmgt.util.FreeSwitchManage.monitor(FreeSwitchManage.java:86)
	at cn.psycall.ccmgt.util.FreeSwitchManage.run(FreeSwitchManage.java:42)
Caused by: io.netty.channel.AbstractChannel$AnnotatedConnectException: Connection refused: /61.158.166.44:8021
Caused by: java.net.ConnectException: Connection refused
	at java.base/sun.nio.ch.SocketChannelImpl.checkConnect(Native Method)
	at java.base/sun.nio.ch.SocketChannelImpl.finishConnect(SocketChannelImpl.java:777)
	at io.netty.channel.socket.nio.NioSocketChannel.doFinishConnect(NioSocketChannel.java:330)
	at io.netty.channel.nio.AbstractNioChannel$AbstractNioUnsafe.finishConnect(AbstractNioChannel.java:334)
	at io.netty.channel.nio.NioEventLoop.processSelectedKey(NioEventLoop.java:707)
	at io.netty.channel.nio.NioEventLoop.processSelectedKeysOptimized(NioEventLoop.java:655)
	at io.netty.channel.nio.NioEventLoop.processSelectedKeys(NioEventLoop.java:581)
	at io.netty.channel.nio.NioEventLoop.run(NioEventLoop.java:493)
	at io.netty.util.concurrent.SingleThreadEventExecutor$4.run(SingleThreadEventExecutor.java:989)
	at io.netty.util.internal.ThreadExecutorMap$2.run(ThreadExecutorMap.java:74)
	at io.netty.util.concurrent.FastThreadLocalRunnable.run(FastThreadLocalRunnable.java:30)
	at java.base/java.lang.Thread.run(Thread.java:829)
2026-02-23 03:04:47.961 - [WARN ] - esl
org.freeswitch.esl.client.inbound.InboundConnectionException: Could not connect to /61.158.166.43:8021
	at org.freeswitch.esl.client.inbound.Client.connect(Client.java:134)
	at cn.psycall.ccmgt.util.FreeSwitchManage.monitor(FreeSwitchManage.java:86)
	at cn.psycall.ccmgt.util.FreeSwitchManage.run(FreeSwitchManage.java:42)
Caused by: io.netty.channel.AbstractChannel$AnnotatedConnectException: Connection refused: /61.158.166.43:8021
Caused by: java.net.ConnectException: Connection refused
	at java.base/sun.nio.ch.SocketChannelImpl.checkConnect(Native Method)
	at java.base/sun.nio.ch.SocketChannelImpl.finishConnect(SocketChannelImpl.java:777)
	at io.netty.channel.socket.nio.NioSocketChannel.doFinishConnect(NioSocketChannel.java:330)
	at io.netty.channel.nio.AbstractNioChannel$AbstractNioUnsafe.finishConnect(AbstractNioChannel.java:334)
	at io.netty.channel.nio.NioEventLoop.processSelectedKey(NioEventLoop.java:707)
	at io.netty.channel.nio.NioEventLoop.processSelectedKeysOptimized(NioEventLoop.java:655)
	at io.netty.channel.nio.NioEventLoop.processSelectedKeys(NioEventLoop.java:581)
	at io.netty.channel.nio.NioEventLoop.run(NioEventLoop.java:493)
	at io.netty.util.concurrent.SingleThreadEventExecutor$4.run(SingleThreadEventExecutor.java:989)
	at io.netty.util.internal.ThreadExecutorMap$2.run(ThreadExecutorMap.java:74)
	at io.netty.util.concurrent.FastThreadLocalRunnable.run(FastThreadLocalRunnable.java:30)
	at java.base/java.lang.Thread.run(Thread.java:829)
2026-02-23 03:04:48.053 - [WARN ] - esl
org.freeswitch.esl.client.inbound.InboundConnectionException: Could not connect to /61.158.166.44:8021
	at org.freeswitch.esl.client.inbound.Client.connect(Client.java:134)
	at cn.psycall.ccmgt.util.FreeSwitchManage.monitor(FreeSwitchManage.java:86)
	at cn.psycall.ccmgt.util.FreeSwitchManage.run(FreeSwitchManage.java:42)
Caused by: io.netty.channel.AbstractChannel$AnnotatedConnectException: Connection refused: /61.158.166.44:8021
Caused by: java.net.ConnectException: Connection refused
	at java.base/sun.nio.ch.SocketChannelImpl.checkConnect(Native Method)
	at java.base/sun.nio.ch.SocketChannelImpl.finishConnect(SocketChannelImpl.java:777)
	at io.netty.channel.socket.nio.NioSocketChannel.doFinishConnect(NioSocketChannel.java:330)
	at io.netty.channel.nio.AbstractNioChannel$AbstractNioUnsafe.finishConnect(AbstractNioChannel.java:334)
	at io.netty.channel.nio.NioEventLoop.processSelectedKey(NioEventLoop.java:707)
	at io.netty.channel.nio.NioEventLoop.processSelectedKeysOptimized(NioEventLoop.java:655)
	at io.netty.channel.nio.NioEventLoop.processSelectedKeys(NioEventLoop.java:581)
	at io.netty.channel.nio.NioEventLoop.run(NioEventLoop.java:493)
	at io.netty.util.concurrent.SingleThreadEventExecutor$4.run(SingleThreadEventExecutor.java:989)
	at io.netty.util.internal.ThreadExecutorMap$2.run(ThreadExecutorMap.java:74)
	at io.netty.util.concurrent.FastThreadLocalRunnable.run(FastThreadLocalRunnable.java:30)
	at java.base/java.lang.Thread.run(Thread.java:829)
2026-02-23 03:04:49.146 - [WARN ] - esl
org.freeswitch.esl.client.inbound.InboundConnectionException: Could not connect to /61.158.166.43:8021
	at org.freeswitch.esl.client.inbound.Client.connect(Client.java:134)
	at cn.psycall.ccmgt.util.FreeSwitchManage.monitor(FreeSwitchManage.java:86)
	at cn.psycall.ccmgt.util.FreeSwitchManage.run(FreeSwitchManage.java:42)
Caused by: io.netty.channel.AbstractChannel$AnnotatedConnectException: Connection refused: /61.158.166.43:8021
Caused by: java.net.ConnectException: Connection refused
	at java.base/sun.nio.ch.SocketChannelImpl.checkConnect(Native Method)
	at java.base/sun.nio.ch.SocketChannelImpl.finishConnect(SocketChannelImpl.java:777)
	at io.netty.channel.socket.nio.NioSocketChannel.doFinishConnect(NioSocketChannel.java:330)
	at io.netty.channel.nio.AbstractNioChannel$AbstractNioUnsafe.finishConnect(AbstractNioChannel.java:334)
	at io.netty.channel.nio.NioEventLoop.processSelectedKey(NioEventLoop.java:707)
	at io.netty.channel.nio.NioEventLoop.processSelectedKeysOptimized(NioEventLoop.java:655)
	at io.netty.channel.nio.NioEventLoop.processSelectedKeys(NioEventLoop.java:581)
	at io.netty.channel.nio.NioEventLoop.run(NioEventLoop.java:493)
	at io.netty.util.concurrent.SingleThreadEventExecutor$4.run(SingleThreadEventExecutor.java:989)
	at io.netty.util.internal.ThreadExecutorMap$2.run(ThreadExecutorMap.java:74)
	at io.netty.util.concurrent.FastThreadLocalRunnable.run(FastThreadLocalRunnable.java:30)
	at java.base/java.lang.Thread.run(Thread.java:829)
2026-02-23 03:04:49.274 - [WARN ] - esl
org.freeswitch.esl.client.inbound.InboundConnectionException: Could not connect to /61.158.166.44:8021
	at org.freeswitch.esl.client.inbound.Client.connect(Client.java:134)
	at cn.psycall.ccmgt.util.FreeSwitchManage.monitor(FreeSwitchManage.java:86)
	at cn.psycall.ccmgt.util.FreeSwitchManage.run(FreeSwitchManage.java:42)
Caused by: io.netty.channel.AbstractChannel$AnnotatedConnectException: Connection refused: /61.158.166.44:8021
Caused by: java.net.ConnectException: Connection refused
	at java.base/sun.nio.ch.SocketChannelImpl.checkConnect(Native Method)
	at java.base/sun.nio.ch.SocketChannelImpl.finishConnect(SocketChannelImpl.java:777)
	at io.netty.channel.socket.nio.NioSocketChannel.doFinishConnect(NioSocketChannel.java:330)
	at io.netty.channel.nio.AbstractNioChannel$AbstractNioUnsafe.finishConnect(AbstractNioChannel.java:334)
	at io.netty.channel.nio.NioEventLoop.processSelectedKey(NioEventLoop.java:707)
	at io.netty.channel.nio.NioEventLoop.processSelectedKeysOptimized(NioEventLoop.java:655)
	at io.netty.channel.nio.NioEventLoop.processSelectedKeys(NioEventLoop.java:581)
	at io.netty.channel.nio.NioEventLoop.run(NioEventLoop.java:493)
	at io.netty.util.concurrent.SingleThreadEventExecutor$4.run(SingleThreadEventExecutor.java:989)
	at io.netty.util.internal.ThreadExecutorMap$2.run(ThreadExecutorMap.java:74)
	at io.netty.util.concurrent.FastThreadLocalRunnable.run(FastThreadLocalRunnable.java:30)
	at java.base/java.lang.Thread.run(Thread.java:829)
2026-02-23 03:04:50.356 - [WARN ] - esl
org.freeswitch.esl.client.inbound.InboundConnectionException: Could not connect to /61.158.166.43:8021
	at org.freeswitch.esl.client.inbound.Client.connect(Client.java:134)
	at cn.psycall.ccmgt.util.FreeSwitchManage.monitor(FreeSwitchManage.java:86)
	at cn.psycall.ccmgt.util.FreeSwitchManage.run(FreeSwitchManage.java:42)
Caused by: io.netty.channel.AbstractChannel$AnnotatedConnectException: Connection refused: /61.158.166.43:8021
Caused by: java.net.ConnectException: Connection refused
	at java.base/sun.nio.ch.SocketChannelImpl.checkConnect(Native Method)
	at java.base/sun.nio.ch.SocketChannelImpl.finishConnect(SocketChannelImpl.java:777)
	at io.netty.channel.socket.nio.NioSocketChannel.doFinishConnect(NioSocketChannel.java:330)
	at io.netty.channel.nio.AbstractNioChannel$AbstractNioUnsafe.finishConnect(AbstractNioChannel.java:334)
	at io.netty.channel.nio.NioEventLoop.processSelectedKey(NioEventLoop.java:707)
	at io.netty.channel.nio.NioEventLoop.processSelectedKeysOptimized(NioEventLoop.java:655)
	at io.netty.channel.nio.NioEventLoop.processSelectedKeys(NioEventLoop.java:581)
	at io.netty.channel.nio.NioEventLoop.run(NioEventLoop.java:493)
	at io.netty.util.concurrent.SingleThreadEventExecutor$4.run(SingleThreadEventExecutor.java:989)
	at io.netty.util.internal.ThreadExecutorMap$2.run(ThreadExecutorMap.java:74)
	at io.netty.util.concurrent.FastThreadLocalRunnable.run(FastThreadLocalRunnable.java:30)
	at java.base/java.lang.Thread.run(Thread.java:829)
2026-02-23 03:04:50.454 - [WARN ] - esl
org.freeswitch.esl.client.inbound.InboundConnectionException: Could not connect to /61.158.166.44:8021
	at org.freeswitch.esl.client.inbound.Client.connect(Client.java:134)
	at cn.psycall.ccmgt.util.FreeSwitchManage.monitor(FreeSwitchManage.java:86)
	at cn.psycall.ccmgt.util.FreeSwitchManage.run(FreeSwitchManage.java:42)
Caused by: io.netty.channel.AbstractChannel$AnnotatedConnectException: Connection refused: /61.158.166.44:8021
Caused by: java.net.ConnectException: Connection refused
	at java.base/sun.nio.ch.SocketChannelImpl.checkConnect(Native Method)
	at java.base/sun.nio.ch.SocketChannelImpl.finishConnect(SocketChannelImpl.java:777)
	at io.netty.channel.socket.nio.NioSocketChannel.doFinishConnect(NioSocketChannel.java:330)
	at io.netty.channel.nio.AbstractNioChannel$AbstractNioUnsafe.finishConnect(AbstractNioChannel.java:334)
	at io.netty.channel.nio.NioEventLoop.processSelectedKey(NioEventLoop.java:707)
	at io.netty.channel.nio.NioEventLoop.processSelectedKeysOptimized(NioEventLoop.java:655)
	at io.netty.channel.nio.NioEventLoop.processSelectedKeys(NioEventLoop.java:581)
	at io.netty.channel.nio.NioEventLoop.run(NioEventLoop.java:493)
	at io.netty.util.concurrent.SingleThreadEventExecutor$4.run(SingleThreadEventExecutor.java:989)
	at io.netty.util.internal.ThreadExecutorMap$2.run(ThreadExecutorMap.java:74)
	at io.netty.util.concurrent.FastThreadLocalRunnable.run(FastThreadLocalRunnable.java:30)
	at java.base/java.lang.Thread.run(Thread.java:829)
2026-02-23 03:04:51.544 - [WARN ] - esl
org.freeswitch.esl.client.inbound.InboundConnectionException: Could not connect to /61.158.166.43:8021
	at org.freeswitch.esl.client.inbound.Client.connect(Client.java:134)
	at cn.psycall.ccmgt.util.FreeSwitchManage.monitor(FreeSwitchManage.java:86)
	at cn.psycall.ccmgt.util.FreeSwitchManage.run(FreeSwitchManage.java:42)
Caused by: io.netty.channel.AbstractChannel$AnnotatedConnectException: Connection refused: /61.158.166.43:8021
Caused by: java.net.ConnectException: Connection refused
	at java.base/sun.nio.ch.SocketChannelImpl.checkConnect(Native Method)
	at java.base/sun.nio.ch.SocketChannelImpl.finishConnect(SocketChannelImpl.java:777)
	at io.netty.channel.socket.nio.NioSocketChannel.doFinishConnect(NioSocketChannel.java:330)
	at io.netty.channel.nio.AbstractNioChannel$AbstractNioUnsafe.finishConnect(AbstractNioChannel.java:334)
	at io.netty.channel.nio.NioEventLoop.processSelectedKey(NioEventLoop.java:707)
	at io.netty.channel.nio.NioEventLoop.processSelectedKeysOptimized(NioEventLoop.java:655)
	at io.netty.channel.nio.NioEventLoop.processSelectedKeys(NioEventLoop.java:581)
	at io.netty.channel.nio.NioEventLoop.run(NioEventLoop.java:493)
	at io.netty.util.concurrent.SingleThreadEventExecutor$4.run(SingleThreadEventExecutor.java:989)
	at io.netty.util.internal.ThreadExecutorMap$2.run(ThreadExecutorMap.java:74)
	at io.netty.util.concurrent.FastThreadLocalRunnable.run(FastThreadLocalRunnable.java:30)
	at java.base/java.lang.Thread.run(Thread.java:829)
2026-02-23 03:04:51.644 - [WARN ] - esl
org.freeswitch.esl.client.inbound.InboundConnectionException: Could not connect to /61.158.166.44:8021
	at org.freeswitch.esl.client.inbound.Client.connect(Client.java:134)
	at cn.psycall.ccmgt.util.FreeSwitchManage.monitor(FreeSwitchManage.java:86)
	at cn.psycall.ccmgt.util.FreeSwitchManage.run(FreeSwitchManage.java:42)
Caused by: io.netty.channel.AbstractChannel$AnnotatedConnectException: Connection refused: /61.158.166.44:8021
Caused by: java.net.ConnectException: Connection refused
	at java.base/sun.nio.ch.SocketChannelImpl.checkConnect(Native Method)
	at java.base/sun.nio.ch.SocketChannelImpl.finishConnect(SocketChannelImpl.java:777)
	at io.netty.channel.socket.nio.NioSocketChannel.doFinishConnect(NioSocketChannel.java:330)
	at io.netty.channel.nio.AbstractNioChannel$AbstractNioUnsafe.finishConnect(AbstractNioChannel.java:334)
	at io.netty.channel.nio.NioEventLoop.processSelectedKey(NioEventLoop.java:707)
	at io.netty.channel.nio.NioEventLoop.processSelectedKeysOptimized(NioEventLoop.java:655)
	at io.netty.channel.nio.NioEventLoop.processSelectedKeys(NioEventLoop.java:581)
	at io.netty.channel.nio.NioEventLoop.run(NioEventLoop.java:493)
	at io.netty.util.concurrent.SingleThreadEventExecutor$4.run(SingleThreadEventExecutor.java:989)
	at io.netty.util.internal.ThreadExecutorMap$2.run(ThreadExecutorMap.java:74)
	at io.netty.util.concurrent.FastThreadLocalRunnable.run(FastThreadLocalRunnable.java:30)
	at java.base/java.lang.Thread.run(Thread.java:829)
2026-02-23 03:04:52.733 - [WARN ] - esl
org.freeswitch.esl.client.inbound.InboundConnectionException: Could not connect to /61.158.166.43:8021
	at org.freeswitch.esl.client.inbound.Client.connect(Client.java:134)
	at cn.psycall.ccmgt.util.FreeSwitchManage.monitor(FreeSwitchManage.java:86)
	at cn.psycall.ccmgt.util.FreeSwitchManage.run(FreeSwitchManage.java:42)
Caused by: io.netty.channel.AbstractChannel$AnnotatedConnectException: Connection refused: /61.158.166.43:8021
Caused by: java.net.ConnectException: Connection refused
	at java.base/sun.nio.ch.SocketChannelImpl.checkConnect(Native Method)
	at java.base/sun.nio.ch.SocketChannelImpl.finishConnect(SocketChannelImpl.java:777)
	at io.netty.channel.socket.nio.NioSocketChannel.doFinishConnect(NioSocketChannel.java:330)
	at io.netty.channel.nio.AbstractNioChannel$AbstractNioUnsafe.finishConnect(AbstractNioChannel.java:334)
	at io.netty.channel.nio.NioEventLoop.processSelectedKey(NioEventLoop.java:707)
	at io.netty.channel.nio.NioEventLoop.processSelectedKeysOptimized(NioEventLoop.java:655)
	at io.netty.channel.nio.NioEventLoop.processSelectedKeys(NioEventLoop.java:581)
	at io.netty.channel.nio.NioEventLoop.run(NioEventLoop.java:493)
	at io.netty.util.concurrent.SingleThreadEventExecutor$4.run(SingleThreadEventExecutor.java:989)
	at io.netty.util.internal.ThreadExecutorMap$2.run(ThreadExecutorMap.java:74)
	at io.netty.util.concurrent.FastThreadLocalRunnable.run(FastThreadLocalRunnable.java:30)
	at java.base/java.lang.Thread.run(Thread.java:829)
2026-02-23 03:04:52.834 - [WARN ] - esl
org.freeswitch.esl.client.inbound.InboundConnectionException: Could not connect to /61.158.166.44:8021
	at org.freeswitch.esl.client.inbound.Client.connect(Client.java:134)
	at cn.psycall.ccmgt.util.FreeSwitchManage.monitor(FreeSwitchManage.java:86)
	at cn.psycall.ccmgt.util.FreeSwitchManage.run(FreeSwitchManage.java:42)
Caused by: io.netty.channel.AbstractChannel$AnnotatedConnectException: Connection refused: /61.158.166.44:8021
Caused by: java.net.ConnectException: Connection refused
	at java.base/sun.nio.ch.SocketChannelImpl.checkConnect(Native Method)
	at java.base/sun.nio.ch.SocketChannelImpl.finishConnect(SocketChannelImpl.java:777)
	at io.netty.channel.socket.nio.NioSocketChannel.doFinishConnect(NioSocketChannel.java:330)
	at io.netty.channel.nio.AbstractNioChannel$AbstractNioUnsafe.finishConnect(AbstractNioChannel.java:334)
	at io.netty.channel.nio.NioEventLoop.processSelectedKey(NioEventLoop.java:707)
	at io.netty.channel.nio.NioEventLoop.processSelectedKeysOptimized(NioEventLoop.java:655)
	at io.netty.channel.nio.NioEventLoop.processSelectedKeys(NioEventLoop.java:581)
	at io.netty.channel.nio.NioEventLoop.run(NioEventLoop.java:493)
	at io.netty.util.concurrent.SingleThreadEventExecutor$4.run(SingleThreadEventExecutor.java:989)
	at io.netty.util.internal.ThreadExecutorMap$2.run(ThreadExecutorMap.java:74)
	at io.netty.util.concurrent.FastThreadLocalRunnable.run(FastThreadLocalRunnable.java:30)
	at java.base/java.lang.Thread.run(Thread.java:829)
2026-02-23 03:04:53.911 - [WARN ] - esl
org.freeswitch.esl.client.inbound.InboundConnectionException: Could not connect to /61.158.166.43:8021
	at org.freeswitch.esl.client.inbound.Client.connect(Client.java:134)
	at cn.psycall.ccmgt.util.FreeSwitchManage.monitor(FreeSwitchManage.java:86)
	at cn.psycall.ccmgt.util.FreeSwitchManage.run(FreeSwitchManage.java:42)
Caused by: io.netty.channel.AbstractChannel$AnnotatedConnectException: Connection refused: /61.158.166.43:8021
Caused by: java.net.ConnectException: Connection refused
	at java.base/sun.nio.ch.SocketChannelImpl.checkConnect(Native Method)
	at java.base/sun.nio.ch.SocketChannelImpl.finishConnect(SocketChannelImpl.java:777)
	at io.netty.channel.socket.nio.NioSocketChannel.doFinishConnect(NioSocketChannel.java:330)
	at io.netty.channel.nio.AbstractNioChannel$AbstractNioUnsafe.finishConnect(AbstractNioChannel.java:334)
	at io.netty.channel.nio.NioEventLoop.processSelectedKey(NioEventLoop.java:707)
	at io.netty.channel.nio.NioEventLoop.processSelectedKeysOptimized(NioEventLoop.java:655)
	at io.netty.channel.nio.NioEventLoop.processSelectedKeys(NioEventLoop.java:581)
	at io.netty.channel.nio.NioEventLoop.run(NioEventLoop.java:493)
	at io.netty.util.concurrent.SingleThreadEventExecutor$4.run(SingleThreadEventExecutor.java:989)
	at io.netty.util.internal.ThreadExecutorMap$2.run(ThreadExecutorMap.java:74)
	at io.netty.util.concurrent.FastThreadLocalRunnable.run(FastThreadLocalRunnable.java:30)
	at java.base/java.lang.Thread.run(Thread.java:829)
2026-02-23 03:04:53.996 - [WARN ] - esl
org.freeswitch.esl.client.inbound.InboundConnectionException: Could not connect to /61.158.166.44:8021
	at org.freeswitch.esl.client.inbound.Client.connect(Client.java:134)
	at cn.psycall.ccmgt.util.FreeSwitchManage.monitor(FreeSwitchManage.java:86)
	at cn.psycall.ccmgt.util.FreeSwitchManage.run(FreeSwitchManage.java:42)
Caused by: io.netty.channel.AbstractChannel$AnnotatedConnectException: Connection refused: /61.158.166.44:8021
Caused by: java.net.ConnectException: Connection refused
	at java.base/sun.nio.ch.SocketChannelImpl.checkConnect(Native Method)
	at java.base/sun.nio.ch.SocketChannelImpl.finishConnect(SocketChannelImpl.java:777)
	at io.netty.channel.socket.nio.NioSocketChannel.doFinishConnect(NioSocketChannel.java:330)
	at io.netty.channel.nio.AbstractNioChannel$AbstractNioUnsafe.finishConnect(AbstractNioChannel.java:334)
	at io.netty.channel.nio.NioEventLoop.processSelectedKey(NioEventLoop.java:707)
	at io.netty.channel.nio.NioEventLoop.processSelectedKeysOptimized(NioEventLoop.java:655)
	at io.netty.channel.nio.NioEventLoop.processSelectedKeys(NioEventLoop.java:581)
	at io.netty.channel.nio.NioEventLoop.run(NioEventLoop.java:493)
	at io.netty.util.concurrent.SingleThreadEventExecutor$4.run(SingleThreadEventExecutor.java:989)
	at io.netty.util.internal.ThreadExecutorMap$2.run(ThreadExecutorMap.java:74)
	at io.netty.util.concurrent.FastThreadLocalRunnable.run(FastThreadLocalRunnable.java:30)
	at java.base/java.lang.Thread.run(Thread.java:829)
2026-02-23 03:04:55.071 - [WARN ] - esl
org.freeswitch.esl.client.inbound.InboundConnectionException: Could not connect to /61.158.166.43:8021
	at org.freeswitch.esl.client.inbound.Client.connect(Client.java:134)
	at cn.psycall.ccmgt.util.FreeSwitchManage.monitor(FreeSwitchManage.java:86)
	at cn.psycall.ccmgt.util.FreeSwitchManage.run(FreeSwitchManage.java:42)
Caused by: io.netty.channel.AbstractChannel$AnnotatedConnectException: Connection refused: /61.158.166.43:8021
Caused by: java.net.ConnectException: Connection refused
	at java.base/sun.nio.ch.SocketChannelImpl.checkConnect(Native Method)
	at java.base/sun.nio.ch.SocketChannelImpl.finishConnect(SocketChannelImpl.java:777)
	at io.netty.channel.socket.nio.NioSocketChannel.doFinishConnect(NioSocketChannel.java:330)
	at io.netty.channel.nio.AbstractNioChannel$AbstractNioUnsafe.finishConnect(AbstractNioChannel.java:334)
	at io.netty.channel.nio.NioEventLoop.processSelectedKey(NioEventLoop.java:707)
	at io.netty.channel.nio.NioEventLoop.processSelectedKeysOptimized(NioEventLoop.java:655)
	at io.netty.channel.nio.NioEventLoop.processSelectedKeys(NioEventLoop.java:581)
	at io.netty.channel.nio.NioEventLoop.run(NioEventLoop.java:493)
	at io.netty.util.concurrent.SingleThreadEventExecutor$4.run(SingleThreadEventExecutor.java:989)
	at io.netty.util.internal.ThreadExecutorMap$2.run(ThreadExecutorMap.java:74)
	at io.netty.util.concurrent.FastThreadLocalRunnable.run(FastThreadLocalRunnable.java:30)
	at java.base/java.lang.Thread.run(Thread.java:829)
2026-02-23 03:04:55.163 - [WARN ] - esl
org.freeswitch.esl.client.inbound.InboundConnectionException: Could not connect to /61.158.166.44:8021
	at org.freeswitch.esl.client.inbound.Client.connect(Client.java:134)
	at cn.psycall.ccmgt.util.FreeSwitchManage.monitor(FreeSwitchManage.java:86)
	at cn.psycall.ccmgt.util.FreeSwitchManage.run(FreeSwitchManage.java:42)
Caused by: io.netty.channel.AbstractChannel$AnnotatedConnectException: Connection refused: /61.158.166.44:8021
Caused by: java.net.ConnectException: Connection refused
	at java.base/sun.nio.ch.SocketChannelImpl.checkConnect(Native Method)
	at java.base/sun.nio.ch.SocketChannelImpl.finishConnect(SocketChannelImpl.java:777)
	at io.netty.channel.socket.nio.NioSocketChannel.doFinishConnect(NioSocketChannel.java:330)
	at io.netty.channel.nio.AbstractNioChannel$AbstractNioUnsafe.finishConnect(AbstractNioChannel.java:334)
	at io.netty.channel.nio.NioEventLoop.processSelectedKey(NioEventLoop.java:707)
	at io.netty.channel.nio.NioEventLoop.processSelectedKeysOptimized(NioEventLoop.java:655)
	at io.netty.channel.nio.NioEventLoop.processSelectedKeys(NioEventLoop.java:581)
	at io.netty.channel.nio.NioEventLoop.run(NioEventLoop.java:493)
	at io.netty.util.concurrent.SingleThreadEventExecutor$4.run(SingleThreadEventExecutor.java:989)
	at io.netty.util.internal.ThreadExecutorMap$2.run(ThreadExecutorMap.java:74)
	at io.netty.util.concurrent.FastThreadLocalRunnable.run(FastThreadLocalRunnable.java:30)
	at java.base/java.lang.Thread.run(Thread.java:829)
2026-02-23 03:04:56.260 - [WARN ] - esl
org.freeswitch.esl.client.inbound.InboundConnectionException: Could not connect to /61.158.166.43:8021
	at org.freeswitch.esl.client.inbound.Client.connect(Client.java:134)
	at cn.psycall.ccmgt.util.FreeSwitchManage.monitor(FreeSwitchManage.java:86)
	at cn.psycall.ccmgt.util.FreeSwitchManage.run(FreeSwitchManage.java:42)
Caused by: io.netty.channel.AbstractChannel$AnnotatedConnectException: Connection refused: /61.158.166.43:8021
Caused by: java.net.ConnectException: Connection refused
	at java.base/sun.nio.ch.SocketChannelImpl.checkConnect(Native Method)
	at java.base/sun.nio.ch.SocketChannelImpl.finishConnect(SocketChannelImpl.java:777)
	at io.netty.channel.socket.nio.NioSocketChannel.doFinishConnect(NioSocketChannel.java:330)
	at io.netty.channel.nio.AbstractNioChannel$AbstractNioUnsafe.finishConnect(AbstractNioChannel.java:334)
	at io.netty.channel.nio.NioEventLoop.processSelectedKey(NioEventLoop.java:707)
	at io.netty.channel.nio.NioEventLoop.processSelectedKeysOptimized(NioEventLoop.java:655)
	at io.netty.channel.nio.NioEventLoop.processSelectedKeys(NioEventLoop.java:581)
	at io.netty.channel.nio.NioEventLoop.run(NioEventLoop.java:493)
	at io.netty.util.concurrent.SingleThreadEventExecutor$4.run(SingleThreadEventExecutor.java:989)
	at io.netty.util.internal.ThreadExecutorMap$2.run(ThreadExecutorMap.java:74)
	at io.netty.util.concurrent.FastThreadLocalRunnable.run(FastThreadLocalRunnable.java:30)
	at java.base/java.lang.Thread.run(Thread.java:829)
2026-02-23 03:04:56.359 - [WARN ] - esl
org.freeswitch.esl.client.inbound.InboundConnectionException: Could not connect to /61.158.166.44:8021
	at org.freeswitch.esl.client.inbound.Client.connect(Client.java:134)
	at cn.psycall.ccmgt.util.FreeSwitchManage.monitor(FreeSwitchManage.java:86)
	at cn.psycall.ccmgt.util.FreeSwitchManage.run(FreeSwitchManage.java:42)
Caused by: io.netty.channel.AbstractChannel$AnnotatedConnectException: Connection refused: /61.158.166.44:8021
Caused by: java.net.ConnectException: Connection refused
	at java.base/sun.nio.ch.SocketChannelImpl.checkConnect(Native Method)
	at java.base/sun.nio.ch.SocketChannelImpl.finishConnect(SocketChannelImpl.java:777)
	at io.netty.channel.socket.nio.NioSocketChannel.doFinishConnect(NioSocketChannel.java:330)
	at io.netty.channel.nio.AbstractNioChannel$AbstractNioUnsafe.finishConnect(AbstractNioChannel.java:334)
	at io.netty.channel.nio.NioEventLoop.processSelectedKey(NioEventLoop.java:707)
	at io.netty.channel.nio.NioEventLoop.processSelectedKeysOptimized(NioEventLoop.java:655)
	at io.netty.channel.nio.NioEventLoop.processSelectedKeys(NioEventLoop.java:581)
	at io.netty.channel.nio.NioEventLoop.run(NioEventLoop.java:493)
	at io.netty.util.concurrent.SingleThreadEventExecutor$4.run(SingleThreadEventExecutor.java:989)
	at io.netty.util.internal.ThreadExecutorMap$2.run(ThreadExecutorMap.java:74)
	at io.netty.util.concurrent.FastThreadLocalRunnable.run(FastThreadLocalRunnable.java:30)
	at java.base/java.lang.Thread.run(Thread.java:829)
2026-02-23 03:04:57.456 - [WARN ] - esl
org.freeswitch.esl.client.inbound.InboundConnectionException: Could not connect to /61.158.166.43:8021
	at org.freeswitch.esl.client.inbound.Client.connect(Client.java:134)
	at cn.psycall.ccmgt.util.FreeSwitchManage.monitor(FreeSwitchManage.java:86)
	at cn.psycall.ccmgt.util.FreeSwitchManage.run(FreeSwitchManage.java:42)
Caused by: io.netty.channel.AbstractChannel$AnnotatedConnectException: Connection refused: /61.158.166.43:8021
Caused by: java.net.ConnectException: Connection refused
	at java.base/sun.nio.ch.SocketChannelImpl.checkConnect(Native Method)
	at java.base/sun.nio.ch.SocketChannelImpl.finishConnect(SocketChannelImpl.java:777)
	at io.netty.channel.socket.nio.NioSocketChannel.doFinishConnect(NioSocketChannel.java:330)
	at io.netty.channel.nio.AbstractNioChannel$AbstractNioUnsafe.finishConnect(AbstractNioChannel.java:334)
	at io.netty.channel.nio.NioEventLoop.processSelectedKey(NioEventLoop.java:707)
	at io.netty.channel.nio.NioEventLoop.processSelectedKeysOptimized(NioEventLoop.java:655)
	at io.netty.channel.nio.NioEventLoop.processSelectedKeys(NioEventLoop.java:581)
	at io.netty.channel.nio.NioEventLoop.run(NioEventLoop.java:493)
	at io.netty.util.concurrent.SingleThreadEventExecutor$4.run(SingleThreadEventExecutor.java:989)
	at io.netty.util.internal.ThreadExecutorMap$2.run(ThreadExecutorMap.java:74)
	at io.netty.util.concurrent.FastThreadLocalRunnable.run(FastThreadLocalRunnable.java:30)
	at java.base/java.lang.Thread.run(Thread.java:829)
2026-02-23 03:04:57.563 - [WARN ] - esl
org.freeswitch.esl.client.inbound.InboundConnectionException: Could not connect to /61.158.166.44:8021
	at org.freeswitch.esl.client.inbound.Client.connect(Client.java:134)
	at cn.psycall.ccmgt.util.FreeSwitchManage.monitor(FreeSwitchManage.java:86)
	at cn.psycall.ccmgt.util.FreeSwitchManage.run(FreeSwitchManage.java:42)
Caused by: io.netty.channel.AbstractChannel$AnnotatedConnectException: Connection refused: /61.158.166.44:8021
Caused by: java.net.ConnectException: Connection refused
	at java.base/sun.nio.ch.SocketChannelImpl.checkConnect(Native Method)
	at java.base/sun.nio.ch.SocketChannelImpl.finishConnect(SocketChannelImpl.java:777)
	at io.netty.channel.socket.nio.NioSocketChannel.doFinishConnect(NioSocketChannel.java:330)
	at io.netty.channel.nio.AbstractNioChannel$AbstractNioUnsafe.finishConnect(AbstractNioChannel.java:334)
	at io.netty.channel.nio.NioEventLoop.processSelectedKey(NioEventLoop.java:707)
	at io.netty.channel.nio.NioEventLoop.processSelectedKeysOptimized(NioEventLoop.java:655)
	at io.netty.channel.nio.NioEventLoop.processSelectedKeys(NioEventLoop.java:581)
	at io.netty.channel.nio.NioEventLoop.run(NioEventLoop.java:493)
	at io.netty.util.concurrent.SingleThreadEventExecutor$4.run(SingleThreadEventExecutor.java:989)
	at io.netty.util.internal.ThreadExecutorMap$2.run(ThreadExecutorMap.java:74)
	at io.netty.util.concurrent.FastThreadLocalRunnable.run(FastThreadLocalRunnable.java:30)
	at java.base/java.lang.Thread.run(Thread.java:829)
2026-02-23 03:04:58.657 - [WARN ] - esl
org.freeswitch.esl.client.inbound.InboundConnectionException: Could not connect to /61.158.166.43:8021
	at org.freeswitch.esl.client.inbound.Client.connect(Client.java:134)
	at cn.psycall.ccmgt.util.FreeSwitchManage.monitor(FreeSwitchManage.java:86)
	at cn.psycall.ccmgt.util.FreeSwitchManage.run(FreeSwitchManage.java:42)
Caused by: io.netty.channel.AbstractChannel$AnnotatedConnectException: Connection refused: /61.158.166.43:8021
Caused by: java.net.ConnectException: Connection refused
	at java.base/sun.nio.ch.SocketChannelImpl.checkConnect(Native Method)
	at java.base/sun.nio.ch.SocketChannelImpl.finishConnect(SocketChannelImpl.java:777)
	at io.netty.channel.socket.nio.NioSocketChannel.doFinishConnect(NioSocketChannel.java:330)
	at io.netty.channel.nio.AbstractNioChannel$AbstractNioUnsafe.finishConnect(AbstractNioChannel.java:334)
	at io.netty.channel.nio.NioEventLoop.processSelectedKey(NioEventLoop.java:707)
	at io.netty.channel.nio.NioEventLoop.processSelectedKeysOptimized(NioEventLoop.java:655)
	at io.netty.channel.nio.NioEventLoop.processSelectedKeys(NioEventLoop.java:581)
	at io.netty.channel.nio.NioEventLoop.run(NioEventLoop.java:493)
	at io.netty.util.concurrent.SingleThreadEventExecutor$4.run(SingleThreadEventExecutor.java:989)
	at io.netty.util.internal.ThreadExecutorMap$2.run(ThreadExecutorMap.java:74)
	at io.netty.util.concurrent.FastThreadLocalRunnable.run(FastThreadLocalRunnable.java:30)
	at java.base/java.lang.Thread.run(Thread.java:829)
2026-02-23 03:04:58.821 - [WARN ] - esl
org.freeswitch.esl.client.inbound.InboundConnectionException: Could not connect to /61.158.166.44:8021
	at org.freeswitch.esl.client.inbound.Client.connect(Client.java:134)
	at cn.psycall.ccmgt.util.FreeSwitchManage.monitor(FreeSwitchManage.java:86)
	at cn.psycall.ccmgt.util.FreeSwitchManage.run(FreeSwitchManage.java:42)
Caused by: io.netty.channel.AbstractChannel$AnnotatedConnectException: Connection refused: /61.158.166.44:8021
Caused by: java.net.ConnectException: Connection refused
	at java.base/sun.nio.ch.SocketChannelImpl.checkConnect(Native Method)
	at java.base/sun.nio.ch.SocketChannelImpl.finishConnect(SocketChannelImpl.java:777)
	at io.netty.channel.socket.nio.NioSocketChannel.doFinishConnect(NioSocketChannel.java:330)
	at io.netty.channel.nio.AbstractNioChannel$AbstractNioUnsafe.finishConnect(AbstractNioChannel.java:334)
	at io.netty.channel.nio.NioEventLoop.processSelectedKey(NioEventLoop.java:707)
	at io.netty.channel.nio.NioEventLoop.processSelectedKeysOptimized(NioEventLoop.java:655)
	at io.netty.channel.nio.NioEventLoop.processSelectedKeys(NioEventLoop.java:581)
	at io.netty.channel.nio.NioEventLoop.run(NioEventLoop.java:493)
	at io.netty.util.concurrent.SingleThreadEventExecutor$4.run(SingleThreadEventExecutor.java:989)
	at io.netty.util.internal.ThreadExecutorMap$2.run(ThreadExecutorMap.java:74)
	at io.netty.util.concurrent.FastThreadLocalRunnable.run(FastThreadLocalRunnable.java:30)
	at java.base/java.lang.Thread.run(Thread.java:829)
2026-02-23 03:04:59.912 - [WARN ] - esl
org.freeswitch.esl.client.inbound.InboundConnectionException: Could not connect to /61.158.166.43:8021
	at org.freeswitch.esl.client.inbound.Client.connect(Client.java:134)
	at cn.psycall.ccmgt.util.FreeSwitchManage.monitor(FreeSwitchManage.java:86)
	at cn.psycall.ccmgt.util.FreeSwitchManage.run(FreeSwitchManage.java:42)
Caused by: io.netty.channel.AbstractChannel$AnnotatedConnectException: Connection refused: /61.158.166.43:8021
Caused by: java.net.ConnectException: Connection refused
	at java.base/sun.nio.ch.SocketChannelImpl.checkConnect(Native Method)
	at java.base/sun.nio.ch.SocketChannelImpl.finishConnect(SocketChannelImpl.java:777)
	at io.netty.channel.socket.nio.NioSocketChannel.doFinishConnect(NioSocketChannel.java:330)
	at io.netty.channel.nio.AbstractNioChannel$AbstractNioUnsafe.finishConnect(AbstractNioChannel.java:334)
	at io.netty.channel.nio.NioEventLoop.processSelectedKey(NioEventLoop.java:707)
	at io.netty.channel.nio.NioEventLoop.processSelectedKeysOptimized(NioEventLoop.java:655)
	at io.netty.channel.nio.NioEventLoop.processSelectedKeys(NioEventLoop.java:581)
	at io.netty.channel.nio.NioEventLoop.run(NioEventLoop.java:493)
	at io.netty.util.concurrent.SingleThreadEventExecutor$4.run(SingleThreadEventExecutor.java:989)
	at io.netty.util.internal.ThreadExecutorMap$2.run(ThreadExecutorMap.java:74)
	at io.netty.util.concurrent.FastThreadLocalRunnable.run(FastThreadLocalRunnable.java:30)
	at java.base/java.lang.Thread.run(Thread.java:829)
2026-02-23 03:05:00.010 - [WARN ] - esl
org.freeswitch.esl.client.inbound.InboundConnectionException: Could not connect to /61.158.166.44:8021
	at org.freeswitch.esl.client.inbound.Client.connect(Client.java:134)
	at cn.psycall.ccmgt.util.FreeSwitchManage.monitor(FreeSwitchManage.java:86)
	at cn.psycall.ccmgt.util.FreeSwitchManage.run(FreeSwitchManage.java:42)
Caused by: io.netty.channel.AbstractChannel$AnnotatedConnectException: Connection refused: /61.158.166.44:8021
Caused by: java.net.ConnectException: Connection refused
	at java.base/sun.nio.ch.SocketChannelImpl.checkConnect(Native Method)
	at java.base/sun.nio.ch.SocketChannelImpl.finishConnect(SocketChannelImpl.java:777)
	at io.netty.channel.socket.nio.NioSocketChannel.doFinishConnect(NioSocketChannel.java:330)
	at io.netty.channel.nio.AbstractNioChannel$AbstractNioUnsafe.finishConnect(AbstractNioChannel.java:334)
	at io.netty.channel.nio.NioEventLoop.processSelectedKey(NioEventLoop.java:707)
	at io.netty.channel.nio.NioEventLoop.processSelectedKeysOptimized(NioEventLoop.java:655)
	at io.netty.channel.nio.NioEventLoop.processSelectedKeys(NioEventLoop.java:581)
	at io.netty.channel.nio.NioEventLoop.run(NioEventLoop.java:493)
	at io.netty.util.concurrent.SingleThreadEventExecutor$4.run(SingleThreadEventExecutor.java:989)
	at io.netty.util.internal.ThreadExecutorMap$2.run(ThreadExecutorMap.java:74)
	at io.netty.util.concurrent.FastThreadLocalRunnable.run(FastThreadLocalRunnable.java:30)
	at java.base/java.lang.Thread.run(Thread.java:829)
2026-02-23 03:05:01.103 - [WARN ] - esl
org.freeswitch.esl.client.inbound.InboundConnectionException: Could not connect to /61.158.166.43:8021
	at org.freeswitch.esl.client.inbound.Client.connect(Client.java:134)
	at cn.psycall.ccmgt.util.FreeSwitchManage.monitor(FreeSwitchManage.java:86)
	at cn.psycall.ccmgt.util.FreeSwitchManage.run(FreeSwitchManage.java:42)
Caused by: io.netty.channel.AbstractChannel$AnnotatedConnectException: Connection refused: /61.158.166.43:8021
Caused by: java.net.ConnectException: Connection refused
	at java.base/sun.nio.ch.SocketChannelImpl.checkConnect(Native Method)
	at java.base/sun.nio.ch.SocketChannelImpl.finishConnect(SocketChannelImpl.java:777)
	at io.netty.channel.socket.nio.NioSocketChannel.doFinishConnect(NioSocketChannel.java:330)
	at io.netty.channel.nio.AbstractNioChannel$AbstractNioUnsafe.finishConnect(AbstractNioChannel.java:334)
	at io.netty.channel.nio.NioEventLoop.processSelectedKey(NioEventLoop.java:707)
	at io.netty.channel.nio.NioEventLoop.processSelectedKeysOptimized(NioEventLoop.java:655)
	at io.netty.channel.nio.NioEventLoop.processSelectedKeys(NioEventLoop.java:581)
	at io.netty.channel.nio.NioEventLoop.run(NioEventLoop.java:493)
	at io.netty.util.concurrent.SingleThreadEventExecutor$4.run(SingleThreadEventExecutor.java:989)
	at io.netty.util.internal.ThreadExecutorMap$2.run(ThreadExecutorMap.java:74)
	at io.netty.util.concurrent.FastThreadLocalRunnable.run(FastThreadLocalRunnable.java:30)
	at java.base/java.lang.Thread.run(Thread.java:829)
2026-02-23 03:05:01.269 - [WARN ] - esl
org.freeswitch.esl.client.inbound.InboundConnectionException: Could not connect to /61.158.166.44:8021
	at org.freeswitch.esl.client.inbound.Client.connect(Client.java:134)
	at cn.psycall.ccmgt.util.FreeSwitchManage.monitor(FreeSwitchManage.java:86)
	at cn.psycall.ccmgt.util.FreeSwitchManage.run(FreeSwitchManage.java:42)
Caused by: io.netty.channel.AbstractChannel$AnnotatedConnectException: Connection refused: /61.158.166.44:8021
Caused by: java.net.ConnectException: Connection refused
	at java.base/sun.nio.ch.SocketChannelImpl.checkConnect(Native Method)
	at java.base/sun.nio.ch.SocketChannelImpl.finishConnect(SocketChannelImpl.java:777)
	at io.netty.channel.socket.nio.NioSocketChannel.doFinishConnect(NioSocketChannel.java:330)
	at io.netty.channel.nio.AbstractNioChannel$AbstractNioUnsafe.finishConnect(AbstractNioChannel.java:334)
	at io.netty.channel.nio.NioEventLoop.processSelectedKey(NioEventLoop.java:707)
	at io.netty.channel.nio.NioEventLoop.processSelectedKeysOptimized(NioEventLoop.java:655)
	at io.netty.channel.nio.NioEventLoop.processSelectedKeys(NioEventLoop.java:581)
	at io.netty.channel.nio.NioEventLoop.run(NioEventLoop.java:493)
	at io.netty.util.concurrent.SingleThreadEventExecutor$4.run(SingleThreadEventExecutor.java:989)
	at io.netty.util.internal.ThreadExecutorMap$2.run(ThreadExecutorMap.java:74)
	at io.netty.util.concurrent.FastThreadLocalRunnable.run(FastThreadLocalRunnable.java:30)
	at java.base/java.lang.Thread.run(Thread.java:829)
2026-02-23 03:05:02.351 - [WARN ] - esl
org.freeswitch.esl.client.inbound.InboundConnectionException: Could not connect to /61.158.166.43:8021
	at org.freeswitch.esl.client.inbound.Client.connect(Client.java:134)
	at cn.psycall.ccmgt.util.FreeSwitchManage.monitor(FreeSwitchManage.java:86)
	at cn.psycall.ccmgt.util.FreeSwitchManage.run(FreeSwitchManage.java:42)
Caused by: io.netty.channel.AbstractChannel$AnnotatedConnectException: Connection refused: /61.158.166.43:8021
Caused by: java.net.ConnectException: Connection refused
	at java.base/sun.nio.ch.SocketChannelImpl.checkConnect(Native Method)
	at java.base/sun.nio.ch.SocketChannelImpl.finishConnect(SocketChannelImpl.java:777)
	at io.netty.channel.socket.nio.NioSocketChannel.doFinishConnect(NioSocketChannel.java:330)
	at io.netty.channel.nio.AbstractNioChannel$AbstractNioUnsafe.finishConnect(AbstractNioChannel.java:334)
	at io.netty.channel.nio.NioEventLoop.processSelectedKey(NioEventLoop.java:707)
	at io.netty.channel.nio.NioEventLoop.processSelectedKeysOptimized(NioEventLoop.java:655)
	at io.netty.channel.nio.NioEventLoop.processSelectedKeys(NioEventLoop.java:581)
	at io.netty.channel.nio.NioEventLoop.run(NioEventLoop.java:493)
	at io.netty.util.concurrent.SingleThreadEventExecutor$4.run(SingleThreadEventExecutor.java:989)
	at io.netty.util.internal.ThreadExecutorMap$2.run(ThreadExecutorMap.java:74)
	at io.netty.util.concurrent.FastThreadLocalRunnable.run(FastThreadLocalRunnable.java:30)
	at java.base/java.lang.Thread.run(Thread.java:829)
2026-02-23 03:05:02.468 - [WARN ] - esl
org.freeswitch.esl.client.inbound.InboundConnectionException: Could not connect to /61.158.166.44:8021
	at org.freeswitch.esl.client.inbound.Client.connect(Client.java:134)
	at cn.psycall.ccmgt.util.FreeSwitchManage.monitor(FreeSwitchManage.java:86)
	at cn.psycall.ccmgt.util.FreeSwitchManage.run(FreeSwitchManage.java:42)
Caused by: io.netty.channel.AbstractChannel$AnnotatedConnectException: Connection refused: /61.158.166.44:8021
Caused by: java.net.ConnectException: Connection refused
	at java.base/sun.nio.ch.SocketChannelImpl.checkConnect(Native Method)
	at java.base/sun.nio.ch.SocketChannelImpl.finishConnect(SocketChannelImpl.java:777)
	at io.netty.channel.socket.nio.NioSocketChannel.doFinishConnect(NioSocketChannel.java:330)
	at io.netty.channel.nio.AbstractNioChannel$AbstractNioUnsafe.finishConnect(AbstractNioChannel.java:334)
	at io.netty.channel.nio.NioEventLoop.processSelectedKey(NioEventLoop.java:707)
	at io.netty.channel.nio.NioEventLoop.processSelectedKeysOptimized(NioEventLoop.java:655)
	at io.netty.channel.nio.NioEventLoop.processSelectedKeys(NioEventLoop.java:581)
	at io.netty.channel.nio.NioEventLoop.run(NioEventLoop.java:493)
	at io.netty.util.concurrent.SingleThreadEventExecutor$4.run(SingleThreadEventExecutor.java:989)
	at io.netty.util.internal.ThreadExecutorMap$2.run(ThreadExecutorMap.java:74)
	at io.netty.util.concurrent.FastThreadLocalRunnable.run(FastThreadLocalRunnable.java:30)
	at java.base/java.lang.Thread.run(Thread.java:829)
2026-02-23 03:05:03.570 - [WARN ] - esl
org.freeswitch.esl.client.inbound.InboundConnectionException: Could not connect to /61.158.166.43:8021
	at org.freeswitch.esl.client.inbound.Client.connect(Client.java:134)
	at cn.psycall.ccmgt.util.FreeSwitchManage.monitor(FreeSwitchManage.java:86)
	at cn.psycall.ccmgt.util.FreeSwitchManage.run(FreeSwitchManage.java:42)
Caused by: io.netty.channel.AbstractChannel$AnnotatedConnectException: Connection refused: /61.158.166.43:8021
Caused by: java.net.ConnectException: Connection refused
	at java.base/sun.nio.ch.SocketChannelImpl.checkConnect(Native Method)
	at java.base/sun.nio.ch.SocketChannelImpl.finishConnect(SocketChannelImpl.java:777)
	at io.netty.channel.socket.nio.NioSocketChannel.doFinishConnect(NioSocketChannel.java:330)
	at io.netty.channel.nio.AbstractNioChannel$AbstractNioUnsafe.finishConnect(AbstractNioChannel.java:334)
	at io.netty.channel.nio.NioEventLoop.processSelectedKey(NioEventLoop.java:707)
	at io.netty.channel.nio.NioEventLoop.processSelectedKeysOptimized(NioEventLoop.java:655)
	at io.netty.channel.nio.NioEventLoop.processSelectedKeys(NioEventLoop.java:581)
	at io.netty.channel.nio.NioEventLoop.run(NioEventLoop.java:493)
	at io.netty.util.concurrent.SingleThreadEventExecutor$4.run(SingleThreadEventExecutor.java:989)
	at io.netty.util.internal.ThreadExecutorMap$2.run(ThreadExecutorMap.java:74)
	at io.netty.util.concurrent.FastThreadLocalRunnable.run(FastThreadLocalRunnable.java:30)
	at java.base/java.lang.Thread.run(Thread.java:829)
2026-02-23 03:05:03.655 - [WARN ] - esl
org.freeswitch.esl.client.inbound.InboundConnectionException: Could not connect to /61.158.166.44:8021
	at org.freeswitch.esl.client.inbound.Client.connect(Client.java:134)
	at cn.psycall.ccmgt.util.FreeSwitchManage.monitor(FreeSwitchManage.java:86)
	at cn.psycall.ccmgt.util.FreeSwitchManage.run(FreeSwitchManage.java:42)
Caused by: io.netty.channel.AbstractChannel$AnnotatedConnectException: Connection refused: /61.158.166.44:8021
Caused by: java.net.ConnectException: Connection refused
	at java.base/sun.nio.ch.SocketChannelImpl.checkConnect(Native Method)
	at java.base/sun.nio.ch.SocketChannelImpl.finishConnect(SocketChannelImpl.java:777)
	at io.netty.channel.socket.nio.NioSocketChannel.doFinishConnect(NioSocketChannel.java:330)
	at io.netty.channel.nio.AbstractNioChannel$AbstractNioUnsafe.finishConnect(AbstractNioChannel.java:334)
	at io.netty.channel.nio.NioEventLoop.processSelectedKey(NioEventLoop.java:707)
	at io.netty.channel.nio.NioEventLoop.processSelectedKeysOptimized(NioEventLoop.java:655)
	at io.netty.channel.nio.NioEventLoop.processSelectedKeys(NioEventLoop.java:581)
	at io.netty.channel.nio.NioEventLoop.run(NioEventLoop.java:493)
	at io.netty.util.concurrent.SingleThreadEventExecutor$4.run(SingleThreadEventExecutor.java:989)
	at io.netty.util.internal.ThreadExecutorMap$2.run(ThreadExecutorMap.java:74)
	at io.netty.util.concurrent.FastThreadLocalRunnable.run(FastThreadLocalRunnable.java:30)
	at java.base/java.lang.Thread.run(Thread.java:829)
2026-02-23 03:05:04.742 - [WARN ] - esl
org.freeswitch.esl.client.inbound.InboundConnectionException: Could not connect to /61.158.166.43:8021
	at org.freeswitch.esl.client.inbound.Client.connect(Client.java:134)
	at cn.psycall.ccmgt.util.FreeSwitchManage.monitor(FreeSwitchManage.java:86)
	at cn.psycall.ccmgt.util.FreeSwitchManage.run(FreeSwitchManage.java:42)
Caused by: io.netty.channel.AbstractChannel$AnnotatedConnectException: Connection refused: /61.158.166.43:8021
Caused by: java.net.ConnectException: Connection refused
	at java.base/sun.nio.ch.SocketChannelImpl.checkConnect(Native Method)
	at java.base/sun.nio.ch.SocketChannelImpl.finishConnect(SocketChannelImpl.java:777)
	at io.netty.channel.socket.nio.NioSocketChannel.doFinishConnect(NioSocketChannel.java:330)
	at io.netty.channel.nio.AbstractNioChannel$AbstractNioUnsafe.finishConnect(AbstractNioChannel.java:334)
	at io.netty.channel.nio.NioEventLoop.processSelectedKey(NioEventLoop.java:707)
	at io.netty.channel.nio.NioEventLoop.processSelectedKeysOptimized(NioEventLoop.java:655)
	at io.netty.channel.nio.NioEventLoop.processSelectedKeys(NioEventLoop.java:581)
	at io.netty.channel.nio.NioEventLoop.run(NioEventLoop.java:493)
	at io.netty.util.concurrent.SingleThreadEventExecutor$4.run(SingleThreadEventExecutor.java:989)
	at io.netty.util.internal.ThreadExecutorMap$2.run(ThreadExecutorMap.java:74)
	at io.netty.util.concurrent.FastThreadLocalRunnable.run(FastThreadLocalRunnable.java:30)
	at java.base/java.lang.Thread.run(Thread.java:829)
2026-02-23 03:05:04.847 - [WARN ] - esl
org.freeswitch.esl.client.inbound.InboundConnectionException: Could not connect to /61.158.166.44:8021
	at org.freeswitch.esl.client.inbound.Client.connect(Client.java:134)
	at cn.psycall.ccmgt.util.FreeSwitchManage.monitor(FreeSwitchManage.java:86)
	at cn.psycall.ccmgt.util.FreeSwitchManage.run(FreeSwitchManage.java:42)
Caused by: io.netty.channel.AbstractChannel$AnnotatedConnectException: Connection refused: /61.158.166.44:8021
Caused by: java.net.ConnectException: Connection refused
	at java.base/sun.nio.ch.SocketChannelImpl.checkConnect(Native Method)
	at java.base/sun.nio.ch.SocketChannelImpl.finishConnect(SocketChannelImpl.java:777)
	at io.netty.channel.socket.nio.NioSocketChannel.doFinishConnect(NioSocketChannel.java:330)
	at io.netty.channel.nio.AbstractNioChannel$AbstractNioUnsafe.finishConnect(AbstractNioChannel.java:334)
	at io.netty.channel.nio.NioEventLoop.processSelectedKey(NioEventLoop.java:707)
	at io.netty.channel.nio.NioEventLoop.processSelectedKeysOptimized(NioEventLoop.java:655)
	at io.netty.channel.nio.NioEventLoop.processSelectedKeys(NioEventLoop.java:581)
	at io.netty.channel.nio.NioEventLoop.run(NioEventLoop.java:493)
	at io.netty.util.concurrent.SingleThreadEventExecutor$4.run(SingleThreadEventExecutor.java:989)
	at io.netty.util.internal.ThreadExecutorMap$2.run(ThreadExecutorMap.java:74)
	at io.netty.util.concurrent.FastThreadLocalRunnable.run(FastThreadLocalRunnable.java:30)
	at java.base/java.lang.Thread.run(Thread.java:829)
2026-02-23 03:05:05.951 - [WARN ] - esl
org.freeswitch.esl.client.inbound.InboundConnectionException: Could not connect to /61.158.166.43:8021
	at org.freeswitch.esl.client.inbound.Client.connect(Client.java:134)
	at cn.psycall.ccmgt.util.FreeSwitchManage.monitor(FreeSwitchManage.java:86)
	at cn.psycall.ccmgt.util.FreeSwitchManage.run(FreeSwitchManage.java:42)
Caused by: io.netty.channel.AbstractChannel$AnnotatedConnectException: Connection refused: /61.158.166.43:8021
Caused by: java.net.ConnectException: Connection refused
	at java.base/sun.nio.ch.SocketChannelImpl.checkConnect(Native Method)
	at java.base/sun.nio.ch.SocketChannelImpl.finishConnect(SocketChannelImpl.java:777)
	at io.netty.channel.socket.nio.NioSocketChannel.doFinishConnect(NioSocketChannel.java:330)
	at io.netty.channel.nio.AbstractNioChannel$AbstractNioUnsafe.finishConnect(AbstractNioChannel.java:334)
	at io.netty.channel.nio.NioEventLoop.processSelectedKey(NioEventLoop.java:707)
	at io.netty.channel.nio.NioEventLoop.processSelectedKeysOptimized(NioEventLoop.java:655)
	at io.netty.channel.nio.NioEventLoop.processSelectedKeys(NioEventLoop.java:581)
	at io.netty.channel.nio.NioEventLoop.run(NioEventLoop.java:493)
	at io.netty.util.concurrent.SingleThreadEventExecutor$4.run(SingleThreadEventExecutor.java:989)
	at io.netty.util.internal.ThreadExecutorMap$2.run(ThreadExecutorMap.java:74)
	at io.netty.util.concurrent.FastThreadLocalRunnable.run(FastThreadLocalRunnable.java:30)
	at java.base/java.lang.Thread.run(Thread.java:829)
2026-02-23 03:05:06.043 - [WARN ] - esl
org.freeswitch.esl.client.inbound.InboundConnectionException: Could not connect to /61.158.166.44:8021
	at org.freeswitch.esl.client.inbound.Client.connect(Client.java:134)
	at cn.psycall.ccmgt.util.FreeSwitchManage.monitor(FreeSwitchManage.java:86)
	at cn.psycall.ccmgt.util.FreeSwitchManage.run(FreeSwitchManage.java:42)
Caused by: io.netty.channel.AbstractChannel$AnnotatedConnectException: Connection refused: /61.158.166.44:8021
Caused by: java.net.ConnectException: Connection refused
	at java.base/sun.nio.ch.SocketChannelImpl.checkConnect(Native Method)
	at java.base/sun.nio.ch.SocketChannelImpl.finishConnect(SocketChannelImpl.java:777)
	at io.netty.channel.socket.nio.NioSocketChannel.doFinishConnect(NioSocketChannel.java:330)
	at io.netty.channel.nio.AbstractNioChannel$AbstractNioUnsafe.finishConnect(AbstractNioChannel.java:334)
	at io.netty.channel.nio.NioEventLoop.processSelectedKey(NioEventLoop.java:707)
	at io.netty.channel.nio.NioEventLoop.processSelectedKeysOptimized(NioEventLoop.java:655)
	at io.netty.channel.nio.NioEventLoop.processSelectedKeys(NioEventLoop.java:581)
	at io.netty.channel.nio.NioEventLoop.run(NioEventLoop.java:493)
	at io.netty.util.concurrent.SingleThreadEventExecutor$4.run(SingleThreadEventExecutor.java:989)
	at io.netty.util.internal.ThreadExecutorMap$2.run(ThreadExecutorMap.java:74)
	at io.netty.util.concurrent.FastThreadLocalRunnable.run(FastThreadLocalRunnable.java:30)
	at java.base/java.lang.Thread.run(Thread.java:829)
2026-02-23 03:05:07.137 - [WARN ] - esl
org.freeswitch.esl.client.inbound.InboundConnectionException: Could not connect to /61.158.166.43:8021
	at org.freeswitch.esl.client.inbound.Client.connect(Client.java:134)
	at cn.psycall.ccmgt.util.FreeSwitchManage.monitor(FreeSwitchManage.java:86)
	at cn.psycall.ccmgt.util.FreeSwitchManage.run(FreeSwitchManage.java:42)
Caused by: io.netty.channel.AbstractChannel$AnnotatedConnectException: Connection refused: /61.158.166.43:8021
Caused by: java.net.ConnectException: Connection refused
	at java.base/sun.nio.ch.SocketChannelImpl.checkConnect(Native Method)
	at java.base/sun.nio.ch.SocketChannelImpl.finishConnect(SocketChannelImpl.java:777)
	at io.netty.channel.socket.nio.NioSocketChannel.doFinishConnect(NioSocketChannel.java:330)
	at io.netty.channel.nio.AbstractNioChannel$AbstractNioUnsafe.finishConnect(AbstractNioChannel.java:334)
	at io.netty.channel.nio.NioEventLoop.processSelectedKey(NioEventLoop.java:707)
	at io.netty.channel.nio.NioEventLoop.processSelectedKeysOptimized(NioEventLoop.java:655)
	at io.netty.channel.nio.NioEventLoop.processSelectedKeys(NioEventLoop.java:581)
	at io.netty.channel.nio.NioEventLoop.run(NioEventLoop.java:493)
	at io.netty.util.concurrent.SingleThreadEventExecutor$4.run(SingleThreadEventExecutor.java:989)
	at io.netty.util.internal.ThreadExecutorMap$2.run(ThreadExecutorMap.java:74)
	at io.netty.util.concurrent.FastThreadLocalRunnable.run(FastThreadLocalRunnable.java:30)
	at java.base/java.lang.Thread.run(Thread.java:829)
2026-02-23 03:05:13.530 - [WARN ] - esl
org.freeswitch.esl.client.inbound.InboundConnectionException: Could not connect to /61.158.166.44:8021
	at org.freeswitch.esl.client.inbound.Client.connect(Client.java:134)
	at cn.psycall.ccmgt.util.FreeSwitchManage.monitor(FreeSwitchManage.java:86)
	at cn.psycall.ccmgt.util.FreeSwitchManage.run(FreeSwitchManage.java:42)
Caused by: io.netty.channel.AbstractChannel$AnnotatedConnectException: Connection refused: /61.158.166.44:8021
Caused by: java.net.ConnectException: Connection refused
	at java.base/sun.nio.ch.SocketChannelImpl.checkConnect(Native Method)
	at java.base/sun.nio.ch.SocketChannelImpl.finishConnect(SocketChannelImpl.java:777)
	at io.netty.channel.socket.nio.NioSocketChannel.doFinishConnect(NioSocketChannel.java:330)
	at io.netty.channel.nio.AbstractNioChannel$AbstractNioUnsafe.finishConnect(AbstractNioChannel.java:334)
	at io.netty.channel.nio.NioEventLoop.processSelectedKey(NioEventLoop.java:707)
	at io.netty.channel.nio.NioEventLoop.processSelectedKeysOptimized(NioEventLoop.java:655)
	at io.netty.channel.nio.NioEventLoop.processSelectedKeys(NioEventLoop.java:581)
	at io.netty.channel.nio.NioEventLoop.run(NioEventLoop.java:493)
	at io.netty.util.concurrent.SingleThreadEventExecutor$4.run(SingleThreadEventExecutor.java:989)
	at io.netty.util.internal.ThreadExecutorMap$2.run(ThreadExecutorMap.java:74)
	at io.netty.util.concurrent.FastThreadLocalRunnable.run(FastThreadLocalRunnable.java:30)
	at java.base/java.lang.Thread.run(Thread.java:829)
2026-02-23 03:05:14.634 - [WARN ] - esl
org.freeswitch.esl.client.inbound.InboundConnectionException: Could not connect to /61.158.166.43:8021
	at org.freeswitch.esl.client.inbound.Client.connect(Client.java:134)
	at cn.psycall.ccmgt.util.FreeSwitchManage.monitor(FreeSwitchManage.java:86)
	at cn.psycall.ccmgt.util.FreeSwitchManage.run(FreeSwitchManage.java:42)
Caused by: io.netty.channel.AbstractChannel$AnnotatedConnectException: Connection refused: /61.158.166.43:8021
Caused by: java.net.ConnectException: Connection refused
	at java.base/sun.nio.ch.SocketChannelImpl.checkConnect(Native Method)
	at java.base/sun.nio.ch.SocketChannelImpl.finishConnect(SocketChannelImpl.java:777)
	at io.netty.channel.socket.nio.NioSocketChannel.doFinishConnect(NioSocketChannel.java:330)
	at io.netty.channel.nio.AbstractNioChannel$AbstractNioUnsafe.finishConnect(AbstractNioChannel.java:334)
	at io.netty.channel.nio.NioEventLoop.processSelectedKey(NioEventLoop.java:707)
	at io.netty.channel.nio.NioEventLoop.processSelectedKeysOptimized(NioEventLoop.java:655)
	at io.netty.channel.nio.NioEventLoop.processSelectedKeys(NioEventLoop.java:581)
	at io.netty.channel.nio.NioEventLoop.run(NioEventLoop.java:493)
	at io.netty.util.concurrent.SingleThreadEventExecutor$4.run(SingleThreadEventExecutor.java:989)
	at io.netty.util.internal.ThreadExecutorMap$2.run(ThreadExecutorMap.java:74)
	at io.netty.util.concurrent.FastThreadLocalRunnable.run(FastThreadLocalRunnable.java:30)
	at java.base/java.lang.Thread.run(Thread.java:829)
2026-02-23 03:05:14.727 - [WARN ] - esl
org.freeswitch.esl.client.inbound.InboundConnectionException: Could not connect to /61.158.166.44:8021
	at org.freeswitch.esl.client.inbound.Client.connect(Client.java:134)
	at cn.psycall.ccmgt.util.FreeSwitchManage.monitor(FreeSwitchManage.java:86)
	at cn.psycall.ccmgt.util.FreeSwitchManage.run(FreeSwitchManage.java:42)
Caused by: io.netty.channel.AbstractChannel$AnnotatedConnectException: Connection refused: /61.158.166.44:8021
Caused by: java.net.ConnectException: Connection refused
	at java.base/sun.nio.ch.SocketChannelImpl.checkConnect(Native Method)
	at java.base/sun.nio.ch.SocketChannelImpl.finishConnect(SocketChannelImpl.java:777)
	at io.netty.channel.socket.nio.NioSocketChannel.doFinishConnect(NioSocketChannel.java:330)
	at io.netty.channel.nio.AbstractNioChannel$AbstractNioUnsafe.finishConnect(AbstractNioChannel.java:334)
	at io.netty.channel.nio.NioEventLoop.processSelectedKey(NioEventLoop.java:707)
	at io.netty.channel.nio.NioEventLoop.processSelectedKeysOptimized(NioEventLoop.java:655)
	at io.netty.channel.nio.NioEventLoop.processSelectedKeys(NioEventLoop.java:581)
	at io.netty.channel.nio.NioEventLoop.run(NioEventLoop.java:493)
	at io.netty.util.concurrent.SingleThreadEventExecutor$4.run(SingleThreadEventExecutor.java:989)
	at io.netty.util.internal.ThreadExecutorMap$2.run(ThreadExecutorMap.java:74)
	at io.netty.util.concurrent.FastThreadLocalRunnable.run(FastThreadLocalRunnable.java:30)
	at java.base/java.lang.Thread.run(Thread.java:829)
2026-02-23 03:05:16.019 - [WARN ] - conn_rabbit_mq
org.springframework.web.client.ResourceAccessException: I/O error on POST request for "http://61.158.166.43:8888/command/conn_rabbit_mq": Connect to 61.158.166.43:8888 [/61.158.166.43] failed: Connection refused (Connection refused); nested exception is org.apache.http.conn.HttpHostConnectException: Connect to 61.158.166.43:8888 [/61.158.166.43] failed: Connection refused (Connection refused)
	at org.springframework.web.client.RestTemplate.doExecute(RestTemplate.java:791)
	at org.springframework.web.client.RestTemplate.execute(RestTemplate.java:717)
	at org.springframework.web.client.RestTemplate.exchange(RestTemplate.java:608)
	at cn.psycall.ccmgt.util.FreeSwitchManage.conn_rabbit_mq(FreeSwitchManage.java:272)
	at cn.psycall.ccmgt.util.FreeSwitchManage.monitor(FreeSwitchManage.java:89)
	at cn.psycall.ccmgt.util.FreeSwitchManage.run(FreeSwitchManage.java:42)
Caused by: org.apache.http.conn.HttpHostConnectException: Connect to 61.158.166.43:8888 [/61.158.166.43] failed: Connection refused (Connection refused)
	at org.apache.http.impl.conn.DefaultHttpClientConnectionOperator.connect(DefaultHttpClientConnectionOperator.java:156)
	at org.apache.http.impl.conn.PoolingHttpClientConnectionManager.connect(PoolingHttpClientConnectionManager.java:376)
	at org.apache.http.impl.execchain.MainClientExec.establishRoute(MainClientExec.java:393)
	at org.apache.http.impl.execchain.MainClientExec.execute(MainClientExec.java:236)
	at org.apache.http.impl.execchain.ProtocolExec.execute(ProtocolExec.java:186)
	at org.apache.http.impl.execchain.RetryExec.execute(RetryExec.java:89)
	at org.apache.http.impl.execchain.RedirectExec.execute(RedirectExec.java:110)
	at org.apache.http.impl.client.InternalHttpClient.doExecute(InternalHttpClient.java:185)
	at org.apache.http.impl.client.CloseableHttpClient.execute(CloseableHttpClient.java:83)
	at org.apache.http.impl.client.CloseableHttpClient.execute(CloseableHttpClient.java:56)
	at org.springframework.http.client.HttpComponentsClientHttpRequest.executeInternal(HttpComponentsClientHttpRequest.java:87)
	at org.springframework.http.client.AbstractBufferingClientHttpRequest.executeInternal(AbstractBufferingClientHttpRequest.java:48)
	at org.springframework.http.client.AbstractClientHttpRequest.execute(AbstractClientHttpRequest.java:66)
	at org.springframework.web.client.RestTemplate.doExecute(RestTemplate.java:782)
	... 5 common frames omitted
Caused by: java.net.ConnectException: Connection refused (Connection refused)
	at java.base/java.net.PlainSocketImpl.socketConnect(Native Method)
	at java.base/java.net.AbstractPlainSocketImpl.doConnect(AbstractPlainSocketImpl.java:412)
	at java.base/java.net.AbstractPlainSocketImpl.connectToAddress(AbstractPlainSocketImpl.java:255)
	at java.base/java.net.AbstractPlainSocketImpl.connect(AbstractPlainSocketImpl.java:237)
	at java.base/java.net.SocksSocketImpl.connect(SocksSocketImpl.java:392)
	at java.base/java.net.Socket.connect(Socket.java:609)
	at org.apache.http.conn.socket.PlainConnectionSocketFactory.connectSocket(PlainConnectionSocketFactory.java:75)
	at org.apache.http.impl.conn.DefaultHttpClientConnectionOperator.connect(DefaultHttpClientConnectionOperator.java:142)
	... 18 common frames omitted
2026-02-23 03:05:16.111 - [WARN ] - esl
org.freeswitch.esl.client.inbound.InboundConnectionException: Could not connect to /61.158.166.44:8021
	at org.freeswitch.esl.client.inbound.Client.connect(Client.java:134)
	at cn.psycall.ccmgt.util.FreeSwitchManage.monitor(FreeSwitchManage.java:86)
	at cn.psycall.ccmgt.util.FreeSwitchManage.run(FreeSwitchManage.java:42)
Caused by: io.netty.channel.AbstractChannel$AnnotatedConnectException: Connection refused: /61.158.166.44:8021
Caused by: java.net.ConnectException: Connection refused
	at java.base/sun.nio.ch.SocketChannelImpl.checkConnect(Native Method)
	at java.base/sun.nio.ch.SocketChannelImpl.finishConnect(SocketChannelImpl.java:777)
	at io.netty.channel.socket.nio.NioSocketChannel.doFinishConnect(NioSocketChannel.java:330)
	at io.netty.channel.nio.AbstractNioChannel$AbstractNioUnsafe.finishConnect(AbstractNioChannel.java:334)
	at io.netty.channel.nio.NioEventLoop.processSelectedKey(NioEventLoop.java:707)
	at io.netty.channel.nio.NioEventLoop.processSelectedKeysOptimized(NioEventLoop.java:655)
	at io.netty.channel.nio.NioEventLoop.processSelectedKeys(NioEventLoop.java:581)
	at io.netty.channel.nio.NioEventLoop.run(NioEventLoop.java:493)
	at io.netty.util.concurrent.SingleThreadEventExecutor$4.run(SingleThreadEventExecutor.java:989)
	at io.netty.util.internal.ThreadExecutorMap$2.run(ThreadExecutorMap.java:74)
	at io.netty.util.concurrent.FastThreadLocalRunnable.run(FastThreadLocalRunnable.java:30)
	at java.base/java.lang.Thread.run(Thread.java:829)
2026-02-23 03:05:17.391 - [WARN ] - conn_rabbit_mq
org.springframework.web.client.ResourceAccessException: I/O error on POST request for "http://61.158.166.43:8888/command/conn_rabbit_mq": Connect to 61.158.166.43:8888 [/61.158.166.43] failed: Connection refused (Connection refused); nested exception is org.apache.http.conn.HttpHostConnectException: Connect to 61.158.166.43:8888 [/61.158.166.43] failed: Connection refused (Connection refused)
	at org.springframework.web.client.RestTemplate.doExecute(RestTemplate.java:791)
	at org.springframework.web.client.RestTemplate.execute(RestTemplate.java:717)
	at org.springframework.web.client.RestTemplate.exchange(RestTemplate.java:608)
	at cn.psycall.ccmgt.util.FreeSwitchManage.conn_rabbit_mq(FreeSwitchManage.java:272)
	at cn.psycall.ccmgt.util.FreeSwitchManage.monitor(FreeSwitchManage.java:89)
	at cn.psycall.ccmgt.util.FreeSwitchManage.run(FreeSwitchManage.java:42)
Caused by: org.apache.http.conn.HttpHostConnectException: Connect to 61.158.166.43:8888 [/61.158.166.43] failed: Connection refused (Connection refused)
	at org.apache.http.impl.conn.DefaultHttpClientConnectionOperator.connect(DefaultHttpClientConnectionOperator.java:156)
	at org.apache.http.impl.conn.PoolingHttpClientConnectionManager.connect(PoolingHttpClientConnectionManager.java:376)
	at org.apache.http.impl.execchain.MainClientExec.establishRoute(MainClientExec.java:393)
	at org.apache.http.impl.execchain.MainClientExec.execute(MainClientExec.java:236)
	at org.apache.http.impl.execchain.ProtocolExec.execute(ProtocolExec.java:186)
	at org.apache.http.impl.execchain.RetryExec.execute(RetryExec.java:89)
	at org.apache.http.impl.execchain.RedirectExec.execute(RedirectExec.java:110)
	at org.apache.http.impl.client.InternalHttpClient.doExecute(InternalHttpClient.java:185)
	at org.apache.http.impl.client.CloseableHttpClient.execute(CloseableHttpClient.java:83)
	at org.apache.http.impl.client.CloseableHttpClient.execute(CloseableHttpClient.java:56)
	at org.springframework.http.client.HttpComponentsClientHttpRequest.executeInternal(HttpComponentsClientHttpRequest.java:87)
	at org.springframework.http.client.AbstractBufferingClientHttpRequest.executeInternal(AbstractBufferingClientHttpRequest.java:48)
	at org.springframework.http.client.AbstractClientHttpRequest.execute(AbstractClientHttpRequest.java:66)
	at org.springframework.web.client.RestTemplate.doExecute(RestTemplate.java:782)
	... 5 common frames omitted
Caused by: java.net.ConnectException: Connection refused (Connection refused)
	at java.base/java.net.PlainSocketImpl.socketConnect(Native Method)
	at java.base/java.net.AbstractPlainSocketImpl.doConnect(AbstractPlainSocketImpl.java:412)
	at java.base/java.net.AbstractPlainSocketImpl.connectToAddress(AbstractPlainSocketImpl.java:255)
	at java.base/java.net.AbstractPlainSocketImpl.connect(AbstractPlainSocketImpl.java:237)
	at java.base/java.net.SocksSocketImpl.connect(SocksSocketImpl.java:392)
	at java.base/java.net.Socket.connect(Socket.java:609)
	at org.apache.http.conn.socket.PlainConnectionSocketFactory.connectSocket(PlainConnectionSocketFactory.java:75)
	at org.apache.http.impl.conn.DefaultHttpClientConnectionOperator.connect(DefaultHttpClientConnectionOperator.java:142)
	... 18 common frames omitted
2026-02-23 03:05:17.473 - [WARN ] - esl
org.freeswitch.esl.client.inbound.InboundConnectionException: Could not connect to /61.158.166.44:8021
	at org.freeswitch.esl.client.inbound.Client.connect(Client.java:134)
	at cn.psycall.ccmgt.util.FreeSwitchManage.monitor(FreeSwitchManage.java:86)
	at cn.psycall.ccmgt.util.FreeSwitchManage.run(FreeSwitchManage.java:42)
Caused by: io.netty.channel.AbstractChannel$AnnotatedConnectException: Connection refused: /61.158.166.44:8021
Caused by: java.net.ConnectException: Connection refused
	at java.base/sun.nio.ch.SocketChannelImpl.checkConnect(Native Method)
	at java.base/sun.nio.ch.SocketChannelImpl.finishConnect(SocketChannelImpl.java:777)
	at io.netty.channel.socket.nio.NioSocketChannel.doFinishConnect(NioSocketChannel.java:330)
	at io.netty.channel.nio.AbstractNioChannel$AbstractNioUnsafe.finishConnect(AbstractNioChannel.java:334)
	at io.netty.channel.nio.NioEventLoop.processSelectedKey(NioEventLoop.java:707)
	at io.netty.channel.nio.NioEventLoop.processSelectedKeysOptimized(NioEventLoop.java:655)
	at io.netty.channel.nio.NioEventLoop.processSelectedKeys(NioEventLoop.java:581)
	at io.netty.channel.nio.NioEventLoop.run(NioEventLoop.java:493)
	at io.netty.util.concurrent.SingleThreadEventExecutor$4.run(SingleThreadEventExecutor.java:989)
	at io.netty.util.internal.ThreadExecutorMap$2.run(ThreadExecutorMap.java:74)
	at io.netty.util.concurrent.FastThreadLocalRunnable.run(FastThreadLocalRunnable.java:30)
	at java.base/java.lang.Thread.run(Thread.java:829)
2026-02-23 03:05:19.042 - [WARN ] - esl
org.freeswitch.esl.client.inbound.InboundConnectionException: Could not connect to /61.158.166.44:8021
	at org.freeswitch.esl.client.inbound.Client.connect(Client.java:134)
	at cn.psycall.ccmgt.util.FreeSwitchManage.monitor(FreeSwitchManage.java:86)
	at cn.psycall.ccmgt.util.FreeSwitchManage.run(FreeSwitchManage.java:42)
Caused by: io.netty.channel.AbstractChannel$AnnotatedConnectException: Connection refused: /61.158.166.44:8021
Caused by: java.net.ConnectException: Connection refused
	at java.base/sun.nio.ch.SocketChannelImpl.checkConnect(Native Method)
	at java.base/sun.nio.ch.SocketChannelImpl.finishConnect(SocketChannelImpl.java:777)
	at io.netty.channel.socket.nio.NioSocketChannel.doFinishConnect(NioSocketChannel.java:330)
	at io.netty.channel.nio.AbstractNioChannel$AbstractNioUnsafe.finishConnect(AbstractNioChannel.java:334)
	at io.netty.channel.nio.NioEventLoop.processSelectedKey(NioEventLoop.java:707)
	at io.netty.channel.nio.NioEventLoop.processSelectedKeysOptimized(NioEventLoop.java:655)
	at io.netty.channel.nio.NioEventLoop.processSelectedKeys(NioEventLoop.java:581)
	at io.netty.channel.nio.NioEventLoop.run(NioEventLoop.java:493)
	at io.netty.util.concurrent.SingleThreadEventExecutor$4.run(SingleThreadEventExecutor.java:989)
	at io.netty.util.internal.ThreadExecutorMap$2.run(ThreadExecutorMap.java:74)
	at io.netty.util.concurrent.FastThreadLocalRunnable.run(FastThreadLocalRunnable.java:30)
	at java.base/java.lang.Thread.run(Thread.java:829)
2026-02-23 03:05:20.401 - [WARN ] - esl
org.freeswitch.esl.client.inbound.InboundConnectionException: Could not connect to /61.158.166.44:8021
	at org.freeswitch.esl.client.inbound.Client.connect(Client.java:134)
	at cn.psycall.ccmgt.util.FreeSwitchManage.monitor(FreeSwitchManage.java:86)
	at cn.psycall.ccmgt.util.FreeSwitchManage.run(FreeSwitchManage.java:42)
Caused by: io.netty.channel.AbstractChannel$AnnotatedConnectException: Connection refused: /61.158.166.44:8021
Caused by: java.net.ConnectException: Connection refused
	at java.base/sun.nio.ch.SocketChannelImpl.checkConnect(Native Method)
	at java.base/sun.nio.ch.SocketChannelImpl.finishConnect(SocketChannelImpl.java:777)
	at io.netty.channel.socket.nio.NioSocketChannel.doFinishConnect(NioSocketChannel.java:330)
	at io.netty.channel.nio.AbstractNioChannel$AbstractNioUnsafe.finishConnect(AbstractNioChannel.java:334)
	at io.netty.channel.nio.NioEventLoop.processSelectedKey(NioEventLoop.java:707)
	at io.netty.channel.nio.NioEventLoop.processSelectedKeysOptimized(NioEventLoop.java:655)
	at io.netty.channel.nio.NioEventLoop.processSelectedKeys(NioEventLoop.java:581)
	at io.netty.channel.nio.NioEventLoop.run(NioEventLoop.java:493)
	at io.netty.util.concurrent.SingleThreadEventExecutor$4.run(SingleThreadEventExecutor.java:989)
	at io.netty.util.internal.ThreadExecutorMap$2.run(ThreadExecutorMap.java:74)
	at io.netty.util.concurrent.FastThreadLocalRunnable.run(FastThreadLocalRunnable.java:30)
	at java.base/java.lang.Thread.run(Thread.java:829)
2026-02-23 03:05:21.755 - [WARN ] - esl
org.freeswitch.esl.client.inbound.InboundConnectionException: Could not connect to /61.158.166.44:8021
	at org.freeswitch.esl.client.inbound.Client.connect(Client.java:134)
	at cn.psycall.ccmgt.util.FreeSwitchManage.monitor(FreeSwitchManage.java:86)
	at cn.psycall.ccmgt.util.FreeSwitchManage.run(FreeSwitchManage.java:42)
Caused by: io.netty.channel.AbstractChannel$AnnotatedConnectException: Connection refused: /61.158.166.44:8021
Caused by: java.net.ConnectException: Connection refused
	at java.base/sun.nio.ch.SocketChannelImpl.checkConnect(Native Method)
	at java.base/sun.nio.ch.SocketChannelImpl.finishConnect(SocketChannelImpl.java:777)
	at io.netty.channel.socket.nio.NioSocketChannel.doFinishConnect(NioSocketChannel.java:330)
	at io.netty.channel.nio.AbstractNioChannel$AbstractNioUnsafe.finishConnect(AbstractNioChannel.java:334)
	at io.netty.channel.nio.NioEventLoop.processSelectedKey(NioEventLoop.java:707)
	at io.netty.channel.nio.NioEventLoop.processSelectedKeysOptimized(NioEventLoop.java:655)
	at io.netty.channel.nio.NioEventLoop.processSelectedKeys(NioEventLoop.java:581)
	at io.netty.channel.nio.NioEventLoop.run(NioEventLoop.java:493)
	at io.netty.util.concurrent.SingleThreadEventExecutor$4.run(SingleThreadEventExecutor.java:989)
	at io.netty.util.internal.ThreadExecutorMap$2.run(ThreadExecutorMap.java:74)
	at io.netty.util.concurrent.FastThreadLocalRunnable.run(FastThreadLocalRunnable.java:30)
	at java.base/java.lang.Thread.run(Thread.java:829)
2026-02-23 03:05:23.129 - [WARN ] - esl
org.freeswitch.esl.client.inbound.InboundConnectionException: Could not connect to /61.158.166.44:8021
	at org.freeswitch.esl.client.inbound.Client.connect(Client.java:134)
	at cn.psycall.ccmgt.util.FreeSwitchManage.monitor(FreeSwitchManage.java:86)
	at cn.psycall.ccmgt.util.FreeSwitchManage.run(FreeSwitchManage.java:42)
Caused by: io.netty.channel.AbstractChannel$AnnotatedConnectException: Connection refused: /61.158.166.44:8021
Caused by: java.net.ConnectException: Connection refused
	at java.base/sun.nio.ch.SocketChannelImpl.checkConnect(Native Method)
	at java.base/sun.nio.ch.SocketChannelImpl.finishConnect(SocketChannelImpl.java:777)
	at io.netty.channel.socket.nio.NioSocketChannel.doFinishConnect(NioSocketChannel.java:330)
	at io.netty.channel.nio.AbstractNioChannel$AbstractNioUnsafe.finishConnect(AbstractNioChannel.java:334)
	at io.netty.channel.nio.NioEventLoop.processSelectedKey(NioEventLoop.java:707)
	at io.netty.channel.nio.NioEventLoop.processSelectedKeysOptimized(NioEventLoop.java:655)
	at io.netty.channel.nio.NioEventLoop.processSelectedKeys(NioEventLoop.java:581)
	at io.netty.channel.nio.NioEventLoop.run(NioEventLoop.java:493)
	at io.netty.util.concurrent.SingleThreadEventExecutor$4.run(SingleThreadEventExecutor.java:989)
	at io.netty.util.internal.ThreadExecutorMap$2.run(ThreadExecutorMap.java:74)
	at io.netty.util.concurrent.FastThreadLocalRunnable.run(FastThreadLocalRunnable.java:30)
	at java.base/java.lang.Thread.run(Thread.java:829)
2026-02-23 03:05:24.509 - [WARN ] - esl
org.freeswitch.esl.client.inbound.InboundConnectionException: Could not connect to /61.158.166.44:8021
	at org.freeswitch.esl.client.inbound.Client.connect(Client.java:134)
	at cn.psycall.ccmgt.util.FreeSwitchManage.monitor(FreeSwitchManage.java:86)
	at cn.psycall.ccmgt.util.FreeSwitchManage.run(FreeSwitchManage.java:42)
Caused by: io.netty.channel.AbstractChannel$AnnotatedConnectException: Connection refused: /61.158.166.44:8021
Caused by: java.net.ConnectException: Connection refused
	at java.base/sun.nio.ch.SocketChannelImpl.checkConnect(Native Method)
	at java.base/sun.nio.ch.SocketChannelImpl.finishConnect(SocketChannelImpl.java:777)
	at io.netty.channel.socket.nio.NioSocketChannel.doFinishConnect(NioSocketChannel.java:330)
	at io.netty.channel.nio.AbstractNioChannel$AbstractNioUnsafe.finishConnect(AbstractNioChannel.java:334)
	at io.netty.channel.nio.NioEventLoop.processSelectedKey(NioEventLoop.java:707)
	at io.netty.channel.nio.NioEventLoop.processSelectedKeysOptimized(NioEventLoop.java:655)
	at io.netty.channel.nio.NioEventLoop.processSelectedKeys(NioEventLoop.java:581)
	at io.netty.channel.nio.NioEventLoop.run(NioEventLoop.java:493)
	at io.netty.util.concurrent.SingleThreadEventExecutor$4.run(SingleThreadEventExecutor.java:989)
	at io.netty.util.internal.ThreadExecutorMap$2.run(ThreadExecutorMap.java:74)
	at io.netty.util.concurrent.FastThreadLocalRunnable.run(FastThreadLocalRunnable.java:30)
	at java.base/java.lang.Thread.run(Thread.java:829)
2026-02-23 03:05:25.884 - [WARN ] - esl
org.freeswitch.esl.client.inbound.InboundConnectionException: Could not connect to /61.158.166.44:8021
	at org.freeswitch.esl.client.inbound.Client.connect(Client.java:134)
	at cn.psycall.ccmgt.util.FreeSwitchManage.monitor(FreeSwitchManage.java:86)
	at cn.psycall.ccmgt.util.FreeSwitchManage.run(FreeSwitchManage.java:42)
Caused by: io.netty.channel.AbstractChannel$AnnotatedConnectException: Connection refused: /61.158.166.44:8021
Caused by: java.net.ConnectException: Connection refused
	at java.base/sun.nio.ch.SocketChannelImpl.checkConnect(Native Method)
	at java.base/sun.nio.ch.SocketChannelImpl.finishConnect(SocketChannelImpl.java:777)
	at io.netty.channel.socket.nio.NioSocketChannel.doFinishConnect(NioSocketChannel.java:330)
	at io.netty.channel.nio.AbstractNioChannel$AbstractNioUnsafe.finishConnect(AbstractNioChannel.java:334)
	at io.netty.channel.nio.NioEventLoop.processSelectedKey(NioEventLoop.java:707)
	at io.netty.channel.nio.NioEventLoop.processSelectedKeysOptimized(NioEventLoop.java:655)
	at io.netty.channel.nio.NioEventLoop.processSelectedKeys(NioEventLoop.java:581)
	at io.netty.channel.nio.NioEventLoop.run(NioEventLoop.java:493)
	at io.netty.util.concurrent.SingleThreadEventExecutor$4.run(SingleThreadEventExecutor.java:989)
	at io.netty.util.internal.ThreadExecutorMap$2.run(ThreadExecutorMap.java:74)
	at io.netty.util.concurrent.FastThreadLocalRunnable.run(FastThreadLocalRunnable.java:30)
	at java.base/java.lang.Thread.run(Thread.java:829)
2026-02-23 03:05:27.260 - [WARN ] - esl
org.freeswitch.esl.client.inbound.InboundConnectionException: Could not connect to /61.158.166.44:8021
	at org.freeswitch.esl.client.inbound.Client.connect(Client.java:134)
	at cn.psycall.ccmgt.util.FreeSwitchManage.monitor(FreeSwitchManage.java:86)
	at cn.psycall.ccmgt.util.FreeSwitchManage.run(FreeSwitchManage.java:42)
Caused by: io.netty.channel.AbstractChannel$AnnotatedConnectException: Connection refused: /61.158.166.44:8021
Caused by: java.net.ConnectException: Connection refused
	at java.base/sun.nio.ch.SocketChannelImpl.checkConnect(Native Method)
	at java.base/sun.nio.ch.SocketChannelImpl.finishConnect(SocketChannelImpl.java:777)
	at io.netty.channel.socket.nio.NioSocketChannel.doFinishConnect(NioSocketChannel.java:330)
	at io.netty.channel.nio.AbstractNioChannel$AbstractNioUnsafe.finishConnect(AbstractNioChannel.java:334)
	at io.netty.channel.nio.NioEventLoop.processSelectedKey(NioEventLoop.java:707)
	at io.netty.channel.nio.NioEventLoop.processSelectedKeysOptimized(NioEventLoop.java:655)
	at io.netty.channel.nio.NioEventLoop.processSelectedKeys(NioEventLoop.java:581)
	at io.netty.channel.nio.NioEventLoop.run(NioEventLoop.java:493)
	at io.netty.util.concurrent.SingleThreadEventExecutor$4.run(SingleThreadEventExecutor.java:989)
	at io.netty.util.internal.ThreadExecutorMap$2.run(ThreadExecutorMap.java:74)
	at io.netty.util.concurrent.FastThreadLocalRunnable.run(FastThreadLocalRunnable.java:30)
	at java.base/java.lang.Thread.run(Thread.java:829)
2026-02-23 03:05:28.650 - [INFO ] - internal->61.158.166.43:5060
2026-02-23 03:05:28.651 - [INFO ] - ESL Client connected ..(61.158.166.43:8021[500678eb-8180-4f21-bd97-38206e1ee156])
2026-02-23 03:05:29.376 - [INFO ] - internal_sip_port->5060
2026-02-23 03:05:29.377 - [INFO ] - external_sip_port->5080
2026-02-23 03:05:34.871 - [INFO ] - fs[500678eb-8180-4f21-bd97-38206e1ee156] CallThread start
2026-02-23 03:05:34.968 - [WARN ] - esl
org.freeswitch.esl.client.inbound.InboundConnectionException: Could not connect to /61.158.166.44:8021
	at org.freeswitch.esl.client.inbound.Client.connect(Client.java:134)
	at cn.psycall.ccmgt.util.FreeSwitchManage.monitor(FreeSwitchManage.java:86)
	at cn.psycall.ccmgt.util.FreeSwitchManage.run(FreeSwitchManage.java:42)
Caused by: io.netty.channel.AbstractChannel$AnnotatedConnectException: Connection refused: /61.158.166.44:8021
Caused by: java.net.ConnectException: Connection refused
	at java.base/sun.nio.ch.SocketChannelImpl.checkConnect(Native Method)
	at java.base/sun.nio.ch.SocketChannelImpl.finishConnect(SocketChannelImpl.java:777)
	at io.netty.channel.socket.nio.NioSocketChannel.doFinishConnect(NioSocketChannel.java:330)
	at io.netty.channel.nio.AbstractNioChannel$AbstractNioUnsafe.finishConnect(AbstractNioChannel.java:334)
	at io.netty.channel.nio.NioEventLoop.processSelectedKey(NioEventLoop.java:707)
	at io.netty.channel.nio.NioEventLoop.processSelectedKeysOptimized(NioEventLoop.java:655)
	at io.netty.channel.nio.NioEventLoop.processSelectedKeys(NioEventLoop.java:581)
	at io.netty.channel.nio.NioEventLoop.run(NioEventLoop.java:493)
	at io.netty.util.concurrent.SingleThreadEventExecutor$4.run(SingleThreadEventExecutor.java:989)
	at io.netty.util.internal.ThreadExecutorMap$2.run(ThreadExecutorMap.java:74)
	at io.netty.util.concurrent.FastThreadLocalRunnable.run(FastThreadLocalRunnable.java:30)
	at java.base/java.lang.Thread.run(Thread.java:829)
2026-02-23 03:05:36.059 - [WARN ] - esl
org.freeswitch.esl.client.inbound.InboundConnectionException: Could not connect to /61.158.166.44:8021
	at org.freeswitch.esl.client.inbound.Client.connect(Client.java:134)
	at cn.psycall.ccmgt.util.FreeSwitchManage.monitor(FreeSwitchManage.java:86)
	at cn.psycall.ccmgt.util.FreeSwitchManage.run(FreeSwitchManage.java:42)
Caused by: io.netty.channel.AbstractChannel$AnnotatedConnectException: Connection refused: /61.158.166.44:8021
Caused by: java.net.ConnectException: Connection refused
	at java.base/sun.nio.ch.SocketChannelImpl.checkConnect(Native Method)
	at java.base/sun.nio.ch.SocketChannelImpl.finishConnect(SocketChannelImpl.java:777)
	at io.netty.channel.socket.nio.NioSocketChannel.doFinishConnect(NioSocketChannel.java:330)
	at io.netty.channel.nio.AbstractNioChannel$AbstractNioUnsafe.finishConnect(AbstractNioChannel.java:334)
	at io.netty.channel.nio.NioEventLoop.processSelectedKey(NioEventLoop.java:707)
	at io.netty.channel.nio.NioEventLoop.processSelectedKeysOptimized(NioEventLoop.java:655)
	at io.netty.channel.nio.NioEventLoop.processSelectedKeys(NioEventLoop.java:581)
	at io.netty.channel.nio.NioEventLoop.run(NioEventLoop.java:493)
	at io.netty.util.concurrent.SingleThreadEventExecutor$4.run(SingleThreadEventExecutor.java:989)
	at io.netty.util.internal.ThreadExecutorMap$2.run(ThreadExecutorMap.java:74)
	at io.netty.util.concurrent.FastThreadLocalRunnable.run(FastThreadLocalRunnable.java:30)
	at java.base/java.lang.Thread.run(Thread.java:829)
2026-02-23 03:05:37.143 - [WARN ] - esl
org.freeswitch.esl.client.inbound.InboundConnectionException: Could not connect to /61.158.166.44:8021
	at org.freeswitch.esl.client.inbound.Client.connect(Client.java:134)
	at cn.psycall.ccmgt.util.FreeSwitchManage.monitor(FreeSwitchManage.java:86)
	at cn.psycall.ccmgt.util.FreeSwitchManage.run(FreeSwitchManage.java:42)
Caused by: io.netty.channel.AbstractChannel$AnnotatedConnectException: Connection refused: /61.158.166.44:8021
Caused by: java.net.ConnectException: Connection refused
	at java.base/sun.nio.ch.SocketChannelImpl.checkConnect(Native Method)
	at java.base/sun.nio.ch.SocketChannelImpl.finishConnect(SocketChannelImpl.java:777)
	at io.netty.channel.socket.nio.NioSocketChannel.doFinishConnect(NioSocketChannel.java:330)
	at io.netty.channel.nio.AbstractNioChannel$AbstractNioUnsafe.finishConnect(AbstractNioChannel.java:334)
	at io.netty.channel.nio.NioEventLoop.processSelectedKey(NioEventLoop.java:707)
	at io.netty.channel.nio.NioEventLoop.processSelectedKeysOptimized(NioEventLoop.java:655)
	at io.netty.channel.nio.NioEventLoop.processSelectedKeys(NioEventLoop.java:581)
	at io.netty.channel.nio.NioEventLoop.run(NioEventLoop.java:493)
	at io.netty.util.concurrent.SingleThreadEventExecutor$4.run(SingleThreadEventExecutor.java:989)
	at io.netty.util.internal.ThreadExecutorMap$2.run(ThreadExecutorMap.java:74)
	at io.netty.util.concurrent.FastThreadLocalRunnable.run(FastThreadLocalRunnable.java:30)
	at java.base/java.lang.Thread.run(Thread.java:829)
2026-02-23 03:05:38.228 - [WARN ] - esl
org.freeswitch.esl.client.inbound.InboundConnectionException: Could not connect to /61.158.166.44:8021
	at org.freeswitch.esl.client.inbound.Client.connect(Client.java:134)
	at cn.psycall.ccmgt.util.FreeSwitchManage.monitor(FreeSwitchManage.java:86)
	at cn.psycall.ccmgt.util.FreeSwitchManage.run(FreeSwitchManage.java:42)
Caused by: io.netty.channel.AbstractChannel$AnnotatedConnectException: Connection refused: /61.158.166.44:8021
Caused by: java.net.ConnectException: Connection refused
	at java.base/sun.nio.ch.SocketChannelImpl.checkConnect(Native Method)
	at java.base/sun.nio.ch.SocketChannelImpl.finishConnect(SocketChannelImpl.java:777)
	at io.netty.channel.socket.nio.NioSocketChannel.doFinishConnect(NioSocketChannel.java:330)
	at io.netty.channel.nio.AbstractNioChannel$AbstractNioUnsafe.finishConnect(AbstractNioChannel.java:334)
	at io.netty.channel.nio.NioEventLoop.processSelectedKey(NioEventLoop.java:707)
	at io.netty.channel.nio.NioEventLoop.processSelectedKeysOptimized(NioEventLoop.java:655)
	at io.netty.channel.nio.NioEventLoop.processSelectedKeys(NioEventLoop.java:581)
	at io.netty.channel.nio.NioEventLoop.run(NioEventLoop.java:493)
	at io.netty.util.concurrent.SingleThreadEventExecutor$4.run(SingleThreadEventExecutor.java:989)
	at io.netty.util.internal.ThreadExecutorMap$2.run(ThreadExecutorMap.java:74)
	at io.netty.util.concurrent.FastThreadLocalRunnable.run(FastThreadLocalRunnable.java:30)
	at java.base/java.lang.Thread.run(Thread.java:829)
2026-02-23 03:05:39.309 - [WARN ] - esl
org.freeswitch.esl.client.inbound.InboundConnectionException: Could not connect to /61.158.166.44:8021
	at org.freeswitch.esl.client.inbound.Client.connect(Client.java:134)
	at cn.psycall.ccmgt.util.FreeSwitchManage.monitor(FreeSwitchManage.java:86)
	at cn.psycall.ccmgt.util.FreeSwitchManage.run(FreeSwitchManage.java:42)
Caused by: io.netty.channel.AbstractChannel$AnnotatedConnectException: Connection refused: /61.158.166.44:8021
Caused by: java.net.ConnectException: Connection refused
	at java.base/sun.nio.ch.SocketChannelImpl.checkConnect(Native Method)
	at java.base/sun.nio.ch.SocketChannelImpl.finishConnect(SocketChannelImpl.java:777)
	at io.netty.channel.socket.nio.NioSocketChannel.doFinishConnect(NioSocketChannel.java:330)
	at io.netty.channel.nio.AbstractNioChannel$AbstractNioUnsafe.finishConnect(AbstractNioChannel.java:334)
	at io.netty.channel.nio.NioEventLoop.processSelectedKey(NioEventLoop.java:707)
	at io.netty.channel.nio.NioEventLoop.processSelectedKeysOptimized(NioEventLoop.java:655)
	at io.netty.channel.nio.NioEventLoop.processSelectedKeys(NioEventLoop.java:581)
	at io.netty.channel.nio.NioEventLoop.run(NioEventLoop.java:493)
	at io.netty.util.concurrent.SingleThreadEventExecutor$4.run(SingleThreadEventExecutor.java:989)
	at io.netty.util.internal.ThreadExecutorMap$2.run(ThreadExecutorMap.java:74)
	at io.netty.util.concurrent.FastThreadLocalRunnable.run(FastThreadLocalRunnable.java:30)
	at java.base/java.lang.Thread.run(Thread.java:829)
2026-02-23 03:05:40.386 - [WARN ] - esl
org.freeswitch.esl.client.inbound.InboundConnectionException: Could not connect to /61.158.166.44:8021
	at org.freeswitch.esl.client.inbound.Client.connect(Client.java:134)
	at cn.psycall.ccmgt.util.FreeSwitchManage.monitor(FreeSwitchManage.java:86)
	at cn.psycall.ccmgt.util.FreeSwitchManage.run(FreeSwitchManage.java:42)
Caused by: io.netty.channel.AbstractChannel$AnnotatedConnectException: Connection refused: /61.158.166.44:8021
Caused by: java.net.ConnectException: Connection refused
	at java.base/sun.nio.ch.SocketChannelImpl.checkConnect(Native Method)
	at java.base/sun.nio.ch.SocketChannelImpl.finishConnect(SocketChannelImpl.java:777)
	at io.netty.channel.socket.nio.NioSocketChannel.doFinishConnect(NioSocketChannel.java:330)
	at io.netty.channel.nio.AbstractNioChannel$AbstractNioUnsafe.finishConnect(AbstractNioChannel.java:334)
	at io.netty.channel.nio.NioEventLoop.processSelectedKey(NioEventLoop.java:707)
	at io.netty.channel.nio.NioEventLoop.processSelectedKeysOptimized(NioEventLoop.java:655)
	at io.netty.channel.nio.NioEventLoop.processSelectedKeys(NioEventLoop.java:581)
	at io.netty.channel.nio.NioEventLoop.run(NioEventLoop.java:493)
	at io.netty.util.concurrent.SingleThreadEventExecutor$4.run(SingleThreadEventExecutor.java:989)
	at io.netty.util.internal.ThreadExecutorMap$2.run(ThreadExecutorMap.java:74)
	at io.netty.util.concurrent.FastThreadLocalRunnable.run(FastThreadLocalRunnable.java:30)
	at java.base/java.lang.Thread.run(Thread.java:829)
2026-02-23 03:05:41.462 - [WARN ] - esl
org.freeswitch.esl.client.inbound.InboundConnectionException: Could not connect to /61.158.166.44:8021
	at org.freeswitch.esl.client.inbound.Client.connect(Client.java:134)
	at cn.psycall.ccmgt.util.FreeSwitchManage.monitor(FreeSwitchManage.java:86)
	at cn.psycall.ccmgt.util.FreeSwitchManage.run(FreeSwitchManage.java:42)
Caused by: io.netty.channel.AbstractChannel$AnnotatedConnectException: Connection refused: /61.158.166.44:8021
Caused by: java.net.ConnectException: Connection refused
	at java.base/sun.nio.ch.SocketChannelImpl.checkConnect(Native Method)
	at java.base/sun.nio.ch.SocketChannelImpl.finishConnect(SocketChannelImpl.java:777)
	at io.netty.channel.socket.nio.NioSocketChannel.doFinishConnect(NioSocketChannel.java:330)
	at io.netty.channel.nio.AbstractNioChannel$AbstractNioUnsafe.finishConnect(AbstractNioChannel.java:334)
	at io.netty.channel.nio.NioEventLoop.processSelectedKey(NioEventLoop.java:707)
	at io.netty.channel.nio.NioEventLoop.processSelectedKeysOptimized(NioEventLoop.java:655)
	at io.netty.channel.nio.NioEventLoop.processSelectedKeys(NioEventLoop.java:581)
	at io.netty.channel.nio.NioEventLoop.run(NioEventLoop.java:493)
	at io.netty.util.concurrent.SingleThreadEventExecutor$4.run(SingleThreadEventExecutor.java:989)
	at io.netty.util.internal.ThreadExecutorMap$2.run(ThreadExecutorMap.java:74)
	at io.netty.util.concurrent.FastThreadLocalRunnable.run(FastThreadLocalRunnable.java:30)
	at java.base/java.lang.Thread.run(Thread.java:829)
2026-02-23 03:05:42.547 - [WARN ] - esl
org.freeswitch.esl.client.inbound.InboundConnectionException: Could not connect to /61.158.166.44:8021
	at org.freeswitch.esl.client.inbound.Client.connect(Client.java:134)
	at cn.psycall.ccmgt.util.FreeSwitchManage.monitor(FreeSwitchManage.java:86)
	at cn.psycall.ccmgt.util.FreeSwitchManage.run(FreeSwitchManage.java:42)
Caused by: io.netty.channel.AbstractChannel$AnnotatedConnectException: Connection refused: /61.158.166.44:8021
Caused by: java.net.ConnectException: Connection refused
	at java.base/sun.nio.ch.SocketChannelImpl.checkConnect(Native Method)
	at java.base/sun.nio.ch.SocketChannelImpl.finishConnect(SocketChannelImpl.java:777)
	at io.netty.channel.socket.nio.NioSocketChannel.doFinishConnect(NioSocketChannel.java:330)
	at io.netty.channel.nio.AbstractNioChannel$AbstractNioUnsafe.finishConnect(AbstractNioChannel.java:334)
	at io.netty.channel.nio.NioEventLoop.processSelectedKey(NioEventLoop.java:707)
	at io.netty.channel.nio.NioEventLoop.processSelectedKeysOptimized(NioEventLoop.java:655)
	at io.netty.channel.nio.NioEventLoop.processSelectedKeys(NioEventLoop.java:581)
	at io.netty.channel.nio.NioEventLoop.run(NioEventLoop.java:493)
	at io.netty.util.concurrent.SingleThreadEventExecutor$4.run(SingleThreadEventExecutor.java:989)
	at io.netty.util.internal.ThreadExecutorMap$2.run(ThreadExecutorMap.java:74)
	at io.netty.util.concurrent.FastThreadLocalRunnable.run(FastThreadLocalRunnable.java:30)
	at java.base/java.lang.Thread.run(Thread.java:829)
2026-02-23 03:05:43.633 - [WARN ] - esl
org.freeswitch.esl.client.inbound.InboundConnectionException: Could not connect to /61.158.166.44:8021
	at org.freeswitch.esl.client.inbound.Client.connect(Client.java:134)
	at cn.psycall.ccmgt.util.FreeSwitchManage.monitor(FreeSwitchManage.java:86)
	at cn.psycall.ccmgt.util.FreeSwitchManage.run(FreeSwitchManage.java:42)
Caused by: io.netty.channel.AbstractChannel$AnnotatedConnectException: Connection refused: /61.158.166.44:8021
Caused by: java.net.ConnectException: Connection refused
	at java.base/sun.nio.ch.SocketChannelImpl.checkConnect(Native Method)
	at java.base/sun.nio.ch.SocketChannelImpl.finishConnect(SocketChannelImpl.java:777)
	at io.netty.channel.socket.nio.NioSocketChannel.doFinishConnect(NioSocketChannel.java:330)
	at io.netty.channel.nio.AbstractNioChannel$AbstractNioUnsafe.finishConnect(AbstractNioChannel.java:334)
	at io.netty.channel.nio.NioEventLoop.processSelectedKey(NioEventLoop.java:707)
	at io.netty.channel.nio.NioEventLoop.processSelectedKeysOptimized(NioEventLoop.java:655)
	at io.netty.channel.nio.NioEventLoop.processSelectedKeys(NioEventLoop.java:581)
	at io.netty.channel.nio.NioEventLoop.run(NioEventLoop.java:493)
	at io.netty.util.concurrent.SingleThreadEventExecutor$4.run(SingleThreadEventExecutor.java:989)
	at io.netty.util.internal.ThreadExecutorMap$2.run(ThreadExecutorMap.java:74)
	at io.netty.util.concurrent.FastThreadLocalRunnable.run(FastThreadLocalRunnable.java:30)
	at java.base/java.lang.Thread.run(Thread.java:829)
2026-02-23 03:05:43.641 - [INFO ] - ESL Client Disconnect ..(61.158.166.45:8021)
2026-02-23 03:05:44.948 - [WARN ] - esl
org.freeswitch.esl.client.inbound.InboundConnectionException: Could not connect to /61.158.166.44:8021
	at org.freeswitch.esl.client.inbound.Client.connect(Client.java:134)
	at cn.psycall.ccmgt.util.FreeSwitchManage.monitor(FreeSwitchManage.java:86)
	at cn.psycall.ccmgt.util.FreeSwitchManage.run(FreeSwitchManage.java:42)
Caused by: io.netty.channel.AbstractChannel$AnnotatedConnectException: Connection refused: /61.158.166.44:8021
Caused by: java.net.ConnectException: Connection refused
	at java.base/sun.nio.ch.SocketChannelImpl.checkConnect(Native Method)
	at java.base/sun.nio.ch.SocketChannelImpl.finishConnect(SocketChannelImpl.java:777)
	at io.netty.channel.socket.nio.NioSocketChannel.doFinishConnect(NioSocketChannel.java:330)
	at io.netty.channel.nio.AbstractNioChannel$AbstractNioUnsafe.finishConnect(AbstractNioChannel.java:334)
	at io.netty.channel.nio.NioEventLoop.processSelectedKey(NioEventLoop.java:707)
	at io.netty.channel.nio.NioEventLoop.processSelectedKeysOptimized(NioEventLoop.java:655)
	at io.netty.channel.nio.NioEventLoop.processSelectedKeys(NioEventLoop.java:581)
	at io.netty.channel.nio.NioEventLoop.run(NioEventLoop.java:493)
	at io.netty.util.concurrent.SingleThreadEventExecutor$4.run(SingleThreadEventExecutor.java:989)
	at io.netty.util.internal.ThreadExecutorMap$2.run(ThreadExecutorMap.java:74)
	at io.netty.util.concurrent.FastThreadLocalRunnable.run(FastThreadLocalRunnable.java:30)
	at java.base/java.lang.Thread.run(Thread.java:829)
2026-02-23 03:05:45.050 - [WARN ] - esl
org.freeswitch.esl.client.inbound.InboundConnectionException: Could not connect to /61.158.166.45:8021
	at org.freeswitch.esl.client.inbound.Client.connect(Client.java:134)
	at cn.psycall.ccmgt.util.FreeSwitchManage.monitor(FreeSwitchManage.java:86)
	at cn.psycall.ccmgt.util.FreeSwitchManage.run(FreeSwitchManage.java:42)
Caused by: io.netty.channel.AbstractChannel$AnnotatedConnectException: Connection refused: /61.158.166.45:8021
Caused by: java.net.ConnectException: Connection refused
	at java.base/sun.nio.ch.SocketChannelImpl.checkConnect(Native Method)
	at java.base/sun.nio.ch.SocketChannelImpl.finishConnect(SocketChannelImpl.java:777)
	at io.netty.channel.socket.nio.NioSocketChannel.doFinishConnect(NioSocketChannel.java:330)
	at io.netty.channel.nio.AbstractNioChannel$AbstractNioUnsafe.finishConnect(AbstractNioChannel.java:334)
	at io.netty.channel.nio.NioEventLoop.processSelectedKey(NioEventLoop.java:707)
	at io.netty.channel.nio.NioEventLoop.processSelectedKeysOptimized(NioEventLoop.java:655)
	at io.netty.channel.nio.NioEventLoop.processSelectedKeys(NioEventLoop.java:581)
	at io.netty.channel.nio.NioEventLoop.run(NioEventLoop.java:493)
	at io.netty.util.concurrent.SingleThreadEventExecutor$4.run(SingleThreadEventExecutor.java:989)
	at io.netty.util.internal.ThreadExecutorMap$2.run(ThreadExecutorMap.java:74)
	at io.netty.util.concurrent.FastThreadLocalRunnable.run(FastThreadLocalRunnable.java:30)
	at java.base/java.lang.Thread.run(Thread.java:829)
2026-02-23 03:05:46.129 - [WARN ] - esl
org.freeswitch.esl.client.inbound.InboundConnectionException: Could not connect to /61.158.166.44:8021
	at org.freeswitch.esl.client.inbound.Client.connect(Client.java:134)
	at cn.psycall.ccmgt.util.FreeSwitchManage.monitor(FreeSwitchManage.java:86)
	at cn.psycall.ccmgt.util.FreeSwitchManage.run(FreeSwitchManage.java:42)
Caused by: io.netty.channel.AbstractChannel$AnnotatedConnectException: Connection refused: /61.158.166.44:8021
Caused by: java.net.ConnectException: Connection refused
	at java.base/sun.nio.ch.SocketChannelImpl.checkConnect(Native Method)
	at java.base/sun.nio.ch.SocketChannelImpl.finishConnect(SocketChannelImpl.java:777)
	at io.netty.channel.socket.nio.NioSocketChannel.doFinishConnect(NioSocketChannel.java:330)
	at io.netty.channel.nio.AbstractNioChannel$AbstractNioUnsafe.finishConnect(AbstractNioChannel.java:334)
	at io.netty.channel.nio.NioEventLoop.processSelectedKey(NioEventLoop.java:707)
	at io.netty.channel.nio.NioEventLoop.processSelectedKeysOptimized(NioEventLoop.java:655)
	at io.netty.channel.nio.NioEventLoop.processSelectedKeys(NioEventLoop.java:581)
	at io.netty.channel.nio.NioEventLoop.run(NioEventLoop.java:493)
	at io.netty.util.concurrent.SingleThreadEventExecutor$4.run(SingleThreadEventExecutor.java:989)
	at io.netty.util.internal.ThreadExecutorMap$2.run(ThreadExecutorMap.java:74)
	at io.netty.util.concurrent.FastThreadLocalRunnable.run(FastThreadLocalRunnable.java:30)
	at java.base/java.lang.Thread.run(Thread.java:829)
2026-02-23 03:05:46.198 - [WARN ] - esl
org.freeswitch.esl.client.inbound.InboundConnectionException: Could not connect to /61.158.166.45:8021
	at org.freeswitch.esl.client.inbound.Client.connect(Client.java:134)
	at cn.psycall.ccmgt.util.FreeSwitchManage.monitor(FreeSwitchManage.java:86)
	at cn.psycall.ccmgt.util.FreeSwitchManage.run(FreeSwitchManage.java:42)
Caused by: io.netty.channel.AbstractChannel$AnnotatedConnectException: Connection refused: /61.158.166.45:8021
Caused by: java.net.ConnectException: Connection refused
	at java.base/sun.nio.ch.SocketChannelImpl.checkConnect(Native Method)
	at java.base/sun.nio.ch.SocketChannelImpl.finishConnect(SocketChannelImpl.java:777)
	at io.netty.channel.socket.nio.NioSocketChannel.doFinishConnect(NioSocketChannel.java:330)
	at io.netty.channel.nio.AbstractNioChannel$AbstractNioUnsafe.finishConnect(AbstractNioChannel.java:334)
	at io.netty.channel.nio.NioEventLoop.processSelectedKey(NioEventLoop.java:707)
	at io.netty.channel.nio.NioEventLoop.processSelectedKeysOptimized(NioEventLoop.java:655)
	at io.netty.channel.nio.NioEventLoop.processSelectedKeys(NioEventLoop.java:581)
	at io.netty.channel.nio.NioEventLoop.run(NioEventLoop.java:493)
	at io.netty.util.concurrent.SingleThreadEventExecutor$4.run(SingleThreadEventExecutor.java:989)
	at io.netty.util.internal.ThreadExecutorMap$2.run(ThreadExecutorMap.java:74)
	at io.netty.util.concurrent.FastThreadLocalRunnable.run(FastThreadLocalRunnable.java:30)
	at java.base/java.lang.Thread.run(Thread.java:829)
2026-02-23 03:05:47.296 - [WARN ] - esl
org.freeswitch.esl.client.inbound.InboundConnectionException: Could not connect to /61.158.166.44:8021
	at org.freeswitch.esl.client.inbound.Client.connect(Client.java:134)
	at cn.psycall.ccmgt.util.FreeSwitchManage.monitor(FreeSwitchManage.java:86)
	at cn.psycall.ccmgt.util.FreeSwitchManage.run(FreeSwitchManage.java:42)
Caused by: io.netty.channel.AbstractChannel$AnnotatedConnectException: Connection refused: /61.158.166.44:8021
Caused by: java.net.ConnectException: Connection refused
	at java.base/sun.nio.ch.SocketChannelImpl.checkConnect(Native Method)
	at java.base/sun.nio.ch.SocketChannelImpl.finishConnect(SocketChannelImpl.java:777)
	at io.netty.channel.socket.nio.NioSocketChannel.doFinishConnect(NioSocketChannel.java:330)
	at io.netty.channel.nio.AbstractNioChannel$AbstractNioUnsafe.finishConnect(AbstractNioChannel.java:334)
	at io.netty.channel.nio.NioEventLoop.processSelectedKey(NioEventLoop.java:707)
	at io.netty.channel.nio.NioEventLoop.processSelectedKeysOptimized(NioEventLoop.java:655)
	at io.netty.channel.nio.NioEventLoop.processSelectedKeys(NioEventLoop.java:581)
	at io.netty.channel.nio.NioEventLoop.run(NioEventLoop.java:493)
	at io.netty.util.concurrent.SingleThreadEventExecutor$4.run(SingleThreadEventExecutor.java:989)
	at io.netty.util.internal.ThreadExecutorMap$2.run(ThreadExecutorMap.java:74)
	at io.netty.util.concurrent.FastThreadLocalRunnable.run(FastThreadLocalRunnable.java:30)
	at java.base/java.lang.Thread.run(Thread.java:829)
2026-02-23 03:05:47.383 - [WARN ] - esl
org.freeswitch.esl.client.inbound.InboundConnectionException: Could not connect to /61.158.166.45:8021
	at org.freeswitch.esl.client.inbound.Client.connect(Client.java:134)
	at cn.psycall.ccmgt.util.FreeSwitchManage.monitor(FreeSwitchManage.java:86)
	at cn.psycall.ccmgt.util.FreeSwitchManage.run(FreeSwitchManage.java:42)
Caused by: io.netty.channel.AbstractChannel$AnnotatedConnectException: Connection refused: /61.158.166.45:8021
Caused by: java.net.ConnectException: Connection refused
	at java.base/sun.nio.ch.SocketChannelImpl.checkConnect(Native Method)
	at java.base/sun.nio.ch.SocketChannelImpl.finishConnect(SocketChannelImpl.java:777)
	at io.netty.channel.socket.nio.NioSocketChannel.doFinishConnect(NioSocketChannel.java:330)
	at io.netty.channel.nio.AbstractNioChannel$AbstractNioUnsafe.finishConnect(AbstractNioChannel.java:334)
	at io.netty.channel.nio.NioEventLoop.processSelectedKey(NioEventLoop.java:707)
	at io.netty.channel.nio.NioEventLoop.processSelectedKeysOptimized(NioEventLoop.java:655)
	at io.netty.channel.nio.NioEventLoop.processSelectedKeys(NioEventLoop.java:581)
	at io.netty.channel.nio.NioEventLoop.run(NioEventLoop.java:493)
	at io.netty.util.concurrent.SingleThreadEventExecutor$4.run(SingleThreadEventExecutor.java:989)
	at io.netty.util.internal.ThreadExecutorMap$2.run(ThreadExecutorMap.java:74)
	at io.netty.util.concurrent.FastThreadLocalRunnable.run(FastThreadLocalRunnable.java:30)
	at java.base/java.lang.Thread.run(Thread.java:829)
2026-02-23 03:05:48.466 - [WARN ] - esl
org.freeswitch.esl.client.inbound.InboundConnectionException: Could not connect to /61.158.166.44:8021
	at org.freeswitch.esl.client.inbound.Client.connect(Client.java:134)
	at cn.psycall.ccmgt.util.FreeSwitchManage.monitor(FreeSwitchManage.java:86)
	at cn.psycall.ccmgt.util.FreeSwitchManage.run(FreeSwitchManage.java:42)
Caused by: io.netty.channel.AbstractChannel$AnnotatedConnectException: Connection refused: /61.158.166.44:8021
Caused by: java.net.ConnectException: Connection refused
	at java.base/sun.nio.ch.SocketChannelImpl.checkConnect(Native Method)
	at java.base/sun.nio.ch.SocketChannelImpl.finishConnect(SocketChannelImpl.java:777)
	at io.netty.channel.socket.nio.NioSocketChannel.doFinishConnect(NioSocketChannel.java:330)
	at io.netty.channel.nio.AbstractNioChannel$AbstractNioUnsafe.finishConnect(AbstractNioChannel.java:334)
	at io.netty.channel.nio.NioEventLoop.processSelectedKey(NioEventLoop.java:707)
	at io.netty.channel.nio.NioEventLoop.processSelectedKeysOptimized(NioEventLoop.java:655)
	at io.netty.channel.nio.NioEventLoop.processSelectedKeys(NioEventLoop.java:581)
	at io.netty.channel.nio.NioEventLoop.run(NioEventLoop.java:493)
	at io.netty.util.concurrent.SingleThreadEventExecutor$4.run(SingleThreadEventExecutor.java:989)
	at io.netty.util.internal.ThreadExecutorMap$2.run(ThreadExecutorMap.java:74)
	at io.netty.util.concurrent.FastThreadLocalRunnable.run(FastThreadLocalRunnable.java:30)
	at java.base/java.lang.Thread.run(Thread.java:829)
2026-02-23 03:05:48.556 - [WARN ] - esl
org.freeswitch.esl.client.inbound.InboundConnectionException: Could not connect to /61.158.166.45:8021
	at org.freeswitch.esl.client.inbound.Client.connect(Client.java:134)
	at cn.psycall.ccmgt.util.FreeSwitchManage.monitor(FreeSwitchManage.java:86)
	at cn.psycall.ccmgt.util.FreeSwitchManage.run(FreeSwitchManage.java:42)
Caused by: io.netty.channel.AbstractChannel$AnnotatedConnectException: Connection refused: /61.158.166.45:8021
Caused by: java.net.ConnectException: Connection refused
	at java.base/sun.nio.ch.SocketChannelImpl.checkConnect(Native Method)
	at java.base/sun.nio.ch.SocketChannelImpl.finishConnect(SocketChannelImpl.java:777)
	at io.netty.channel.socket.nio.NioSocketChannel.doFinishConnect(NioSocketChannel.java:330)
	at io.netty.channel.nio.AbstractNioChannel$AbstractNioUnsafe.finishConnect(AbstractNioChannel.java:334)
	at io.netty.channel.nio.NioEventLoop.processSelectedKey(NioEventLoop.java:707)
	at io.netty.channel.nio.NioEventLoop.processSelectedKeysOptimized(NioEventLoop.java:655)
	at io.netty.channel.nio.NioEventLoop.processSelectedKeys(NioEventLoop.java:581)
	at io.netty.channel.nio.NioEventLoop.run(NioEventLoop.java:493)
	at io.netty.util.concurrent.SingleThreadEventExecutor$4.run(SingleThreadEventExecutor.java:989)
	at io.netty.util.internal.ThreadExecutorMap$2.run(ThreadExecutorMap.java:74)
	at io.netty.util.concurrent.FastThreadLocalRunnable.run(FastThreadLocalRunnable.java:30)
	at java.base/java.lang.Thread.run(Thread.java:829)
2026-02-23 03:05:49.647 - [WARN ] - esl
org.freeswitch.esl.client.inbound.InboundConnectionException: Could not connect to /61.158.166.44:8021
	at org.freeswitch.esl.client.inbound.Client.connect(Client.java:134)
	at cn.psycall.ccmgt.util.FreeSwitchManage.monitor(FreeSwitchManage.java:86)
	at cn.psycall.ccmgt.util.FreeSwitchManage.run(FreeSwitchManage.java:42)
Caused by: io.netty.channel.AbstractChannel$AnnotatedConnectException: Connection refused: /61.158.166.44:8021
Caused by: java.net.ConnectException: Connection refused
	at java.base/sun.nio.ch.SocketChannelImpl.checkConnect(Native Method)
	at java.base/sun.nio.ch.SocketChannelImpl.finishConnect(SocketChannelImpl.java:777)
	at io.netty.channel.socket.nio.NioSocketChannel.doFinishConnect(NioSocketChannel.java:330)
	at io.netty.channel.nio.AbstractNioChannel$AbstractNioUnsafe.finishConnect(AbstractNioChannel.java:334)
	at io.netty.channel.nio.NioEventLoop.processSelectedKey(NioEventLoop.java:707)
	at io.netty.channel.nio.NioEventLoop.processSelectedKeysOptimized(NioEventLoop.java:655)
	at io.netty.channel.nio.NioEventLoop.processSelectedKeys(NioEventLoop.java:581)
	at io.netty.channel.nio.NioEventLoop.run(NioEventLoop.java:493)
	at io.netty.util.concurrent.SingleThreadEventExecutor$4.run(SingleThreadEventExecutor.java:989)
	at io.netty.util.internal.ThreadExecutorMap$2.run(ThreadExecutorMap.java:74)
	at io.netty.util.concurrent.FastThreadLocalRunnable.run(FastThreadLocalRunnable.java:30)
	at java.base/java.lang.Thread.run(Thread.java:829)
2026-02-23 03:05:49.735 - [WARN ] - esl
org.freeswitch.esl.client.inbound.InboundConnectionException: Could not connect to /61.158.166.45:8021
	at org.freeswitch.esl.client.inbound.Client.connect(Client.java:134)
	at cn.psycall.ccmgt.util.FreeSwitchManage.monitor(FreeSwitchManage.java:86)
	at cn.psycall.ccmgt.util.FreeSwitchManage.run(FreeSwitchManage.java:42)
Caused by: io.netty.channel.AbstractChannel$AnnotatedConnectException: Connection refused: /61.158.166.45:8021
Caused by: java.net.ConnectException: Connection refused
	at java.base/sun.nio.ch.SocketChannelImpl.checkConnect(Native Method)
	at java.base/sun.nio.ch.SocketChannelImpl.finishConnect(SocketChannelImpl.java:777)
	at io.netty.channel.socket.nio.NioSocketChannel.doFinishConnect(NioSocketChannel.java:330)
	at io.netty.channel.nio.AbstractNioChannel$AbstractNioUnsafe.finishConnect(AbstractNioChannel.java:334)
	at io.netty.channel.nio.NioEventLoop.processSelectedKey(NioEventLoop.java:707)
	at io.netty.channel.nio.NioEventLoop.processSelectedKeysOptimized(NioEventLoop.java:655)
	at io.netty.channel.nio.NioEventLoop.processSelectedKeys(NioEventLoop.java:581)
	at io.netty.channel.nio.NioEventLoop.run(NioEventLoop.java:493)
	at io.netty.util.concurrent.SingleThreadEventExecutor$4.run(SingleThreadEventExecutor.java:989)
	at io.netty.util.internal.ThreadExecutorMap$2.run(ThreadExecutorMap.java:74)
	at io.netty.util.concurrent.FastThreadLocalRunnable.run(FastThreadLocalRunnable.java:30)
	at java.base/java.lang.Thread.run(Thread.java:829)
2026-02-23 03:05:50.820 - [WARN ] - esl
org.freeswitch.esl.client.inbound.InboundConnectionException: Could not connect to /61.158.166.44:8021
	at org.freeswitch.esl.client.inbound.Client.connect(Client.java:134)
	at cn.psycall.ccmgt.util.FreeSwitchManage.monitor(FreeSwitchManage.java:86)
	at cn.psycall.ccmgt.util.FreeSwitchManage.run(FreeSwitchManage.java:42)
Caused by: io.netty.channel.AbstractChannel$AnnotatedConnectException: Connection refused: /61.158.166.44:8021
Caused by: java.net.ConnectException: Connection refused
	at java.base/sun.nio.ch.SocketChannelImpl.checkConnect(Native Method)
	at java.base/sun.nio.ch.SocketChannelImpl.finishConnect(SocketChannelImpl.java:777)
	at io.netty.channel.socket.nio.NioSocketChannel.doFinishConnect(NioSocketChannel.java:330)
	at io.netty.channel.nio.AbstractNioChannel$AbstractNioUnsafe.finishConnect(AbstractNioChannel.java:334)
	at io.netty.channel.nio.NioEventLoop.processSelectedKey(NioEventLoop.java:707)
	at io.netty.channel.nio.NioEventLoop.processSelectedKeysOptimized(NioEventLoop.java:655)
	at io.netty.channel.nio.NioEventLoop.processSelectedKeys(NioEventLoop.java:581)
	at io.netty.channel.nio.NioEventLoop.run(NioEventLoop.java:493)
	at io.netty.util.concurrent.SingleThreadEventExecutor$4.run(SingleThreadEventExecutor.java:989)
	at io.netty.util.internal.ThreadExecutorMap$2.run(ThreadExecutorMap.java:74)
	at io.netty.util.concurrent.FastThreadLocalRunnable.run(FastThreadLocalRunnable.java:30)
	at java.base/java.lang.Thread.run(Thread.java:829)
2026-02-23 03:05:50.902 - [WARN ] - esl
org.freeswitch.esl.client.inbound.InboundConnectionException: Could not connect to /61.158.166.45:8021
	at org.freeswitch.esl.client.inbound.Client.connect(Client.java:134)
	at cn.psycall.ccmgt.util.FreeSwitchManage.monitor(FreeSwitchManage.java:86)
	at cn.psycall.ccmgt.util.FreeSwitchManage.run(FreeSwitchManage.java:42)
Caused by: io.netty.channel.AbstractChannel$AnnotatedConnectException: Connection refused: /61.158.166.45:8021
Caused by: java.net.ConnectException: Connection refused
	at java.base/sun.nio.ch.SocketChannelImpl.checkConnect(Native Method)
	at java.base/sun.nio.ch.SocketChannelImpl.finishConnect(SocketChannelImpl.java:777)
	at io.netty.channel.socket.nio.NioSocketChannel.doFinishConnect(NioSocketChannel.java:330)
	at io.netty.channel.nio.AbstractNioChannel$AbstractNioUnsafe.finishConnect(AbstractNioChannel.java:334)
	at io.netty.channel.nio.NioEventLoop.processSelectedKey(NioEventLoop.java:707)
	at io.netty.channel.nio.NioEventLoop.processSelectedKeysOptimized(NioEventLoop.java:655)
	at io.netty.channel.nio.NioEventLoop.processSelectedKeys(NioEventLoop.java:581)
	at io.netty.channel.nio.NioEventLoop.run(NioEventLoop.java:493)
	at io.netty.util.concurrent.SingleThreadEventExecutor$4.run(SingleThreadEventExecutor.java:989)
	at io.netty.util.internal.ThreadExecutorMap$2.run(ThreadExecutorMap.java:74)
	at io.netty.util.concurrent.FastThreadLocalRunnable.run(FastThreadLocalRunnable.java:30)
	at java.base/java.lang.Thread.run(Thread.java:829)
2026-02-23 03:05:51.985 - [WARN ] - esl
org.freeswitch.esl.client.inbound.InboundConnectionException: Could not connect to /61.158.166.44:8021
	at org.freeswitch.esl.client.inbound.Client.connect(Client.java:134)
	at cn.psycall.ccmgt.util.FreeSwitchManage.monitor(FreeSwitchManage.java:86)
	at cn.psycall.ccmgt.util.FreeSwitchManage.run(FreeSwitchManage.java:42)
Caused by: io.netty.channel.AbstractChannel$AnnotatedConnectException: Connection refused: /61.158.166.44:8021
Caused by: java.net.ConnectException: Connection refused
	at java.base/sun.nio.ch.SocketChannelImpl.checkConnect(Native Method)
	at java.base/sun.nio.ch.SocketChannelImpl.finishConnect(SocketChannelImpl.java:777)
	at io.netty.channel.socket.nio.NioSocketChannel.doFinishConnect(NioSocketChannel.java:330)
	at io.netty.channel.nio.AbstractNioChannel$AbstractNioUnsafe.finishConnect(AbstractNioChannel.java:334)
	at io.netty.channel.nio.NioEventLoop.processSelectedKey(NioEventLoop.java:707)
	at io.netty.channel.nio.NioEventLoop.processSelectedKeysOptimized(NioEventLoop.java:655)
	at io.netty.channel.nio.NioEventLoop.processSelectedKeys(NioEventLoop.java:581)
	at io.netty.channel.nio.NioEventLoop.run(NioEventLoop.java:493)
	at io.netty.util.concurrent.SingleThreadEventExecutor$4.run(SingleThreadEventExecutor.java:989)
	at io.netty.util.internal.ThreadExecutorMap$2.run(ThreadExecutorMap.java:74)
	at io.netty.util.concurrent.FastThreadLocalRunnable.run(FastThreadLocalRunnable.java:30)
	at java.base/java.lang.Thread.run(Thread.java:829)
2026-02-23 03:05:52.074 - [WARN ] - esl
org.freeswitch.esl.client.inbound.InboundConnectionException: Could not connect to /61.158.166.45:8021
	at org.freeswitch.esl.client.inbound.Client.connect(Client.java:134)
	at cn.psycall.ccmgt.util.FreeSwitchManage.monitor(FreeSwitchManage.java:86)
	at cn.psycall.ccmgt.util.FreeSwitchManage.run(FreeSwitchManage.java:42)
Caused by: io.netty.channel.AbstractChannel$AnnotatedConnectException: Connection refused: /61.158.166.45:8021
Caused by: java.net.ConnectException: Connection refused
	at java.base/sun.nio.ch.SocketChannelImpl.checkConnect(Native Method)
	at java.base/sun.nio.ch.SocketChannelImpl.finishConnect(SocketChannelImpl.java:777)
	at io.netty.channel.socket.nio.NioSocketChannel.doFinishConnect(NioSocketChannel.java:330)
	at io.netty.channel.nio.AbstractNioChannel$AbstractNioUnsafe.finishConnect(AbstractNioChannel.java:334)
	at io.netty.channel.nio.NioEventLoop.processSelectedKey(NioEventLoop.java:707)
	at io.netty.channel.nio.NioEventLoop.processSelectedKeysOptimized(NioEventLoop.java:655)
	at io.netty.channel.nio.NioEventLoop.processSelectedKeys(NioEventLoop.java:581)
	at io.netty.channel.nio.NioEventLoop.run(NioEventLoop.java:493)
	at io.netty.util.concurrent.SingleThreadEventExecutor$4.run(SingleThreadEventExecutor.java:989)
	at io.netty.util.internal.ThreadExecutorMap$2.run(ThreadExecutorMap.java:74)
	at io.netty.util.concurrent.FastThreadLocalRunnable.run(FastThreadLocalRunnable.java:30)
	at java.base/java.lang.Thread.run(Thread.java:829)
2026-02-23 03:05:53.156 - [WARN ] - esl
org.freeswitch.esl.client.inbound.InboundConnectionException: Could not connect to /61.158.166.44:8021
	at org.freeswitch.esl.client.inbound.Client.connect(Client.java:134)
	at cn.psycall.ccmgt.util.FreeSwitchManage.monitor(FreeSwitchManage.java:86)
	at cn.psycall.ccmgt.util.FreeSwitchManage.run(FreeSwitchManage.java:42)
Caused by: io.netty.channel.AbstractChannel$AnnotatedConnectException: Connection refused: /61.158.166.44:8021
Caused by: java.net.ConnectException: Connection refused
	at java.base/sun.nio.ch.SocketChannelImpl.checkConnect(Native Method)
	at java.base/sun.nio.ch.SocketChannelImpl.finishConnect(SocketChannelImpl.java:777)
	at io.netty.channel.socket.nio.NioSocketChannel.doFinishConnect(NioSocketChannel.java:330)
	at io.netty.channel.nio.AbstractNioChannel$AbstractNioUnsafe.finishConnect(AbstractNioChannel.java:334)
	at io.netty.channel.nio.NioEventLoop.processSelectedKey(NioEventLoop.java:707)
	at io.netty.channel.nio.NioEventLoop.processSelectedKeysOptimized(NioEventLoop.java:655)
	at io.netty.channel.nio.NioEventLoop.processSelectedKeys(NioEventLoop.java:581)
	at io.netty.channel.nio.NioEventLoop.run(NioEventLoop.java:493)
	at io.netty.util.concurrent.SingleThreadEventExecutor$4.run(SingleThreadEventExecutor.java:989)
	at io.netty.util.internal.ThreadExecutorMap$2.run(ThreadExecutorMap.java:74)
	at io.netty.util.concurrent.FastThreadLocalRunnable.run(FastThreadLocalRunnable.java:30)
	at java.base/java.lang.Thread.run(Thread.java:829)
2026-02-23 03:05:53.241 - [WARN ] - esl
org.freeswitch.esl.client.inbound.InboundConnectionException: Could not connect to /61.158.166.45:8021
	at org.freeswitch.esl.client.inbound.Client.connect(Client.java:134)
	at cn.psycall.ccmgt.util.FreeSwitchManage.monitor(FreeSwitchManage.java:86)
	at cn.psycall.ccmgt.util.FreeSwitchManage.run(FreeSwitchManage.java:42)
Caused by: io.netty.channel.AbstractChannel$AnnotatedConnectException: Connection refused: /61.158.166.45:8021
Caused by: java.net.ConnectException: Connection refused
	at java.base/sun.nio.ch.SocketChannelImpl.checkConnect(Native Method)
	at java.base/sun.nio.ch.SocketChannelImpl.finishConnect(SocketChannelImpl.java:777)
	at io.netty.channel.socket.nio.NioSocketChannel.doFinishConnect(NioSocketChannel.java:330)
	at io.netty.channel.nio.AbstractNioChannel$AbstractNioUnsafe.finishConnect(AbstractNioChannel.java:334)
	at io.netty.channel.nio.NioEventLoop.processSelectedKey(NioEventLoop.java:707)
	at io.netty.channel.nio.NioEventLoop.processSelectedKeysOptimized(NioEventLoop.java:655)
	at io.netty.channel.nio.NioEventLoop.processSelectedKeys(NioEventLoop.java:581)
	at io.netty.channel.nio.NioEventLoop.run(NioEventLoop.java:493)
	at io.netty.util.concurrent.SingleThreadEventExecutor$4.run(SingleThreadEventExecutor.java:989)
	at io.netty.util.internal.ThreadExecutorMap$2.run(ThreadExecutorMap.java:74)
	at io.netty.util.concurrent.FastThreadLocalRunnable.run(FastThreadLocalRunnable.java:30)
	at java.base/java.lang.Thread.run(Thread.java:829)
2026-02-23 03:05:54.323 - [WARN ] - esl
org.freeswitch.esl.client.inbound.InboundConnectionException: Could not connect to /61.158.166.44:8021
	at org.freeswitch.esl.client.inbound.Client.connect(Client.java:134)
	at cn.psycall.ccmgt.util.FreeSwitchManage.monitor(FreeSwitchManage.java:86)
	at cn.psycall.ccmgt.util.FreeSwitchManage.run(FreeSwitchManage.java:42)
Caused by: io.netty.channel.AbstractChannel$AnnotatedConnectException: Connection refused: /61.158.166.44:8021
Caused by: java.net.ConnectException: Connection refused
	at java.base/sun.nio.ch.SocketChannelImpl.checkConnect(Native Method)
	at java.base/sun.nio.ch.SocketChannelImpl.finishConnect(SocketChannelImpl.java:777)
	at io.netty.channel.socket.nio.NioSocketChannel.doFinishConnect(NioSocketChannel.java:330)
	at io.netty.channel.nio.AbstractNioChannel$AbstractNioUnsafe.finishConnect(AbstractNioChannel.java:334)
	at io.netty.channel.nio.NioEventLoop.processSelectedKey(NioEventLoop.java:707)
	at io.netty.channel.nio.NioEventLoop.processSelectedKeysOptimized(NioEventLoop.java:655)
	at io.netty.channel.nio.NioEventLoop.processSelectedKeys(NioEventLoop.java:581)
	at io.netty.channel.nio.NioEventLoop.run(NioEventLoop.java:493)
	at io.netty.util.concurrent.SingleThreadEventExecutor$4.run(SingleThreadEventExecutor.java:989)
	at io.netty.util.internal.ThreadExecutorMap$2.run(ThreadExecutorMap.java:74)
	at io.netty.util.concurrent.FastThreadLocalRunnable.run(FastThreadLocalRunnable.java:30)
	at java.base/java.lang.Thread.run(Thread.java:829)
2026-02-23 03:05:54.404 - [WARN ] - esl
org.freeswitch.esl.client.inbound.InboundConnectionException: Could not connect to /61.158.166.45:8021
	at org.freeswitch.esl.client.inbound.Client.connect(Client.java:134)
	at cn.psycall.ccmgt.util.FreeSwitchManage.monitor(FreeSwitchManage.java:86)
	at cn.psycall.ccmgt.util.FreeSwitchManage.run(FreeSwitchManage.java:42)
Caused by: io.netty.channel.AbstractChannel$AnnotatedConnectException: Connection refused: /61.158.166.45:8021
Caused by: java.net.ConnectException: Connection refused
	at java.base/sun.nio.ch.SocketChannelImpl.checkConnect(Native Method)
	at java.base/sun.nio.ch.SocketChannelImpl.finishConnect(SocketChannelImpl.java:777)
	at io.netty.channel.socket.nio.NioSocketChannel.doFinishConnect(NioSocketChannel.java:330)
	at io.netty.channel.nio.AbstractNioChannel$AbstractNioUnsafe.finishConnect(AbstractNioChannel.java:334)
	at io.netty.channel.nio.NioEventLoop.processSelectedKey(NioEventLoop.java:707)
	at io.netty.channel.nio.NioEventLoop.processSelectedKeysOptimized(NioEventLoop.java:655)
	at io.netty.channel.nio.NioEventLoop.processSelectedKeys(NioEventLoop.java:581)
	at io.netty.channel.nio.NioEventLoop.run(NioEventLoop.java:493)
	at io.netty.util.concurrent.SingleThreadEventExecutor$4.run(SingleThreadEventExecutor.java:989)
	at io.netty.util.internal.ThreadExecutorMap$2.run(ThreadExecutorMap.java:74)
	at io.netty.util.concurrent.FastThreadLocalRunnable.run(FastThreadLocalRunnable.java:30)
	at java.base/java.lang.Thread.run(Thread.java:829)
2026-02-23 03:05:55.485 - [WARN ] - esl
org.freeswitch.esl.client.inbound.InboundConnectionException: Could not connect to /61.158.166.44:8021
	at org.freeswitch.esl.client.inbound.Client.connect(Client.java:134)
	at cn.psycall.ccmgt.util.FreeSwitchManage.monitor(FreeSwitchManage.java:86)
	at cn.psycall.ccmgt.util.FreeSwitchManage.run(FreeSwitchManage.java:42)
Caused by: io.netty.channel.AbstractChannel$AnnotatedConnectException: Connection refused: /61.158.166.44:8021
Caused by: java.net.ConnectException: Connection refused
	at java.base/sun.nio.ch.SocketChannelImpl.checkConnect(Native Method)
	at java.base/sun.nio.ch.SocketChannelImpl.finishConnect(SocketChannelImpl.java:777)
	at io.netty.channel.socket.nio.NioSocketChannel.doFinishConnect(NioSocketChannel.java:330)
	at io.netty.channel.nio.AbstractNioChannel$AbstractNioUnsafe.finishConnect(AbstractNioChannel.java:334)
	at io.netty.channel.nio.NioEventLoop.processSelectedKey(NioEventLoop.java:707)
	at io.netty.channel.nio.NioEventLoop.processSelectedKeysOptimized(NioEventLoop.java:655)
	at io.netty.channel.nio.NioEventLoop.processSelectedKeys(NioEventLoop.java:581)
	at io.netty.channel.nio.NioEventLoop.run(NioEventLoop.java:493)
	at io.netty.util.concurrent.SingleThreadEventExecutor$4.run(SingleThreadEventExecutor.java:989)
	at io.netty.util.internal.ThreadExecutorMap$2.run(ThreadExecutorMap.java:74)
	at io.netty.util.concurrent.FastThreadLocalRunnable.run(FastThreadLocalRunnable.java:30)
	at java.base/java.lang.Thread.run(Thread.java:829)
2026-02-23 03:05:55.553 - [WARN ] - esl
org.freeswitch.esl.client.inbound.InboundConnectionException: Could not connect to /61.158.166.45:8021
	at org.freeswitch.esl.client.inbound.Client.connect(Client.java:134)
	at cn.psycall.ccmgt.util.FreeSwitchManage.monitor(FreeSwitchManage.java:86)
	at cn.psycall.ccmgt.util.FreeSwitchManage.run(FreeSwitchManage.java:42)
Caused by: io.netty.channel.AbstractChannel$AnnotatedConnectException: Connection refused: /61.158.166.45:8021
Caused by: java.net.ConnectException: Connection refused
	at java.base/sun.nio.ch.SocketChannelImpl.checkConnect(Native Method)
	at java.base/sun.nio.ch.SocketChannelImpl.finishConnect(SocketChannelImpl.java:777)
	at io.netty.channel.socket.nio.NioSocketChannel.doFinishConnect(NioSocketChannel.java:330)
	at io.netty.channel.nio.AbstractNioChannel$AbstractNioUnsafe.finishConnect(AbstractNioChannel.java:334)
	at io.netty.channel.nio.NioEventLoop.processSelectedKey(NioEventLoop.java:707)
	at io.netty.channel.nio.NioEventLoop.processSelectedKeysOptimized(NioEventLoop.java:655)
	at io.netty.channel.nio.NioEventLoop.processSelectedKeys(NioEventLoop.java:581)
	at io.netty.channel.nio.NioEventLoop.run(NioEventLoop.java:493)
	at io.netty.util.concurrent.SingleThreadEventExecutor$4.run(SingleThreadEventExecutor.java:989)
	at io.netty.util.internal.ThreadExecutorMap$2.run(ThreadExecutorMap.java:74)
	at io.netty.util.concurrent.FastThreadLocalRunnable.run(FastThreadLocalRunnable.java:30)
	at java.base/java.lang.Thread.run(Thread.java:829)
2026-02-23 03:05:56.622 - [WARN ] - esl
org.freeswitch.esl.client.inbound.InboundConnectionException: Could not connect to /61.158.166.44:8021
	at org.freeswitch.esl.client.inbound.Client.connect(Client.java:134)
	at cn.psycall.ccmgt.util.FreeSwitchManage.monitor(FreeSwitchManage.java:86)
	at cn.psycall.ccmgt.util.FreeSwitchManage.run(FreeSwitchManage.java:42)
Caused by: io.netty.channel.AbstractChannel$AnnotatedConnectException: Connection refused: /61.158.166.44:8021
Caused by: java.net.ConnectException: Connection refused
	at java.base/sun.nio.ch.SocketChannelImpl.checkConnect(Native Method)
	at java.base/sun.nio.ch.SocketChannelImpl.finishConnect(SocketChannelImpl.java:777)
	at io.netty.channel.socket.nio.NioSocketChannel.doFinishConnect(NioSocketChannel.java:330)
	at io.netty.channel.nio.AbstractNioChannel$AbstractNioUnsafe.finishConnect(AbstractNioChannel.java:334)
	at io.netty.channel.nio.NioEventLoop.processSelectedKey(NioEventLoop.java:707)
	at io.netty.channel.nio.NioEventLoop.processSelectedKeysOptimized(NioEventLoop.java:655)
	at io.netty.channel.nio.NioEventLoop.processSelectedKeys(NioEventLoop.java:581)
	at io.netty.channel.nio.NioEventLoop.run(NioEventLoop.java:493)
	at io.netty.util.concurrent.SingleThreadEventExecutor$4.run(SingleThreadEventExecutor.java:989)
	at io.netty.util.internal.ThreadExecutorMap$2.run(ThreadExecutorMap.java:74)
	at io.netty.util.concurrent.FastThreadLocalRunnable.run(FastThreadLocalRunnable.java:30)
	at java.base/java.lang.Thread.run(Thread.java:829)
2026-02-23 03:05:56.709 - [WARN ] - esl
org.freeswitch.esl.client.inbound.InboundConnectionException: Could not connect to /61.158.166.45:8021
	at org.freeswitch.esl.client.inbound.Client.connect(Client.java:134)
	at cn.psycall.ccmgt.util.FreeSwitchManage.monitor(FreeSwitchManage.java:86)
	at cn.psycall.ccmgt.util.FreeSwitchManage.run(FreeSwitchManage.java:42)
Caused by: io.netty.channel.AbstractChannel$AnnotatedConnectException: Connection refused: /61.158.166.45:8021
Caused by: java.net.ConnectException: Connection refused
	at java.base/sun.nio.ch.SocketChannelImpl.checkConnect(Native Method)
	at java.base/sun.nio.ch.SocketChannelImpl.finishConnect(SocketChannelImpl.java:777)
	at io.netty.channel.socket.nio.NioSocketChannel.doFinishConnect(NioSocketChannel.java:330)
	at io.netty.channel.nio.AbstractNioChannel$AbstractNioUnsafe.finishConnect(AbstractNioChannel.java:334)
	at io.netty.channel.nio.NioEventLoop.processSelectedKey(NioEventLoop.java:707)
	at io.netty.channel.nio.NioEventLoop.processSelectedKeysOptimized(NioEventLoop.java:655)
	at io.netty.channel.nio.NioEventLoop.processSelectedKeys(NioEventLoop.java:581)
	at io.netty.channel.nio.NioEventLoop.run(NioEventLoop.java:493)
	at io.netty.util.concurrent.SingleThreadEventExecutor$4.run(SingleThreadEventExecutor.java:989)
	at io.netty.util.internal.ThreadExecutorMap$2.run(ThreadExecutorMap.java:74)
	at io.netty.util.concurrent.FastThreadLocalRunnable.run(FastThreadLocalRunnable.java:30)
	at java.base/java.lang.Thread.run(Thread.java:829)
2026-02-23 03:05:57.789 - [WARN ] - esl
org.freeswitch.esl.client.inbound.InboundConnectionException: Could not connect to /61.158.166.44:8021
	at org.freeswitch.esl.client.inbound.Client.connect(Client.java:134)
	at cn.psycall.ccmgt.util.FreeSwitchManage.monitor(FreeSwitchManage.java:86)
	at cn.psycall.ccmgt.util.FreeSwitchManage.run(FreeSwitchManage.java:42)
Caused by: io.netty.channel.AbstractChannel$AnnotatedConnectException: Connection refused: /61.158.166.44:8021
Caused by: java.net.ConnectException: Connection refused
	at java.base/sun.nio.ch.SocketChannelImpl.checkConnect(Native Method)
	at java.base/sun.nio.ch.SocketChannelImpl.finishConnect(SocketChannelImpl.java:777)
	at io.netty.channel.socket.nio.NioSocketChannel.doFinishConnect(NioSocketChannel.java:330)
	at io.netty.channel.nio.AbstractNioChannel$AbstractNioUnsafe.finishConnect(AbstractNioChannel.java:334)
	at io.netty.channel.nio.NioEventLoop.processSelectedKey(NioEventLoop.java:707)
	at io.netty.channel.nio.NioEventLoop.processSelectedKeysOptimized(NioEventLoop.java:655)
	at io.netty.channel.nio.NioEventLoop.processSelectedKeys(NioEventLoop.java:581)
	at io.netty.channel.nio.NioEventLoop.run(NioEventLoop.java:493)
	at io.netty.util.concurrent.SingleThreadEventExecutor$4.run(SingleThreadEventExecutor.java:989)
	at io.netty.util.internal.ThreadExecutorMap$2.run(ThreadExecutorMap.java:74)
	at io.netty.util.concurrent.FastThreadLocalRunnable.run(FastThreadLocalRunnable.java:30)
	at java.base/java.lang.Thread.run(Thread.java:829)
2026-02-23 03:05:57.849 - [WARN ] - esl
org.freeswitch.esl.client.inbound.InboundConnectionException: Could not connect to /61.158.166.45:8021
	at org.freeswitch.esl.client.inbound.Client.connect(Client.java:134)
	at cn.psycall.ccmgt.util.FreeSwitchManage.monitor(FreeSwitchManage.java:86)
	at cn.psycall.ccmgt.util.FreeSwitchManage.run(FreeSwitchManage.java:42)
Caused by: io.netty.channel.AbstractChannel$AnnotatedConnectException: Connection refused: /61.158.166.45:8021
Caused by: java.net.ConnectException: Connection refused
	at java.base/sun.nio.ch.SocketChannelImpl.checkConnect(Native Method)
	at java.base/sun.nio.ch.SocketChannelImpl.finishConnect(SocketChannelImpl.java:777)
	at io.netty.channel.socket.nio.NioSocketChannel.doFinishConnect(NioSocketChannel.java:330)
	at io.netty.channel.nio.AbstractNioChannel$AbstractNioUnsafe.finishConnect(AbstractNioChannel.java:334)
	at io.netty.channel.nio.NioEventLoop.processSelectedKey(NioEventLoop.java:707)
	at io.netty.channel.nio.NioEventLoop.processSelectedKeysOptimized(NioEventLoop.java:655)
	at io.netty.channel.nio.NioEventLoop.processSelectedKeys(NioEventLoop.java:581)
	at io.netty.channel.nio.NioEventLoop.run(NioEventLoop.java:493)
	at io.netty.util.concurrent.SingleThreadEventExecutor$4.run(SingleThreadEventExecutor.java:989)
	at io.netty.util.internal.ThreadExecutorMap$2.run(ThreadExecutorMap.java:74)
	at io.netty.util.concurrent.FastThreadLocalRunnable.run(FastThreadLocalRunnable.java:30)
	at java.base/java.lang.Thread.run(Thread.java:829)
2026-02-23 03:05:58.934 - [WARN ] - esl
org.freeswitch.esl.client.inbound.InboundConnectionException: Could not connect to /61.158.166.44:8021
	at org.freeswitch.esl.client.inbound.Client.connect(Client.java:134)
	at cn.psycall.ccmgt.util.FreeSwitchManage.monitor(FreeSwitchManage.java:86)
	at cn.psycall.ccmgt.util.FreeSwitchManage.run(FreeSwitchManage.java:42)
Caused by: io.netty.channel.AbstractChannel$AnnotatedConnectException: Connection refused: /61.158.166.44:8021
Caused by: java.net.ConnectException: Connection refused
	at java.base/sun.nio.ch.SocketChannelImpl.checkConnect(Native Method)
	at java.base/sun.nio.ch.SocketChannelImpl.finishConnect(SocketChannelImpl.java:777)
	at io.netty.channel.socket.nio.NioSocketChannel.doFinishConnect(NioSocketChannel.java:330)
	at io.netty.channel.nio.AbstractNioChannel$AbstractNioUnsafe.finishConnect(AbstractNioChannel.java:334)
	at io.netty.channel.nio.NioEventLoop.processSelectedKey(NioEventLoop.java:707)
	at io.netty.channel.nio.NioEventLoop.processSelectedKeysOptimized(NioEventLoop.java:655)
	at io.netty.channel.nio.NioEventLoop.processSelectedKeys(NioEventLoop.java:581)
	at io.netty.channel.nio.NioEventLoop.run(NioEventLoop.java:493)
	at io.netty.util.concurrent.SingleThreadEventExecutor$4.run(SingleThreadEventExecutor.java:989)
	at io.netty.util.internal.ThreadExecutorMap$2.run(ThreadExecutorMap.java:74)
	at io.netty.util.concurrent.FastThreadLocalRunnable.run(FastThreadLocalRunnable.java:30)
	at java.base/java.lang.Thread.run(Thread.java:829)
2026-02-23 03:05:59.018 - [WARN ] - esl
org.freeswitch.esl.client.inbound.InboundConnectionException: Could not connect to /61.158.166.45:8021
	at org.freeswitch.esl.client.inbound.Client.connect(Client.java:134)
	at cn.psycall.ccmgt.util.FreeSwitchManage.monitor(FreeSwitchManage.java:86)
	at cn.psycall.ccmgt.util.FreeSwitchManage.run(FreeSwitchManage.java:42)
Caused by: io.netty.channel.AbstractChannel$AnnotatedConnectException: Connection refused: /61.158.166.45:8021
Caused by: java.net.ConnectException: Connection refused
	at java.base/sun.nio.ch.SocketChannelImpl.checkConnect(Native Method)
	at java.base/sun.nio.ch.SocketChannelImpl.finishConnect(SocketChannelImpl.java:777)
	at io.netty.channel.socket.nio.NioSocketChannel.doFinishConnect(NioSocketChannel.java:330)
	at io.netty.channel.nio.AbstractNioChannel$AbstractNioUnsafe.finishConnect(AbstractNioChannel.java:334)
	at io.netty.channel.nio.NioEventLoop.processSelectedKey(NioEventLoop.java:707)
	at io.netty.channel.nio.NioEventLoop.processSelectedKeysOptimized(NioEventLoop.java:655)
	at io.netty.channel.nio.NioEventLoop.processSelectedKeys(NioEventLoop.java:581)
	at io.netty.channel.nio.NioEventLoop.run(NioEventLoop.java:493)
	at io.netty.util.concurrent.SingleThreadEventExecutor$4.run(SingleThreadEventExecutor.java:989)
	at io.netty.util.internal.ThreadExecutorMap$2.run(ThreadExecutorMap.java:74)
	at io.netty.util.concurrent.FastThreadLocalRunnable.run(FastThreadLocalRunnable.java:30)
	at java.base/java.lang.Thread.run(Thread.java:829)
2026-02-23 03:06:00.100 - [WARN ] - esl
org.freeswitch.esl.client.inbound.InboundConnectionException: Could not connect to /61.158.166.44:8021
	at org.freeswitch.esl.client.inbound.Client.connect(Client.java:134)
	at cn.psycall.ccmgt.util.FreeSwitchManage.monitor(FreeSwitchManage.java:86)
	at cn.psycall.ccmgt.util.FreeSwitchManage.run(FreeSwitchManage.java:42)
Caused by: io.netty.channel.AbstractChannel$AnnotatedConnectException: Connection refused: /61.158.166.44:8021
Caused by: java.net.ConnectException: Connection refused
	at java.base/sun.nio.ch.SocketChannelImpl.checkConnect(Native Method)
	at java.base/sun.nio.ch.SocketChannelImpl.finishConnect(SocketChannelImpl.java:777)
	at io.netty.channel.socket.nio.NioSocketChannel.doFinishConnect(NioSocketChannel.java:330)
	at io.netty.channel.nio.AbstractNioChannel$AbstractNioUnsafe.finishConnect(AbstractNioChannel.java:334)
	at io.netty.channel.nio.NioEventLoop.processSelectedKey(NioEventLoop.java:707)
	at io.netty.channel.nio.NioEventLoop.processSelectedKeysOptimized(NioEventLoop.java:655)
	at io.netty.channel.nio.NioEventLoop.processSelectedKeys(NioEventLoop.java:581)
	at io.netty.channel.nio.NioEventLoop.run(NioEventLoop.java:493)
	at io.netty.util.concurrent.SingleThreadEventExecutor$4.run(SingleThreadEventExecutor.java:989)
	at io.netty.util.internal.ThreadExecutorMap$2.run(ThreadExecutorMap.java:74)
	at io.netty.util.concurrent.FastThreadLocalRunnable.run(FastThreadLocalRunnable.java:30)
	at java.base/java.lang.Thread.run(Thread.java:829)
2026-02-23 03:06:00.174 - [WARN ] - esl
org.freeswitch.esl.client.inbound.InboundConnectionException: Could not connect to /61.158.166.45:8021
	at org.freeswitch.esl.client.inbound.Client.connect(Client.java:134)
	at cn.psycall.ccmgt.util.FreeSwitchManage.monitor(FreeSwitchManage.java:86)
	at cn.psycall.ccmgt.util.FreeSwitchManage.run(FreeSwitchManage.java:42)
Caused by: io.netty.channel.AbstractChannel$AnnotatedConnectException: Connection refused: /61.158.166.45:8021
Caused by: java.net.ConnectException: Connection refused
	at java.base/sun.nio.ch.SocketChannelImpl.checkConnect(Native Method)
	at java.base/sun.nio.ch.SocketChannelImpl.finishConnect(SocketChannelImpl.java:777)
	at io.netty.channel.socket.nio.NioSocketChannel.doFinishConnect(NioSocketChannel.java:330)
	at io.netty.channel.nio.AbstractNioChannel$AbstractNioUnsafe.finishConnect(AbstractNioChannel.java:334)
	at io.netty.channel.nio.NioEventLoop.processSelectedKey(NioEventLoop.java:707)
	at io.netty.channel.nio.NioEventLoop.processSelectedKeysOptimized(NioEventLoop.java:655)
	at io.netty.channel.nio.NioEventLoop.processSelectedKeys(NioEventLoop.java:581)
	at io.netty.channel.nio.NioEventLoop.run(NioEventLoop.java:493)
	at io.netty.util.concurrent.SingleThreadEventExecutor$4.run(SingleThreadEventExecutor.java:989)
	at io.netty.util.internal.ThreadExecutorMap$2.run(ThreadExecutorMap.java:74)
	at io.netty.util.concurrent.FastThreadLocalRunnable.run(FastThreadLocalRunnable.java:30)
	at java.base/java.lang.Thread.run(Thread.java:829)
2026-02-23 03:06:01.253 - [WARN ] - esl
org.freeswitch.esl.client.inbound.InboundConnectionException: Could not connect to /61.158.166.44:8021
	at org.freeswitch.esl.client.inbound.Client.connect(Client.java:134)
	at cn.psycall.ccmgt.util.FreeSwitchManage.monitor(FreeSwitchManage.java:86)
	at cn.psycall.ccmgt.util.FreeSwitchManage.run(FreeSwitchManage.java:42)
Caused by: io.netty.channel.AbstractChannel$AnnotatedConnectException: Connection refused: /61.158.166.44:8021
Caused by: java.net.ConnectException: Connection refused
	at java.base/sun.nio.ch.SocketChannelImpl.checkConnect(Native Method)
	at java.base/sun.nio.ch.SocketChannelImpl.finishConnect(SocketChannelImpl.java:777)
	at io.netty.channel.socket.nio.NioSocketChannel.doFinishConnect(NioSocketChannel.java:330)
	at io.netty.channel.nio.AbstractNioChannel$AbstractNioUnsafe.finishConnect(AbstractNioChannel.java:334)
	at io.netty.channel.nio.NioEventLoop.processSelectedKey(NioEventLoop.java:707)
	at io.netty.channel.nio.NioEventLoop.processSelectedKeysOptimized(NioEventLoop.java:655)
	at io.netty.channel.nio.NioEventLoop.processSelectedKeys(NioEventLoop.java:581)
	at io.netty.channel.nio.NioEventLoop.run(NioEventLoop.java:493)
	at io.netty.util.concurrent.SingleThreadEventExecutor$4.run(SingleThreadEventExecutor.java:989)
	at io.netty.util.internal.ThreadExecutorMap$2.run(ThreadExecutorMap.java:74)
	at io.netty.util.concurrent.FastThreadLocalRunnable.run(FastThreadLocalRunnable.java:30)
	at java.base/java.lang.Thread.run(Thread.java:829)
2026-02-23 03:06:01.332 - [WARN ] - esl
org.freeswitch.esl.client.inbound.InboundConnectionException: Could not connect to /61.158.166.45:8021
	at org.freeswitch.esl.client.inbound.Client.connect(Client.java:134)
	at cn.psycall.ccmgt.util.FreeSwitchManage.monitor(FreeSwitchManage.java:86)
	at cn.psycall.ccmgt.util.FreeSwitchManage.run(FreeSwitchManage.java:42)
Caused by: io.netty.channel.AbstractChannel$AnnotatedConnectException: Connection refused: /61.158.166.45:8021
Caused by: java.net.ConnectException: Connection refused
	at java.base/sun.nio.ch.SocketChannelImpl.checkConnect(Native Method)
	at java.base/sun.nio.ch.SocketChannelImpl.finishConnect(SocketChannelImpl.java:777)
	at io.netty.channel.socket.nio.NioSocketChannel.doFinishConnect(NioSocketChannel.java:330)
	at io.netty.channel.nio.AbstractNioChannel$AbstractNioUnsafe.finishConnect(AbstractNioChannel.java:334)
	at io.netty.channel.nio.NioEventLoop.processSelectedKey(NioEventLoop.java:707)
	at io.netty.channel.nio.NioEventLoop.processSelectedKeysOptimized(NioEventLoop.java:655)
	at io.netty.channel.nio.NioEventLoop.processSelectedKeys(NioEventLoop.java:581)
	at io.netty.channel.nio.NioEventLoop.run(NioEventLoop.java:493)
	at io.netty.util.concurrent.SingleThreadEventExecutor$4.run(SingleThreadEventExecutor.java:989)
	at io.netty.util.internal.ThreadExecutorMap$2.run(ThreadExecutorMap.java:74)
	at io.netty.util.concurrent.FastThreadLocalRunnable.run(FastThreadLocalRunnable.java:30)
	at java.base/java.lang.Thread.run(Thread.java:829)
2026-02-23 03:06:02.407 - [WARN ] - esl
org.freeswitch.esl.client.inbound.InboundConnectionException: Could not connect to /61.158.166.44:8021
	at org.freeswitch.esl.client.inbound.Client.connect(Client.java:134)
	at cn.psycall.ccmgt.util.FreeSwitchManage.monitor(FreeSwitchManage.java:86)
	at cn.psycall.ccmgt.util.FreeSwitchManage.run(FreeSwitchManage.java:42)
Caused by: io.netty.channel.AbstractChannel$AnnotatedConnectException: Connection refused: /61.158.166.44:8021
Caused by: java.net.ConnectException: Connection refused
	at java.base/sun.nio.ch.SocketChannelImpl.checkConnect(Native Method)
	at java.base/sun.nio.ch.SocketChannelImpl.finishConnect(SocketChannelImpl.java:777)
	at io.netty.channel.socket.nio.NioSocketChannel.doFinishConnect(NioSocketChannel.java:330)
	at io.netty.channel.nio.AbstractNioChannel$AbstractNioUnsafe.finishConnect(AbstractNioChannel.java:334)
	at io.netty.channel.nio.NioEventLoop.processSelectedKey(NioEventLoop.java:707)
	at io.netty.channel.nio.NioEventLoop.processSelectedKeysOptimized(NioEventLoop.java:655)
	at io.netty.channel.nio.NioEventLoop.processSelectedKeys(NioEventLoop.java:581)
	at io.netty.channel.nio.NioEventLoop.run(NioEventLoop.java:493)
	at io.netty.util.concurrent.SingleThreadEventExecutor$4.run(SingleThreadEventExecutor.java:989)
	at io.netty.util.internal.ThreadExecutorMap$2.run(ThreadExecutorMap.java:74)
	at io.netty.util.concurrent.FastThreadLocalRunnable.run(FastThreadLocalRunnable.java:30)
	at java.base/java.lang.Thread.run(Thread.java:829)
2026-02-23 03:06:02.483 - [WARN ] - esl
org.freeswitch.esl.client.inbound.InboundConnectionException: Could not connect to /61.158.166.45:8021
	at org.freeswitch.esl.client.inbound.Client.connect(Client.java:134)
	at cn.psycall.ccmgt.util.FreeSwitchManage.monitor(FreeSwitchManage.java:86)
	at cn.psycall.ccmgt.util.FreeSwitchManage.run(FreeSwitchManage.java:42)
Caused by: io.netty.channel.AbstractChannel$AnnotatedConnectException: Connection refused: /61.158.166.45:8021
Caused by: java.net.ConnectException: Connection refused
	at java.base/sun.nio.ch.SocketChannelImpl.checkConnect(Native Method)
	at java.base/sun.nio.ch.SocketChannelImpl.finishConnect(SocketChannelImpl.java:777)
	at io.netty.channel.socket.nio.NioSocketChannel.doFinishConnect(NioSocketChannel.java:330)
	at io.netty.channel.nio.AbstractNioChannel$AbstractNioUnsafe.finishConnect(AbstractNioChannel.java:334)
	at io.netty.channel.nio.NioEventLoop.processSelectedKey(NioEventLoop.java:707)
	at io.netty.channel.nio.NioEventLoop.processSelectedKeysOptimized(NioEventLoop.java:655)
	at io.netty.channel.nio.NioEventLoop.processSelectedKeys(NioEventLoop.java:581)
	at io.netty.channel.nio.NioEventLoop.run(NioEventLoop.java:493)
	at io.netty.util.concurrent.SingleThreadEventExecutor$4.run(SingleThreadEventExecutor.java:989)
	at io.netty.util.internal.ThreadExecutorMap$2.run(ThreadExecutorMap.java:74)
	at io.netty.util.concurrent.FastThreadLocalRunnable.run(FastThreadLocalRunnable.java:30)
	at java.base/java.lang.Thread.run(Thread.java:829)
2026-02-23 03:06:03.563 - [WARN ] - esl
org.freeswitch.esl.client.inbound.InboundConnectionException: Could not connect to /61.158.166.44:8021
	at org.freeswitch.esl.client.inbound.Client.connect(Client.java:134)
	at cn.psycall.ccmgt.util.FreeSwitchManage.monitor(FreeSwitchManage.java:86)
	at cn.psycall.ccmgt.util.FreeSwitchManage.run(FreeSwitchManage.java:42)
Caused by: io.netty.channel.AbstractChannel$AnnotatedConnectException: Connection refused: /61.158.166.44:8021
Caused by: java.net.ConnectException: Connection refused
	at java.base/sun.nio.ch.SocketChannelImpl.checkConnect(Native Method)
	at java.base/sun.nio.ch.SocketChannelImpl.finishConnect(SocketChannelImpl.java:777)
	at io.netty.channel.socket.nio.NioSocketChannel.doFinishConnect(NioSocketChannel.java:330)
	at io.netty.channel.nio.AbstractNioChannel$AbstractNioUnsafe.finishConnect(AbstractNioChannel.java:334)
	at io.netty.channel.nio.NioEventLoop.processSelectedKey(NioEventLoop.java:707)
	at io.netty.channel.nio.NioEventLoop.processSelectedKeysOptimized(NioEventLoop.java:655)
	at io.netty.channel.nio.NioEventLoop.processSelectedKeys(NioEventLoop.java:581)
	at io.netty.channel.nio.NioEventLoop.run(NioEventLoop.java:493)
	at io.netty.util.concurrent.SingleThreadEventExecutor$4.run(SingleThreadEventExecutor.java:989)
	at io.netty.util.internal.ThreadExecutorMap$2.run(ThreadExecutorMap.java:74)
	at io.netty.util.concurrent.FastThreadLocalRunnable.run(FastThreadLocalRunnable.java:30)
	at java.base/java.lang.Thread.run(Thread.java:829)
2026-02-23 03:06:03.642 - [WARN ] - esl
org.freeswitch.esl.client.inbound.InboundConnectionException: Could not connect to /61.158.166.45:8021
	at org.freeswitch.esl.client.inbound.Client.connect(Client.java:134)
	at cn.psycall.ccmgt.util.FreeSwitchManage.monitor(FreeSwitchManage.java:86)
	at cn.psycall.ccmgt.util.FreeSwitchManage.run(FreeSwitchManage.java:42)
Caused by: io.netty.channel.AbstractChannel$AnnotatedConnectException: Connection refused: /61.158.166.45:8021
Caused by: java.net.ConnectException: Connection refused
	at java.base/sun.nio.ch.SocketChannelImpl.checkConnect(Native Method)
	at java.base/sun.nio.ch.SocketChannelImpl.finishConnect(SocketChannelImpl.java:777)
	at io.netty.channel.socket.nio.NioSocketChannel.doFinishConnect(NioSocketChannel.java:330)
	at io.netty.channel.nio.AbstractNioChannel$AbstractNioUnsafe.finishConnect(AbstractNioChannel.java:334)
	at io.netty.channel.nio.NioEventLoop.processSelectedKey(NioEventLoop.java:707)
	at io.netty.channel.nio.NioEventLoop.processSelectedKeysOptimized(NioEventLoop.java:655)
	at io.netty.channel.nio.NioEventLoop.processSelectedKeys(NioEventLoop.java:581)
	at io.netty.channel.nio.NioEventLoop.run(NioEventLoop.java:493)
	at io.netty.util.concurrent.SingleThreadEventExecutor$4.run(SingleThreadEventExecutor.java:989)
	at io.netty.util.internal.ThreadExecutorMap$2.run(ThreadExecutorMap.java:74)
	at io.netty.util.concurrent.FastThreadLocalRunnable.run(FastThreadLocalRunnable.java:30)
	at java.base/java.lang.Thread.run(Thread.java:829)
2026-02-23 03:06:04.719 - [WARN ] - esl
org.freeswitch.esl.client.inbound.InboundConnectionException: Could not connect to /61.158.166.44:8021
	at org.freeswitch.esl.client.inbound.Client.connect(Client.java:134)
	at cn.psycall.ccmgt.util.FreeSwitchManage.monitor(FreeSwitchManage.java:86)
	at cn.psycall.ccmgt.util.FreeSwitchManage.run(FreeSwitchManage.java:42)
Caused by: io.netty.channel.AbstractChannel$AnnotatedConnectException: Connection refused: /61.158.166.44:8021
Caused by: java.net.ConnectException: Connection refused
	at java.base/sun.nio.ch.SocketChannelImpl.checkConnect(Native Method)
	at java.base/sun.nio.ch.SocketChannelImpl.finishConnect(SocketChannelImpl.java:777)
	at io.netty.channel.socket.nio.NioSocketChannel.doFinishConnect(NioSocketChannel.java:330)
	at io.netty.channel.nio.AbstractNioChannel$AbstractNioUnsafe.finishConnect(AbstractNioChannel.java:334)
	at io.netty.channel.nio.NioEventLoop.processSelectedKey(NioEventLoop.java:707)
	at io.netty.channel.nio.NioEventLoop.processSelectedKeysOptimized(NioEventLoop.java:655)
	at io.netty.channel.nio.NioEventLoop.processSelectedKeys(NioEventLoop.java:581)
	at io.netty.channel.nio.NioEventLoop.run(NioEventLoop.java:493)
	at io.netty.util.concurrent.SingleThreadEventExecutor$4.run(SingleThreadEventExecutor.java:989)
	at io.netty.util.internal.ThreadExecutorMap$2.run(ThreadExecutorMap.java:74)
	at io.netty.util.concurrent.FastThreadLocalRunnable.run(FastThreadLocalRunnable.java:30)
	at java.base/java.lang.Thread.run(Thread.java:829)
2026-02-23 03:06:04.796 - [WARN ] - esl
org.freeswitch.esl.client.inbound.InboundConnectionException: Could not connect to /61.158.166.45:8021
	at org.freeswitch.esl.client.inbound.Client.connect(Client.java:134)
	at cn.psycall.ccmgt.util.FreeSwitchManage.monitor(FreeSwitchManage.java:86)
	at cn.psycall.ccmgt.util.FreeSwitchManage.run(FreeSwitchManage.java:42)
Caused by: io.netty.channel.AbstractChannel$AnnotatedConnectException: Connection refused: /61.158.166.45:8021
Caused by: java.net.ConnectException: Connection refused
	at java.base/sun.nio.ch.SocketChannelImpl.checkConnect(Native Method)
	at java.base/sun.nio.ch.SocketChannelImpl.finishConnect(SocketChannelImpl.java:777)
	at io.netty.channel.socket.nio.NioSocketChannel.doFinishConnect(NioSocketChannel.java:330)
	at io.netty.channel.nio.AbstractNioChannel$AbstractNioUnsafe.finishConnect(AbstractNioChannel.java:334)
	at io.netty.channel.nio.NioEventLoop.processSelectedKey(NioEventLoop.java:707)
	at io.netty.channel.nio.NioEventLoop.processSelectedKeysOptimized(NioEventLoop.java:655)
	at io.netty.channel.nio.NioEventLoop.processSelectedKeys(NioEventLoop.java:581)
	at io.netty.channel.nio.NioEventLoop.run(NioEventLoop.java:493)
	at io.netty.util.concurrent.SingleThreadEventExecutor$4.run(SingleThreadEventExecutor.java:989)
	at io.netty.util.internal.ThreadExecutorMap$2.run(ThreadExecutorMap.java:74)
	at io.netty.util.concurrent.FastThreadLocalRunnable.run(FastThreadLocalRunnable.java:30)
	at java.base/java.lang.Thread.run(Thread.java:829)
2026-02-23 03:06:06.066 - [WARN ] - esl
org.freeswitch.esl.client.inbound.InboundConnectionException: Could not connect to /61.158.166.44:8021
	at org.freeswitch.esl.client.inbound.Client.connect(Client.java:134)
	at cn.psycall.ccmgt.util.FreeSwitchManage.monitor(FreeSwitchManage.java:86)
	at cn.psycall.ccmgt.util.FreeSwitchManage.run(FreeSwitchManage.java:42)
Caused by: io.netty.channel.AbstractChannel$AnnotatedConnectException: Connection refused: /61.158.166.44:8021
Caused by: java.net.ConnectException: Connection refused
	at java.base/sun.nio.ch.SocketChannelImpl.checkConnect(Native Method)
	at java.base/sun.nio.ch.SocketChannelImpl.finishConnect(SocketChannelImpl.java:777)
	at io.netty.channel.socket.nio.NioSocketChannel.doFinishConnect(NioSocketChannel.java:330)
	at io.netty.channel.nio.AbstractNioChannel$AbstractNioUnsafe.finishConnect(AbstractNioChannel.java:334)
	at io.netty.channel.nio.NioEventLoop.processSelectedKey(NioEventLoop.java:707)
	at io.netty.channel.nio.NioEventLoop.processSelectedKeysOptimized(NioEventLoop.java:655)
	at io.netty.channel.nio.NioEventLoop.processSelectedKeys(NioEventLoop.java:581)
	at io.netty.channel.nio.NioEventLoop.run(NioEventLoop.java:493)
	at io.netty.util.concurrent.SingleThreadEventExecutor$4.run(SingleThreadEventExecutor.java:989)
	at io.netty.util.internal.ThreadExecutorMap$2.run(ThreadExecutorMap.java:74)
	at io.netty.util.concurrent.FastThreadLocalRunnable.run(FastThreadLocalRunnable.java:30)
	at java.base/java.lang.Thread.run(Thread.java:829)
2026-02-23 03:06:06.154 - [WARN ] - esl
org.freeswitch.esl.client.inbound.InboundConnectionException: Could not connect to /61.158.166.45:8021
	at org.freeswitch.esl.client.inbound.Client.connect(Client.java:134)
	at cn.psycall.ccmgt.util.FreeSwitchManage.monitor(FreeSwitchManage.java:86)
	at cn.psycall.ccmgt.util.FreeSwitchManage.run(FreeSwitchManage.java:42)
Caused by: io.netty.channel.AbstractChannel$AnnotatedConnectException: Connection refused: /61.158.166.45:8021
Caused by: java.net.ConnectException: Connection refused
	at java.base/sun.nio.ch.SocketChannelImpl.checkConnect(Native Method)
	at java.base/sun.nio.ch.SocketChannelImpl.finishConnect(SocketChannelImpl.java:777)
	at io.netty.channel.socket.nio.NioSocketChannel.doFinishConnect(NioSocketChannel.java:330)
	at io.netty.channel.nio.AbstractNioChannel$AbstractNioUnsafe.finishConnect(AbstractNioChannel.java:334)
	at io.netty.channel.nio.NioEventLoop.processSelectedKey(NioEventLoop.java:707)
	at io.netty.channel.nio.NioEventLoop.processSelectedKeysOptimized(NioEventLoop.java:655)
	at io.netty.channel.nio.NioEventLoop.processSelectedKeys(NioEventLoop.java:581)
	at io.netty.channel.nio.NioEventLoop.run(NioEventLoop.java:493)
	at io.netty.util.concurrent.SingleThreadEventExecutor$4.run(SingleThreadEventExecutor.java:989)
	at io.netty.util.internal.ThreadExecutorMap$2.run(ThreadExecutorMap.java:74)
	at io.netty.util.concurrent.FastThreadLocalRunnable.run(FastThreadLocalRunnable.java:30)
	at java.base/java.lang.Thread.run(Thread.java:829)
2026-02-23 03:06:07.237 - [WARN ] - esl
org.freeswitch.esl.client.inbound.InboundConnectionException: Could not connect to /61.158.166.44:8021
	at org.freeswitch.esl.client.inbound.Client.connect(Client.java:134)
	at cn.psycall.ccmgt.util.FreeSwitchManage.monitor(FreeSwitchManage.java:86)
	at cn.psycall.ccmgt.util.FreeSwitchManage.run(FreeSwitchManage.java:42)
Caused by: io.netty.channel.AbstractChannel$AnnotatedConnectException: Connection refused: /61.158.166.44:8021
Caused by: java.net.ConnectException: Connection refused
	at java.base/sun.nio.ch.SocketChannelImpl.checkConnect(Native Method)
	at java.base/sun.nio.ch.SocketChannelImpl.finishConnect(SocketChannelImpl.java:777)
	at io.netty.channel.socket.nio.NioSocketChannel.doFinishConnect(NioSocketChannel.java:330)
	at io.netty.channel.nio.AbstractNioChannel$AbstractNioUnsafe.finishConnect(AbstractNioChannel.java:334)
	at io.netty.channel.nio.NioEventLoop.processSelectedKey(NioEventLoop.java:707)
	at io.netty.channel.nio.NioEventLoop.processSelectedKeysOptimized(NioEventLoop.java:655)
	at io.netty.channel.nio.NioEventLoop.processSelectedKeys(NioEventLoop.java:581)
	at io.netty.channel.nio.NioEventLoop.run(NioEventLoop.java:493)
	at io.netty.util.concurrent.SingleThreadEventExecutor$4.run(SingleThreadEventExecutor.java:989)
	at io.netty.util.internal.ThreadExecutorMap$2.run(ThreadExecutorMap.java:74)
	at io.netty.util.concurrent.FastThreadLocalRunnable.run(FastThreadLocalRunnable.java:30)
	at java.base/java.lang.Thread.run(Thread.java:829)
2026-02-23 03:06:13.167 - [WARN ] - esl
org.freeswitch.esl.client.inbound.InboundConnectionException: Could not connect to /61.158.166.45:8021
	at org.freeswitch.esl.client.inbound.Client.connect(Client.java:134)
	at cn.psycall.ccmgt.util.FreeSwitchManage.monitor(FreeSwitchManage.java:86)
	at cn.psycall.ccmgt.util.FreeSwitchManage.run(FreeSwitchManage.java:42)
Caused by: io.netty.channel.AbstractChannel$AnnotatedConnectException: Connection refused: /61.158.166.45:8021
Caused by: java.net.ConnectException: Connection refused
	at java.base/sun.nio.ch.SocketChannelImpl.checkConnect(Native Method)
	at java.base/sun.nio.ch.SocketChannelImpl.finishConnect(SocketChannelImpl.java:777)
	at io.netty.channel.socket.nio.NioSocketChannel.doFinishConnect(NioSocketChannel.java:330)
	at io.netty.channel.nio.AbstractNioChannel$AbstractNioUnsafe.finishConnect(AbstractNioChannel.java:334)
	at io.netty.channel.nio.NioEventLoop.processSelectedKey(NioEventLoop.java:707)
	at io.netty.channel.nio.NioEventLoop.processSelectedKeysOptimized(NioEventLoop.java:655)
	at io.netty.channel.nio.NioEventLoop.processSelectedKeys(NioEventLoop.java:581)
	at io.netty.channel.nio.NioEventLoop.run(NioEventLoop.java:493)
	at io.netty.util.concurrent.SingleThreadEventExecutor$4.run(SingleThreadEventExecutor.java:989)
	at io.netty.util.internal.ThreadExecutorMap$2.run(ThreadExecutorMap.java:74)
	at io.netty.util.concurrent.FastThreadLocalRunnable.run(FastThreadLocalRunnable.java:30)
	at java.base/java.lang.Thread.run(Thread.java:829)
2026-02-23 03:06:14.248 - [WARN ] - esl
org.freeswitch.esl.client.inbound.InboundConnectionException: Could not connect to /61.158.166.44:8021
	at org.freeswitch.esl.client.inbound.Client.connect(Client.java:134)
	at cn.psycall.ccmgt.util.FreeSwitchManage.monitor(FreeSwitchManage.java:86)
	at cn.psycall.ccmgt.util.FreeSwitchManage.run(FreeSwitchManage.java:42)
Caused by: io.netty.channel.AbstractChannel$AnnotatedConnectException: Connection refused: /61.158.166.44:8021
Caused by: java.net.ConnectException: Connection refused
	at java.base/sun.nio.ch.SocketChannelImpl.checkConnect(Native Method)
	at java.base/sun.nio.ch.SocketChannelImpl.finishConnect(SocketChannelImpl.java:777)
	at io.netty.channel.socket.nio.NioSocketChannel.doFinishConnect(NioSocketChannel.java:330)
	at io.netty.channel.nio.AbstractNioChannel$AbstractNioUnsafe.finishConnect(AbstractNioChannel.java:334)
	at io.netty.channel.nio.NioEventLoop.processSelectedKey(NioEventLoop.java:707)
	at io.netty.channel.nio.NioEventLoop.processSelectedKeysOptimized(NioEventLoop.java:655)
	at io.netty.channel.nio.NioEventLoop.processSelectedKeys(NioEventLoop.java:581)
	at io.netty.channel.nio.NioEventLoop.run(NioEventLoop.java:493)
	at io.netty.util.concurrent.SingleThreadEventExecutor$4.run(SingleThreadEventExecutor.java:989)
	at io.netty.util.internal.ThreadExecutorMap$2.run(ThreadExecutorMap.java:74)
	at io.netty.util.concurrent.FastThreadLocalRunnable.run(FastThreadLocalRunnable.java:30)
	at java.base/java.lang.Thread.run(Thread.java:829)
2026-02-23 03:06:14.329 - [WARN ] - esl
org.freeswitch.esl.client.inbound.InboundConnectionException: Could not connect to /61.158.166.45:8021
	at org.freeswitch.esl.client.inbound.Client.connect(Client.java:134)
	at cn.psycall.ccmgt.util.FreeSwitchManage.monitor(FreeSwitchManage.java:86)
	at cn.psycall.ccmgt.util.FreeSwitchManage.run(FreeSwitchManage.java:42)
Caused by: io.netty.channel.AbstractChannel$AnnotatedConnectException: Connection refused: /61.158.166.45:8021
Caused by: java.net.ConnectException: Connection refused
	at java.base/sun.nio.ch.SocketChannelImpl.checkConnect(Native Method)
	at java.base/sun.nio.ch.SocketChannelImpl.finishConnect(SocketChannelImpl.java:777)
	at io.netty.channel.socket.nio.NioSocketChannel.doFinishConnect(NioSocketChannel.java:330)
	at io.netty.channel.nio.AbstractNioChannel$AbstractNioUnsafe.finishConnect(AbstractNioChannel.java:334)
	at io.netty.channel.nio.NioEventLoop.processSelectedKey(NioEventLoop.java:707)
	at io.netty.channel.nio.NioEventLoop.processSelectedKeysOptimized(NioEventLoop.java:655)
	at io.netty.channel.nio.NioEventLoop.processSelectedKeys(NioEventLoop.java:581)
	at io.netty.channel.nio.NioEventLoop.run(NioEventLoop.java:493)
	at io.netty.util.concurrent.SingleThreadEventExecutor$4.run(SingleThreadEventExecutor.java:989)
	at io.netty.util.internal.ThreadExecutorMap$2.run(ThreadExecutorMap.java:74)
	at io.netty.util.concurrent.FastThreadLocalRunnable.run(FastThreadLocalRunnable.java:30)
	at java.base/java.lang.Thread.run(Thread.java:829)
2026-02-23 03:06:15.614 - [WARN ] - conn_rabbit_mq
org.springframework.web.client.ResourceAccessException: I/O error on POST request for "http://61.158.166.44:8888/command/conn_rabbit_mq": Connect to 61.158.166.44:8888 [/61.158.166.44] failed: Connection refused (Connection refused); nested exception is org.apache.http.conn.HttpHostConnectException: Connect to 61.158.166.44:8888 [/61.158.166.44] failed: Connection refused (Connection refused)
	at org.springframework.web.client.RestTemplate.doExecute(RestTemplate.java:791)
	at org.springframework.web.client.RestTemplate.execute(RestTemplate.java:717)
	at org.springframework.web.client.RestTemplate.exchange(RestTemplate.java:608)
	at cn.psycall.ccmgt.util.FreeSwitchManage.conn_rabbit_mq(FreeSwitchManage.java:272)
	at cn.psycall.ccmgt.util.FreeSwitchManage.monitor(FreeSwitchManage.java:89)
	at cn.psycall.ccmgt.util.FreeSwitchManage.run(FreeSwitchManage.java:42)
Caused by: org.apache.http.conn.HttpHostConnectException: Connect to 61.158.166.44:8888 [/61.158.166.44] failed: Connection refused (Connection refused)
	at org.apache.http.impl.conn.DefaultHttpClientConnectionOperator.connect(DefaultHttpClientConnectionOperator.java:156)
	at org.apache.http.impl.conn.PoolingHttpClientConnectionManager.connect(PoolingHttpClientConnectionManager.java:376)
	at org.apache.http.impl.execchain.MainClientExec.establishRoute(MainClientExec.java:393)
	at org.apache.http.impl.execchain.MainClientExec.execute(MainClientExec.java:236)
	at org.apache.http.impl.execchain.ProtocolExec.execute(ProtocolExec.java:186)
	at org.apache.http.impl.execchain.RetryExec.execute(RetryExec.java:89)
	at org.apache.http.impl.execchain.RedirectExec.execute(RedirectExec.java:110)
	at org.apache.http.impl.client.InternalHttpClient.doExecute(InternalHttpClient.java:185)
	at org.apache.http.impl.client.CloseableHttpClient.execute(CloseableHttpClient.java:83)
	at org.apache.http.impl.client.CloseableHttpClient.execute(CloseableHttpClient.java:56)
	at org.springframework.http.client.HttpComponentsClientHttpRequest.executeInternal(HttpComponentsClientHttpRequest.java:87)
	at org.springframework.http.client.AbstractBufferingClientHttpRequest.executeInternal(AbstractBufferingClientHttpRequest.java:48)
	at org.springframework.http.client.AbstractClientHttpRequest.execute(AbstractClientHttpRequest.java:66)
	at org.springframework.web.client.RestTemplate.doExecute(RestTemplate.java:782)
	... 5 common frames omitted
Caused by: java.net.ConnectException: Connection refused (Connection refused)
	at java.base/java.net.PlainSocketImpl.socketConnect(Native Method)
	at java.base/java.net.AbstractPlainSocketImpl.doConnect(AbstractPlainSocketImpl.java:412)
	at java.base/java.net.AbstractPlainSocketImpl.connectToAddress(AbstractPlainSocketImpl.java:255)
	at java.base/java.net.AbstractPlainSocketImpl.connect(AbstractPlainSocketImpl.java:237)
	at java.base/java.net.SocksSocketImpl.connect(SocksSocketImpl.java:392)
	at java.base/java.net.Socket.connect(Socket.java:609)
	at org.apache.http.conn.socket.PlainConnectionSocketFactory.connectSocket(PlainConnectionSocketFactory.java:75)
	at org.apache.http.impl.conn.DefaultHttpClientConnectionOperator.connect(DefaultHttpClientConnectionOperator.java:142)
	... 18 common frames omitted
2026-02-23 03:06:15.697 - [WARN ] - esl
org.freeswitch.esl.client.inbound.InboundConnectionException: Could not connect to /61.158.166.45:8021
	at org.freeswitch.esl.client.inbound.Client.connect(Client.java:134)
	at cn.psycall.ccmgt.util.FreeSwitchManage.monitor(FreeSwitchManage.java:86)
	at cn.psycall.ccmgt.util.FreeSwitchManage.run(FreeSwitchManage.java:42)
Caused by: io.netty.channel.AbstractChannel$AnnotatedConnectException: Connection refused: /61.158.166.45:8021
Caused by: java.net.ConnectException: Connection refused
	at java.base/sun.nio.ch.SocketChannelImpl.checkConnect(Native Method)
	at java.base/sun.nio.ch.SocketChannelImpl.finishConnect(SocketChannelImpl.java:777)
	at io.netty.channel.socket.nio.NioSocketChannel.doFinishConnect(NioSocketChannel.java:330)
	at io.netty.channel.nio.AbstractNioChannel$AbstractNioUnsafe.finishConnect(AbstractNioChannel.java:334)
	at io.netty.channel.nio.NioEventLoop.processSelectedKey(NioEventLoop.java:707)
	at io.netty.channel.nio.NioEventLoop.processSelectedKeysOptimized(NioEventLoop.java:655)
	at io.netty.channel.nio.NioEventLoop.processSelectedKeys(NioEventLoop.java:581)
	at io.netty.channel.nio.NioEventLoop.run(NioEventLoop.java:493)
	at io.netty.util.concurrent.SingleThreadEventExecutor$4.run(SingleThreadEventExecutor.java:989)
	at io.netty.util.internal.ThreadExecutorMap$2.run(ThreadExecutorMap.java:74)
	at io.netty.util.concurrent.FastThreadLocalRunnable.run(FastThreadLocalRunnable.java:30)
	at java.base/java.lang.Thread.run(Thread.java:829)
2026-02-23 03:06:16.975 - [WARN ] - conn_rabbit_mq
org.springframework.web.client.ResourceAccessException: I/O error on POST request for "http://61.158.166.44:8888/command/conn_rabbit_mq": Connect to 61.158.166.44:8888 [/61.158.166.44] failed: Connection refused (Connection refused); nested exception is org.apache.http.conn.HttpHostConnectException: Connect to 61.158.166.44:8888 [/61.158.166.44] failed: Connection refused (Connection refused)
	at org.springframework.web.client.RestTemplate.doExecute(RestTemplate.java:791)
	at org.springframework.web.client.RestTemplate.execute(RestTemplate.java:717)
	at org.springframework.web.client.RestTemplate.exchange(RestTemplate.java:608)
	at cn.psycall.ccmgt.util.FreeSwitchManage.conn_rabbit_mq(FreeSwitchManage.java:272)
	at cn.psycall.ccmgt.util.FreeSwitchManage.monitor(FreeSwitchManage.java:89)
	at cn.psycall.ccmgt.util.FreeSwitchManage.run(FreeSwitchManage.java:42)
Caused by: org.apache.http.conn.HttpHostConnectException: Connect to 61.158.166.44:8888 [/61.158.166.44] failed: Connection refused (Connection refused)
	at org.apache.http.impl.conn.DefaultHttpClientConnectionOperator.connect(DefaultHttpClientConnectionOperator.java:156)
	at org.apache.http.impl.conn.PoolingHttpClientConnectionManager.connect(PoolingHttpClientConnectionManager.java:376)
	at org.apache.http.impl.execchain.MainClientExec.establishRoute(MainClientExec.java:393)
	at org.apache.http.impl.execchain.MainClientExec.execute(MainClientExec.java:236)
	at org.apache.http.impl.execchain.ProtocolExec.execute(ProtocolExec.java:186)
	at org.apache.http.impl.execchain.RetryExec.execute(RetryExec.java:89)
	at org.apache.http.impl.execchain.RedirectExec.execute(RedirectExec.java:110)
	at org.apache.http.impl.client.InternalHttpClient.doExecute(InternalHttpClient.java:185)
	at org.apache.http.impl.client.CloseableHttpClient.execute(CloseableHttpClient.java:83)
	at org.apache.http.impl.client.CloseableHttpClient.execute(CloseableHttpClient.java:56)
	at org.springframework.http.client.HttpComponentsClientHttpRequest.executeInternal(HttpComponentsClientHttpRequest.java:87)
	at org.springframework.http.client.AbstractBufferingClientHttpRequest.executeInternal(AbstractBufferingClientHttpRequest.java:48)
	at org.springframework.http.client.AbstractClientHttpRequest.execute(AbstractClientHttpRequest.java:66)
	at org.springframework.web.client.RestTemplate.doExecute(RestTemplate.java:782)
	... 5 common frames omitted
Caused by: java.net.ConnectException: Connection refused (Connection refused)
	at java.base/java.net.PlainSocketImpl.socketConnect(Native Method)
	at java.base/java.net.AbstractPlainSocketImpl.doConnect(AbstractPlainSocketImpl.java:412)
	at java.base/java.net.AbstractPlainSocketImpl.connectToAddress(AbstractPlainSocketImpl.java:255)
	at java.base/java.net.AbstractPlainSocketImpl.connect(AbstractPlainSocketImpl.java:237)
	at java.base/java.net.SocksSocketImpl.connect(SocksSocketImpl.java:392)
	at java.base/java.net.Socket.connect(Socket.java:609)
	at org.apache.http.conn.socket.PlainConnectionSocketFactory.connectSocket(PlainConnectionSocketFactory.java:75)
	at org.apache.http.impl.conn.DefaultHttpClientConnectionOperator.connect(DefaultHttpClientConnectionOperator.java:142)
	... 18 common frames omitted
2026-02-23 03:06:17.057 - [WARN ] - esl
org.freeswitch.esl.client.inbound.InboundConnectionException: Could not connect to /61.158.166.45:8021
	at org.freeswitch.esl.client.inbound.Client.connect(Client.java:134)
	at cn.psycall.ccmgt.util.FreeSwitchManage.monitor(FreeSwitchManage.java:86)
	at cn.psycall.ccmgt.util.FreeSwitchManage.run(FreeSwitchManage.java:42)
Caused by: io.netty.channel.AbstractChannel$AnnotatedConnectException: Connection refused: /61.158.166.45:8021
Caused by: java.net.ConnectException: Connection refused
	at java.base/sun.nio.ch.SocketChannelImpl.checkConnect(Native Method)
	at java.base/sun.nio.ch.SocketChannelImpl.finishConnect(SocketChannelImpl.java:777)
	at io.netty.channel.socket.nio.NioSocketChannel.doFinishConnect(NioSocketChannel.java:330)
	at io.netty.channel.nio.AbstractNioChannel$AbstractNioUnsafe.finishConnect(AbstractNioChannel.java:334)
	at io.netty.channel.nio.NioEventLoop.processSelectedKey(NioEventLoop.java:707)
	at io.netty.channel.nio.NioEventLoop.processSelectedKeysOptimized(NioEventLoop.java:655)
	at io.netty.channel.nio.NioEventLoop.processSelectedKeys(NioEventLoop.java:581)
	at io.netty.channel.nio.NioEventLoop.run(NioEventLoop.java:493)
	at io.netty.util.concurrent.SingleThreadEventExecutor$4.run(SingleThreadEventExecutor.java:989)
	at io.netty.util.internal.ThreadExecutorMap$2.run(ThreadExecutorMap.java:74)
	at io.netty.util.concurrent.FastThreadLocalRunnable.run(FastThreadLocalRunnable.java:30)
	at java.base/java.lang.Thread.run(Thread.java:829)
2026-02-23 03:06:18.558 - [WARN ] - esl
org.freeswitch.esl.client.inbound.InboundConnectionException: Could not connect to /61.158.166.45:8021
	at org.freeswitch.esl.client.inbound.Client.connect(Client.java:134)
	at cn.psycall.ccmgt.util.FreeSwitchManage.monitor(FreeSwitchManage.java:86)
	at cn.psycall.ccmgt.util.FreeSwitchManage.run(FreeSwitchManage.java:42)
Caused by: io.netty.channel.AbstractChannel$AnnotatedConnectException: Connection refused: /61.158.166.45:8021
Caused by: java.net.ConnectException: Connection refused
	at java.base/sun.nio.ch.SocketChannelImpl.checkConnect(Native Method)
	at java.base/sun.nio.ch.SocketChannelImpl.finishConnect(SocketChannelImpl.java:777)
	at io.netty.channel.socket.nio.NioSocketChannel.doFinishConnect(NioSocketChannel.java:330)
	at io.netty.channel.nio.AbstractNioChannel$AbstractNioUnsafe.finishConnect(AbstractNioChannel.java:334)
	at io.netty.channel.nio.NioEventLoop.processSelectedKey(NioEventLoop.java:707)
	at io.netty.channel.nio.NioEventLoop.processSelectedKeysOptimized(NioEventLoop.java:655)
	at io.netty.channel.nio.NioEventLoop.processSelectedKeys(NioEventLoop.java:581)
	at io.netty.channel.nio.NioEventLoop.run(NioEventLoop.java:493)
	at io.netty.util.concurrent.SingleThreadEventExecutor$4.run(SingleThreadEventExecutor.java:989)
	at io.netty.util.internal.ThreadExecutorMap$2.run(ThreadExecutorMap.java:74)
	at io.netty.util.concurrent.FastThreadLocalRunnable.run(FastThreadLocalRunnable.java:30)
	at java.base/java.lang.Thread.run(Thread.java:829)
2026-02-23 03:06:19.904 - [WARN ] - esl
org.freeswitch.esl.client.inbound.InboundConnectionException: Could not connect to /61.158.166.45:8021
	at org.freeswitch.esl.client.inbound.Client.connect(Client.java:134)
	at cn.psycall.ccmgt.util.FreeSwitchManage.monitor(FreeSwitchManage.java:86)
	at cn.psycall.ccmgt.util.FreeSwitchManage.run(FreeSwitchManage.java:42)
Caused by: io.netty.channel.AbstractChannel$AnnotatedConnectException: Connection refused: /61.158.166.45:8021
Caused by: java.net.ConnectException: Connection refused
	at java.base/sun.nio.ch.SocketChannelImpl.checkConnect(Native Method)
	at java.base/sun.nio.ch.SocketChannelImpl.finishConnect(SocketChannelImpl.java:777)
	at io.netty.channel.socket.nio.NioSocketChannel.doFinishConnect(NioSocketChannel.java:330)
	at io.netty.channel.nio.AbstractNioChannel$AbstractNioUnsafe.finishConnect(AbstractNioChannel.java:334)
	at io.netty.channel.nio.NioEventLoop.processSelectedKey(NioEventLoop.java:707)
	at io.netty.channel.nio.NioEventLoop.processSelectedKeysOptimized(NioEventLoop.java:655)
	at io.netty.channel.nio.NioEventLoop.processSelectedKeys(NioEventLoop.java:581)
	at io.netty.channel.nio.NioEventLoop.run(NioEventLoop.java:493)
	at io.netty.util.concurrent.SingleThreadEventExecutor$4.run(SingleThreadEventExecutor.java:989)
	at io.netty.util.internal.ThreadExecutorMap$2.run(ThreadExecutorMap.java:74)
	at io.netty.util.concurrent.FastThreadLocalRunnable.run(FastThreadLocalRunnable.java:30)
	at java.base/java.lang.Thread.run(Thread.java:829)
2026-02-23 03:06:21.244 - [WARN ] - esl
org.freeswitch.esl.client.inbound.InboundConnectionException: Could not connect to /61.158.166.45:8021
	at org.freeswitch.esl.client.inbound.Client.connect(Client.java:134)
	at cn.psycall.ccmgt.util.FreeSwitchManage.monitor(FreeSwitchManage.java:86)
	at cn.psycall.ccmgt.util.FreeSwitchManage.run(FreeSwitchManage.java:42)
Caused by: io.netty.channel.AbstractChannel$AnnotatedConnectException: Connection refused: /61.158.166.45:8021
Caused by: java.net.ConnectException: Connection refused
	at java.base/sun.nio.ch.SocketChannelImpl.checkConnect(Native Method)
	at java.base/sun.nio.ch.SocketChannelImpl.finishConnect(SocketChannelImpl.java:777)
	at io.netty.channel.socket.nio.NioSocketChannel.doFinishConnect(NioSocketChannel.java:330)
	at io.netty.channel.nio.AbstractNioChannel$AbstractNioUnsafe.finishConnect(AbstractNioChannel.java:334)
	at io.netty.channel.nio.NioEventLoop.processSelectedKey(NioEventLoop.java:707)
	at io.netty.channel.nio.NioEventLoop.processSelectedKeysOptimized(NioEventLoop.java:655)
	at io.netty.channel.nio.NioEventLoop.processSelectedKeys(NioEventLoop.java:581)
	at io.netty.channel.nio.NioEventLoop.run(NioEventLoop.java:493)
	at io.netty.util.concurrent.SingleThreadEventExecutor$4.run(SingleThreadEventExecutor.java:989)
	at io.netty.util.internal.ThreadExecutorMap$2.run(ThreadExecutorMap.java:74)
	at io.netty.util.concurrent.FastThreadLocalRunnable.run(FastThreadLocalRunnable.java:30)
	at java.base/java.lang.Thread.run(Thread.java:829)
2026-02-23 03:06:22.593 - [WARN ] - esl
org.freeswitch.esl.client.inbound.InboundConnectionException: Could not connect to /61.158.166.45:8021
	at org.freeswitch.esl.client.inbound.Client.connect(Client.java:134)
	at cn.psycall.ccmgt.util.FreeSwitchManage.monitor(FreeSwitchManage.java:86)
	at cn.psycall.ccmgt.util.FreeSwitchManage.run(FreeSwitchManage.java:42)
Caused by: io.netty.channel.AbstractChannel$AnnotatedConnectException: Connection refused: /61.158.166.45:8021
Caused by: java.net.ConnectException: Connection refused
	at java.base/sun.nio.ch.SocketChannelImpl.checkConnect(Native Method)
	at java.base/sun.nio.ch.SocketChannelImpl.finishConnect(SocketChannelImpl.java:777)
	at io.netty.channel.socket.nio.NioSocketChannel.doFinishConnect(NioSocketChannel.java:330)
	at io.netty.channel.nio.AbstractNioChannel$AbstractNioUnsafe.finishConnect(AbstractNioChannel.java:334)
	at io.netty.channel.nio.NioEventLoop.processSelectedKey(NioEventLoop.java:707)
	at io.netty.channel.nio.NioEventLoop.processSelectedKeysOptimized(NioEventLoop.java:655)
	at io.netty.channel.nio.NioEventLoop.processSelectedKeys(NioEventLoop.java:581)
	at io.netty.channel.nio.NioEventLoop.run(NioEventLoop.java:493)
	at io.netty.util.concurrent.SingleThreadEventExecutor$4.run(SingleThreadEventExecutor.java:989)
	at io.netty.util.internal.ThreadExecutorMap$2.run(ThreadExecutorMap.java:74)
	at io.netty.util.concurrent.FastThreadLocalRunnable.run(FastThreadLocalRunnable.java:30)
	at java.base/java.lang.Thread.run(Thread.java:829)
2026-02-23 03:06:23.948 - [WARN ] - esl
org.freeswitch.esl.client.inbound.InboundConnectionException: Could not connect to /61.158.166.45:8021
	at org.freeswitch.esl.client.inbound.Client.connect(Client.java:134)
	at cn.psycall.ccmgt.util.FreeSwitchManage.monitor(FreeSwitchManage.java:86)
	at cn.psycall.ccmgt.util.FreeSwitchManage.run(FreeSwitchManage.java:42)
Caused by: io.netty.channel.AbstractChannel$AnnotatedConnectException: Connection refused: /61.158.166.45:8021
Caused by: java.net.ConnectException: Connection refused
	at java.base/sun.nio.ch.SocketChannelImpl.checkConnect(Native Method)
	at java.base/sun.nio.ch.SocketChannelImpl.finishConnect(SocketChannelImpl.java:777)
	at io.netty.channel.socket.nio.NioSocketChannel.doFinishConnect(NioSocketChannel.java:330)
	at io.netty.channel.nio.AbstractNioChannel$AbstractNioUnsafe.finishConnect(AbstractNioChannel.java:334)
	at io.netty.channel.nio.NioEventLoop.processSelectedKey(NioEventLoop.java:707)
	at io.netty.channel.nio.NioEventLoop.processSelectedKeysOptimized(NioEventLoop.java:655)
	at io.netty.channel.nio.NioEventLoop.processSelectedKeys(NioEventLoop.java:581)
	at io.netty.channel.nio.NioEventLoop.run(NioEventLoop.java:493)
	at io.netty.util.concurrent.SingleThreadEventExecutor$4.run(SingleThreadEventExecutor.java:989)
	at io.netty.util.internal.ThreadExecutorMap$2.run(ThreadExecutorMap.java:74)
	at io.netty.util.concurrent.FastThreadLocalRunnable.run(FastThreadLocalRunnable.java:30)
	at java.base/java.lang.Thread.run(Thread.java:829)
2026-02-23 03:06:25.291 - [WARN ] - esl
org.freeswitch.esl.client.inbound.InboundConnectionException: Could not connect to /61.158.166.45:8021
	at org.freeswitch.esl.client.inbound.Client.connect(Client.java:134)
	at cn.psycall.ccmgt.util.FreeSwitchManage.monitor(FreeSwitchManage.java:86)
	at cn.psycall.ccmgt.util.FreeSwitchManage.run(FreeSwitchManage.java:42)
Caused by: io.netty.channel.AbstractChannel$AnnotatedConnectException: Connection refused: /61.158.166.45:8021
Caused by: java.net.ConnectException: Connection refused
	at java.base/sun.nio.ch.SocketChannelImpl.checkConnect(Native Method)
	at java.base/sun.nio.ch.SocketChannelImpl.finishConnect(SocketChannelImpl.java:777)
	at io.netty.channel.socket.nio.NioSocketChannel.doFinishConnect(NioSocketChannel.java:330)
	at io.netty.channel.nio.AbstractNioChannel$AbstractNioUnsafe.finishConnect(AbstractNioChannel.java:334)
	at io.netty.channel.nio.NioEventLoop.processSelectedKey(NioEventLoop.java:707)
	at io.netty.channel.nio.NioEventLoop.processSelectedKeysOptimized(NioEventLoop.java:655)
	at io.netty.channel.nio.NioEventLoop.processSelectedKeys(NioEventLoop.java:581)
	at io.netty.channel.nio.NioEventLoop.run(NioEventLoop.java:493)
	at io.netty.util.concurrent.SingleThreadEventExecutor$4.run(SingleThreadEventExecutor.java:989)
	at io.netty.util.internal.ThreadExecutorMap$2.run(ThreadExecutorMap.java:74)
	at io.netty.util.concurrent.FastThreadLocalRunnable.run(FastThreadLocalRunnable.java:30)
	at java.base/java.lang.Thread.run(Thread.java:829)
2026-02-23 03:06:26.670 - [WARN ] - esl
org.freeswitch.esl.client.inbound.InboundConnectionException: Could not connect to /61.158.166.45:8021
	at org.freeswitch.esl.client.inbound.Client.connect(Client.java:134)
	at cn.psycall.ccmgt.util.FreeSwitchManage.monitor(FreeSwitchManage.java:86)
	at cn.psycall.ccmgt.util.FreeSwitchManage.run(FreeSwitchManage.java:42)
Caused by: io.netty.channel.AbstractChannel$AnnotatedConnectException: Connection refused: /61.158.166.45:8021
Caused by: java.net.ConnectException: Connection refused
	at java.base/sun.nio.ch.SocketChannelImpl.checkConnect(Native Method)
	at java.base/sun.nio.ch.SocketChannelImpl.finishConnect(SocketChannelImpl.java:777)
	at io.netty.channel.socket.nio.NioSocketChannel.doFinishConnect(NioSocketChannel.java:330)
	at io.netty.channel.nio.AbstractNioChannel$AbstractNioUnsafe.finishConnect(AbstractNioChannel.java:334)
	at io.netty.channel.nio.NioEventLoop.processSelectedKey(NioEventLoop.java:707)
	at io.netty.channel.nio.NioEventLoop.processSelectedKeysOptimized(NioEventLoop.java:655)
	at io.netty.channel.nio.NioEventLoop.processSelectedKeys(NioEventLoop.java:581)
	at io.netty.channel.nio.NioEventLoop.run(NioEventLoop.java:493)
	at io.netty.util.concurrent.SingleThreadEventExecutor$4.run(SingleThreadEventExecutor.java:989)
	at io.netty.util.internal.ThreadExecutorMap$2.run(ThreadExecutorMap.java:74)
	at io.netty.util.concurrent.FastThreadLocalRunnable.run(FastThreadLocalRunnable.java:30)
	at java.base/java.lang.Thread.run(Thread.java:829)
2026-02-23 03:06:28.017 - [WARN ] - esl
org.freeswitch.esl.client.inbound.InboundConnectionException: Could not connect to /61.158.166.45:8021
	at org.freeswitch.esl.client.inbound.Client.connect(Client.java:134)
	at cn.psycall.ccmgt.util.FreeSwitchManage.monitor(FreeSwitchManage.java:86)
	at cn.psycall.ccmgt.util.FreeSwitchManage.run(FreeSwitchManage.java:42)
Caused by: io.netty.channel.AbstractChannel$AnnotatedConnectException: Connection refused: /61.158.166.45:8021
Caused by: java.net.ConnectException: Connection refused
	at java.base/sun.nio.ch.SocketChannelImpl.checkConnect(Native Method)
	at java.base/sun.nio.ch.SocketChannelImpl.finishConnect(SocketChannelImpl.java:777)
	at io.netty.channel.socket.nio.NioSocketChannel.doFinishConnect(NioSocketChannel.java:330)
	at io.netty.channel.nio.AbstractNioChannel$AbstractNioUnsafe.finishConnect(AbstractNioChannel.java:334)
	at io.netty.channel.nio.NioEventLoop.processSelectedKey(NioEventLoop.java:707)
	at io.netty.channel.nio.NioEventLoop.processSelectedKeysOptimized(NioEventLoop.java:655)
	at io.netty.channel.nio.NioEventLoop.processSelectedKeys(NioEventLoop.java:581)
	at io.netty.channel.nio.NioEventLoop.run(NioEventLoop.java:493)
	at io.netty.util.concurrent.SingleThreadEventExecutor$4.run(SingleThreadEventExecutor.java:989)
	at io.netty.util.internal.ThreadExecutorMap$2.run(ThreadExecutorMap.java:74)
	at io.netty.util.concurrent.FastThreadLocalRunnable.run(FastThreadLocalRunnable.java:30)
	at java.base/java.lang.Thread.run(Thread.java:829)
2026-02-23 03:06:29.638 - [INFO ] - internal->61.158.166.44:5060
2026-02-23 03:06:29.638 - [INFO ] - ESL Client connected ..(61.158.166.44:8021[86bf046b-8b1e-4add-82c3-18ebd5ba43ec])
2026-02-23 03:06:30.364 - [INFO ] - internal_sip_port->5060
2026-02-23 03:06:30.364 - [INFO ] - external_sip_port->5080
2026-02-23 03:06:36.196 - [INFO ] - fs[86bf046b-8b1e-4add-82c3-18ebd5ba43ec] CallThread start
2026-02-23 03:06:36.287 - [WARN ] - esl
org.freeswitch.esl.client.inbound.InboundConnectionException: Could not connect to /61.158.166.45:8021
	at org.freeswitch.esl.client.inbound.Client.connect(Client.java:134)
	at cn.psycall.ccmgt.util.FreeSwitchManage.monitor(FreeSwitchManage.java:86)
	at cn.psycall.ccmgt.util.FreeSwitchManage.run(FreeSwitchManage.java:42)
Caused by: io.netty.channel.AbstractChannel$AnnotatedConnectException: Connection refused: /61.158.166.45:8021
Caused by: java.net.ConnectException: Connection refused
	at java.base/sun.nio.ch.SocketChannelImpl.checkConnect(Native Method)
	at java.base/sun.nio.ch.SocketChannelImpl.finishConnect(SocketChannelImpl.java:777)
	at io.netty.channel.socket.nio.NioSocketChannel.doFinishConnect(NioSocketChannel.java:330)
	at io.netty.channel.nio.AbstractNioChannel$AbstractNioUnsafe.finishConnect(AbstractNioChannel.java:334)
	at io.netty.channel.nio.NioEventLoop.processSelectedKey(NioEventLoop.java:707)
	at io.netty.channel.nio.NioEventLoop.processSelectedKeysOptimized(NioEventLoop.java:655)
	at io.netty.channel.nio.NioEventLoop.processSelectedKeys(NioEventLoop.java:581)
	at io.netty.channel.nio.NioEventLoop.run(NioEventLoop.java:493)
	at io.netty.util.concurrent.SingleThreadEventExecutor$4.run(SingleThreadEventExecutor.java:989)
	at io.netty.util.internal.ThreadExecutorMap$2.run(ThreadExecutorMap.java:74)
	at io.netty.util.concurrent.FastThreadLocalRunnable.run(FastThreadLocalRunnable.java:30)
	at java.base/java.lang.Thread.run(Thread.java:829)
2026-02-23 03:06:37.366 - [WARN ] - esl
org.freeswitch.esl.client.inbound.InboundConnectionException: Could not connect to /61.158.166.45:8021
	at org.freeswitch.esl.client.inbound.Client.connect(Client.java:134)
	at cn.psycall.ccmgt.util.FreeSwitchManage.monitor(FreeSwitchManage.java:86)
	at cn.psycall.ccmgt.util.FreeSwitchManage.run(FreeSwitchManage.java:42)
Caused by: io.netty.channel.AbstractChannel$AnnotatedConnectException: Connection refused: /61.158.166.45:8021
Caused by: java.net.ConnectException: Connection refused
	at java.base/sun.nio.ch.SocketChannelImpl.checkConnect(Native Method)
	at java.base/sun.nio.ch.SocketChannelImpl.finishConnect(SocketChannelImpl.java:777)
	at io.netty.channel.socket.nio.NioSocketChannel.doFinishConnect(NioSocketChannel.java:330)
	at io.netty.channel.nio.AbstractNioChannel$AbstractNioUnsafe.finishConnect(AbstractNioChannel.java:334)
	at io.netty.channel.nio.NioEventLoop.processSelectedKey(NioEventLoop.java:707)
	at io.netty.channel.nio.NioEventLoop.processSelectedKeysOptimized(NioEventLoop.java:655)
	at io.netty.channel.nio.NioEventLoop.processSelectedKeys(NioEventLoop.java:581)
	at io.netty.channel.nio.NioEventLoop.run(NioEventLoop.java:493)
	at io.netty.util.concurrent.SingleThreadEventExecutor$4.run(SingleThreadEventExecutor.java:989)
	at io.netty.util.internal.ThreadExecutorMap$2.run(ThreadExecutorMap.java:74)
	at io.netty.util.concurrent.FastThreadLocalRunnable.run(FastThreadLocalRunnable.java:30)
	at java.base/java.lang.Thread.run(Thread.java:829)
2026-02-23 03:06:38.433 - [WARN ] - esl
org.freeswitch.esl.client.inbound.InboundConnectionException: Could not connect to /61.158.166.45:8021
	at org.freeswitch.esl.client.inbound.Client.connect(Client.java:134)
	at cn.psycall.ccmgt.util.FreeSwitchManage.monitor(FreeSwitchManage.java:86)
	at cn.psycall.ccmgt.util.FreeSwitchManage.run(FreeSwitchManage.java:42)
Caused by: io.netty.channel.AbstractChannel$AnnotatedConnectException: Connection refused: /61.158.166.45:8021
Caused by: java.net.ConnectException: Connection refused
	at java.base/sun.nio.ch.SocketChannelImpl.checkConnect(Native Method)
	at java.base/sun.nio.ch.SocketChannelImpl.finishConnect(SocketChannelImpl.java:777)
	at io.netty.channel.socket.nio.NioSocketChannel.doFinishConnect(NioSocketChannel.java:330)
	at io.netty.channel.nio.AbstractNioChannel$AbstractNioUnsafe.finishConnect(AbstractNioChannel.java:334)
	at io.netty.channel.nio.NioEventLoop.processSelectedKey(NioEventLoop.java:707)
	at io.netty.channel.nio.NioEventLoop.processSelectedKeysOptimized(NioEventLoop.java:655)
	at io.netty.channel.nio.NioEventLoop.processSelectedKeys(NioEventLoop.java:581)
	at io.netty.channel.nio.NioEventLoop.run(NioEventLoop.java:493)
	at io.netty.util.concurrent.SingleThreadEventExecutor$4.run(SingleThreadEventExecutor.java:989)
	at io.netty.util.internal.ThreadExecutorMap$2.run(ThreadExecutorMap.java:74)
	at io.netty.util.concurrent.FastThreadLocalRunnable.run(FastThreadLocalRunnable.java:30)
	at java.base/java.lang.Thread.run(Thread.java:829)
2026-02-23 03:06:39.491 - [WARN ] - esl
org.freeswitch.esl.client.inbound.InboundConnectionException: Could not connect to /61.158.166.45:8021
	at org.freeswitch.esl.client.inbound.Client.connect(Client.java:134)
	at cn.psycall.ccmgt.util.FreeSwitchManage.monitor(FreeSwitchManage.java:86)
	at cn.psycall.ccmgt.util.FreeSwitchManage.run(FreeSwitchManage.java:42)
Caused by: io.netty.channel.AbstractChannel$AnnotatedConnectException: Connection refused: /61.158.166.45:8021
Caused by: java.net.ConnectException: Connection refused
	at java.base/sun.nio.ch.SocketChannelImpl.checkConnect(Native Method)
	at java.base/sun.nio.ch.SocketChannelImpl.finishConnect(SocketChannelImpl.java:777)
	at io.netty.channel.socket.nio.NioSocketChannel.doFinishConnect(NioSocketChannel.java:330)
	at io.netty.channel.nio.AbstractNioChannel$AbstractNioUnsafe.finishConnect(AbstractNioChannel.java:334)
	at io.netty.channel.nio.NioEventLoop.processSelectedKey(NioEventLoop.java:707)
	at io.netty.channel.nio.NioEventLoop.processSelectedKeysOptimized(NioEventLoop.java:655)
	at io.netty.channel.nio.NioEventLoop.processSelectedKeys(NioEventLoop.java:581)
	at io.netty.channel.nio.NioEventLoop.run(NioEventLoop.java:493)
	at io.netty.util.concurrent.SingleThreadEventExecutor$4.run(SingleThreadEventExecutor.java:989)
	at io.netty.util.internal.ThreadExecutorMap$2.run(ThreadExecutorMap.java:74)
	at io.netty.util.concurrent.FastThreadLocalRunnable.run(FastThreadLocalRunnable.java:30)
	at java.base/java.lang.Thread.run(Thread.java:829)
2026-02-23 03:06:40.549 - [WARN ] - esl
org.freeswitch.esl.client.inbound.InboundConnectionException: Could not connect to /61.158.166.45:8021
	at org.freeswitch.esl.client.inbound.Client.connect(Client.java:134)
	at cn.psycall.ccmgt.util.FreeSwitchManage.monitor(FreeSwitchManage.java:86)
	at cn.psycall.ccmgt.util.FreeSwitchManage.run(FreeSwitchManage.java:42)
Caused by: io.netty.channel.AbstractChannel$AnnotatedConnectException: Connection refused: /61.158.166.45:8021
Caused by: java.net.ConnectException: Connection refused
	at java.base/sun.nio.ch.SocketChannelImpl.checkConnect(Native Method)
	at java.base/sun.nio.ch.SocketChannelImpl.finishConnect(SocketChannelImpl.java:777)
	at io.netty.channel.socket.nio.NioSocketChannel.doFinishConnect(NioSocketChannel.java:330)
	at io.netty.channel.nio.AbstractNioChannel$AbstractNioUnsafe.finishConnect(AbstractNioChannel.java:334)
	at io.netty.channel.nio.NioEventLoop.processSelectedKey(NioEventLoop.java:707)
	at io.netty.channel.nio.NioEventLoop.processSelectedKeysOptimized(NioEventLoop.java:655)
	at io.netty.channel.nio.NioEventLoop.processSelectedKeys(NioEventLoop.java:581)
	at io.netty.channel.nio.NioEventLoop.run(NioEventLoop.java:493)
	at io.netty.util.concurrent.SingleThreadEventExecutor$4.run(SingleThreadEventExecutor.java:989)
	at io.netty.util.internal.ThreadExecutorMap$2.run(ThreadExecutorMap.java:74)
	at io.netty.util.concurrent.FastThreadLocalRunnable.run(FastThreadLocalRunnable.java:30)
	at java.base/java.lang.Thread.run(Thread.java:829)
2026-02-23 03:06:41.629 - [WARN ] - esl
org.freeswitch.esl.client.inbound.InboundConnectionException: Could not connect to /61.158.166.45:8021
	at org.freeswitch.esl.client.inbound.Client.connect(Client.java:134)
	at cn.psycall.ccmgt.util.FreeSwitchManage.monitor(FreeSwitchManage.java:86)
	at cn.psycall.ccmgt.util.FreeSwitchManage.run(FreeSwitchManage.java:42)
Caused by: io.netty.channel.AbstractChannel$AnnotatedConnectException: Connection refused: /61.158.166.45:8021
Caused by: java.net.ConnectException: Connection refused
	at java.base/sun.nio.ch.SocketChannelImpl.checkConnect(Native Method)
	at java.base/sun.nio.ch.SocketChannelImpl.finishConnect(SocketChannelImpl.java:777)
	at io.netty.channel.socket.nio.NioSocketChannel.doFinishConnect(NioSocketChannel.java:330)
	at io.netty.channel.nio.AbstractNioChannel$AbstractNioUnsafe.finishConnect(AbstractNioChannel.java:334)
	at io.netty.channel.nio.NioEventLoop.processSelectedKey(NioEventLoop.java:707)
	at io.netty.channel.nio.NioEventLoop.processSelectedKeysOptimized(NioEventLoop.java:655)
	at io.netty.channel.nio.NioEventLoop.processSelectedKeys(NioEventLoop.java:581)
	at io.netty.channel.nio.NioEventLoop.run(NioEventLoop.java:493)
	at io.netty.util.concurrent.SingleThreadEventExecutor$4.run(SingleThreadEventExecutor.java:989)
	at io.netty.util.internal.ThreadExecutorMap$2.run(ThreadExecutorMap.java:74)
	at io.netty.util.concurrent.FastThreadLocalRunnable.run(FastThreadLocalRunnable.java:30)
	at java.base/java.lang.Thread.run(Thread.java:829)
2026-02-23 03:06:42.716 - [WARN ] - esl
org.freeswitch.esl.client.inbound.InboundConnectionException: Could not connect to /61.158.166.45:8021
	at org.freeswitch.esl.client.inbound.Client.connect(Client.java:134)
	at cn.psycall.ccmgt.util.FreeSwitchManage.monitor(FreeSwitchManage.java:86)
	at cn.psycall.ccmgt.util.FreeSwitchManage.run(FreeSwitchManage.java:42)
Caused by: io.netty.channel.AbstractChannel$AnnotatedConnectException: Connection refused: /61.158.166.45:8021
Caused by: java.net.ConnectException: Connection refused
	at java.base/sun.nio.ch.SocketChannelImpl.checkConnect(Native Method)
	at java.base/sun.nio.ch.SocketChannelImpl.finishConnect(SocketChannelImpl.java:777)
	at io.netty.channel.socket.nio.NioSocketChannel.doFinishConnect(NioSocketChannel.java:330)
	at io.netty.channel.nio.AbstractNioChannel$AbstractNioUnsafe.finishConnect(AbstractNioChannel.java:334)
	at io.netty.channel.nio.NioEventLoop.processSelectedKey(NioEventLoop.java:707)
	at io.netty.channel.nio.NioEventLoop.processSelectedKeysOptimized(NioEventLoop.java:655)
	at io.netty.channel.nio.NioEventLoop.processSelectedKeys(NioEventLoop.java:581)
	at io.netty.channel.nio.NioEventLoop.run(NioEventLoop.java:493)
	at io.netty.util.concurrent.SingleThreadEventExecutor$4.run(SingleThreadEventExecutor.java:989)
	at io.netty.util.internal.ThreadExecutorMap$2.run(ThreadExecutorMap.java:74)
	at io.netty.util.concurrent.FastThreadLocalRunnable.run(FastThreadLocalRunnable.java:30)
	at java.base/java.lang.Thread.run(Thread.java:829)
2026-02-23 03:06:43.806 - [WARN ] - esl
org.freeswitch.esl.client.inbound.InboundConnectionException: Could not connect to /61.158.166.45:8021
	at org.freeswitch.esl.client.inbound.Client.connect(Client.java:134)
	at cn.psycall.ccmgt.util.FreeSwitchManage.monitor(FreeSwitchManage.java:86)
	at cn.psycall.ccmgt.util.FreeSwitchManage.run(FreeSwitchManage.java:42)
Caused by: io.netty.channel.AbstractChannel$AnnotatedConnectException: Connection refused: /61.158.166.45:8021
Caused by: java.net.ConnectException: Connection refused
	at java.base/sun.nio.ch.SocketChannelImpl.checkConnect(Native Method)
	at java.base/sun.nio.ch.SocketChannelImpl.finishConnect(SocketChannelImpl.java:777)
	at io.netty.channel.socket.nio.NioSocketChannel.doFinishConnect(NioSocketChannel.java:330)
	at io.netty.channel.nio.AbstractNioChannel$AbstractNioUnsafe.finishConnect(AbstractNioChannel.java:334)
	at io.netty.channel.nio.NioEventLoop.processSelectedKey(NioEventLoop.java:707)
	at io.netty.channel.nio.NioEventLoop.processSelectedKeysOptimized(NioEventLoop.java:655)
	at io.netty.channel.nio.NioEventLoop.processSelectedKeys(NioEventLoop.java:581)
	at io.netty.channel.nio.NioEventLoop.run(NioEventLoop.java:493)
	at io.netty.util.concurrent.SingleThreadEventExecutor$4.run(SingleThreadEventExecutor.java:989)
	at io.netty.util.internal.ThreadExecutorMap$2.run(ThreadExecutorMap.java:74)
	at io.netty.util.concurrent.FastThreadLocalRunnable.run(FastThreadLocalRunnable.java:30)
	at java.base/java.lang.Thread.run(Thread.java:829)
2026-02-23 03:06:43.815 - [INFO ] - ESL Client Disconnect ..(61.158.166.46:8021)
2026-02-23 03:06:45.226 - [WARN ] - esl
org.freeswitch.esl.client.inbound.InboundConnectionException: Could not connect to /61.158.166.45:8021
	at org.freeswitch.esl.client.inbound.Client.connect(Client.java:134)
	at cn.psycall.ccmgt.util.FreeSwitchManage.monitor(FreeSwitchManage.java:86)
	at cn.psycall.ccmgt.util.FreeSwitchManage.run(FreeSwitchManage.java:42)
Caused by: io.netty.channel.AbstractChannel$AnnotatedConnectException: Connection refused: /61.158.166.45:8021
Caused by: java.net.ConnectException: Connection refused
	at java.base/sun.nio.ch.SocketChannelImpl.checkConnect(Native Method)
	at java.base/sun.nio.ch.SocketChannelImpl.finishConnect(SocketChannelImpl.java:777)
	at io.netty.channel.socket.nio.NioSocketChannel.doFinishConnect(NioSocketChannel.java:330)
	at io.netty.channel.nio.AbstractNioChannel$AbstractNioUnsafe.finishConnect(AbstractNioChannel.java:334)
	at io.netty.channel.nio.NioEventLoop.processSelectedKey(NioEventLoop.java:707)
	at io.netty.channel.nio.NioEventLoop.processSelectedKeysOptimized(NioEventLoop.java:655)
	at io.netty.channel.nio.NioEventLoop.processSelectedKeys(NioEventLoop.java:581)
	at io.netty.channel.nio.NioEventLoop.run(NioEventLoop.java:493)
	at io.netty.util.concurrent.SingleThreadEventExecutor$4.run(SingleThreadEventExecutor.java:989)
	at io.netty.util.internal.ThreadExecutorMap$2.run(ThreadExecutorMap.java:74)
	at io.netty.util.concurrent.FastThreadLocalRunnable.run(FastThreadLocalRunnable.java:30)
	at java.base/java.lang.Thread.run(Thread.java:829)
2026-02-23 03:06:45.315 - [WARN ] - esl
org.freeswitch.esl.client.inbound.InboundConnectionException: Could not connect to /61.158.166.46:8021
	at org.freeswitch.esl.client.inbound.Client.connect(Client.java:134)
	at cn.psycall.ccmgt.util.FreeSwitchManage.monitor(FreeSwitchManage.java:86)
	at cn.psycall.ccmgt.util.FreeSwitchManage.run(FreeSwitchManage.java:42)
Caused by: io.netty.channel.AbstractChannel$AnnotatedConnectException: Connection refused: /61.158.166.46:8021
Caused by: java.net.ConnectException: Connection refused
	at java.base/sun.nio.ch.SocketChannelImpl.checkConnect(Native Method)
	at java.base/sun.nio.ch.SocketChannelImpl.finishConnect(SocketChannelImpl.java:777)
	at io.netty.channel.socket.nio.NioSocketChannel.doFinishConnect(NioSocketChannel.java:330)
	at io.netty.channel.nio.AbstractNioChannel$AbstractNioUnsafe.finishConnect(AbstractNioChannel.java:334)
	at io.netty.channel.nio.NioEventLoop.processSelectedKey(NioEventLoop.java:707)
	at io.netty.channel.nio.NioEventLoop.processSelectedKeysOptimized(NioEventLoop.java:655)
	at io.netty.channel.nio.NioEventLoop.processSelectedKeys(NioEventLoop.java:581)
	at io.netty.channel.nio.NioEventLoop.run(NioEventLoop.java:493)
	at io.netty.util.concurrent.SingleThreadEventExecutor$4.run(SingleThreadEventExecutor.java:989)
	at io.netty.util.internal.ThreadExecutorMap$2.run(ThreadExecutorMap.java:74)
	at io.netty.util.concurrent.FastThreadLocalRunnable.run(FastThreadLocalRunnable.java:30)
	at java.base/java.lang.Thread.run(Thread.java:829)
2026-02-23 03:06:46.402 - [WARN ] - esl
org.freeswitch.esl.client.inbound.InboundConnectionException: Could not connect to /61.158.166.45:8021
	at org.freeswitch.esl.client.inbound.Client.connect(Client.java:134)
	at cn.psycall.ccmgt.util.FreeSwitchManage.monitor(FreeSwitchManage.java:86)
	at cn.psycall.ccmgt.util.FreeSwitchManage.run(FreeSwitchManage.java:42)
Caused by: io.netty.channel.AbstractChannel$AnnotatedConnectException: Connection refused: /61.158.166.45:8021
Caused by: java.net.ConnectException: Connection refused
	at java.base/sun.nio.ch.SocketChannelImpl.checkConnect(Native Method)
	at java.base/sun.nio.ch.SocketChannelImpl.finishConnect(SocketChannelImpl.java:777)
	at io.netty.channel.socket.nio.NioSocketChannel.doFinishConnect(NioSocketChannel.java:330)
	at io.netty.channel.nio.AbstractNioChannel$AbstractNioUnsafe.finishConnect(AbstractNioChannel.java:334)
	at io.netty.channel.nio.NioEventLoop.processSelectedKey(NioEventLoop.java:707)
	at io.netty.channel.nio.NioEventLoop.processSelectedKeysOptimized(NioEventLoop.java:655)
	at io.netty.channel.nio.NioEventLoop.processSelectedKeys(NioEventLoop.java:581)
	at io.netty.channel.nio.NioEventLoop.run(NioEventLoop.java:493)
	at io.netty.util.concurrent.SingleThreadEventExecutor$4.run(SingleThreadEventExecutor.java:989)
	at io.netty.util.internal.ThreadExecutorMap$2.run(ThreadExecutorMap.java:74)
	at io.netty.util.concurrent.FastThreadLocalRunnable.run(FastThreadLocalRunnable.java:30)
	at java.base/java.lang.Thread.run(Thread.java:829)
2026-02-23 03:06:46.490 - [WARN ] - esl
org.freeswitch.esl.client.inbound.InboundConnectionException: Could not connect to /61.158.166.46:8021
	at org.freeswitch.esl.client.inbound.Client.connect(Client.java:134)
	at cn.psycall.ccmgt.util.FreeSwitchManage.monitor(FreeSwitchManage.java:86)
	at cn.psycall.ccmgt.util.FreeSwitchManage.run(FreeSwitchManage.java:42)
Caused by: io.netty.channel.AbstractChannel$AnnotatedConnectException: Connection refused: /61.158.166.46:8021
Caused by: java.net.ConnectException: Connection refused
	at java.base/sun.nio.ch.SocketChannelImpl.checkConnect(Native Method)
	at java.base/sun.nio.ch.SocketChannelImpl.finishConnect(SocketChannelImpl.java:777)
	at io.netty.channel.socket.nio.NioSocketChannel.doFinishConnect(NioSocketChannel.java:330)
	at io.netty.channel.nio.AbstractNioChannel$AbstractNioUnsafe.finishConnect(AbstractNioChannel.java:334)
	at io.netty.channel.nio.NioEventLoop.processSelectedKey(NioEventLoop.java:707)
	at io.netty.channel.nio.NioEventLoop.processSelectedKeysOptimized(NioEventLoop.java:655)
	at io.netty.channel.nio.NioEventLoop.processSelectedKeys(NioEventLoop.java:581)
	at io.netty.channel.nio.NioEventLoop.run(NioEventLoop.java:493)
	at io.netty.util.concurrent.SingleThreadEventExecutor$4.run(SingleThreadEventExecutor.java:989)
	at io.netty.util.internal.ThreadExecutorMap$2.run(ThreadExecutorMap.java:74)
	at io.netty.util.concurrent.FastThreadLocalRunnable.run(FastThreadLocalRunnable.java:30)
	at java.base/java.lang.Thread.run(Thread.java:829)
2026-02-23 03:06:47.573 - [WARN ] - esl
org.freeswitch.esl.client.inbound.InboundConnectionException: Could not connect to /61.158.166.45:8021
	at org.freeswitch.esl.client.inbound.Client.connect(Client.java:134)
	at cn.psycall.ccmgt.util.FreeSwitchManage.monitor(FreeSwitchManage.java:86)
	at cn.psycall.ccmgt.util.FreeSwitchManage.run(FreeSwitchManage.java:42)
Caused by: io.netty.channel.AbstractChannel$AnnotatedConnectException: Connection refused: /61.158.166.45:8021
Caused by: java.net.ConnectException: Connection refused
	at java.base/sun.nio.ch.SocketChannelImpl.checkConnect(Native Method)
	at java.base/sun.nio.ch.SocketChannelImpl.finishConnect(SocketChannelImpl.java:777)
	at io.netty.channel.socket.nio.NioSocketChannel.doFinishConnect(NioSocketChannel.java:330)
	at io.netty.channel.nio.AbstractNioChannel$AbstractNioUnsafe.finishConnect(AbstractNioChannel.java:334)
	at io.netty.channel.nio.NioEventLoop.processSelectedKey(NioEventLoop.java:707)
	at io.netty.channel.nio.NioEventLoop.processSelectedKeysOptimized(NioEventLoop.java:655)
	at io.netty.channel.nio.NioEventLoop.processSelectedKeys(NioEventLoop.java:581)
	at io.netty.channel.nio.NioEventLoop.run(NioEventLoop.java:493)
	at io.netty.util.concurrent.SingleThreadEventExecutor$4.run(SingleThreadEventExecutor.java:989)
	at io.netty.util.internal.ThreadExecutorMap$2.run(ThreadExecutorMap.java:74)
	at io.netty.util.concurrent.FastThreadLocalRunnable.run(FastThreadLocalRunnable.java:30)
	at java.base/java.lang.Thread.run(Thread.java:829)
2026-02-23 03:06:47.665 - [WARN ] - esl
org.freeswitch.esl.client.inbound.InboundConnectionException: Could not connect to /61.158.166.46:8021
	at org.freeswitch.esl.client.inbound.Client.connect(Client.java:134)
	at cn.psycall.ccmgt.util.FreeSwitchManage.monitor(FreeSwitchManage.java:86)
	at cn.psycall.ccmgt.util.FreeSwitchManage.run(FreeSwitchManage.java:42)
Caused by: io.netty.channel.AbstractChannel$AnnotatedConnectException: Connection refused: /61.158.166.46:8021
Caused by: java.net.ConnectException: Connection refused
	at java.base/sun.nio.ch.SocketChannelImpl.checkConnect(Native Method)
	at java.base/sun.nio.ch.SocketChannelImpl.finishConnect(SocketChannelImpl.java:777)
	at io.netty.channel.socket.nio.NioSocketChannel.doFinishConnect(NioSocketChannel.java:330)
	at io.netty.channel.nio.AbstractNioChannel$AbstractNioUnsafe.finishConnect(AbstractNioChannel.java:334)
	at io.netty.channel.nio.NioEventLoop.processSelectedKey(NioEventLoop.java:707)
	at io.netty.channel.nio.NioEventLoop.processSelectedKeysOptimized(NioEventLoop.java:655)
	at io.netty.channel.nio.NioEventLoop.processSelectedKeys(NioEventLoop.java:581)
	at io.netty.channel.nio.NioEventLoop.run(NioEventLoop.java:493)
	at io.netty.util.concurrent.SingleThreadEventExecutor$4.run(SingleThreadEventExecutor.java:989)
	at io.netty.util.internal.ThreadExecutorMap$2.run(ThreadExecutorMap.java:74)
	at io.netty.util.concurrent.FastThreadLocalRunnable.run(FastThreadLocalRunnable.java:30)
	at java.base/java.lang.Thread.run(Thread.java:829)
2026-02-23 03:06:48.751 - [WARN ] - esl
org.freeswitch.esl.client.inbound.InboundConnectionException: Could not connect to /61.158.166.45:8021
	at org.freeswitch.esl.client.inbound.Client.connect(Client.java:134)
	at cn.psycall.ccmgt.util.FreeSwitchManage.monitor(FreeSwitchManage.java:86)
	at cn.psycall.ccmgt.util.FreeSwitchManage.run(FreeSwitchManage.java:42)
Caused by: io.netty.channel.AbstractChannel$AnnotatedConnectException: Connection refused: /61.158.166.45:8021
Caused by: java.net.ConnectException: Connection refused
	at java.base/sun.nio.ch.SocketChannelImpl.checkConnect(Native Method)
	at java.base/sun.nio.ch.SocketChannelImpl.finishConnect(SocketChannelImpl.java:777)
	at io.netty.channel.socket.nio.NioSocketChannel.doFinishConnect(NioSocketChannel.java:330)
	at io.netty.channel.nio.AbstractNioChannel$AbstractNioUnsafe.finishConnect(AbstractNioChannel.java:334)
	at io.netty.channel.nio.NioEventLoop.processSelectedKey(NioEventLoop.java:707)
	at io.netty.channel.nio.NioEventLoop.processSelectedKeysOptimized(NioEventLoop.java:655)
	at io.netty.channel.nio.NioEventLoop.processSelectedKeys(NioEventLoop.java:581)
	at io.netty.channel.nio.NioEventLoop.run(NioEventLoop.java:493)
	at io.netty.util.concurrent.SingleThreadEventExecutor$4.run(SingleThreadEventExecutor.java:989)
	at io.netty.util.internal.ThreadExecutorMap$2.run(ThreadExecutorMap.java:74)
	at io.netty.util.concurrent.FastThreadLocalRunnable.run(FastThreadLocalRunnable.java:30)
	at java.base/java.lang.Thread.run(Thread.java:829)
2026-02-23 03:06:48.835 - [WARN ] - esl
org.freeswitch.esl.client.inbound.InboundConnectionException: Could not connect to /61.158.166.46:8021
	at org.freeswitch.esl.client.inbound.Client.connect(Client.java:134)
	at cn.psycall.ccmgt.util.FreeSwitchManage.monitor(FreeSwitchManage.java:86)
	at cn.psycall.ccmgt.util.FreeSwitchManage.run(FreeSwitchManage.java:42)
Caused by: io.netty.channel.AbstractChannel$AnnotatedConnectException: Connection refused: /61.158.166.46:8021
Caused by: java.net.ConnectException: Connection refused
	at java.base/sun.nio.ch.SocketChannelImpl.checkConnect(Native Method)
	at java.base/sun.nio.ch.SocketChannelImpl.finishConnect(SocketChannelImpl.java:777)
	at io.netty.channel.socket.nio.NioSocketChannel.doFinishConnect(NioSocketChannel.java:330)
	at io.netty.channel.nio.AbstractNioChannel$AbstractNioUnsafe.finishConnect(AbstractNioChannel.java:334)
	at io.netty.channel.nio.NioEventLoop.processSelectedKey(NioEventLoop.java:707)
	at io.netty.channel.nio.NioEventLoop.processSelectedKeysOptimized(NioEventLoop.java:655)
	at io.netty.channel.nio.NioEventLoop.processSelectedKeys(NioEventLoop.java:581)
	at io.netty.channel.nio.NioEventLoop.run(NioEventLoop.java:493)
	at io.netty.util.concurrent.SingleThreadEventExecutor$4.run(SingleThreadEventExecutor.java:989)
	at io.netty.util.internal.ThreadExecutorMap$2.run(ThreadExecutorMap.java:74)
	at io.netty.util.concurrent.FastThreadLocalRunnable.run(FastThreadLocalRunnable.java:30)
	at java.base/java.lang.Thread.run(Thread.java:829)
2026-02-23 03:06:49.914 - [WARN ] - esl
org.freeswitch.esl.client.inbound.InboundConnectionException: Could not connect to /61.158.166.45:8021
	at org.freeswitch.esl.client.inbound.Client.connect(Client.java:134)
	at cn.psycall.ccmgt.util.FreeSwitchManage.monitor(FreeSwitchManage.java:86)
	at cn.psycall.ccmgt.util.FreeSwitchManage.run(FreeSwitchManage.java:42)
Caused by: io.netty.channel.AbstractChannel$AnnotatedConnectException: Connection refused: /61.158.166.45:8021
Caused by: java.net.ConnectException: Connection refused
	at java.base/sun.nio.ch.SocketChannelImpl.checkConnect(Native Method)
	at java.base/sun.nio.ch.SocketChannelImpl.finishConnect(SocketChannelImpl.java:777)
	at io.netty.channel.socket.nio.NioSocketChannel.doFinishConnect(NioSocketChannel.java:330)
	at io.netty.channel.nio.AbstractNioChannel$AbstractNioUnsafe.finishConnect(AbstractNioChannel.java:334)
	at io.netty.channel.nio.NioEventLoop.processSelectedKey(NioEventLoop.java:707)
	at io.netty.channel.nio.NioEventLoop.processSelectedKeysOptimized(NioEventLoop.java:655)
	at io.netty.channel.nio.NioEventLoop.processSelectedKeys(NioEventLoop.java:581)
	at io.netty.channel.nio.NioEventLoop.run(NioEventLoop.java:493)
	at io.netty.util.concurrent.SingleThreadEventExecutor$4.run(SingleThreadEventExecutor.java:989)
	at io.netty.util.internal.ThreadExecutorMap$2.run(ThreadExecutorMap.java:74)
	at io.netty.util.concurrent.FastThreadLocalRunnable.run(FastThreadLocalRunnable.java:30)
	at java.base/java.lang.Thread.run(Thread.java:829)
2026-02-23 03:06:49.978 - [WARN ] - esl
org.freeswitch.esl.client.inbound.InboundConnectionException: Could not connect to /61.158.166.46:8021
	at org.freeswitch.esl.client.inbound.Client.connect(Client.java:134)
	at cn.psycall.ccmgt.util.FreeSwitchManage.monitor(FreeSwitchManage.java:86)
	at cn.psycall.ccmgt.util.FreeSwitchManage.run(FreeSwitchManage.java:42)
Caused by: io.netty.channel.AbstractChannel$AnnotatedConnectException: Connection refused: /61.158.166.46:8021
Caused by: java.net.ConnectException: Connection refused
	at java.base/sun.nio.ch.SocketChannelImpl.checkConnect(Native Method)
	at java.base/sun.nio.ch.SocketChannelImpl.finishConnect(SocketChannelImpl.java:777)
	at io.netty.channel.socket.nio.NioSocketChannel.doFinishConnect(NioSocketChannel.java:330)
	at io.netty.channel.nio.AbstractNioChannel$AbstractNioUnsafe.finishConnect(AbstractNioChannel.java:334)
	at io.netty.channel.nio.NioEventLoop.processSelectedKey(NioEventLoop.java:707)
	at io.netty.channel.nio.NioEventLoop.processSelectedKeysOptimized(NioEventLoop.java:655)
	at io.netty.channel.nio.NioEventLoop.processSelectedKeys(NioEventLoop.java:581)
	at io.netty.channel.nio.NioEventLoop.run(NioEventLoop.java:493)
	at io.netty.util.concurrent.SingleThreadEventExecutor$4.run(SingleThreadEventExecutor.java:989)
	at io.netty.util.internal.ThreadExecutorMap$2.run(ThreadExecutorMap.java:74)
	at io.netty.util.concurrent.FastThreadLocalRunnable.run(FastThreadLocalRunnable.java:30)
	at java.base/java.lang.Thread.run(Thread.java:829)
2026-02-23 03:06:51.041 - [WARN ] - esl
org.freeswitch.esl.client.inbound.InboundConnectionException: Could not connect to /61.158.166.45:8021
	at org.freeswitch.esl.client.inbound.Client.connect(Client.java:134)
	at cn.psycall.ccmgt.util.FreeSwitchManage.monitor(FreeSwitchManage.java:86)
	at cn.psycall.ccmgt.util.FreeSwitchManage.run(FreeSwitchManage.java:42)
Caused by: io.netty.channel.AbstractChannel$AnnotatedConnectException: Connection refused: /61.158.166.45:8021
Caused by: java.net.ConnectException: Connection refused
	at java.base/sun.nio.ch.SocketChannelImpl.checkConnect(Native Method)
	at java.base/sun.nio.ch.SocketChannelImpl.finishConnect(SocketChannelImpl.java:777)
	at io.netty.channel.socket.nio.NioSocketChannel.doFinishConnect(NioSocketChannel.java:330)
	at io.netty.channel.nio.AbstractNioChannel$AbstractNioUnsafe.finishConnect(AbstractNioChannel.java:334)
	at io.netty.channel.nio.NioEventLoop.processSelectedKey(NioEventLoop.java:707)
	at io.netty.channel.nio.NioEventLoop.processSelectedKeysOptimized(NioEventLoop.java:655)
	at io.netty.channel.nio.NioEventLoop.processSelectedKeys(NioEventLoop.java:581)
	at io.netty.channel.nio.NioEventLoop.run(NioEventLoop.java:493)
	at io.netty.util.concurrent.SingleThreadEventExecutor$4.run(SingleThreadEventExecutor.java:989)
	at io.netty.util.internal.ThreadExecutorMap$2.run(ThreadExecutorMap.java:74)
	at io.netty.util.concurrent.FastThreadLocalRunnable.run(FastThreadLocalRunnable.java:30)
	at java.base/java.lang.Thread.run(Thread.java:829)
2026-02-23 03:06:51.128 - [WARN ] - esl
org.freeswitch.esl.client.inbound.InboundConnectionException: Could not connect to /61.158.166.46:8021
	at org.freeswitch.esl.client.inbound.Client.connect(Client.java:134)
	at cn.psycall.ccmgt.util.FreeSwitchManage.monitor(FreeSwitchManage.java:86)
	at cn.psycall.ccmgt.util.FreeSwitchManage.run(FreeSwitchManage.java:42)
Caused by: io.netty.channel.AbstractChannel$AnnotatedConnectException: Connection refused: /61.158.166.46:8021
Caused by: java.net.ConnectException: Connection refused
	at java.base/sun.nio.ch.SocketChannelImpl.checkConnect(Native Method)
	at java.base/sun.nio.ch.SocketChannelImpl.finishConnect(SocketChannelImpl.java:777)
	at io.netty.channel.socket.nio.NioSocketChannel.doFinishConnect(NioSocketChannel.java:330)
	at io.netty.channel.nio.AbstractNioChannel$AbstractNioUnsafe.finishConnect(AbstractNioChannel.java:334)
	at io.netty.channel.nio.NioEventLoop.processSelectedKey(NioEventLoop.java:707)
	at io.netty.channel.nio.NioEventLoop.processSelectedKeysOptimized(NioEventLoop.java:655)
	at io.netty.channel.nio.NioEventLoop.processSelectedKeys(NioEventLoop.java:581)
	at io.netty.channel.nio.NioEventLoop.run(NioEventLoop.java:493)
	at io.netty.util.concurrent.SingleThreadEventExecutor$4.run(SingleThreadEventExecutor.java:989)
	at io.netty.util.internal.ThreadExecutorMap$2.run(ThreadExecutorMap.java:74)
	at io.netty.util.concurrent.FastThreadLocalRunnable.run(FastThreadLocalRunnable.java:30)
	at java.base/java.lang.Thread.run(Thread.java:829)
2026-02-23 03:06:52.208 - [WARN ] - esl
org.freeswitch.esl.client.inbound.InboundConnectionException: Could not connect to /61.158.166.45:8021
	at org.freeswitch.esl.client.inbound.Client.connect(Client.java:134)
	at cn.psycall.ccmgt.util.FreeSwitchManage.monitor(FreeSwitchManage.java:86)
	at cn.psycall.ccmgt.util.FreeSwitchManage.run(FreeSwitchManage.java:42)
Caused by: io.netty.channel.AbstractChannel$AnnotatedConnectException: Connection refused: /61.158.166.45:8021
Caused by: java.net.ConnectException: Connection refused
	at java.base/sun.nio.ch.SocketChannelImpl.checkConnect(Native Method)
	at java.base/sun.nio.ch.SocketChannelImpl.finishConnect(SocketChannelImpl.java:777)
	at io.netty.channel.socket.nio.NioSocketChannel.doFinishConnect(NioSocketChannel.java:330)
	at io.netty.channel.nio.AbstractNioChannel$AbstractNioUnsafe.finishConnect(AbstractNioChannel.java:334)
	at io.netty.channel.nio.NioEventLoop.processSelectedKey(NioEventLoop.java:707)
	at io.netty.channel.nio.NioEventLoop.processSelectedKeysOptimized(NioEventLoop.java:655)
	at io.netty.channel.nio.NioEventLoop.processSelectedKeys(NioEventLoop.java:581)
	at io.netty.channel.nio.NioEventLoop.run(NioEventLoop.java:493)
	at io.netty.util.concurrent.SingleThreadEventExecutor$4.run(SingleThreadEventExecutor.java:989)
	at io.netty.util.internal.ThreadExecutorMap$2.run(ThreadExecutorMap.java:74)
	at io.netty.util.concurrent.FastThreadLocalRunnable.run(FastThreadLocalRunnable.java:30)
	at java.base/java.lang.Thread.run(Thread.java:829)
2026-02-23 03:06:52.319 - [WARN ] - esl
org.freeswitch.esl.client.inbound.InboundConnectionException: Could not connect to /61.158.166.46:8021
	at org.freeswitch.esl.client.inbound.Client.connect(Client.java:134)
	at cn.psycall.ccmgt.util.FreeSwitchManage.monitor(FreeSwitchManage.java:86)
	at cn.psycall.ccmgt.util.FreeSwitchManage.run(FreeSwitchManage.java:42)
Caused by: io.netty.channel.AbstractChannel$AnnotatedConnectException: Connection refused: /61.158.166.46:8021
Caused by: java.net.ConnectException: Connection refused
	at java.base/sun.nio.ch.SocketChannelImpl.checkConnect(Native Method)
	at java.base/sun.nio.ch.SocketChannelImpl.finishConnect(SocketChannelImpl.java:777)
	at io.netty.channel.socket.nio.NioSocketChannel.doFinishConnect(NioSocketChannel.java:330)
	at io.netty.channel.nio.AbstractNioChannel$AbstractNioUnsafe.finishConnect(AbstractNioChannel.java:334)
	at io.netty.channel.nio.NioEventLoop.processSelectedKey(NioEventLoop.java:707)
	at io.netty.channel.nio.NioEventLoop.processSelectedKeysOptimized(NioEventLoop.java:655)
	at io.netty.channel.nio.NioEventLoop.processSelectedKeys(NioEventLoop.java:581)
	at io.netty.channel.nio.NioEventLoop.run(NioEventLoop.java:493)
	at io.netty.util.concurrent.SingleThreadEventExecutor$4.run(SingleThreadEventExecutor.java:989)
	at io.netty.util.internal.ThreadExecutorMap$2.run(ThreadExecutorMap.java:74)
	at io.netty.util.concurrent.FastThreadLocalRunnable.run(FastThreadLocalRunnable.java:30)
	at java.base/java.lang.Thread.run(Thread.java:829)
2026-02-23 03:06:53.426 - [WARN ] - esl
org.freeswitch.esl.client.inbound.InboundConnectionException: Could not connect to /61.158.166.45:8021
	at org.freeswitch.esl.client.inbound.Client.connect(Client.java:134)
	at cn.psycall.ccmgt.util.FreeSwitchManage.monitor(FreeSwitchManage.java:86)
	at cn.psycall.ccmgt.util.FreeSwitchManage.run(FreeSwitchManage.java:42)
Caused by: io.netty.channel.AbstractChannel$AnnotatedConnectException: Connection refused: /61.158.166.45:8021
Caused by: java.net.ConnectException: Connection refused
	at java.base/sun.nio.ch.SocketChannelImpl.checkConnect(Native Method)
	at java.base/sun.nio.ch.SocketChannelImpl.finishConnect(SocketChannelImpl.java:777)
	at io.netty.channel.socket.nio.NioSocketChannel.doFinishConnect(NioSocketChannel.java:330)
	at io.netty.channel.nio.AbstractNioChannel$AbstractNioUnsafe.finishConnect(AbstractNioChannel.java:334)
	at io.netty.channel.nio.NioEventLoop.processSelectedKey(NioEventLoop.java:707)
	at io.netty.channel.nio.NioEventLoop.processSelectedKeysOptimized(NioEventLoop.java:655)
	at io.netty.channel.nio.NioEventLoop.processSelectedKeys(NioEventLoop.java:581)
	at io.netty.channel.nio.NioEventLoop.run(NioEventLoop.java:493)
	at io.netty.util.concurrent.SingleThreadEventExecutor$4.run(SingleThreadEventExecutor.java:989)
	at io.netty.util.internal.ThreadExecutorMap$2.run(ThreadExecutorMap.java:74)
	at io.netty.util.concurrent.FastThreadLocalRunnable.run(FastThreadLocalRunnable.java:30)
	at java.base/java.lang.Thread.run(Thread.java:829)
2026-02-23 03:06:53.530 - [WARN ] - esl
org.freeswitch.esl.client.inbound.InboundConnectionException: Could not connect to /61.158.166.46:8021
	at org.freeswitch.esl.client.inbound.Client.connect(Client.java:134)
	at cn.psycall.ccmgt.util.FreeSwitchManage.monitor(FreeSwitchManage.java:86)
	at cn.psycall.ccmgt.util.FreeSwitchManage.run(FreeSwitchManage.java:42)
Caused by: io.netty.channel.AbstractChannel$AnnotatedConnectException: Connection refused: /61.158.166.46:8021
Caused by: java.net.ConnectException: Connection refused
	at java.base/sun.nio.ch.SocketChannelImpl.checkConnect(Native Method)
	at java.base/sun.nio.ch.SocketChannelImpl.finishConnect(SocketChannelImpl.java:777)
	at io.netty.channel.socket.nio.NioSocketChannel.doFinishConnect(NioSocketChannel.java:330)
	at io.netty.channel.nio.AbstractNioChannel$AbstractNioUnsafe.finishConnect(AbstractNioChannel.java:334)
	at io.netty.channel.nio.NioEventLoop.processSelectedKey(NioEventLoop.java:707)
	at io.netty.channel.nio.NioEventLoop.processSelectedKeysOptimized(NioEventLoop.java:655)
	at io.netty.channel.nio.NioEventLoop.processSelectedKeys(NioEventLoop.java:581)
	at io.netty.channel.nio.NioEventLoop.run(NioEventLoop.java:493)
	at io.netty.util.concurrent.SingleThreadEventExecutor$4.run(SingleThreadEventExecutor.java:989)
	at io.netty.util.internal.ThreadExecutorMap$2.run(ThreadExecutorMap.java:74)
	at io.netty.util.concurrent.FastThreadLocalRunnable.run(FastThreadLocalRunnable.java:30)
	at java.base/java.lang.Thread.run(Thread.java:829)
2026-02-23 03:06:54.617 - [WARN ] - esl
org.freeswitch.esl.client.inbound.InboundConnectionException: Could not connect to /61.158.166.45:8021
	at org.freeswitch.esl.client.inbound.Client.connect(Client.java:134)
	at cn.psycall.ccmgt.util.FreeSwitchManage.monitor(FreeSwitchManage.java:86)
	at cn.psycall.ccmgt.util.FreeSwitchManage.run(FreeSwitchManage.java:42)
Caused by: io.netty.channel.AbstractChannel$AnnotatedConnectException: Connection refused: /61.158.166.45:8021
Caused by: java.net.ConnectException: Connection refused
	at java.base/sun.nio.ch.SocketChannelImpl.checkConnect(Native Method)
	at java.base/sun.nio.ch.SocketChannelImpl.finishConnect(SocketChannelImpl.java:777)
	at io.netty.channel.socket.nio.NioSocketChannel.doFinishConnect(NioSocketChannel.java:330)
	at io.netty.channel.nio.AbstractNioChannel$AbstractNioUnsafe.finishConnect(AbstractNioChannel.java:334)
	at io.netty.channel.nio.NioEventLoop.processSelectedKey(NioEventLoop.java:707)
	at io.netty.channel.nio.NioEventLoop.processSelectedKeysOptimized(NioEventLoop.java:655)
	at io.netty.channel.nio.NioEventLoop.processSelectedKeys(NioEventLoop.java:581)
	at io.netty.channel.nio.NioEventLoop.run(NioEventLoop.java:493)
	at io.netty.util.concurrent.SingleThreadEventExecutor$4.run(SingleThreadEventExecutor.java:989)
	at io.netty.util.internal.ThreadExecutorMap$2.run(ThreadExecutorMap.java:74)
	at io.netty.util.concurrent.FastThreadLocalRunnable.run(FastThreadLocalRunnable.java:30)
	at java.base/java.lang.Thread.run(Thread.java:829)
2026-02-23 03:06:54.704 - [WARN ] - esl
org.freeswitch.esl.client.inbound.InboundConnectionException: Could not connect to /61.158.166.46:8021
	at org.freeswitch.esl.client.inbound.Client.connect(Client.java:134)
	at cn.psycall.ccmgt.util.FreeSwitchManage.monitor(FreeSwitchManage.java:86)
	at cn.psycall.ccmgt.util.FreeSwitchManage.run(FreeSwitchManage.java:42)
Caused by: io.netty.channel.AbstractChannel$AnnotatedConnectException: Connection refused: /61.158.166.46:8021
Caused by: java.net.ConnectException: Connection refused
	at java.base/sun.nio.ch.SocketChannelImpl.checkConnect(Native Method)
	at java.base/sun.nio.ch.SocketChannelImpl.finishConnect(SocketChannelImpl.java:777)
	at io.netty.channel.socket.nio.NioSocketChannel.doFinishConnect(NioSocketChannel.java:330)
	at io.netty.channel.nio.AbstractNioChannel$AbstractNioUnsafe.finishConnect(AbstractNioChannel.java:334)
	at io.netty.channel.nio.NioEventLoop.processSelectedKey(NioEventLoop.java:707)
	at io.netty.channel.nio.NioEventLoop.processSelectedKeysOptimized(NioEventLoop.java:655)
	at io.netty.channel.nio.NioEventLoop.processSelectedKeys(NioEventLoop.java:581)
	at io.netty.channel.nio.NioEventLoop.run(NioEventLoop.java:493)
	at io.netty.util.concurrent.SingleThreadEventExecutor$4.run(SingleThreadEventExecutor.java:989)
	at io.netty.util.internal.ThreadExecutorMap$2.run(ThreadExecutorMap.java:74)
	at io.netty.util.concurrent.FastThreadLocalRunnable.run(FastThreadLocalRunnable.java:30)
	at java.base/java.lang.Thread.run(Thread.java:829)
2026-02-23 03:06:55.787 - [WARN ] - esl
org.freeswitch.esl.client.inbound.InboundConnectionException: Could not connect to /61.158.166.45:8021
	at org.freeswitch.esl.client.inbound.Client.connect(Client.java:134)
	at cn.psycall.ccmgt.util.FreeSwitchManage.monitor(FreeSwitchManage.java:86)
	at cn.psycall.ccmgt.util.FreeSwitchManage.run(FreeSwitchManage.java:42)
Caused by: io.netty.channel.AbstractChannel$AnnotatedConnectException: Connection refused: /61.158.166.45:8021
Caused by: java.net.ConnectException: Connection refused
	at java.base/sun.nio.ch.SocketChannelImpl.checkConnect(Native Method)
	at java.base/sun.nio.ch.SocketChannelImpl.finishConnect(SocketChannelImpl.java:777)
	at io.netty.channel.socket.nio.NioSocketChannel.doFinishConnect(NioSocketChannel.java:330)
	at io.netty.channel.nio.AbstractNioChannel$AbstractNioUnsafe.finishConnect(AbstractNioChannel.java:334)
	at io.netty.channel.nio.NioEventLoop.processSelectedKey(NioEventLoop.java:707)
	at io.netty.channel.nio.NioEventLoop.processSelectedKeysOptimized(NioEventLoop.java:655)
	at io.netty.channel.nio.NioEventLoop.processSelectedKeys(NioEventLoop.java:581)
	at io.netty.channel.nio.NioEventLoop.run(NioEventLoop.java:493)
	at io.netty.util.concurrent.SingleThreadEventExecutor$4.run(SingleThreadEventExecutor.java:989)
	at io.netty.util.internal.ThreadExecutorMap$2.run(ThreadExecutorMap.java:74)
	at io.netty.util.concurrent.FastThreadLocalRunnable.run(FastThreadLocalRunnable.java:30)
	at java.base/java.lang.Thread.run(Thread.java:829)
2026-02-23 03:06:55.865 - [WARN ] - esl
org.freeswitch.esl.client.inbound.InboundConnectionException: Could not connect to /61.158.166.46:8021
	at org.freeswitch.esl.client.inbound.Client.connect(Client.java:134)
	at cn.psycall.ccmgt.util.FreeSwitchManage.monitor(FreeSwitchManage.java:86)
	at cn.psycall.ccmgt.util.FreeSwitchManage.run(FreeSwitchManage.java:42)
Caused by: io.netty.channel.AbstractChannel$AnnotatedConnectException: Connection refused: /61.158.166.46:8021
Caused by: java.net.ConnectException: Connection refused
	at java.base/sun.nio.ch.SocketChannelImpl.checkConnect(Native Method)
	at java.base/sun.nio.ch.SocketChannelImpl.finishConnect(SocketChannelImpl.java:777)
	at io.netty.channel.socket.nio.NioSocketChannel.doFinishConnect(NioSocketChannel.java:330)
	at io.netty.channel.nio.AbstractNioChannel$AbstractNioUnsafe.finishConnect(AbstractNioChannel.java:334)
	at io.netty.channel.nio.NioEventLoop.processSelectedKey(NioEventLoop.java:707)
	at io.netty.channel.nio.NioEventLoop.processSelectedKeysOptimized(NioEventLoop.java:655)
	at io.netty.channel.nio.NioEventLoop.processSelectedKeys(NioEventLoop.java:581)
	at io.netty.channel.nio.NioEventLoop.run(NioEventLoop.java:493)
	at io.netty.util.concurrent.SingleThreadEventExecutor$4.run(SingleThreadEventExecutor.java:989)
	at io.netty.util.internal.ThreadExecutorMap$2.run(ThreadExecutorMap.java:74)
	at io.netty.util.concurrent.FastThreadLocalRunnable.run(FastThreadLocalRunnable.java:30)
	at java.base/java.lang.Thread.run(Thread.java:829)
2026-02-23 03:06:56.954 - [WARN ] - esl
org.freeswitch.esl.client.inbound.InboundConnectionException: Could not connect to /61.158.166.45:8021
	at org.freeswitch.esl.client.inbound.Client.connect(Client.java:134)
	at cn.psycall.ccmgt.util.FreeSwitchManage.monitor(FreeSwitchManage.java:86)
	at cn.psycall.ccmgt.util.FreeSwitchManage.run(FreeSwitchManage.java:42)
Caused by: io.netty.channel.AbstractChannel$AnnotatedConnectException: Connection refused: /61.158.166.45:8021
Caused by: java.net.ConnectException: Connection refused
	at java.base/sun.nio.ch.SocketChannelImpl.checkConnect(Native Method)
	at java.base/sun.nio.ch.SocketChannelImpl.finishConnect(SocketChannelImpl.java:777)
	at io.netty.channel.socket.nio.NioSocketChannel.doFinishConnect(NioSocketChannel.java:330)
	at io.netty.channel.nio.AbstractNioChannel$AbstractNioUnsafe.finishConnect(AbstractNioChannel.java:334)
	at io.netty.channel.nio.NioEventLoop.processSelectedKey(NioEventLoop.java:707)
	at io.netty.channel.nio.NioEventLoop.processSelectedKeysOptimized(NioEventLoop.java:655)
	at io.netty.channel.nio.NioEventLoop.processSelectedKeys(NioEventLoop.java:581)
	at io.netty.channel.nio.NioEventLoop.run(NioEventLoop.java:493)
	at io.netty.util.concurrent.SingleThreadEventExecutor$4.run(SingleThreadEventExecutor.java:989)
	at io.netty.util.internal.ThreadExecutorMap$2.run(ThreadExecutorMap.java:74)
	at io.netty.util.concurrent.FastThreadLocalRunnable.run(FastThreadLocalRunnable.java:30)
	at java.base/java.lang.Thread.run(Thread.java:829)
2026-02-23 03:06:57.040 - [WARN ] - esl
org.freeswitch.esl.client.inbound.InboundConnectionException: Could not connect to /61.158.166.46:8021
	at org.freeswitch.esl.client.inbound.Client.connect(Client.java:134)
	at cn.psycall.ccmgt.util.FreeSwitchManage.monitor(FreeSwitchManage.java:86)
	at cn.psycall.ccmgt.util.FreeSwitchManage.run(FreeSwitchManage.java:42)
Caused by: io.netty.channel.AbstractChannel$AnnotatedConnectException: Connection refused: /61.158.166.46:8021
Caused by: java.net.ConnectException: Connection refused
	at java.base/sun.nio.ch.SocketChannelImpl.checkConnect(Native Method)
	at java.base/sun.nio.ch.SocketChannelImpl.finishConnect(SocketChannelImpl.java:777)
	at io.netty.channel.socket.nio.NioSocketChannel.doFinishConnect(NioSocketChannel.java:330)
	at io.netty.channel.nio.AbstractNioChannel$AbstractNioUnsafe.finishConnect(AbstractNioChannel.java:334)
	at io.netty.channel.nio.NioEventLoop.processSelectedKey(NioEventLoop.java:707)
	at io.netty.channel.nio.NioEventLoop.processSelectedKeysOptimized(NioEventLoop.java:655)
	at io.netty.channel.nio.NioEventLoop.processSelectedKeys(NioEventLoop.java:581)
	at io.netty.channel.nio.NioEventLoop.run(NioEventLoop.java:493)
	at io.netty.util.concurrent.SingleThreadEventExecutor$4.run(SingleThreadEventExecutor.java:989)
	at io.netty.util.internal.ThreadExecutorMap$2.run(ThreadExecutorMap.java:74)
	at io.netty.util.concurrent.FastThreadLocalRunnable.run(FastThreadLocalRunnable.java:30)
	at java.base/java.lang.Thread.run(Thread.java:829)
2026-02-23 03:06:58.124 - [WARN ] - esl
org.freeswitch.esl.client.inbound.InboundConnectionException: Could not connect to /61.158.166.45:8021
	at org.freeswitch.esl.client.inbound.Client.connect(Client.java:134)
	at cn.psycall.ccmgt.util.FreeSwitchManage.monitor(FreeSwitchManage.java:86)
	at cn.psycall.ccmgt.util.FreeSwitchManage.run(FreeSwitchManage.java:42)
Caused by: io.netty.channel.AbstractChannel$AnnotatedConnectException: Connection refused: /61.158.166.45:8021
Caused by: java.net.ConnectException: Connection refused
	at java.base/sun.nio.ch.SocketChannelImpl.checkConnect(Native Method)
	at java.base/sun.nio.ch.SocketChannelImpl.finishConnect(SocketChannelImpl.java:777)
	at io.netty.channel.socket.nio.NioSocketChannel.doFinishConnect(NioSocketChannel.java:330)
	at io.netty.channel.nio.AbstractNioChannel$AbstractNioUnsafe.finishConnect(AbstractNioChannel.java:334)
	at io.netty.channel.nio.NioEventLoop.processSelectedKey(NioEventLoop.java:707)
	at io.netty.channel.nio.NioEventLoop.processSelectedKeysOptimized(NioEventLoop.java:655)
	at io.netty.channel.nio.NioEventLoop.processSelectedKeys(NioEventLoop.java:581)
	at io.netty.channel.nio.NioEventLoop.run(NioEventLoop.java:493)
	at io.netty.util.concurrent.SingleThreadEventExecutor$4.run(SingleThreadEventExecutor.java:989)
	at io.netty.util.internal.ThreadExecutorMap$2.run(ThreadExecutorMap.java:74)
	at io.netty.util.concurrent.FastThreadLocalRunnable.run(FastThreadLocalRunnable.java:30)
	at java.base/java.lang.Thread.run(Thread.java:829)
2026-02-23 03:06:58.192 - [WARN ] - esl
org.freeswitch.esl.client.inbound.InboundConnectionException: Could not connect to /61.158.166.46:8021
	at org.freeswitch.esl.client.inbound.Client.connect(Client.java:134)
	at cn.psycall.ccmgt.util.FreeSwitchManage.monitor(FreeSwitchManage.java:86)
	at cn.psycall.ccmgt.util.FreeSwitchManage.run(FreeSwitchManage.java:42)
Caused by: io.netty.channel.AbstractChannel$AnnotatedConnectException: Connection refused: /61.158.166.46:8021
Caused by: java.net.ConnectException: Connection refused
	at java.base/sun.nio.ch.SocketChannelImpl.checkConnect(Native Method)
	at java.base/sun.nio.ch.SocketChannelImpl.finishConnect(SocketChannelImpl.java:777)
	at io.netty.channel.socket.nio.NioSocketChannel.doFinishConnect(NioSocketChannel.java:330)
	at io.netty.channel.nio.AbstractNioChannel$AbstractNioUnsafe.finishConnect(AbstractNioChannel.java:334)
	at io.netty.channel.nio.NioEventLoop.processSelectedKey(NioEventLoop.java:707)
	at io.netty.channel.nio.NioEventLoop.processSelectedKeysOptimized(NioEventLoop.java:655)
	at io.netty.channel.nio.NioEventLoop.processSelectedKeys(NioEventLoop.java:581)
	at io.netty.channel.nio.NioEventLoop.run(NioEventLoop.java:493)
	at io.netty.util.concurrent.SingleThreadEventExecutor$4.run(SingleThreadEventExecutor.java:989)
	at io.netty.util.internal.ThreadExecutorMap$2.run(ThreadExecutorMap.java:74)
	at io.netty.util.concurrent.FastThreadLocalRunnable.run(FastThreadLocalRunnable.java:30)
	at java.base/java.lang.Thread.run(Thread.java:829)
2026-02-23 03:06:59.286 - [WARN ] - esl
org.freeswitch.esl.client.inbound.InboundConnectionException: Could not connect to /61.158.166.45:8021
	at org.freeswitch.esl.client.inbound.Client.connect(Client.java:134)
	at cn.psycall.ccmgt.util.FreeSwitchManage.monitor(FreeSwitchManage.java:86)
	at cn.psycall.ccmgt.util.FreeSwitchManage.run(FreeSwitchManage.java:42)
Caused by: io.netty.channel.AbstractChannel$AnnotatedConnectException: Connection refused: /61.158.166.45:8021
Caused by: java.net.ConnectException: Connection refused
	at java.base/sun.nio.ch.SocketChannelImpl.checkConnect(Native Method)
	at java.base/sun.nio.ch.SocketChannelImpl.finishConnect(SocketChannelImpl.java:777)
	at io.netty.channel.socket.nio.NioSocketChannel.doFinishConnect(NioSocketChannel.java:330)
	at io.netty.channel.nio.AbstractNioChannel$AbstractNioUnsafe.finishConnect(AbstractNioChannel.java:334)
	at io.netty.channel.nio.NioEventLoop.processSelectedKey(NioEventLoop.java:707)
	at io.netty.channel.nio.NioEventLoop.processSelectedKeysOptimized(NioEventLoop.java:655)
	at io.netty.channel.nio.NioEventLoop.processSelectedKeys(NioEventLoop.java:581)
	at io.netty.channel.nio.NioEventLoop.run(NioEventLoop.java:493)
	at io.netty.util.concurrent.SingleThreadEventExecutor$4.run(SingleThreadEventExecutor.java:989)
	at io.netty.util.internal.ThreadExecutorMap$2.run(ThreadExecutorMap.java:74)
	at io.netty.util.concurrent.FastThreadLocalRunnable.run(FastThreadLocalRunnable.java:30)
	at java.base/java.lang.Thread.run(Thread.java:829)
2026-02-23 03:06:59.379 - [WARN ] - esl
org.freeswitch.esl.client.inbound.InboundConnectionException: Could not connect to /61.158.166.46:8021
	at org.freeswitch.esl.client.inbound.Client.connect(Client.java:134)
	at cn.psycall.ccmgt.util.FreeSwitchManage.monitor(FreeSwitchManage.java:86)
	at cn.psycall.ccmgt.util.FreeSwitchManage.run(FreeSwitchManage.java:42)
Caused by: io.netty.channel.AbstractChannel$AnnotatedConnectException: Connection refused: /61.158.166.46:8021
Caused by: java.net.ConnectException: Connection refused
	at java.base/sun.nio.ch.SocketChannelImpl.checkConnect(Native Method)
	at java.base/sun.nio.ch.SocketChannelImpl.finishConnect(SocketChannelImpl.java:777)
	at io.netty.channel.socket.nio.NioSocketChannel.doFinishConnect(NioSocketChannel.java:330)
	at io.netty.channel.nio.AbstractNioChannel$AbstractNioUnsafe.finishConnect(AbstractNioChannel.java:334)
	at io.netty.channel.nio.NioEventLoop.processSelectedKey(NioEventLoop.java:707)
	at io.netty.channel.nio.NioEventLoop.processSelectedKeysOptimized(NioEventLoop.java:655)
	at io.netty.channel.nio.NioEventLoop.processSelectedKeys(NioEventLoop.java:581)
	at io.netty.channel.nio.NioEventLoop.run(NioEventLoop.java:493)
	at io.netty.util.concurrent.SingleThreadEventExecutor$4.run(SingleThreadEventExecutor.java:989)
	at io.netty.util.internal.ThreadExecutorMap$2.run(ThreadExecutorMap.java:74)
	at io.netty.util.concurrent.FastThreadLocalRunnable.run(FastThreadLocalRunnable.java:30)
	at java.base/java.lang.Thread.run(Thread.java:829)
2026-02-23 03:07:00.459 - [WARN ] - esl
org.freeswitch.esl.client.inbound.InboundConnectionException: Could not connect to /61.158.166.45:8021
	at org.freeswitch.esl.client.inbound.Client.connect(Client.java:134)
	at cn.psycall.ccmgt.util.FreeSwitchManage.monitor(FreeSwitchManage.java:86)
	at cn.psycall.ccmgt.util.FreeSwitchManage.run(FreeSwitchManage.java:42)
Caused by: io.netty.channel.AbstractChannel$AnnotatedConnectException: Connection refused: /61.158.166.45:8021
Caused by: java.net.ConnectException: Connection refused
	at java.base/sun.nio.ch.SocketChannelImpl.checkConnect(Native Method)
	at java.base/sun.nio.ch.SocketChannelImpl.finishConnect(SocketChannelImpl.java:777)
	at io.netty.channel.socket.nio.NioSocketChannel.doFinishConnect(NioSocketChannel.java:330)
	at io.netty.channel.nio.AbstractNioChannel$AbstractNioUnsafe.finishConnect(AbstractNioChannel.java:334)
	at io.netty.channel.nio.NioEventLoop.processSelectedKey(NioEventLoop.java:707)
	at io.netty.channel.nio.NioEventLoop.processSelectedKeysOptimized(NioEventLoop.java:655)
	at io.netty.channel.nio.NioEventLoop.processSelectedKeys(NioEventLoop.java:581)
	at io.netty.channel.nio.NioEventLoop.run(NioEventLoop.java:493)
	at io.netty.util.concurrent.SingleThreadEventExecutor$4.run(SingleThreadEventExecutor.java:989)
	at io.netty.util.internal.ThreadExecutorMap$2.run(ThreadExecutorMap.java:74)
	at io.netty.util.concurrent.FastThreadLocalRunnable.run(FastThreadLocalRunnable.java:30)
	at java.base/java.lang.Thread.run(Thread.java:829)
2026-02-23 03:07:00.540 - [WARN ] - esl
org.freeswitch.esl.client.inbound.InboundConnectionException: Could not connect to /61.158.166.46:8021
	at org.freeswitch.esl.client.inbound.Client.connect(Client.java:134)
	at cn.psycall.ccmgt.util.FreeSwitchManage.monitor(FreeSwitchManage.java:86)
	at cn.psycall.ccmgt.util.FreeSwitchManage.run(FreeSwitchManage.java:42)
Caused by: io.netty.channel.AbstractChannel$AnnotatedConnectException: Connection refused: /61.158.166.46:8021
Caused by: java.net.ConnectException: Connection refused
	at java.base/sun.nio.ch.SocketChannelImpl.checkConnect(Native Method)
	at java.base/sun.nio.ch.SocketChannelImpl.finishConnect(SocketChannelImpl.java:777)
	at io.netty.channel.socket.nio.NioSocketChannel.doFinishConnect(NioSocketChannel.java:330)
	at io.netty.channel.nio.AbstractNioChannel$AbstractNioUnsafe.finishConnect(AbstractNioChannel.java:334)
	at io.netty.channel.nio.NioEventLoop.processSelectedKey(NioEventLoop.java:707)
	at io.netty.channel.nio.NioEventLoop.processSelectedKeysOptimized(NioEventLoop.java:655)
	at io.netty.channel.nio.NioEventLoop.processSelectedKeys(NioEventLoop.java:581)
	at io.netty.channel.nio.NioEventLoop.run(NioEventLoop.java:493)
	at io.netty.util.concurrent.SingleThreadEventExecutor$4.run(SingleThreadEventExecutor.java:989)
	at io.netty.util.internal.ThreadExecutorMap$2.run(ThreadExecutorMap.java:74)
	at io.netty.util.concurrent.FastThreadLocalRunnable.run(FastThreadLocalRunnable.java:30)
	at java.base/java.lang.Thread.run(Thread.java:829)
2026-02-23 03:07:01.621 - [WARN ] - esl
org.freeswitch.esl.client.inbound.InboundConnectionException: Could not connect to /61.158.166.45:8021
	at org.freeswitch.esl.client.inbound.Client.connect(Client.java:134)
	at cn.psycall.ccmgt.util.FreeSwitchManage.monitor(FreeSwitchManage.java:86)
	at cn.psycall.ccmgt.util.FreeSwitchManage.run(FreeSwitchManage.java:42)
Caused by: io.netty.channel.AbstractChannel$AnnotatedConnectException: Connection refused: /61.158.166.45:8021
Caused by: java.net.ConnectException: Connection refused
	at java.base/sun.nio.ch.SocketChannelImpl.checkConnect(Native Method)
	at java.base/sun.nio.ch.SocketChannelImpl.finishConnect(SocketChannelImpl.java:777)
	at io.netty.channel.socket.nio.NioSocketChannel.doFinishConnect(NioSocketChannel.java:330)
	at io.netty.channel.nio.AbstractNioChannel$AbstractNioUnsafe.finishConnect(AbstractNioChannel.java:334)
	at io.netty.channel.nio.NioEventLoop.processSelectedKey(NioEventLoop.java:707)
	at io.netty.channel.nio.NioEventLoop.processSelectedKeysOptimized(NioEventLoop.java:655)
	at io.netty.channel.nio.NioEventLoop.processSelectedKeys(NioEventLoop.java:581)
	at io.netty.channel.nio.NioEventLoop.run(NioEventLoop.java:493)
	at io.netty.util.concurrent.SingleThreadEventExecutor$4.run(SingleThreadEventExecutor.java:989)
	at io.netty.util.internal.ThreadExecutorMap$2.run(ThreadExecutorMap.java:74)
	at io.netty.util.concurrent.FastThreadLocalRunnable.run(FastThreadLocalRunnable.java:30)
	at java.base/java.lang.Thread.run(Thread.java:829)
2026-02-23 03:07:01.704 - [WARN ] - esl
org.freeswitch.esl.client.inbound.InboundConnectionException: Could not connect to /61.158.166.46:8021
	at org.freeswitch.esl.client.inbound.Client.connect(Client.java:134)
	at cn.psycall.ccmgt.util.FreeSwitchManage.monitor(FreeSwitchManage.java:86)
	at cn.psycall.ccmgt.util.FreeSwitchManage.run(FreeSwitchManage.java:42)
Caused by: io.netty.channel.AbstractChannel$AnnotatedConnectException: Connection refused: /61.158.166.46:8021
Caused by: java.net.ConnectException: Connection refused
	at java.base/sun.nio.ch.SocketChannelImpl.checkConnect(Native Method)
	at java.base/sun.nio.ch.SocketChannelImpl.finishConnect(SocketChannelImpl.java:777)
	at io.netty.channel.socket.nio.NioSocketChannel.doFinishConnect(NioSocketChannel.java:330)
	at io.netty.channel.nio.AbstractNioChannel$AbstractNioUnsafe.finishConnect(AbstractNioChannel.java:334)
	at io.netty.channel.nio.NioEventLoop.processSelectedKey(NioEventLoop.java:707)
	at io.netty.channel.nio.NioEventLoop.processSelectedKeysOptimized(NioEventLoop.java:655)
	at io.netty.channel.nio.NioEventLoop.processSelectedKeys(NioEventLoop.java:581)
	at io.netty.channel.nio.NioEventLoop.run(NioEventLoop.java:493)
	at io.netty.util.concurrent.SingleThreadEventExecutor$4.run(SingleThreadEventExecutor.java:989)
	at io.netty.util.internal.ThreadExecutorMap$2.run(ThreadExecutorMap.java:74)
	at io.netty.util.concurrent.FastThreadLocalRunnable.run(FastThreadLocalRunnable.java:30)
	at java.base/java.lang.Thread.run(Thread.java:829)
2026-02-23 03:07:02.786 - [WARN ] - esl
org.freeswitch.esl.client.inbound.InboundConnectionException: Could not connect to /61.158.166.45:8021
	at org.freeswitch.esl.client.inbound.Client.connect(Client.java:134)
	at cn.psycall.ccmgt.util.FreeSwitchManage.monitor(FreeSwitchManage.java:86)
	at cn.psycall.ccmgt.util.FreeSwitchManage.run(FreeSwitchManage.java:42)
Caused by: io.netty.channel.AbstractChannel$AnnotatedConnectException: Connection refused: /61.158.166.45:8021
Caused by: java.net.ConnectException: Connection refused
	at java.base/sun.nio.ch.SocketChannelImpl.checkConnect(Native Method)
	at java.base/sun.nio.ch.SocketChannelImpl.finishConnect(SocketChannelImpl.java:777)
	at io.netty.channel.socket.nio.NioSocketChannel.doFinishConnect(NioSocketChannel.java:330)
	at io.netty.channel.nio.AbstractNioChannel$AbstractNioUnsafe.finishConnect(AbstractNioChannel.java:334)
	at io.netty.channel.nio.NioEventLoop.processSelectedKey(NioEventLoop.java:707)
	at io.netty.channel.nio.NioEventLoop.processSelectedKeysOptimized(NioEventLoop.java:655)
	at io.netty.channel.nio.NioEventLoop.processSelectedKeys(NioEventLoop.java:581)
	at io.netty.channel.nio.NioEventLoop.run(NioEventLoop.java:493)
	at io.netty.util.concurrent.SingleThreadEventExecutor$4.run(SingleThreadEventExecutor.java:989)
	at io.netty.util.internal.ThreadExecutorMap$2.run(ThreadExecutorMap.java:74)
	at io.netty.util.concurrent.FastThreadLocalRunnable.run(FastThreadLocalRunnable.java:30)
	at java.base/java.lang.Thread.run(Thread.java:829)
2026-02-23 03:07:02.859 - [WARN ] - esl
org.freeswitch.esl.client.inbound.InboundConnectionException: Could not connect to /61.158.166.46:8021
	at org.freeswitch.esl.client.inbound.Client.connect(Client.java:134)
	at cn.psycall.ccmgt.util.FreeSwitchManage.monitor(FreeSwitchManage.java:86)
	at cn.psycall.ccmgt.util.FreeSwitchManage.run(FreeSwitchManage.java:42)
Caused by: io.netty.channel.AbstractChannel$AnnotatedConnectException: Connection refused: /61.158.166.46:8021
Caused by: java.net.ConnectException: Connection refused
	at java.base/sun.nio.ch.SocketChannelImpl.checkConnect(Native Method)
	at java.base/sun.nio.ch.SocketChannelImpl.finishConnect(SocketChannelImpl.java:777)
	at io.netty.channel.socket.nio.NioSocketChannel.doFinishConnect(NioSocketChannel.java:330)
	at io.netty.channel.nio.AbstractNioChannel$AbstractNioUnsafe.finishConnect(AbstractNioChannel.java:334)
	at io.netty.channel.nio.NioEventLoop.processSelectedKey(NioEventLoop.java:707)
	at io.netty.channel.nio.NioEventLoop.processSelectedKeysOptimized(NioEventLoop.java:655)
	at io.netty.channel.nio.NioEventLoop.processSelectedKeys(NioEventLoop.java:581)
	at io.netty.channel.nio.NioEventLoop.run(NioEventLoop.java:493)
	at io.netty.util.concurrent.SingleThreadEventExecutor$4.run(SingleThreadEventExecutor.java:989)
	at io.netty.util.internal.ThreadExecutorMap$2.run(ThreadExecutorMap.java:74)
	at io.netty.util.concurrent.FastThreadLocalRunnable.run(FastThreadLocalRunnable.java:30)
	at java.base/java.lang.Thread.run(Thread.java:829)
2026-02-23 03:07:03.946 - [WARN ] - esl
org.freeswitch.esl.client.inbound.InboundConnectionException: Could not connect to /61.158.166.45:8021
	at org.freeswitch.esl.client.inbound.Client.connect(Client.java:134)
	at cn.psycall.ccmgt.util.FreeSwitchManage.monitor(FreeSwitchManage.java:86)
	at cn.psycall.ccmgt.util.FreeSwitchManage.run(FreeSwitchManage.java:42)
Caused by: io.netty.channel.AbstractChannel$AnnotatedConnectException: Connection refused: /61.158.166.45:8021
Caused by: java.net.ConnectException: Connection refused
	at java.base/sun.nio.ch.SocketChannelImpl.checkConnect(Native Method)
	at java.base/sun.nio.ch.SocketChannelImpl.finishConnect(SocketChannelImpl.java:777)
	at io.netty.channel.socket.nio.NioSocketChannel.doFinishConnect(NioSocketChannel.java:330)
	at io.netty.channel.nio.AbstractNioChannel$AbstractNioUnsafe.finishConnect(AbstractNioChannel.java:334)
	at io.netty.channel.nio.NioEventLoop.processSelectedKey(NioEventLoop.java:707)
	at io.netty.channel.nio.NioEventLoop.processSelectedKeysOptimized(NioEventLoop.java:655)
	at io.netty.channel.nio.NioEventLoop.processSelectedKeys(NioEventLoop.java:581)
	at io.netty.channel.nio.NioEventLoop.run(NioEventLoop.java:493)
	at io.netty.util.concurrent.SingleThreadEventExecutor$4.run(SingleThreadEventExecutor.java:989)
	at io.netty.util.internal.ThreadExecutorMap$2.run(ThreadExecutorMap.java:74)
	at io.netty.util.concurrent.FastThreadLocalRunnable.run(FastThreadLocalRunnable.java:30)
	at java.base/java.lang.Thread.run(Thread.java:829)
2026-02-23 03:07:04.040 - [WARN ] - esl
org.freeswitch.esl.client.inbound.InboundConnectionException: Could not connect to /61.158.166.46:8021
	at org.freeswitch.esl.client.inbound.Client.connect(Client.java:134)
	at cn.psycall.ccmgt.util.FreeSwitchManage.monitor(FreeSwitchManage.java:86)
	at cn.psycall.ccmgt.util.FreeSwitchManage.run(FreeSwitchManage.java:42)
Caused by: io.netty.channel.AbstractChannel$AnnotatedConnectException: Connection refused: /61.158.166.46:8021
Caused by: java.net.ConnectException: Connection refused
	at java.base/sun.nio.ch.SocketChannelImpl.checkConnect(Native Method)
	at java.base/sun.nio.ch.SocketChannelImpl.finishConnect(SocketChannelImpl.java:777)
	at io.netty.channel.socket.nio.NioSocketChannel.doFinishConnect(NioSocketChannel.java:330)
	at io.netty.channel.nio.AbstractNioChannel$AbstractNioUnsafe.finishConnect(AbstractNioChannel.java:334)
	at io.netty.channel.nio.NioEventLoop.processSelectedKey(NioEventLoop.java:707)
	at io.netty.channel.nio.NioEventLoop.processSelectedKeysOptimized(NioEventLoop.java:655)
	at io.netty.channel.nio.NioEventLoop.processSelectedKeys(NioEventLoop.java:581)
	at io.netty.channel.nio.NioEventLoop.run(NioEventLoop.java:493)
	at io.netty.util.concurrent.SingleThreadEventExecutor$4.run(SingleThreadEventExecutor.java:989)
	at io.netty.util.internal.ThreadExecutorMap$2.run(ThreadExecutorMap.java:74)
	at io.netty.util.concurrent.FastThreadLocalRunnable.run(FastThreadLocalRunnable.java:30)
	at java.base/java.lang.Thread.run(Thread.java:829)
2026-02-23 03:07:05.145 - [WARN ] - esl
org.freeswitch.esl.client.inbound.InboundConnectionException: Could not connect to /61.158.166.45:8021
	at org.freeswitch.esl.client.inbound.Client.connect(Client.java:134)
	at cn.psycall.ccmgt.util.FreeSwitchManage.monitor(FreeSwitchManage.java:86)
	at cn.psycall.ccmgt.util.FreeSwitchManage.run(FreeSwitchManage.java:42)
Caused by: io.netty.channel.AbstractChannel$AnnotatedConnectException: Connection refused: /61.158.166.45:8021
Caused by: java.net.ConnectException: Connection refused
	at java.base/sun.nio.ch.SocketChannelImpl.checkConnect(Native Method)
	at java.base/sun.nio.ch.SocketChannelImpl.finishConnect(SocketChannelImpl.java:777)
	at io.netty.channel.socket.nio.NioSocketChannel.doFinishConnect(NioSocketChannel.java:330)
	at io.netty.channel.nio.AbstractNioChannel$AbstractNioUnsafe.finishConnect(AbstractNioChannel.java:334)
	at io.netty.channel.nio.NioEventLoop.processSelectedKey(NioEventLoop.java:707)
	at io.netty.channel.nio.NioEventLoop.processSelectedKeysOptimized(NioEventLoop.java:655)
	at io.netty.channel.nio.NioEventLoop.processSelectedKeys(NioEventLoop.java:581)
	at io.netty.channel.nio.NioEventLoop.run(NioEventLoop.java:493)
	at io.netty.util.concurrent.SingleThreadEventExecutor$4.run(SingleThreadEventExecutor.java:989)
	at io.netty.util.internal.ThreadExecutorMap$2.run(ThreadExecutorMap.java:74)
	at io.netty.util.concurrent.FastThreadLocalRunnable.run(FastThreadLocalRunnable.java:30)
	at java.base/java.lang.Thread.run(Thread.java:829)
2026-02-23 03:07:05.223 - [WARN ] - esl
org.freeswitch.esl.client.inbound.InboundConnectionException: Could not connect to /61.158.166.46:8021
	at org.freeswitch.esl.client.inbound.Client.connect(Client.java:134)
	at cn.psycall.ccmgt.util.FreeSwitchManage.monitor(FreeSwitchManage.java:86)
	at cn.psycall.ccmgt.util.FreeSwitchManage.run(FreeSwitchManage.java:42)
Caused by: io.netty.channel.AbstractChannel$AnnotatedConnectException: Connection refused: /61.158.166.46:8021
Caused by: java.net.ConnectException: Connection refused
	at java.base/sun.nio.ch.SocketChannelImpl.checkConnect(Native Method)
	at java.base/sun.nio.ch.SocketChannelImpl.finishConnect(SocketChannelImpl.java:777)
	at io.netty.channel.socket.nio.NioSocketChannel.doFinishConnect(NioSocketChannel.java:330)
	at io.netty.channel.nio.AbstractNioChannel$AbstractNioUnsafe.finishConnect(AbstractNioChannel.java:334)
	at io.netty.channel.nio.NioEventLoop.processSelectedKey(NioEventLoop.java:707)
	at io.netty.channel.nio.NioEventLoop.processSelectedKeysOptimized(NioEventLoop.java:655)
	at io.netty.channel.nio.NioEventLoop.processSelectedKeys(NioEventLoop.java:581)
	at io.netty.channel.nio.NioEventLoop.run(NioEventLoop.java:493)
	at io.netty.util.concurrent.SingleThreadEventExecutor$4.run(SingleThreadEventExecutor.java:989)
	at io.netty.util.internal.ThreadExecutorMap$2.run(ThreadExecutorMap.java:74)
	at io.netty.util.concurrent.FastThreadLocalRunnable.run(FastThreadLocalRunnable.java:30)
	at java.base/java.lang.Thread.run(Thread.java:829)
2026-02-23 03:07:06.313 - [WARN ] - esl
org.freeswitch.esl.client.inbound.InboundConnectionException: Could not connect to /61.158.166.45:8021
	at org.freeswitch.esl.client.inbound.Client.connect(Client.java:134)
	at cn.psycall.ccmgt.util.FreeSwitchManage.monitor(FreeSwitchManage.java:86)
	at cn.psycall.ccmgt.util.FreeSwitchManage.run(FreeSwitchManage.java:42)
Caused by: io.netty.channel.AbstractChannel$AnnotatedConnectException: Connection refused: /61.158.166.45:8021
Caused by: java.net.ConnectException: Connection refused
	at java.base/sun.nio.ch.SocketChannelImpl.checkConnect(Native Method)
	at java.base/sun.nio.ch.SocketChannelImpl.finishConnect(SocketChannelImpl.java:777)
	at io.netty.channel.socket.nio.NioSocketChannel.doFinishConnect(NioSocketChannel.java:330)
	at io.netty.channel.nio.AbstractNioChannel$AbstractNioUnsafe.finishConnect(AbstractNioChannel.java:334)
	at io.netty.channel.nio.NioEventLoop.processSelectedKey(NioEventLoop.java:707)
	at io.netty.channel.nio.NioEventLoop.processSelectedKeysOptimized(NioEventLoop.java:655)
	at io.netty.channel.nio.NioEventLoop.processSelectedKeys(NioEventLoop.java:581)
	at io.netty.channel.nio.NioEventLoop.run(NioEventLoop.java:493)
	at io.netty.util.concurrent.SingleThreadEventExecutor$4.run(SingleThreadEventExecutor.java:989)
	at io.netty.util.internal.ThreadExecutorMap$2.run(ThreadExecutorMap.java:74)
	at io.netty.util.concurrent.FastThreadLocalRunnable.run(FastThreadLocalRunnable.java:30)
	at java.base/java.lang.Thread.run(Thread.java:829)
2026-02-23 03:07:06.403 - [WARN ] - esl
org.freeswitch.esl.client.inbound.InboundConnectionException: Could not connect to /61.158.166.46:8021
	at org.freeswitch.esl.client.inbound.Client.connect(Client.java:134)
	at cn.psycall.ccmgt.util.FreeSwitchManage.monitor(FreeSwitchManage.java:86)
	at cn.psycall.ccmgt.util.FreeSwitchManage.run(FreeSwitchManage.java:42)
Caused by: io.netty.channel.AbstractChannel$AnnotatedConnectException: Connection refused: /61.158.166.46:8021
Caused by: java.net.ConnectException: Connection refused
	at java.base/sun.nio.ch.SocketChannelImpl.checkConnect(Native Method)
	at java.base/sun.nio.ch.SocketChannelImpl.finishConnect(SocketChannelImpl.java:777)
	at io.netty.channel.socket.nio.NioSocketChannel.doFinishConnect(NioSocketChannel.java:330)
	at io.netty.channel.nio.AbstractNioChannel$AbstractNioUnsafe.finishConnect(AbstractNioChannel.java:334)
	at io.netty.channel.nio.NioEventLoop.processSelectedKey(NioEventLoop.java:707)
	at io.netty.channel.nio.NioEventLoop.processSelectedKeysOptimized(NioEventLoop.java:655)
	at io.netty.channel.nio.NioEventLoop.processSelectedKeys(NioEventLoop.java:581)
	at io.netty.channel.nio.NioEventLoop.run(NioEventLoop.java:493)
	at io.netty.util.concurrent.SingleThreadEventExecutor$4.run(SingleThreadEventExecutor.java:989)
	at io.netty.util.internal.ThreadExecutorMap$2.run(ThreadExecutorMap.java:74)
	at io.netty.util.concurrent.FastThreadLocalRunnable.run(FastThreadLocalRunnable.java:30)
	at java.base/java.lang.Thread.run(Thread.java:829)
2026-02-23 03:07:07.483 - [WARN ] - esl
org.freeswitch.esl.client.inbound.InboundConnectionException: Could not connect to /61.158.166.45:8021
	at org.freeswitch.esl.client.inbound.Client.connect(Client.java:134)
	at cn.psycall.ccmgt.util.FreeSwitchManage.monitor(FreeSwitchManage.java:86)
	at cn.psycall.ccmgt.util.FreeSwitchManage.run(FreeSwitchManage.java:42)
Caused by: io.netty.channel.AbstractChannel$AnnotatedConnectException: Connection refused: /61.158.166.45:8021
Caused by: java.net.ConnectException: Connection refused
	at java.base/sun.nio.ch.SocketChannelImpl.checkConnect(Native Method)
	at java.base/sun.nio.ch.SocketChannelImpl.finishConnect(SocketChannelImpl.java:777)
	at io.netty.channel.socket.nio.NioSocketChannel.doFinishConnect(NioSocketChannel.java:330)
	at io.netty.channel.nio.AbstractNioChannel$AbstractNioUnsafe.finishConnect(AbstractNioChannel.java:334)
	at io.netty.channel.nio.NioEventLoop.processSelectedKey(NioEventLoop.java:707)
	at io.netty.channel.nio.NioEventLoop.processSelectedKeysOptimized(NioEventLoop.java:655)
	at io.netty.channel.nio.NioEventLoop.processSelectedKeys(NioEventLoop.java:581)
	at io.netty.channel.nio.NioEventLoop.run(NioEventLoop.java:493)
	at io.netty.util.concurrent.SingleThreadEventExecutor$4.run(SingleThreadEventExecutor.java:989)
	at io.netty.util.internal.ThreadExecutorMap$2.run(ThreadExecutorMap.java:74)
	at io.netty.util.concurrent.FastThreadLocalRunnable.run(FastThreadLocalRunnable.java:30)
	at java.base/java.lang.Thread.run(Thread.java:829)
2026-02-23 03:07:13.549 - [WARN ] - esl
org.freeswitch.esl.client.inbound.InboundConnectionException: Could not connect to /61.158.166.46:8021
	at org.freeswitch.esl.client.inbound.Client.connect(Client.java:134)
	at cn.psycall.ccmgt.util.FreeSwitchManage.monitor(FreeSwitchManage.java:86)
	at cn.psycall.ccmgt.util.FreeSwitchManage.run(FreeSwitchManage.java:42)
Caused by: io.netty.channel.AbstractChannel$AnnotatedConnectException: Connection refused: /61.158.166.46:8021
Caused by: java.net.ConnectException: Connection refused
	at java.base/sun.nio.ch.SocketChannelImpl.checkConnect(Native Method)
	at java.base/sun.nio.ch.SocketChannelImpl.finishConnect(SocketChannelImpl.java:777)
	at io.netty.channel.socket.nio.NioSocketChannel.doFinishConnect(NioSocketChannel.java:330)
	at io.netty.channel.nio.AbstractNioChannel$AbstractNioUnsafe.finishConnect(AbstractNioChannel.java:334)
	at io.netty.channel.nio.NioEventLoop.processSelectedKey(NioEventLoop.java:707)
	at io.netty.channel.nio.NioEventLoop.processSelectedKeysOptimized(NioEventLoop.java:655)
	at io.netty.channel.nio.NioEventLoop.processSelectedKeys(NioEventLoop.java:581)
	at io.netty.channel.nio.NioEventLoop.run(NioEventLoop.java:493)
	at io.netty.util.concurrent.SingleThreadEventExecutor$4.run(SingleThreadEventExecutor.java:989)
	at io.netty.util.internal.ThreadExecutorMap$2.run(ThreadExecutorMap.java:74)
	at io.netty.util.concurrent.FastThreadLocalRunnable.run(FastThreadLocalRunnable.java:30)
	at java.base/java.lang.Thread.run(Thread.java:829)
2026-02-23 03:07:14.639 - [WARN ] - esl
org.freeswitch.esl.client.inbound.InboundConnectionException: Could not connect to /61.158.166.45:8021
	at org.freeswitch.esl.client.inbound.Client.connect(Client.java:134)
	at cn.psycall.ccmgt.util.FreeSwitchManage.monitor(FreeSwitchManage.java:86)
	at cn.psycall.ccmgt.util.FreeSwitchManage.run(FreeSwitchManage.java:42)
Caused by: io.netty.channel.AbstractChannel$AnnotatedConnectException: Connection refused: /61.158.166.45:8021
Caused by: java.net.ConnectException: Connection refused
	at java.base/sun.nio.ch.SocketChannelImpl.checkConnect(Native Method)
	at java.base/sun.nio.ch.SocketChannelImpl.finishConnect(SocketChannelImpl.java:777)
	at io.netty.channel.socket.nio.NioSocketChannel.doFinishConnect(NioSocketChannel.java:330)
	at io.netty.channel.nio.AbstractNioChannel$AbstractNioUnsafe.finishConnect(AbstractNioChannel.java:334)
	at io.netty.channel.nio.NioEventLoop.processSelectedKey(NioEventLoop.java:707)
	at io.netty.channel.nio.NioEventLoop.processSelectedKeysOptimized(NioEventLoop.java:655)
	at io.netty.channel.nio.NioEventLoop.processSelectedKeys(NioEventLoop.java:581)
	at io.netty.channel.nio.NioEventLoop.run(NioEventLoop.java:493)
	at io.netty.util.concurrent.SingleThreadEventExecutor$4.run(SingleThreadEventExecutor.java:989)
	at io.netty.util.internal.ThreadExecutorMap$2.run(ThreadExecutorMap.java:74)
	at io.netty.util.concurrent.FastThreadLocalRunnable.run(FastThreadLocalRunnable.java:30)
	at java.base/java.lang.Thread.run(Thread.java:829)
2026-02-23 03:07:14.711 - [WARN ] - esl
org.freeswitch.esl.client.inbound.InboundConnectionException: Could not connect to /61.158.166.46:8021
	at org.freeswitch.esl.client.inbound.Client.connect(Client.java:134)
	at cn.psycall.ccmgt.util.FreeSwitchManage.monitor(FreeSwitchManage.java:86)
	at cn.psycall.ccmgt.util.FreeSwitchManage.run(FreeSwitchManage.java:42)
Caused by: io.netty.channel.AbstractChannel$AnnotatedConnectException: Connection refused: /61.158.166.46:8021
Caused by: java.net.ConnectException: Connection refused
	at java.base/sun.nio.ch.SocketChannelImpl.checkConnect(Native Method)
	at java.base/sun.nio.ch.SocketChannelImpl.finishConnect(SocketChannelImpl.java:777)
	at io.netty.channel.socket.nio.NioSocketChannel.doFinishConnect(NioSocketChannel.java:330)
	at io.netty.channel.nio.AbstractNioChannel$AbstractNioUnsafe.finishConnect(AbstractNioChannel.java:334)
	at io.netty.channel.nio.NioEventLoop.processSelectedKey(NioEventLoop.java:707)
	at io.netty.channel.nio.NioEventLoop.processSelectedKeysOptimized(NioEventLoop.java:655)
	at io.netty.channel.nio.NioEventLoop.processSelectedKeys(NioEventLoop.java:581)
	at io.netty.channel.nio.NioEventLoop.run(NioEventLoop.java:493)
	at io.netty.util.concurrent.SingleThreadEventExecutor$4.run(SingleThreadEventExecutor.java:989)
	at io.netty.util.internal.ThreadExecutorMap$2.run(ThreadExecutorMap.java:74)
	at io.netty.util.concurrent.FastThreadLocalRunnable.run(FastThreadLocalRunnable.java:30)
	at java.base/java.lang.Thread.run(Thread.java:829)
2026-02-23 03:07:15.997 - [WARN ] - conn_rabbit_mq
org.springframework.web.client.ResourceAccessException: I/O error on POST request for "http://61.158.166.45:8888/command/conn_rabbit_mq": Connect to 61.158.166.45:8888 [/61.158.166.45] failed: Connection refused (Connection refused); nested exception is org.apache.http.conn.HttpHostConnectException: Connect to 61.158.166.45:8888 [/61.158.166.45] failed: Connection refused (Connection refused)
	at org.springframework.web.client.RestTemplate.doExecute(RestTemplate.java:791)
	at org.springframework.web.client.RestTemplate.execute(RestTemplate.java:717)
	at org.springframework.web.client.RestTemplate.exchange(RestTemplate.java:608)
	at cn.psycall.ccmgt.util.FreeSwitchManage.conn_rabbit_mq(FreeSwitchManage.java:272)
	at cn.psycall.ccmgt.util.FreeSwitchManage.monitor(FreeSwitchManage.java:89)
	at cn.psycall.ccmgt.util.FreeSwitchManage.run(FreeSwitchManage.java:42)
Caused by: org.apache.http.conn.HttpHostConnectException: Connect to 61.158.166.45:8888 [/61.158.166.45] failed: Connection refused (Connection refused)
	at org.apache.http.impl.conn.DefaultHttpClientConnectionOperator.connect(DefaultHttpClientConnectionOperator.java:156)
	at org.apache.http.impl.conn.PoolingHttpClientConnectionManager.connect(PoolingHttpClientConnectionManager.java:376)
	at org.apache.http.impl.execchain.MainClientExec.establishRoute(MainClientExec.java:393)
	at org.apache.http.impl.execchain.MainClientExec.execute(MainClientExec.java:236)
	at org.apache.http.impl.execchain.ProtocolExec.execute(ProtocolExec.java:186)
	at org.apache.http.impl.execchain.RetryExec.execute(RetryExec.java:89)
	at org.apache.http.impl.execchain.RedirectExec.execute(RedirectExec.java:110)
	at org.apache.http.impl.client.InternalHttpClient.doExecute(InternalHttpClient.java:185)
	at org.apache.http.impl.client.CloseableHttpClient.execute(CloseableHttpClient.java:83)
	at org.apache.http.impl.client.CloseableHttpClient.execute(CloseableHttpClient.java:56)
	at org.springframework.http.client.HttpComponentsClientHttpRequest.executeInternal(HttpComponentsClientHttpRequest.java:87)
	at org.springframework.http.client.AbstractBufferingClientHttpRequest.executeInternal(AbstractBufferingClientHttpRequest.java:48)
	at org.springframework.http.client.AbstractClientHttpRequest.execute(AbstractClientHttpRequest.java:66)
	at org.springframework.web.client.RestTemplate.doExecute(RestTemplate.java:782)
	... 5 common frames omitted
Caused by: java.net.ConnectException: Connection refused (Connection refused)
	at java.base/java.net.PlainSocketImpl.socketConnect(Native Method)
	at java.base/java.net.AbstractPlainSocketImpl.doConnect(AbstractPlainSocketImpl.java:412)
	at java.base/java.net.AbstractPlainSocketImpl.connectToAddress(AbstractPlainSocketImpl.java:255)
	at java.base/java.net.AbstractPlainSocketImpl.connect(AbstractPlainSocketImpl.java:237)
	at java.base/java.net.SocksSocketImpl.connect(SocksSocketImpl.java:392)
	at java.base/java.net.Socket.connect(Socket.java:609)
	at org.apache.http.conn.socket.PlainConnectionSocketFactory.connectSocket(PlainConnectionSocketFactory.java:75)
	at org.apache.http.impl.conn.DefaultHttpClientConnectionOperator.connect(DefaultHttpClientConnectionOperator.java:142)
	... 18 common frames omitted
2026-02-23 03:07:16.073 - [WARN ] - esl
org.freeswitch.esl.client.inbound.InboundConnectionException: Could not connect to /61.158.166.46:8021
	at org.freeswitch.esl.client.inbound.Client.connect(Client.java:134)
	at cn.psycall.ccmgt.util.FreeSwitchManage.monitor(FreeSwitchManage.java:86)
	at cn.psycall.ccmgt.util.FreeSwitchManage.run(FreeSwitchManage.java:42)
Caused by: io.netty.channel.AbstractChannel$AnnotatedConnectException: Connection refused: /61.158.166.46:8021
Caused by: java.net.ConnectException: Connection refused
	at java.base/sun.nio.ch.SocketChannelImpl.checkConnect(Native Method)
	at java.base/sun.nio.ch.SocketChannelImpl.finishConnect(SocketChannelImpl.java:777)
	at io.netty.channel.socket.nio.NioSocketChannel.doFinishConnect(NioSocketChannel.java:330)
	at io.netty.channel.nio.AbstractNioChannel$AbstractNioUnsafe.finishConnect(AbstractNioChannel.java:334)
	at io.netty.channel.nio.NioEventLoop.processSelectedKey(NioEventLoop.java:707)
	at io.netty.channel.nio.NioEventLoop.processSelectedKeysOptimized(NioEventLoop.java:655)
	at io.netty.channel.nio.NioEventLoop.processSelectedKeys(NioEventLoop.java:581)
	at io.netty.channel.nio.NioEventLoop.run(NioEventLoop.java:493)
	at io.netty.util.concurrent.SingleThreadEventExecutor$4.run(SingleThreadEventExecutor.java:989)
	at io.netty.util.internal.ThreadExecutorMap$2.run(ThreadExecutorMap.java:74)
	at io.netty.util.concurrent.FastThreadLocalRunnable.run(FastThreadLocalRunnable.java:30)
	at java.base/java.lang.Thread.run(Thread.java:829)
2026-02-23 03:07:17.352 - [WARN ] - conn_rabbit_mq
org.springframework.web.client.ResourceAccessException: I/O error on POST request for "http://61.158.166.45:8888/command/conn_rabbit_mq": Connect to 61.158.166.45:8888 [/61.158.166.45] failed: Connection refused (Connection refused); nested exception is org.apache.http.conn.HttpHostConnectException: Connect to 61.158.166.45:8888 [/61.158.166.45] failed: Connection refused (Connection refused)
	at org.springframework.web.client.RestTemplate.doExecute(RestTemplate.java:791)
	at org.springframework.web.client.RestTemplate.execute(RestTemplate.java:717)
	at org.springframework.web.client.RestTemplate.exchange(RestTemplate.java:608)
	at cn.psycall.ccmgt.util.FreeSwitchManage.conn_rabbit_mq(FreeSwitchManage.java:272)
	at cn.psycall.ccmgt.util.FreeSwitchManage.monitor(FreeSwitchManage.java:89)
	at cn.psycall.ccmgt.util.FreeSwitchManage.run(FreeSwitchManage.java:42)
Caused by: org.apache.http.conn.HttpHostConnectException: Connect to 61.158.166.45:8888 [/61.158.166.45] failed: Connection refused (Connection refused)
	at org.apache.http.impl.conn.DefaultHttpClientConnectionOperator.connect(DefaultHttpClientConnectionOperator.java:156)
	at org.apache.http.impl.conn.PoolingHttpClientConnectionManager.connect(PoolingHttpClientConnectionManager.java:376)
	at org.apache.http.impl.execchain.MainClientExec.establishRoute(MainClientExec.java:393)
	at org.apache.http.impl.execchain.MainClientExec.execute(MainClientExec.java:236)
	at org.apache.http.impl.execchain.ProtocolExec.execute(ProtocolExec.java:186)
	at org.apache.http.impl.execchain.RetryExec.execute(RetryExec.java:89)
	at org.apache.http.impl.execchain.RedirectExec.execute(RedirectExec.java:110)
	at org.apache.http.impl.client.InternalHttpClient.doExecute(InternalHttpClient.java:185)
	at org.apache.http.impl.client.CloseableHttpClient.execute(CloseableHttpClient.java:83)
	at org.apache.http.impl.client.CloseableHttpClient.execute(CloseableHttpClient.java:56)
	at org.springframework.http.client.HttpComponentsClientHttpRequest.executeInternal(HttpComponentsClientHttpRequest.java:87)
	at org.springframework.http.client.AbstractBufferingClientHttpRequest.executeInternal(AbstractBufferingClientHttpRequest.java:48)
	at org.springframework.http.client.AbstractClientHttpRequest.execute(AbstractClientHttpRequest.java:66)
	at org.springframework.web.client.RestTemplate.doExecute(RestTemplate.java:782)
	... 5 common frames omitted
Caused by: java.net.ConnectException: Connection refused (Connection refused)
	at java.base/java.net.PlainSocketImpl.socketConnect(Native Method)
	at java.base/java.net.AbstractPlainSocketImpl.doConnect(AbstractPlainSocketImpl.java:412)
	at java.base/java.net.AbstractPlainSocketImpl.connectToAddress(AbstractPlainSocketImpl.java:255)
	at java.base/java.net.AbstractPlainSocketImpl.connect(AbstractPlainSocketImpl.java:237)
	at java.base/java.net.SocksSocketImpl.connect(SocksSocketImpl.java:392)
	at java.base/java.net.Socket.connect(Socket.java:609)
	at org.apache.http.conn.socket.PlainConnectionSocketFactory.connectSocket(PlainConnectionSocketFactory.java:75)
	at org.apache.http.impl.conn.DefaultHttpClientConnectionOperator.connect(DefaultHttpClientConnectionOperator.java:142)
	... 18 common frames omitted
2026-02-23 03:07:17.439 - [WARN ] - esl
org.freeswitch.esl.client.inbound.InboundConnectionException: Could not connect to /61.158.166.46:8021
	at org.freeswitch.esl.client.inbound.Client.connect(Client.java:134)
	at cn.psycall.ccmgt.util.FreeSwitchManage.monitor(FreeSwitchManage.java:86)
	at cn.psycall.ccmgt.util.FreeSwitchManage.run(FreeSwitchManage.java:42)
Caused by: io.netty.channel.AbstractChannel$AnnotatedConnectException: Connection refused: /61.158.166.46:8021
Caused by: java.net.ConnectException: Connection refused
	at java.base/sun.nio.ch.SocketChannelImpl.checkConnect(Native Method)
	at java.base/sun.nio.ch.SocketChannelImpl.finishConnect(SocketChannelImpl.java:777)
	at io.netty.channel.socket.nio.NioSocketChannel.doFinishConnect(NioSocketChannel.java:330)
	at io.netty.channel.nio.AbstractNioChannel$AbstractNioUnsafe.finishConnect(AbstractNioChannel.java:334)
	at io.netty.channel.nio.NioEventLoop.processSelectedKey(NioEventLoop.java:707)
	at io.netty.channel.nio.NioEventLoop.processSelectedKeysOptimized(NioEventLoop.java:655)
	at io.netty.channel.nio.NioEventLoop.processSelectedKeys(NioEventLoop.java:581)
	at io.netty.channel.nio.NioEventLoop.run(NioEventLoop.java:493)
	at io.netty.util.concurrent.SingleThreadEventExecutor$4.run(SingleThreadEventExecutor.java:989)
	at io.netty.util.internal.ThreadExecutorMap$2.run(ThreadExecutorMap.java:74)
	at io.netty.util.concurrent.FastThreadLocalRunnable.run(FastThreadLocalRunnable.java:30)
	at java.base/java.lang.Thread.run(Thread.java:829)
2026-02-23 03:07:19.077 - [WARN ] - esl
org.freeswitch.esl.client.inbound.InboundConnectionException: Could not connect to /61.158.166.46:8021
	at org.freeswitch.esl.client.inbound.Client.connect(Client.java:134)
	at cn.psycall.ccmgt.util.FreeSwitchManage.monitor(FreeSwitchManage.java:86)
	at cn.psycall.ccmgt.util.FreeSwitchManage.run(FreeSwitchManage.java:42)
Caused by: io.netty.channel.AbstractChannel$AnnotatedConnectException: Connection refused: /61.158.166.46:8021
Caused by: java.net.ConnectException: Connection refused
	at java.base/sun.nio.ch.SocketChannelImpl.checkConnect(Native Method)
	at java.base/sun.nio.ch.SocketChannelImpl.finishConnect(SocketChannelImpl.java:777)
	at io.netty.channel.socket.nio.NioSocketChannel.doFinishConnect(NioSocketChannel.java:330)
	at io.netty.channel.nio.AbstractNioChannel$AbstractNioUnsafe.finishConnect(AbstractNioChannel.java:334)
	at io.netty.channel.nio.NioEventLoop.processSelectedKey(NioEventLoop.java:707)
	at io.netty.channel.nio.NioEventLoop.processSelectedKeysOptimized(NioEventLoop.java:655)
	at io.netty.channel.nio.NioEventLoop.processSelectedKeys(NioEventLoop.java:581)
	at io.netty.channel.nio.NioEventLoop.run(NioEventLoop.java:493)
	at io.netty.util.concurrent.SingleThreadEventExecutor$4.run(SingleThreadEventExecutor.java:989)
	at io.netty.util.internal.ThreadExecutorMap$2.run(ThreadExecutorMap.java:74)
	at io.netty.util.concurrent.FastThreadLocalRunnable.run(FastThreadLocalRunnable.java:30)
	at java.base/java.lang.Thread.run(Thread.java:829)
2026-02-23 03:07:20.426 - [WARN ] - esl
org.freeswitch.esl.client.inbound.InboundConnectionException: Could not connect to /61.158.166.46:8021
	at org.freeswitch.esl.client.inbound.Client.connect(Client.java:134)
	at cn.psycall.ccmgt.util.FreeSwitchManage.monitor(FreeSwitchManage.java:86)
	at cn.psycall.ccmgt.util.FreeSwitchManage.run(FreeSwitchManage.java:42)
Caused by: io.netty.channel.AbstractChannel$AnnotatedConnectException: Connection refused: /61.158.166.46:8021
Caused by: java.net.ConnectException: Connection refused
	at java.base/sun.nio.ch.SocketChannelImpl.checkConnect(Native Method)
	at java.base/sun.nio.ch.SocketChannelImpl.finishConnect(SocketChannelImpl.java:777)
	at io.netty.channel.socket.nio.NioSocketChannel.doFinishConnect(NioSocketChannel.java:330)
	at io.netty.channel.nio.AbstractNioChannel$AbstractNioUnsafe.finishConnect(AbstractNioChannel.java:334)
	at io.netty.channel.nio.NioEventLoop.processSelectedKey(NioEventLoop.java:707)
	at io.netty.channel.nio.NioEventLoop.processSelectedKeysOptimized(NioEventLoop.java:655)
	at io.netty.channel.nio.NioEventLoop.processSelectedKeys(NioEventLoop.java:581)
	at io.netty.channel.nio.NioEventLoop.run(NioEventLoop.java:493)
	at io.netty.util.concurrent.SingleThreadEventExecutor$4.run(SingleThreadEventExecutor.java:989)
	at io.netty.util.internal.ThreadExecutorMap$2.run(ThreadExecutorMap.java:74)
	at io.netty.util.concurrent.FastThreadLocalRunnable.run(FastThreadLocalRunnable.java:30)
	at java.base/java.lang.Thread.run(Thread.java:829)
2026-02-23 03:07:21.773 - [WARN ] - esl
org.freeswitch.esl.client.inbound.InboundConnectionException: Could not connect to /61.158.166.46:8021
	at org.freeswitch.esl.client.inbound.Client.connect(Client.java:134)
	at cn.psycall.ccmgt.util.FreeSwitchManage.monitor(FreeSwitchManage.java:86)
	at cn.psycall.ccmgt.util.FreeSwitchManage.run(FreeSwitchManage.java:42)
Caused by: io.netty.channel.AbstractChannel$AnnotatedConnectException: Connection refused: /61.158.166.46:8021
Caused by: java.net.ConnectException: Connection refused
	at java.base/sun.nio.ch.SocketChannelImpl.checkConnect(Native Method)
	at java.base/sun.nio.ch.SocketChannelImpl.finishConnect(SocketChannelImpl.java:777)
	at io.netty.channel.socket.nio.NioSocketChannel.doFinishConnect(NioSocketChannel.java:330)
	at io.netty.channel.nio.AbstractNioChannel$AbstractNioUnsafe.finishConnect(AbstractNioChannel.java:334)
	at io.netty.channel.nio.NioEventLoop.processSelectedKey(NioEventLoop.java:707)
	at io.netty.channel.nio.NioEventLoop.processSelectedKeysOptimized(NioEventLoop.java:655)
	at io.netty.channel.nio.NioEventLoop.processSelectedKeys(NioEventLoop.java:581)
	at io.netty.channel.nio.NioEventLoop.run(NioEventLoop.java:493)
	at io.netty.util.concurrent.SingleThreadEventExecutor$4.run(SingleThreadEventExecutor.java:989)
	at io.netty.util.internal.ThreadExecutorMap$2.run(ThreadExecutorMap.java:74)
	at io.netty.util.concurrent.FastThreadLocalRunnable.run(FastThreadLocalRunnable.java:30)
	at java.base/java.lang.Thread.run(Thread.java:829)
2026-02-23 03:07:23.152 - [WARN ] - esl
org.freeswitch.esl.client.inbound.InboundConnectionException: Could not connect to /61.158.166.46:8021
	at org.freeswitch.esl.client.inbound.Client.connect(Client.java:134)
	at cn.psycall.ccmgt.util.FreeSwitchManage.monitor(FreeSwitchManage.java:86)
	at cn.psycall.ccmgt.util.FreeSwitchManage.run(FreeSwitchManage.java:42)
Caused by: io.netty.channel.AbstractChannel$AnnotatedConnectException: Connection refused: /61.158.166.46:8021
Caused by: java.net.ConnectException: Connection refused
	at java.base/sun.nio.ch.SocketChannelImpl.checkConnect(Native Method)
	at java.base/sun.nio.ch.SocketChannelImpl.finishConnect(SocketChannelImpl.java:777)
	at io.netty.channel.socket.nio.NioSocketChannel.doFinishConnect(NioSocketChannel.java:330)
	at io.netty.channel.nio.AbstractNioChannel$AbstractNioUnsafe.finishConnect(AbstractNioChannel.java:334)
	at io.netty.channel.nio.NioEventLoop.processSelectedKey(NioEventLoop.java:707)
	at io.netty.channel.nio.NioEventLoop.processSelectedKeysOptimized(NioEventLoop.java:655)
	at io.netty.channel.nio.NioEventLoop.processSelectedKeys(NioEventLoop.java:581)
	at io.netty.channel.nio.NioEventLoop.run(NioEventLoop.java:493)
	at io.netty.util.concurrent.SingleThreadEventExecutor$4.run(SingleThreadEventExecutor.java:989)
	at io.netty.util.internal.ThreadExecutorMap$2.run(ThreadExecutorMap.java:74)
	at io.netty.util.concurrent.FastThreadLocalRunnable.run(FastThreadLocalRunnable.java:30)
	at java.base/java.lang.Thread.run(Thread.java:829)
2026-02-23 03:07:24.544 - [WARN ] - esl
org.freeswitch.esl.client.inbound.InboundConnectionException: Could not connect to /61.158.166.46:8021
	at org.freeswitch.esl.client.inbound.Client.connect(Client.java:134)
	at cn.psycall.ccmgt.util.FreeSwitchManage.monitor(FreeSwitchManage.java:86)
	at cn.psycall.ccmgt.util.FreeSwitchManage.run(FreeSwitchManage.java:42)
Caused by: io.netty.channel.AbstractChannel$AnnotatedConnectException: Connection refused: /61.158.166.46:8021
Caused by: java.net.ConnectException: Connection refused
	at java.base/sun.nio.ch.SocketChannelImpl.checkConnect(Native Method)
	at java.base/sun.nio.ch.SocketChannelImpl.finishConnect(SocketChannelImpl.java:777)
	at io.netty.channel.socket.nio.NioSocketChannel.doFinishConnect(NioSocketChannel.java:330)
	at io.netty.channel.nio.AbstractNioChannel$AbstractNioUnsafe.finishConnect(AbstractNioChannel.java:334)
	at io.netty.channel.nio.NioEventLoop.processSelectedKey(NioEventLoop.java:707)
	at io.netty.channel.nio.NioEventLoop.processSelectedKeysOptimized(NioEventLoop.java:655)
	at io.netty.channel.nio.NioEventLoop.processSelectedKeys(NioEventLoop.java:581)
	at io.netty.channel.nio.NioEventLoop.run(NioEventLoop.java:493)
	at io.netty.util.concurrent.SingleThreadEventExecutor$4.run(SingleThreadEventExecutor.java:989)
	at io.netty.util.internal.ThreadExecutorMap$2.run(ThreadExecutorMap.java:74)
	at io.netty.util.concurrent.FastThreadLocalRunnable.run(FastThreadLocalRunnable.java:30)
	at java.base/java.lang.Thread.run(Thread.java:829)
2026-02-23 03:07:25.889 - [WARN ] - esl
org.freeswitch.esl.client.inbound.InboundConnectionException: Could not connect to /61.158.166.46:8021
	at org.freeswitch.esl.client.inbound.Client.connect(Client.java:134)
	at cn.psycall.ccmgt.util.FreeSwitchManage.monitor(FreeSwitchManage.java:86)
	at cn.psycall.ccmgt.util.FreeSwitchManage.run(FreeSwitchManage.java:42)
Caused by: io.netty.channel.AbstractChannel$AnnotatedConnectException: Connection refused: /61.158.166.46:8021
Caused by: java.net.ConnectException: Connection refused
	at java.base/sun.nio.ch.SocketChannelImpl.checkConnect(Native Method)
	at java.base/sun.nio.ch.SocketChannelImpl.finishConnect(SocketChannelImpl.java:777)
	at io.netty.channel.socket.nio.NioSocketChannel.doFinishConnect(NioSocketChannel.java:330)
	at io.netty.channel.nio.AbstractNioChannel$AbstractNioUnsafe.finishConnect(AbstractNioChannel.java:334)
	at io.netty.channel.nio.NioEventLoop.processSelectedKey(NioEventLoop.java:707)
	at io.netty.channel.nio.NioEventLoop.processSelectedKeysOptimized(NioEventLoop.java:655)
	at io.netty.channel.nio.NioEventLoop.processSelectedKeys(NioEventLoop.java:581)
	at io.netty.channel.nio.NioEventLoop.run(NioEventLoop.java:493)
	at io.netty.util.concurrent.SingleThreadEventExecutor$4.run(SingleThreadEventExecutor.java:989)
	at io.netty.util.internal.ThreadExecutorMap$2.run(ThreadExecutorMap.java:74)
	at io.netty.util.concurrent.FastThreadLocalRunnable.run(FastThreadLocalRunnable.java:30)
	at java.base/java.lang.Thread.run(Thread.java:829)
2026-02-23 03:07:27.232 - [WARN ] - esl
org.freeswitch.esl.client.inbound.InboundConnectionException: Could not connect to /61.158.166.46:8021
	at org.freeswitch.esl.client.inbound.Client.connect(Client.java:134)
	at cn.psycall.ccmgt.util.FreeSwitchManage.monitor(FreeSwitchManage.java:86)
	at cn.psycall.ccmgt.util.FreeSwitchManage.run(FreeSwitchManage.java:42)
Caused by: io.netty.channel.AbstractChannel$AnnotatedConnectException: Connection refused: /61.158.166.46:8021
Caused by: java.net.ConnectException: Connection refused
	at java.base/sun.nio.ch.SocketChannelImpl.checkConnect(Native Method)
	at java.base/sun.nio.ch.SocketChannelImpl.finishConnect(SocketChannelImpl.java:777)
	at io.netty.channel.socket.nio.NioSocketChannel.doFinishConnect(NioSocketChannel.java:330)
	at io.netty.channel.nio.AbstractNioChannel$AbstractNioUnsafe.finishConnect(AbstractNioChannel.java:334)
	at io.netty.channel.nio.NioEventLoop.processSelectedKey(NioEventLoop.java:707)
	at io.netty.channel.nio.NioEventLoop.processSelectedKeysOptimized(NioEventLoop.java:655)
	at io.netty.channel.nio.NioEventLoop.processSelectedKeys(NioEventLoop.java:581)
	at io.netty.channel.nio.NioEventLoop.run(NioEventLoop.java:493)
	at io.netty.util.concurrent.SingleThreadEventExecutor$4.run(SingleThreadEventExecutor.java:989)
	at io.netty.util.internal.ThreadExecutorMap$2.run(ThreadExecutorMap.java:74)
	at io.netty.util.concurrent.FastThreadLocalRunnable.run(FastThreadLocalRunnable.java:30)
	at java.base/java.lang.Thread.run(Thread.java:829)
2026-02-23 03:07:28.642 - [INFO ] - internal->61.158.166.45:5060
2026-02-23 03:07:28.642 - [INFO ] - ESL Client connected ..(61.158.166.45:8021[ef74ca02-172b-41a6-b666-8c773018ee36])
2026-02-23 03:07:29.369 - [INFO ] - internal_sip_port->5060
2026-02-23 03:07:29.370 - [INFO ] - external_sip_port->5080
2026-02-23 03:07:35.063 - [INFO ] - fs[ef74ca02-172b-41a6-b666-8c773018ee36] CallThread start
2026-02-23 03:07:35.145 - [WARN ] - esl
org.freeswitch.esl.client.inbound.InboundConnectionException: Could not connect to /61.158.166.46:8021
	at org.freeswitch.esl.client.inbound.Client.connect(Client.java:134)
	at cn.psycall.ccmgt.util.FreeSwitchManage.monitor(FreeSwitchManage.java:86)
	at cn.psycall.ccmgt.util.FreeSwitchManage.run(FreeSwitchManage.java:42)
Caused by: io.netty.channel.AbstractChannel$AnnotatedConnectException: Connection refused: /61.158.166.46:8021
Caused by: java.net.ConnectException: Connection refused
	at java.base/sun.nio.ch.SocketChannelImpl.checkConnect(Native Method)
	at java.base/sun.nio.ch.SocketChannelImpl.finishConnect(SocketChannelImpl.java:777)
	at io.netty.channel.socket.nio.NioSocketChannel.doFinishConnect(NioSocketChannel.java:330)
	at io.netty.channel.nio.AbstractNioChannel$AbstractNioUnsafe.finishConnect(AbstractNioChannel.java:334)
	at io.netty.channel.nio.NioEventLoop.processSelectedKey(NioEventLoop.java:707)
	at io.netty.channel.nio.NioEventLoop.processSelectedKeysOptimized(NioEventLoop.java:655)
	at io.netty.channel.nio.NioEventLoop.processSelectedKeys(NioEventLoop.java:581)
	at io.netty.channel.nio.NioEventLoop.run(NioEventLoop.java:493)
	at io.netty.util.concurrent.SingleThreadEventExecutor$4.run(SingleThreadEventExecutor.java:989)
	at io.netty.util.internal.ThreadExecutorMap$2.run(ThreadExecutorMap.java:74)
	at io.netty.util.concurrent.FastThreadLocalRunnable.run(FastThreadLocalRunnable.java:30)
	at java.base/java.lang.Thread.run(Thread.java:829)
2026-02-23 03:07:36.233 - [WARN ] - esl
org.freeswitch.esl.client.inbound.InboundConnectionException: Could not connect to /61.158.166.46:8021
	at org.freeswitch.esl.client.inbound.Client.connect(Client.java:134)
	at cn.psycall.ccmgt.util.FreeSwitchManage.monitor(FreeSwitchManage.java:86)
	at cn.psycall.ccmgt.util.FreeSwitchManage.run(FreeSwitchManage.java:42)
Caused by: io.netty.channel.AbstractChannel$AnnotatedConnectException: Connection refused: /61.158.166.46:8021
Caused by: java.net.ConnectException: Connection refused
	at java.base/sun.nio.ch.SocketChannelImpl.checkConnect(Native Method)
	at java.base/sun.nio.ch.SocketChannelImpl.finishConnect(SocketChannelImpl.java:777)
	at io.netty.channel.socket.nio.NioSocketChannel.doFinishConnect(NioSocketChannel.java:330)
	at io.netty.channel.nio.AbstractNioChannel$AbstractNioUnsafe.finishConnect(AbstractNioChannel.java:334)
	at io.netty.channel.nio.NioEventLoop.processSelectedKey(NioEventLoop.java:707)
	at io.netty.channel.nio.NioEventLoop.processSelectedKeysOptimized(NioEventLoop.java:655)
	at io.netty.channel.nio.NioEventLoop.processSelectedKeys(NioEventLoop.java:581)
	at io.netty.channel.nio.NioEventLoop.run(NioEventLoop.java:493)
	at io.netty.util.concurrent.SingleThreadEventExecutor$4.run(SingleThreadEventExecutor.java:989)
	at io.netty.util.internal.ThreadExecutorMap$2.run(ThreadExecutorMap.java:74)
	at io.netty.util.concurrent.FastThreadLocalRunnable.run(FastThreadLocalRunnable.java:30)
	at java.base/java.lang.Thread.run(Thread.java:829)
2026-02-23 03:07:37.316 - [WARN ] - esl
org.freeswitch.esl.client.inbound.InboundConnectionException: Could not connect to /61.158.166.46:8021
	at org.freeswitch.esl.client.inbound.Client.connect(Client.java:134)
	at cn.psycall.ccmgt.util.FreeSwitchManage.monitor(FreeSwitchManage.java:86)
	at cn.psycall.ccmgt.util.FreeSwitchManage.run(FreeSwitchManage.java:42)
Caused by: io.netty.channel.AbstractChannel$AnnotatedConnectException: Connection refused: /61.158.166.46:8021
Caused by: java.net.ConnectException: Connection refused
	at java.base/sun.nio.ch.SocketChannelImpl.checkConnect(Native Method)
	at java.base/sun.nio.ch.SocketChannelImpl.finishConnect(SocketChannelImpl.java:777)
	at io.netty.channel.socket.nio.NioSocketChannel.doFinishConnect(NioSocketChannel.java:330)
	at io.netty.channel.nio.AbstractNioChannel$AbstractNioUnsafe.finishConnect(AbstractNioChannel.java:334)
	at io.netty.channel.nio.NioEventLoop.processSelectedKey(NioEventLoop.java:707)
	at io.netty.channel.nio.NioEventLoop.processSelectedKeysOptimized(NioEventLoop.java:655)
	at io.netty.channel.nio.NioEventLoop.processSelectedKeys(NioEventLoop.java:581)
	at io.netty.channel.nio.NioEventLoop.run(NioEventLoop.java:493)
	at io.netty.util.concurrent.SingleThreadEventExecutor$4.run(SingleThreadEventExecutor.java:989)
	at io.netty.util.internal.ThreadExecutorMap$2.run(ThreadExecutorMap.java:74)
	at io.netty.util.concurrent.FastThreadLocalRunnable.run(FastThreadLocalRunnable.java:30)
	at java.base/java.lang.Thread.run(Thread.java:829)
2026-02-23 03:07:38.398 - [WARN ] - esl
org.freeswitch.esl.client.inbound.InboundConnectionException: Could not connect to /61.158.166.46:8021
	at org.freeswitch.esl.client.inbound.Client.connect(Client.java:134)
	at cn.psycall.ccmgt.util.FreeSwitchManage.monitor(FreeSwitchManage.java:86)
	at cn.psycall.ccmgt.util.FreeSwitchManage.run(FreeSwitchManage.java:42)
Caused by: io.netty.channel.AbstractChannel$AnnotatedConnectException: Connection refused: /61.158.166.46:8021
Caused by: java.net.ConnectException: Connection refused
	at java.base/sun.nio.ch.SocketChannelImpl.checkConnect(Native Method)
	at java.base/sun.nio.ch.SocketChannelImpl.finishConnect(SocketChannelImpl.java:777)
	at io.netty.channel.socket.nio.NioSocketChannel.doFinishConnect(NioSocketChannel.java:330)
	at io.netty.channel.nio.AbstractNioChannel$AbstractNioUnsafe.finishConnect(AbstractNioChannel.java:334)
	at io.netty.channel.nio.NioEventLoop.processSelectedKey(NioEventLoop.java:707)
	at io.netty.channel.nio.NioEventLoop.processSelectedKeysOptimized(NioEventLoop.java:655)
	at io.netty.channel.nio.NioEventLoop.processSelectedKeys(NioEventLoop.java:581)
	at io.netty.channel.nio.NioEventLoop.run(NioEventLoop.java:493)
	at io.netty.util.concurrent.SingleThreadEventExecutor$4.run(SingleThreadEventExecutor.java:989)
	at io.netty.util.internal.ThreadExecutorMap$2.run(ThreadExecutorMap.java:74)
	at io.netty.util.concurrent.FastThreadLocalRunnable.run(FastThreadLocalRunnable.java:30)
	at java.base/java.lang.Thread.run(Thread.java:829)
2026-02-23 03:07:39.483 - [WARN ] - esl
org.freeswitch.esl.client.inbound.InboundConnectionException: Could not connect to /61.158.166.46:8021
	at org.freeswitch.esl.client.inbound.Client.connect(Client.java:134)
	at cn.psycall.ccmgt.util.FreeSwitchManage.monitor(FreeSwitchManage.java:86)
	at cn.psycall.ccmgt.util.FreeSwitchManage.run(FreeSwitchManage.java:42)
Caused by: io.netty.channel.AbstractChannel$AnnotatedConnectException: Connection refused: /61.158.166.46:8021
Caused by: java.net.ConnectException: Connection refused
	at java.base/sun.nio.ch.SocketChannelImpl.checkConnect(Native Method)
	at java.base/sun.nio.ch.SocketChannelImpl.finishConnect(SocketChannelImpl.java:777)
	at io.netty.channel.socket.nio.NioSocketChannel.doFinishConnect(NioSocketChannel.java:330)
	at io.netty.channel.nio.AbstractNioChannel$AbstractNioUnsafe.finishConnect(AbstractNioChannel.java:334)
	at io.netty.channel.nio.NioEventLoop.processSelectedKey(NioEventLoop.java:707)
	at io.netty.channel.nio.NioEventLoop.processSelectedKeysOptimized(NioEventLoop.java:655)
	at io.netty.channel.nio.NioEventLoop.processSelectedKeys(NioEventLoop.java:581)
	at io.netty.channel.nio.NioEventLoop.run(NioEventLoop.java:493)
	at io.netty.util.concurrent.SingleThreadEventExecutor$4.run(SingleThreadEventExecutor.java:989)
	at io.netty.util.internal.ThreadExecutorMap$2.run(ThreadExecutorMap.java:74)
	at io.netty.util.concurrent.FastThreadLocalRunnable.run(FastThreadLocalRunnable.java:30)
	at java.base/java.lang.Thread.run(Thread.java:829)
2026-02-23 03:07:40.582 - [WARN ] - esl
org.freeswitch.esl.client.inbound.InboundConnectionException: Could not connect to /61.158.166.46:8021
	at org.freeswitch.esl.client.inbound.Client.connect(Client.java:134)
	at cn.psycall.ccmgt.util.FreeSwitchManage.monitor(FreeSwitchManage.java:86)
	at cn.psycall.ccmgt.util.FreeSwitchManage.run(FreeSwitchManage.java:42)
Caused by: io.netty.channel.AbstractChannel$AnnotatedConnectException: Connection refused: /61.158.166.46:8021
Caused by: java.net.ConnectException: Connection refused
	at java.base/sun.nio.ch.SocketChannelImpl.checkConnect(Native Method)
	at java.base/sun.nio.ch.SocketChannelImpl.finishConnect(SocketChannelImpl.java:777)
	at io.netty.channel.socket.nio.NioSocketChannel.doFinishConnect(NioSocketChannel.java:330)
	at io.netty.channel.nio.AbstractNioChannel$AbstractNioUnsafe.finishConnect(AbstractNioChannel.java:334)
	at io.netty.channel.nio.NioEventLoop.processSelectedKey(NioEventLoop.java:707)
	at io.netty.channel.nio.NioEventLoop.processSelectedKeysOptimized(NioEventLoop.java:655)
	at io.netty.channel.nio.NioEventLoop.processSelectedKeys(NioEventLoop.java:581)
	at io.netty.channel.nio.NioEventLoop.run(NioEventLoop.java:493)
	at io.netty.util.concurrent.SingleThreadEventExecutor$4.run(SingleThreadEventExecutor.java:989)
	at io.netty.util.internal.ThreadExecutorMap$2.run(ThreadExecutorMap.java:74)
	at io.netty.util.concurrent.FastThreadLocalRunnable.run(FastThreadLocalRunnable.java:30)
	at java.base/java.lang.Thread.run(Thread.java:829)
2026-02-23 03:07:41.695 - [WARN ] - esl
org.freeswitch.esl.client.inbound.InboundConnectionException: Could not connect to /61.158.166.46:8021
	at org.freeswitch.esl.client.inbound.Client.connect(Client.java:134)
	at cn.psycall.ccmgt.util.FreeSwitchManage.monitor(FreeSwitchManage.java:86)
	at cn.psycall.ccmgt.util.FreeSwitchManage.run(FreeSwitchManage.java:42)
Caused by: io.netty.channel.AbstractChannel$AnnotatedConnectException: Connection refused: /61.158.166.46:8021
Caused by: java.net.ConnectException: Connection refused
	at java.base/sun.nio.ch.SocketChannelImpl.checkConnect(Native Method)
	at java.base/sun.nio.ch.SocketChannelImpl.finishConnect(SocketChannelImpl.java:777)
	at io.netty.channel.socket.nio.NioSocketChannel.doFinishConnect(NioSocketChannel.java:330)
	at io.netty.channel.nio.AbstractNioChannel$AbstractNioUnsafe.finishConnect(AbstractNioChannel.java:334)
	at io.netty.channel.nio.NioEventLoop.processSelectedKey(NioEventLoop.java:707)
	at io.netty.channel.nio.NioEventLoop.processSelectedKeysOptimized(NioEventLoop.java:655)
	at io.netty.channel.nio.NioEventLoop.processSelectedKeys(NioEventLoop.java:581)
	at io.netty.channel.nio.NioEventLoop.run(NioEventLoop.java:493)
	at io.netty.util.concurrent.SingleThreadEventExecutor$4.run(SingleThreadEventExecutor.java:989)
	at io.netty.util.internal.ThreadExecutorMap$2.run(ThreadExecutorMap.java:74)
	at io.netty.util.concurrent.FastThreadLocalRunnable.run(FastThreadLocalRunnable.java:30)
	at java.base/java.lang.Thread.run(Thread.java:829)
2026-02-23 03:07:42.772 - [WARN ] - esl
org.freeswitch.esl.client.inbound.InboundConnectionException: Could not connect to /61.158.166.46:8021
	at org.freeswitch.esl.client.inbound.Client.connect(Client.java:134)
	at cn.psycall.ccmgt.util.FreeSwitchManage.monitor(FreeSwitchManage.java:86)
	at cn.psycall.ccmgt.util.FreeSwitchManage.run(FreeSwitchManage.java:42)
Caused by: io.netty.channel.AbstractChannel$AnnotatedConnectException: Connection refused: /61.158.166.46:8021
Caused by: java.net.ConnectException: Connection refused
	at java.base/sun.nio.ch.SocketChannelImpl.checkConnect(Native Method)
	at java.base/sun.nio.ch.SocketChannelImpl.finishConnect(SocketChannelImpl.java:777)
	at io.netty.channel.socket.nio.NioSocketChannel.doFinishConnect(NioSocketChannel.java:330)
	at io.netty.channel.nio.AbstractNioChannel$AbstractNioUnsafe.finishConnect(AbstractNioChannel.java:334)
	at io.netty.channel.nio.NioEventLoop.processSelectedKey(NioEventLoop.java:707)
	at io.netty.channel.nio.NioEventLoop.processSelectedKeysOptimized(NioEventLoop.java:655)
	at io.netty.channel.nio.NioEventLoop.processSelectedKeys(NioEventLoop.java:581)
	at io.netty.channel.nio.NioEventLoop.run(NioEventLoop.java:493)
	at io.netty.util.concurrent.SingleThreadEventExecutor$4.run(SingleThreadEventExecutor.java:989)
	at io.netty.util.internal.ThreadExecutorMap$2.run(ThreadExecutorMap.java:74)
	at io.netty.util.concurrent.FastThreadLocalRunnable.run(FastThreadLocalRunnable.java:30)
	at java.base/java.lang.Thread.run(Thread.java:829)
2026-02-23 03:07:43.856 - [WARN ] - esl
org.freeswitch.esl.client.inbound.InboundConnectionException: Could not connect to /61.158.166.46:8021
	at org.freeswitch.esl.client.inbound.Client.connect(Client.java:134)
	at cn.psycall.ccmgt.util.FreeSwitchManage.monitor(FreeSwitchManage.java:86)
	at cn.psycall.ccmgt.util.FreeSwitchManage.run(FreeSwitchManage.java:42)
Caused by: io.netty.channel.AbstractChannel$AnnotatedConnectException: Connection refused: /61.158.166.46:8021
Caused by: java.net.ConnectException: Connection refused
	at java.base/sun.nio.ch.SocketChannelImpl.checkConnect(Native Method)
	at java.base/sun.nio.ch.SocketChannelImpl.finishConnect(SocketChannelImpl.java:777)
	at io.netty.channel.socket.nio.NioSocketChannel.doFinishConnect(NioSocketChannel.java:330)
	at io.netty.channel.nio.AbstractNioChannel$AbstractNioUnsafe.finishConnect(AbstractNioChannel.java:334)
	at io.netty.channel.nio.NioEventLoop.processSelectedKey(NioEventLoop.java:707)
	at io.netty.channel.nio.NioEventLoop.processSelectedKeysOptimized(NioEventLoop.java:655)
	at io.netty.channel.nio.NioEventLoop.processSelectedKeys(NioEventLoop.java:581)
	at io.netty.channel.nio.NioEventLoop.run(NioEventLoop.java:493)
	at io.netty.util.concurrent.SingleThreadEventExecutor$4.run(SingleThreadEventExecutor.java:989)
	at io.netty.util.internal.ThreadExecutorMap$2.run(ThreadExecutorMap.java:74)
	at io.netty.util.concurrent.FastThreadLocalRunnable.run(FastThreadLocalRunnable.java:30)
	at java.base/java.lang.Thread.run(Thread.java:829)
2026-02-23 03:07:44.938 - [WARN ] - esl
org.freeswitch.esl.client.inbound.InboundConnectionException: Could not connect to /61.158.166.46:8021
	at org.freeswitch.esl.client.inbound.Client.connect(Client.java:134)
	at cn.psycall.ccmgt.util.FreeSwitchManage.monitor(FreeSwitchManage.java:86)
	at cn.psycall.ccmgt.util.FreeSwitchManage.run(FreeSwitchManage.java:42)
Caused by: io.netty.channel.AbstractChannel$AnnotatedConnectException: Connection refused: /61.158.166.46:8021
Caused by: java.net.ConnectException: Connection refused
	at java.base/sun.nio.ch.SocketChannelImpl.checkConnect(Native Method)
	at java.base/sun.nio.ch.SocketChannelImpl.finishConnect(SocketChannelImpl.java:777)
	at io.netty.channel.socket.nio.NioSocketChannel.doFinishConnect(NioSocketChannel.java:330)
	at io.netty.channel.nio.AbstractNioChannel$AbstractNioUnsafe.finishConnect(AbstractNioChannel.java:334)
	at io.netty.channel.nio.NioEventLoop.processSelectedKey(NioEventLoop.java:707)
	at io.netty.channel.nio.NioEventLoop.processSelectedKeysOptimized(NioEventLoop.java:655)
	at io.netty.channel.nio.NioEventLoop.processSelectedKeys(NioEventLoop.java:581)
	at io.netty.channel.nio.NioEventLoop.run(NioEventLoop.java:493)
	at io.netty.util.concurrent.SingleThreadEventExecutor$4.run(SingleThreadEventExecutor.java:989)
	at io.netty.util.internal.ThreadExecutorMap$2.run(ThreadExecutorMap.java:74)
	at io.netty.util.concurrent.FastThreadLocalRunnable.run(FastThreadLocalRunnable.java:30)
	at java.base/java.lang.Thread.run(Thread.java:829)
2026-02-23 03:07:46.040 - [WARN ] - esl
org.freeswitch.esl.client.inbound.InboundConnectionException: Could not connect to /61.158.166.46:8021
	at org.freeswitch.esl.client.inbound.Client.connect(Client.java:134)
	at cn.psycall.ccmgt.util.FreeSwitchManage.monitor(FreeSwitchManage.java:86)
	at cn.psycall.ccmgt.util.FreeSwitchManage.run(FreeSwitchManage.java:42)
Caused by: io.netty.channel.AbstractChannel$AnnotatedConnectException: Connection refused: /61.158.166.46:8021
Caused by: java.net.ConnectException: Connection refused
	at java.base/sun.nio.ch.SocketChannelImpl.checkConnect(Native Method)
	at java.base/sun.nio.ch.SocketChannelImpl.finishConnect(SocketChannelImpl.java:777)
	at io.netty.channel.socket.nio.NioSocketChannel.doFinishConnect(NioSocketChannel.java:330)
	at io.netty.channel.nio.AbstractNioChannel$AbstractNioUnsafe.finishConnect(AbstractNioChannel.java:334)
	at io.netty.channel.nio.NioEventLoop.processSelectedKey(NioEventLoop.java:707)
	at io.netty.channel.nio.NioEventLoop.processSelectedKeysOptimized(NioEventLoop.java:655)
	at io.netty.channel.nio.NioEventLoop.processSelectedKeys(NioEventLoop.java:581)
	at io.netty.channel.nio.NioEventLoop.run(NioEventLoop.java:493)
	at io.netty.util.concurrent.SingleThreadEventExecutor$4.run(SingleThreadEventExecutor.java:989)
	at io.netty.util.internal.ThreadExecutorMap$2.run(ThreadExecutorMap.java:74)
	at io.netty.util.concurrent.FastThreadLocalRunnable.run(FastThreadLocalRunnable.java:30)
	at java.base/java.lang.Thread.run(Thread.java:829)
2026-02-23 03:07:47.132 - [WARN ] - esl
org.freeswitch.esl.client.inbound.InboundConnectionException: Could not connect to /61.158.166.46:8021
	at org.freeswitch.esl.client.inbound.Client.connect(Client.java:134)
	at cn.psycall.ccmgt.util.FreeSwitchManage.monitor(FreeSwitchManage.java:86)
	at cn.psycall.ccmgt.util.FreeSwitchManage.run(FreeSwitchManage.java:42)
Caused by: io.netty.channel.AbstractChannel$AnnotatedConnectException: Connection refused: /61.158.166.46:8021
Caused by: java.net.ConnectException: Connection refused
	at java.base/sun.nio.ch.SocketChannelImpl.checkConnect(Native Method)
	at java.base/sun.nio.ch.SocketChannelImpl.finishConnect(SocketChannelImpl.java:777)
	at io.netty.channel.socket.nio.NioSocketChannel.doFinishConnect(NioSocketChannel.java:330)
	at io.netty.channel.nio.AbstractNioChannel$AbstractNioUnsafe.finishConnect(AbstractNioChannel.java:334)
	at io.netty.channel.nio.NioEventLoop.processSelectedKey(NioEventLoop.java:707)
	at io.netty.channel.nio.NioEventLoop.processSelectedKeysOptimized(NioEventLoop.java:655)
	at io.netty.channel.nio.NioEventLoop.processSelectedKeys(NioEventLoop.java:581)
	at io.netty.channel.nio.NioEventLoop.run(NioEventLoop.java:493)
	at io.netty.util.concurrent.SingleThreadEventExecutor$4.run(SingleThreadEventExecutor.java:989)
	at io.netty.util.internal.ThreadExecutorMap$2.run(ThreadExecutorMap.java:74)
	at io.netty.util.concurrent.FastThreadLocalRunnable.run(FastThreadLocalRunnable.java:30)
	at java.base/java.lang.Thread.run(Thread.java:829)
2026-02-23 03:07:48.219 - [WARN ] - esl
org.freeswitch.esl.client.inbound.InboundConnectionException: Could not connect to /61.158.166.46:8021
	at org.freeswitch.esl.client.inbound.Client.connect(Client.java:134)
	at cn.psycall.ccmgt.util.FreeSwitchManage.monitor(FreeSwitchManage.java:86)
	at cn.psycall.ccmgt.util.FreeSwitchManage.run(FreeSwitchManage.java:42)
Caused by: io.netty.channel.AbstractChannel$AnnotatedConnectException: Connection refused: /61.158.166.46:8021
Caused by: java.net.ConnectException: Connection refused
	at java.base/sun.nio.ch.SocketChannelImpl.checkConnect(Native Method)
	at java.base/sun.nio.ch.SocketChannelImpl.finishConnect(SocketChannelImpl.java:777)
	at io.netty.channel.socket.nio.NioSocketChannel.doFinishConnect(NioSocketChannel.java:330)
	at io.netty.channel.nio.AbstractNioChannel$AbstractNioUnsafe.finishConnect(AbstractNioChannel.java:334)
	at io.netty.channel.nio.NioEventLoop.processSelectedKey(NioEventLoop.java:707)
	at io.netty.channel.nio.NioEventLoop.processSelectedKeysOptimized(NioEventLoop.java:655)
	at io.netty.channel.nio.NioEventLoop.processSelectedKeys(NioEventLoop.java:581)
	at io.netty.channel.nio.NioEventLoop.run(NioEventLoop.java:493)
	at io.netty.util.concurrent.SingleThreadEventExecutor$4.run(SingleThreadEventExecutor.java:989)
	at io.netty.util.internal.ThreadExecutorMap$2.run(ThreadExecutorMap.java:74)
	at io.netty.util.concurrent.FastThreadLocalRunnable.run(FastThreadLocalRunnable.java:30)
	at java.base/java.lang.Thread.run(Thread.java:829)
2026-02-23 03:07:49.311 - [WARN ] - esl
org.freeswitch.esl.client.inbound.InboundConnectionException: Could not connect to /61.158.166.46:8021
	at org.freeswitch.esl.client.inbound.Client.connect(Client.java:134)
	at cn.psycall.ccmgt.util.FreeSwitchManage.monitor(FreeSwitchManage.java:86)
	at cn.psycall.ccmgt.util.FreeSwitchManage.run(FreeSwitchManage.java:42)
Caused by: io.netty.channel.AbstractChannel$AnnotatedConnectException: Connection refused: /61.158.166.46:8021
Caused by: java.net.ConnectException: Connection refused
	at java.base/sun.nio.ch.SocketChannelImpl.checkConnect(Native Method)
	at java.base/sun.nio.ch.SocketChannelImpl.finishConnect(SocketChannelImpl.java:777)
	at io.netty.channel.socket.nio.NioSocketChannel.doFinishConnect(NioSocketChannel.java:330)
	at io.netty.channel.nio.AbstractNioChannel$AbstractNioUnsafe.finishConnect(AbstractNioChannel.java:334)
	at io.netty.channel.nio.NioEventLoop.processSelectedKey(NioEventLoop.java:707)
	at io.netty.channel.nio.NioEventLoop.processSelectedKeysOptimized(NioEventLoop.java:655)
	at io.netty.channel.nio.NioEventLoop.processSelectedKeys(NioEventLoop.java:581)
	at io.netty.channel.nio.NioEventLoop.run(NioEventLoop.java:493)
	at io.netty.util.concurrent.SingleThreadEventExecutor$4.run(SingleThreadEventExecutor.java:989)
	at io.netty.util.internal.ThreadExecutorMap$2.run(ThreadExecutorMap.java:74)
	at io.netty.util.concurrent.FastThreadLocalRunnable.run(FastThreadLocalRunnable.java:30)
	at java.base/java.lang.Thread.run(Thread.java:829)
2026-02-23 03:07:50.409 - [WARN ] - esl
org.freeswitch.esl.client.inbound.InboundConnectionException: Could not connect to /61.158.166.46:8021
	at org.freeswitch.esl.client.inbound.Client.connect(Client.java:134)
	at cn.psycall.ccmgt.util.FreeSwitchManage.monitor(FreeSwitchManage.java:86)
	at cn.psycall.ccmgt.util.FreeSwitchManage.run(FreeSwitchManage.java:42)
Caused by: io.netty.channel.AbstractChannel$AnnotatedConnectException: Connection refused: /61.158.166.46:8021
Caused by: java.net.ConnectException: Connection refused
	at java.base/sun.nio.ch.SocketChannelImpl.checkConnect(Native Method)
	at java.base/sun.nio.ch.SocketChannelImpl.finishConnect(SocketChannelImpl.java:777)
	at io.netty.channel.socket.nio.NioSocketChannel.doFinishConnect(NioSocketChannel.java:330)
	at io.netty.channel.nio.AbstractNioChannel$AbstractNioUnsafe.finishConnect(AbstractNioChannel.java:334)
	at io.netty.channel.nio.NioEventLoop.processSelectedKey(NioEventLoop.java:707)
	at io.netty.channel.nio.NioEventLoop.processSelectedKeysOptimized(NioEventLoop.java:655)
	at io.netty.channel.nio.NioEventLoop.processSelectedKeys(NioEventLoop.java:581)
	at io.netty.channel.nio.NioEventLoop.run(NioEventLoop.java:493)
	at io.netty.util.concurrent.SingleThreadEventExecutor$4.run(SingleThreadEventExecutor.java:989)
	at io.netty.util.internal.ThreadExecutorMap$2.run(ThreadExecutorMap.java:74)
	at io.netty.util.concurrent.FastThreadLocalRunnable.run(FastThreadLocalRunnable.java:30)
	at java.base/java.lang.Thread.run(Thread.java:829)
2026-02-23 03:07:51.500 - [WARN ] - esl
org.freeswitch.esl.client.inbound.InboundConnectionException: Could not connect to /61.158.166.46:8021
	at org.freeswitch.esl.client.inbound.Client.connect(Client.java:134)
	at cn.psycall.ccmgt.util.FreeSwitchManage.monitor(FreeSwitchManage.java:86)
	at cn.psycall.ccmgt.util.FreeSwitchManage.run(FreeSwitchManage.java:42)
Caused by: io.netty.channel.AbstractChannel$AnnotatedConnectException: Connection refused: /61.158.166.46:8021
Caused by: java.net.ConnectException: Connection refused
	at java.base/sun.nio.ch.SocketChannelImpl.checkConnect(Native Method)
	at java.base/sun.nio.ch.SocketChannelImpl.finishConnect(SocketChannelImpl.java:777)
	at io.netty.channel.socket.nio.NioSocketChannel.doFinishConnect(NioSocketChannel.java:330)
	at io.netty.channel.nio.AbstractNioChannel$AbstractNioUnsafe.finishConnect(AbstractNioChannel.java:334)
	at io.netty.channel.nio.NioEventLoop.processSelectedKey(NioEventLoop.java:707)
	at io.netty.channel.nio.NioEventLoop.processSelectedKeysOptimized(NioEventLoop.java:655)
	at io.netty.channel.nio.NioEventLoop.processSelectedKeys(NioEventLoop.java:581)
	at io.netty.channel.nio.NioEventLoop.run(NioEventLoop.java:493)
	at io.netty.util.concurrent.SingleThreadEventExecutor$4.run(SingleThreadEventExecutor.java:989)
	at io.netty.util.internal.ThreadExecutorMap$2.run(ThreadExecutorMap.java:74)
	at io.netty.util.concurrent.FastThreadLocalRunnable.run(FastThreadLocalRunnable.java:30)
	at java.base/java.lang.Thread.run(Thread.java:829)
2026-02-23 03:07:52.580 - [WARN ] - esl
org.freeswitch.esl.client.inbound.InboundConnectionException: Could not connect to /61.158.166.46:8021
	at org.freeswitch.esl.client.inbound.Client.connect(Client.java:134)
	at cn.psycall.ccmgt.util.FreeSwitchManage.monitor(FreeSwitchManage.java:86)
	at cn.psycall.ccmgt.util.FreeSwitchManage.run(FreeSwitchManage.java:42)
Caused by: io.netty.channel.AbstractChannel$AnnotatedConnectException: Connection refused: /61.158.166.46:8021
Caused by: java.net.ConnectException: Connection refused
	at java.base/sun.nio.ch.SocketChannelImpl.checkConnect(Native Method)
	at java.base/sun.nio.ch.SocketChannelImpl.finishConnect(SocketChannelImpl.java:777)
	at io.netty.channel.socket.nio.NioSocketChannel.doFinishConnect(NioSocketChannel.java:330)
	at io.netty.channel.nio.AbstractNioChannel$AbstractNioUnsafe.finishConnect(AbstractNioChannel.java:334)
	at io.netty.channel.nio.NioEventLoop.processSelectedKey(NioEventLoop.java:707)
	at io.netty.channel.nio.NioEventLoop.processSelectedKeysOptimized(NioEventLoop.java:655)
	at io.netty.channel.nio.NioEventLoop.processSelectedKeys(NioEventLoop.java:581)
	at io.netty.channel.nio.NioEventLoop.run(NioEventLoop.java:493)
	at io.netty.util.concurrent.SingleThreadEventExecutor$4.run(SingleThreadEventExecutor.java:989)
	at io.netty.util.internal.ThreadExecutorMap$2.run(ThreadExecutorMap.java:74)
	at io.netty.util.concurrent.FastThreadLocalRunnable.run(FastThreadLocalRunnable.java:30)
	at java.base/java.lang.Thread.run(Thread.java:829)
2026-02-23 03:07:53.661 - [WARN ] - esl
org.freeswitch.esl.client.inbound.InboundConnectionException: Could not connect to /61.158.166.46:8021
	at org.freeswitch.esl.client.inbound.Client.connect(Client.java:134)
	at cn.psycall.ccmgt.util.FreeSwitchManage.monitor(FreeSwitchManage.java:86)
	at cn.psycall.ccmgt.util.FreeSwitchManage.run(FreeSwitchManage.java:42)
Caused by: io.netty.channel.AbstractChannel$AnnotatedConnectException: Connection refused: /61.158.166.46:8021
Caused by: java.net.ConnectException: Connection refused
	at java.base/sun.nio.ch.SocketChannelImpl.checkConnect(Native Method)
	at java.base/sun.nio.ch.SocketChannelImpl.finishConnect(SocketChannelImpl.java:777)
	at io.netty.channel.socket.nio.NioSocketChannel.doFinishConnect(NioSocketChannel.java:330)
	at io.netty.channel.nio.AbstractNioChannel$AbstractNioUnsafe.finishConnect(AbstractNioChannel.java:334)
	at io.netty.channel.nio.NioEventLoop.processSelectedKey(NioEventLoop.java:707)
	at io.netty.channel.nio.NioEventLoop.processSelectedKeysOptimized(NioEventLoop.java:655)
	at io.netty.channel.nio.NioEventLoop.processSelectedKeys(NioEventLoop.java:581)
	at io.netty.channel.nio.NioEventLoop.run(NioEventLoop.java:493)
	at io.netty.util.concurrent.SingleThreadEventExecutor$4.run(SingleThreadEventExecutor.java:989)
	at io.netty.util.internal.ThreadExecutorMap$2.run(ThreadExecutorMap.java:74)
	at io.netty.util.concurrent.FastThreadLocalRunnable.run(FastThreadLocalRunnable.java:30)
	at java.base/java.lang.Thread.run(Thread.java:829)
2026-02-23 03:07:54.738 - [WARN ] - esl
org.freeswitch.esl.client.inbound.InboundConnectionException: Could not connect to /61.158.166.46:8021
	at org.freeswitch.esl.client.inbound.Client.connect(Client.java:134)
	at cn.psycall.ccmgt.util.FreeSwitchManage.monitor(FreeSwitchManage.java:86)
	at cn.psycall.ccmgt.util.FreeSwitchManage.run(FreeSwitchManage.java:42)
Caused by: io.netty.channel.AbstractChannel$AnnotatedConnectException: Connection refused: /61.158.166.46:8021
Caused by: java.net.ConnectException: Connection refused
	at java.base/sun.nio.ch.SocketChannelImpl.checkConnect(Native Method)
	at java.base/sun.nio.ch.SocketChannelImpl.finishConnect(SocketChannelImpl.java:777)
	at io.netty.channel.socket.nio.NioSocketChannel.doFinishConnect(NioSocketChannel.java:330)
	at io.netty.channel.nio.AbstractNioChannel$AbstractNioUnsafe.finishConnect(AbstractNioChannel.java:334)
	at io.netty.channel.nio.NioEventLoop.processSelectedKey(NioEventLoop.java:707)
	at io.netty.channel.nio.NioEventLoop.processSelectedKeysOptimized(NioEventLoop.java:655)
	at io.netty.channel.nio.NioEventLoop.processSelectedKeys(NioEventLoop.java:581)
	at io.netty.channel.nio.NioEventLoop.run(NioEventLoop.java:493)
	at io.netty.util.concurrent.SingleThreadEventExecutor$4.run(SingleThreadEventExecutor.java:989)
	at io.netty.util.internal.ThreadExecutorMap$2.run(ThreadExecutorMap.java:74)
	at io.netty.util.concurrent.FastThreadLocalRunnable.run(FastThreadLocalRunnable.java:30)
	at java.base/java.lang.Thread.run(Thread.java:829)
2026-02-23 03:07:55.825 - [WARN ] - esl
org.freeswitch.esl.client.inbound.InboundConnectionException: Could not connect to /61.158.166.46:8021
	at org.freeswitch.esl.client.inbound.Client.connect(Client.java:134)
	at cn.psycall.ccmgt.util.FreeSwitchManage.monitor(FreeSwitchManage.java:86)
	at cn.psycall.ccmgt.util.FreeSwitchManage.run(FreeSwitchManage.java:42)
Caused by: io.netty.channel.AbstractChannel$AnnotatedConnectException: Connection refused: /61.158.166.46:8021
Caused by: java.net.ConnectException: Connection refused
	at java.base/sun.nio.ch.SocketChannelImpl.checkConnect(Native Method)
	at java.base/sun.nio.ch.SocketChannelImpl.finishConnect(SocketChannelImpl.java:777)
	at io.netty.channel.socket.nio.NioSocketChannel.doFinishConnect(NioSocketChannel.java:330)
	at io.netty.channel.nio.AbstractNioChannel$AbstractNioUnsafe.finishConnect(AbstractNioChannel.java:334)
	at io.netty.channel.nio.NioEventLoop.processSelectedKey(NioEventLoop.java:707)
	at io.netty.channel.nio.NioEventLoop.processSelectedKeysOptimized(NioEventLoop.java:655)
	at io.netty.channel.nio.NioEventLoop.processSelectedKeys(NioEventLoop.java:581)
	at io.netty.channel.nio.NioEventLoop.run(NioEventLoop.java:493)
	at io.netty.util.concurrent.SingleThreadEventExecutor$4.run(SingleThreadEventExecutor.java:989)
	at io.netty.util.internal.ThreadExecutorMap$2.run(ThreadExecutorMap.java:74)
	at io.netty.util.concurrent.FastThreadLocalRunnable.run(FastThreadLocalRunnable.java:30)
	at java.base/java.lang.Thread.run(Thread.java:829)
2026-02-23 03:07:56.914 - [WARN ] - esl
org.freeswitch.esl.client.inbound.InboundConnectionException: Could not connect to /61.158.166.46:8021
	at org.freeswitch.esl.client.inbound.Client.connect(Client.java:134)
	at cn.psycall.ccmgt.util.FreeSwitchManage.monitor(FreeSwitchManage.java:86)
	at cn.psycall.ccmgt.util.FreeSwitchManage.run(FreeSwitchManage.java:42)
Caused by: io.netty.channel.AbstractChannel$AnnotatedConnectException: Connection refused: /61.158.166.46:8021
Caused by: java.net.ConnectException: Connection refused
	at java.base/sun.nio.ch.SocketChannelImpl.checkConnect(Native Method)
	at java.base/sun.nio.ch.SocketChannelImpl.finishConnect(SocketChannelImpl.java:777)
	at io.netty.channel.socket.nio.NioSocketChannel.doFinishConnect(NioSocketChannel.java:330)
	at io.netty.channel.nio.AbstractNioChannel$AbstractNioUnsafe.finishConnect(AbstractNioChannel.java:334)
	at io.netty.channel.nio.NioEventLoop.processSelectedKey(NioEventLoop.java:707)
	at io.netty.channel.nio.NioEventLoop.processSelectedKeysOptimized(NioEventLoop.java:655)
	at io.netty.channel.nio.NioEventLoop.processSelectedKeys(NioEventLoop.java:581)
	at io.netty.channel.nio.NioEventLoop.run(NioEventLoop.java:493)
	at io.netty.util.concurrent.SingleThreadEventExecutor$4.run(SingleThreadEventExecutor.java:989)
	at io.netty.util.internal.ThreadExecutorMap$2.run(ThreadExecutorMap.java:74)
	at io.netty.util.concurrent.FastThreadLocalRunnable.run(FastThreadLocalRunnable.java:30)
	at java.base/java.lang.Thread.run(Thread.java:829)
2026-02-23 03:07:58.007 - [WARN ] - esl
org.freeswitch.esl.client.inbound.InboundConnectionException: Could not connect to /61.158.166.46:8021
	at org.freeswitch.esl.client.inbound.Client.connect(Client.java:134)
	at cn.psycall.ccmgt.util.FreeSwitchManage.monitor(FreeSwitchManage.java:86)
	at cn.psycall.ccmgt.util.FreeSwitchManage.run(FreeSwitchManage.java:42)
Caused by: io.netty.channel.AbstractChannel$AnnotatedConnectException: Connection refused: /61.158.166.46:8021
Caused by: java.net.ConnectException: Connection refused
	at java.base/sun.nio.ch.SocketChannelImpl.checkConnect(Native Method)
	at java.base/sun.nio.ch.SocketChannelImpl.finishConnect(SocketChannelImpl.java:777)
	at io.netty.channel.socket.nio.NioSocketChannel.doFinishConnect(NioSocketChannel.java:330)
	at io.netty.channel.nio.AbstractNioChannel$AbstractNioUnsafe.finishConnect(AbstractNioChannel.java:334)
	at io.netty.channel.nio.NioEventLoop.processSelectedKey(NioEventLoop.java:707)
	at io.netty.channel.nio.NioEventLoop.processSelectedKeysOptimized(NioEventLoop.java:655)
	at io.netty.channel.nio.NioEventLoop.processSelectedKeys(NioEventLoop.java:581)
	at io.netty.channel.nio.NioEventLoop.run(NioEventLoop.java:493)
	at io.netty.util.concurrent.SingleThreadEventExecutor$4.run(SingleThreadEventExecutor.java:989)
	at io.netty.util.internal.ThreadExecutorMap$2.run(ThreadExecutorMap.java:74)
	at io.netty.util.concurrent.FastThreadLocalRunnable.run(FastThreadLocalRunnable.java:30)
	at java.base/java.lang.Thread.run(Thread.java:829)
2026-02-23 03:07:59.092 - [WARN ] - esl
org.freeswitch.esl.client.inbound.InboundConnectionException: Could not connect to /61.158.166.46:8021
	at org.freeswitch.esl.client.inbound.Client.connect(Client.java:134)
	at cn.psycall.ccmgt.util.FreeSwitchManage.monitor(FreeSwitchManage.java:86)
	at cn.psycall.ccmgt.util.FreeSwitchManage.run(FreeSwitchManage.java:42)
Caused by: io.netty.channel.AbstractChannel$AnnotatedConnectException: Connection refused: /61.158.166.46:8021
Caused by: java.net.ConnectException: Connection refused
	at java.base/sun.nio.ch.SocketChannelImpl.checkConnect(Native Method)
	at java.base/sun.nio.ch.SocketChannelImpl.finishConnect(SocketChannelImpl.java:777)
	at io.netty.channel.socket.nio.NioSocketChannel.doFinishConnect(NioSocketChannel.java:330)
	at io.netty.channel.nio.AbstractNioChannel$AbstractNioUnsafe.finishConnect(AbstractNioChannel.java:334)
	at io.netty.channel.nio.NioEventLoop.processSelectedKey(NioEventLoop.java:707)
	at io.netty.channel.nio.NioEventLoop.processSelectedKeysOptimized(NioEventLoop.java:655)
	at io.netty.channel.nio.NioEventLoop.processSelectedKeys(NioEventLoop.java:581)
	at io.netty.channel.nio.NioEventLoop.run(NioEventLoop.java:493)
	at io.netty.util.concurrent.SingleThreadEventExecutor$4.run(SingleThreadEventExecutor.java:989)
	at io.netty.util.internal.ThreadExecutorMap$2.run(ThreadExecutorMap.java:74)
	at io.netty.util.concurrent.FastThreadLocalRunnable.run(FastThreadLocalRunnable.java:30)
	at java.base/java.lang.Thread.run(Thread.java:829)
2026-02-23 03:08:00.169 - [WARN ] - esl
org.freeswitch.esl.client.inbound.InboundConnectionException: Could not connect to /61.158.166.46:8021
	at org.freeswitch.esl.client.inbound.Client.connect(Client.java:134)
	at cn.psycall.ccmgt.util.FreeSwitchManage.monitor(FreeSwitchManage.java:86)
	at cn.psycall.ccmgt.util.FreeSwitchManage.run(FreeSwitchManage.java:42)
Caused by: io.netty.channel.AbstractChannel$AnnotatedConnectException: Connection refused: /61.158.166.46:8021
Caused by: java.net.ConnectException: Connection refused
	at java.base/sun.nio.ch.SocketChannelImpl.checkConnect(Native Method)
	at java.base/sun.nio.ch.SocketChannelImpl.finishConnect(SocketChannelImpl.java:777)
	at io.netty.channel.socket.nio.NioSocketChannel.doFinishConnect(NioSocketChannel.java:330)
	at io.netty.channel.nio.AbstractNioChannel$AbstractNioUnsafe.finishConnect(AbstractNioChannel.java:334)
	at io.netty.channel.nio.NioEventLoop.processSelectedKey(NioEventLoop.java:707)
	at io.netty.channel.nio.NioEventLoop.processSelectedKeysOptimized(NioEventLoop.java:655)
	at io.netty.channel.nio.NioEventLoop.processSelectedKeys(NioEventLoop.java:581)
	at io.netty.channel.nio.NioEventLoop.run(NioEventLoop.java:493)
	at io.netty.util.concurrent.SingleThreadEventExecutor$4.run(SingleThreadEventExecutor.java:989)
	at io.netty.util.internal.ThreadExecutorMap$2.run(ThreadExecutorMap.java:74)
	at io.netty.util.concurrent.FastThreadLocalRunnable.run(FastThreadLocalRunnable.java:30)
	at java.base/java.lang.Thread.run(Thread.java:829)
2026-02-23 03:08:01.255 - [WARN ] - esl
org.freeswitch.esl.client.inbound.InboundConnectionException: Could not connect to /61.158.166.46:8021
	at org.freeswitch.esl.client.inbound.Client.connect(Client.java:134)
	at cn.psycall.ccmgt.util.FreeSwitchManage.monitor(FreeSwitchManage.java:86)
	at cn.psycall.ccmgt.util.FreeSwitchManage.run(FreeSwitchManage.java:42)
Caused by: io.netty.channel.AbstractChannel$AnnotatedConnectException: Connection refused: /61.158.166.46:8021
Caused by: java.net.ConnectException: Connection refused
	at java.base/sun.nio.ch.SocketChannelImpl.checkConnect(Native Method)
	at java.base/sun.nio.ch.SocketChannelImpl.finishConnect(SocketChannelImpl.java:777)
	at io.netty.channel.socket.nio.NioSocketChannel.doFinishConnect(NioSocketChannel.java:330)
	at io.netty.channel.nio.AbstractNioChannel$AbstractNioUnsafe.finishConnect(AbstractNioChannel.java:334)
	at io.netty.channel.nio.NioEventLoop.processSelectedKey(NioEventLoop.java:707)
	at io.netty.channel.nio.NioEventLoop.processSelectedKeysOptimized(NioEventLoop.java:655)
	at io.netty.channel.nio.NioEventLoop.processSelectedKeys(NioEventLoop.java:581)
	at io.netty.channel.nio.NioEventLoop.run(NioEventLoop.java:493)
	at io.netty.util.concurrent.SingleThreadEventExecutor$4.run(SingleThreadEventExecutor.java:989)
	at io.netty.util.internal.ThreadExecutorMap$2.run(ThreadExecutorMap.java:74)
	at io.netty.util.concurrent.FastThreadLocalRunnable.run(FastThreadLocalRunnable.java:30)
	at java.base/java.lang.Thread.run(Thread.java:829)
2026-02-23 03:08:02.334 - [WARN ] - esl
org.freeswitch.esl.client.inbound.InboundConnectionException: Could not connect to /61.158.166.46:8021
	at org.freeswitch.esl.client.inbound.Client.connect(Client.java:134)
	at cn.psycall.ccmgt.util.FreeSwitchManage.monitor(FreeSwitchManage.java:86)
	at cn.psycall.ccmgt.util.FreeSwitchManage.run(FreeSwitchManage.java:42)
Caused by: io.netty.channel.AbstractChannel$AnnotatedConnectException: Connection refused: /61.158.166.46:8021
Caused by: java.net.ConnectException: Connection refused
	at java.base/sun.nio.ch.SocketChannelImpl.checkConnect(Native Method)
	at java.base/sun.nio.ch.SocketChannelImpl.finishConnect(SocketChannelImpl.java:777)
	at io.netty.channel.socket.nio.NioSocketChannel.doFinishConnect(NioSocketChannel.java:330)
	at io.netty.channel.nio.AbstractNioChannel$AbstractNioUnsafe.finishConnect(AbstractNioChannel.java:334)
	at io.netty.channel.nio.NioEventLoop.processSelectedKey(NioEventLoop.java:707)
	at io.netty.channel.nio.NioEventLoop.processSelectedKeysOptimized(NioEventLoop.java:655)
	at io.netty.channel.nio.NioEventLoop.processSelectedKeys(NioEventLoop.java:581)
	at io.netty.channel.nio.NioEventLoop.run(NioEventLoop.java:493)
	at io.netty.util.concurrent.SingleThreadEventExecutor$4.run(SingleThreadEventExecutor.java:989)
	at io.netty.util.internal.ThreadExecutorMap$2.run(ThreadExecutorMap.java:74)
	at io.netty.util.concurrent.FastThreadLocalRunnable.run(FastThreadLocalRunnable.java:30)
	at java.base/java.lang.Thread.run(Thread.java:829)
2026-02-23 03:08:03.419 - [WARN ] - esl
org.freeswitch.esl.client.inbound.InboundConnectionException: Could not connect to /61.158.166.46:8021
	at org.freeswitch.esl.client.inbound.Client.connect(Client.java:134)
	at cn.psycall.ccmgt.util.FreeSwitchManage.monitor(FreeSwitchManage.java:86)
	at cn.psycall.ccmgt.util.FreeSwitchManage.run(FreeSwitchManage.java:42)
Caused by: io.netty.channel.AbstractChannel$AnnotatedConnectException: Connection refused: /61.158.166.46:8021
Caused by: java.net.ConnectException: Connection refused
	at java.base/sun.nio.ch.SocketChannelImpl.checkConnect(Native Method)
	at java.base/sun.nio.ch.SocketChannelImpl.finishConnect(SocketChannelImpl.java:777)
	at io.netty.channel.socket.nio.NioSocketChannel.doFinishConnect(NioSocketChannel.java:330)
	at io.netty.channel.nio.AbstractNioChannel$AbstractNioUnsafe.finishConnect(AbstractNioChannel.java:334)
	at io.netty.channel.nio.NioEventLoop.processSelectedKey(NioEventLoop.java:707)
	at io.netty.channel.nio.NioEventLoop.processSelectedKeysOptimized(NioEventLoop.java:655)
	at io.netty.channel.nio.NioEventLoop.processSelectedKeys(NioEventLoop.java:581)
	at io.netty.channel.nio.NioEventLoop.run(NioEventLoop.java:493)
	at io.netty.util.concurrent.SingleThreadEventExecutor$4.run(SingleThreadEventExecutor.java:989)
	at io.netty.util.internal.ThreadExecutorMap$2.run(ThreadExecutorMap.java:74)
	at io.netty.util.concurrent.FastThreadLocalRunnable.run(FastThreadLocalRunnable.java:30)
	at java.base/java.lang.Thread.run(Thread.java:829)
2026-02-23 03:08:04.496 - [WARN ] - esl
org.freeswitch.esl.client.inbound.InboundConnectionException: Could not connect to /61.158.166.46:8021
	at org.freeswitch.esl.client.inbound.Client.connect(Client.java:134)
	at cn.psycall.ccmgt.util.FreeSwitchManage.monitor(FreeSwitchManage.java:86)
	at cn.psycall.ccmgt.util.FreeSwitchManage.run(FreeSwitchManage.java:42)
Caused by: io.netty.channel.AbstractChannel$AnnotatedConnectException: Connection refused: /61.158.166.46:8021
Caused by: java.net.ConnectException: Connection refused
	at java.base/sun.nio.ch.SocketChannelImpl.checkConnect(Native Method)
	at java.base/sun.nio.ch.SocketChannelImpl.finishConnect(SocketChannelImpl.java:777)
	at io.netty.channel.socket.nio.NioSocketChannel.doFinishConnect(NioSocketChannel.java:330)
	at io.netty.channel.nio.AbstractNioChannel$AbstractNioUnsafe.finishConnect(AbstractNioChannel.java:334)
	at io.netty.channel.nio.NioEventLoop.processSelectedKey(NioEventLoop.java:707)
	at io.netty.channel.nio.NioEventLoop.processSelectedKeysOptimized(NioEventLoop.java:655)
	at io.netty.channel.nio.NioEventLoop.processSelectedKeys(NioEventLoop.java:581)
	at io.netty.channel.nio.NioEventLoop.run(NioEventLoop.java:493)
	at io.netty.util.concurrent.SingleThreadEventExecutor$4.run(SingleThreadEventExecutor.java:989)
	at io.netty.util.internal.ThreadExecutorMap$2.run(ThreadExecutorMap.java:74)
	at io.netty.util.concurrent.FastThreadLocalRunnable.run(FastThreadLocalRunnable.java:30)
	at java.base/java.lang.Thread.run(Thread.java:829)
2026-02-23 03:08:05.574 - [WARN ] - esl
org.freeswitch.esl.client.inbound.InboundConnectionException: Could not connect to /61.158.166.46:8021
	at org.freeswitch.esl.client.inbound.Client.connect(Client.java:134)
	at cn.psycall.ccmgt.util.FreeSwitchManage.monitor(FreeSwitchManage.java:86)
	at cn.psycall.ccmgt.util.FreeSwitchManage.run(FreeSwitchManage.java:42)
Caused by: io.netty.channel.AbstractChannel$AnnotatedConnectException: Connection refused: /61.158.166.46:8021
Caused by: java.net.ConnectException: Connection refused
	at java.base/sun.nio.ch.SocketChannelImpl.checkConnect(Native Method)
	at java.base/sun.nio.ch.SocketChannelImpl.finishConnect(SocketChannelImpl.java:777)
	at io.netty.channel.socket.nio.NioSocketChannel.doFinishConnect(NioSocketChannel.java:330)
	at io.netty.channel.nio.AbstractNioChannel$AbstractNioUnsafe.finishConnect(AbstractNioChannel.java:334)
	at io.netty.channel.nio.NioEventLoop.processSelectedKey(NioEventLoop.java:707)
	at io.netty.channel.nio.NioEventLoop.processSelectedKeysOptimized(NioEventLoop.java:655)
	at io.netty.channel.nio.NioEventLoop.processSelectedKeys(NioEventLoop.java:581)
	at io.netty.channel.nio.NioEventLoop.run(NioEventLoop.java:493)
	at io.netty.util.concurrent.SingleThreadEventExecutor$4.run(SingleThreadEventExecutor.java:989)
	at io.netty.util.internal.ThreadExecutorMap$2.run(ThreadExecutorMap.java:74)
	at io.netty.util.concurrent.FastThreadLocalRunnable.run(FastThreadLocalRunnable.java:30)
	at java.base/java.lang.Thread.run(Thread.java:829)
2026-02-23 03:08:06.659 - [WARN ] - esl
org.freeswitch.esl.client.inbound.InboundConnectionException: Could not connect to /61.158.166.46:8021
	at org.freeswitch.esl.client.inbound.Client.connect(Client.java:134)
	at cn.psycall.ccmgt.util.FreeSwitchManage.monitor(FreeSwitchManage.java:86)
	at cn.psycall.ccmgt.util.FreeSwitchManage.run(FreeSwitchManage.java:42)
Caused by: io.netty.channel.AbstractChannel$AnnotatedConnectException: Connection refused: /61.158.166.46:8021
Caused by: java.net.ConnectException: Connection refused
	at java.base/sun.nio.ch.SocketChannelImpl.checkConnect(Native Method)
	at java.base/sun.nio.ch.SocketChannelImpl.finishConnect(SocketChannelImpl.java:777)
	at io.netty.channel.socket.nio.NioSocketChannel.doFinishConnect(NioSocketChannel.java:330)
	at io.netty.channel.nio.AbstractNioChannel$AbstractNioUnsafe.finishConnect(AbstractNioChannel.java:334)
	at io.netty.channel.nio.NioEventLoop.processSelectedKey(NioEventLoop.java:707)
	at io.netty.channel.nio.NioEventLoop.processSelectedKeysOptimized(NioEventLoop.java:655)
	at io.netty.channel.nio.NioEventLoop.processSelectedKeys(NioEventLoop.java:581)
	at io.netty.channel.nio.NioEventLoop.run(NioEventLoop.java:493)
	at io.netty.util.concurrent.SingleThreadEventExecutor$4.run(SingleThreadEventExecutor.java:989)
	at io.netty.util.internal.ThreadExecutorMap$2.run(ThreadExecutorMap.java:74)
	at io.netty.util.concurrent.FastThreadLocalRunnable.run(FastThreadLocalRunnable.java:30)
	at java.base/java.lang.Thread.run(Thread.java:829)
2026-02-23 03:08:07.746 - [WARN ] - esl
org.freeswitch.esl.client.inbound.InboundConnectionException: Could not connect to /61.158.166.46:8021
	at org.freeswitch.esl.client.inbound.Client.connect(Client.java:134)
	at cn.psycall.ccmgt.util.FreeSwitchManage.monitor(FreeSwitchManage.java:86)
	at cn.psycall.ccmgt.util.FreeSwitchManage.run(FreeSwitchManage.java:42)
Caused by: io.netty.channel.AbstractChannel$AnnotatedConnectException: Connection refused: /61.158.166.46:8021
Caused by: java.net.ConnectException: Connection refused
	at java.base/sun.nio.ch.SocketChannelImpl.checkConnect(Native Method)
	at java.base/sun.nio.ch.SocketChannelImpl.finishConnect(SocketChannelImpl.java:777)
	at io.netty.channel.socket.nio.NioSocketChannel.doFinishConnect(NioSocketChannel.java:330)
	at io.netty.channel.nio.AbstractNioChannel$AbstractNioUnsafe.finishConnect(AbstractNioChannel.java:334)
	at io.netty.channel.nio.NioEventLoop.processSelectedKey(NioEventLoop.java:707)
	at io.netty.channel.nio.NioEventLoop.processSelectedKeysOptimized(NioEventLoop.java:655)
	at io.netty.channel.nio.NioEventLoop.processSelectedKeys(NioEventLoop.java:581)
	at io.netty.channel.nio.NioEventLoop.run(NioEventLoop.java:493)
	at io.netty.util.concurrent.SingleThreadEventExecutor$4.run(SingleThreadEventExecutor.java:989)
	at io.netty.util.internal.ThreadExecutorMap$2.run(ThreadExecutorMap.java:74)
	at io.netty.util.concurrent.FastThreadLocalRunnable.run(FastThreadLocalRunnable.java:30)
	at java.base/java.lang.Thread.run(Thread.java:829)
2026-02-23 03:08:08.828 - [WARN ] - esl
org.freeswitch.esl.client.inbound.InboundConnectionException: Could not connect to /61.158.166.46:8021
	at org.freeswitch.esl.client.inbound.Client.connect(Client.java:134)
	at cn.psycall.ccmgt.util.FreeSwitchManage.monitor(FreeSwitchManage.java:86)
	at cn.psycall.ccmgt.util.FreeSwitchManage.run(FreeSwitchManage.java:42)
Caused by: io.netty.channel.AbstractChannel$AnnotatedConnectException: Connection refused: /61.158.166.46:8021
Caused by: java.net.ConnectException: Connection refused
	at java.base/sun.nio.ch.SocketChannelImpl.checkConnect(Native Method)
	at java.base/sun.nio.ch.SocketChannelImpl.finishConnect(SocketChannelImpl.java:777)
	at io.netty.channel.socket.nio.NioSocketChannel.doFinishConnect(NioSocketChannel.java:330)
	at io.netty.channel.nio.AbstractNioChannel$AbstractNioUnsafe.finishConnect(AbstractNioChannel.java:334)
	at io.netty.channel.nio.NioEventLoop.processSelectedKey(NioEventLoop.java:707)
	at io.netty.channel.nio.NioEventLoop.processSelectedKeysOptimized(NioEventLoop.java:655)
	at io.netty.channel.nio.NioEventLoop.processSelectedKeys(NioEventLoop.java:581)
	at io.netty.channel.nio.NioEventLoop.run(NioEventLoop.java:493)
	at io.netty.util.concurrent.SingleThreadEventExecutor$4.run(SingleThreadEventExecutor.java:989)
	at io.netty.util.internal.ThreadExecutorMap$2.run(ThreadExecutorMap.java:74)
	at io.netty.util.concurrent.FastThreadLocalRunnable.run(FastThreadLocalRunnable.java:30)
	at java.base/java.lang.Thread.run(Thread.java:829)
2026-02-23 03:08:09.908 - [WARN ] - esl
org.freeswitch.esl.client.inbound.InboundConnectionException: Could not connect to /61.158.166.46:8021
	at org.freeswitch.esl.client.inbound.Client.connect(Client.java:134)
	at cn.psycall.ccmgt.util.FreeSwitchManage.monitor(FreeSwitchManage.java:86)
	at cn.psycall.ccmgt.util.FreeSwitchManage.run(FreeSwitchManage.java:42)
Caused by: io.netty.channel.AbstractChannel$AnnotatedConnectException: Connection refused: /61.158.166.46:8021
Caused by: java.net.ConnectException: Connection refused
	at java.base/sun.nio.ch.SocketChannelImpl.checkConnect(Native Method)
	at java.base/sun.nio.ch.SocketChannelImpl.finishConnect(SocketChannelImpl.java:777)
	at io.netty.channel.socket.nio.NioSocketChannel.doFinishConnect(NioSocketChannel.java:330)
	at io.netty.channel.nio.AbstractNioChannel$AbstractNioUnsafe.finishConnect(AbstractNioChannel.java:334)
	at io.netty.channel.nio.NioEventLoop.processSelectedKey(NioEventLoop.java:707)
	at io.netty.channel.nio.NioEventLoop.processSelectedKeysOptimized(NioEventLoop.java:655)
	at io.netty.channel.nio.NioEventLoop.processSelectedKeys(NioEventLoop.java:581)
	at io.netty.channel.nio.NioEventLoop.run(NioEventLoop.java:493)
	at io.netty.util.concurrent.SingleThreadEventExecutor$4.run(SingleThreadEventExecutor.java:989)
	at io.netty.util.internal.ThreadExecutorMap$2.run(ThreadExecutorMap.java:74)
	at io.netty.util.concurrent.FastThreadLocalRunnable.run(FastThreadLocalRunnable.java:30)
	at java.base/java.lang.Thread.run(Thread.java:829)
2026-02-23 03:08:10.988 - [WARN ] - esl
org.freeswitch.esl.client.inbound.InboundConnectionException: Could not connect to /61.158.166.46:8021
	at org.freeswitch.esl.client.inbound.Client.connect(Client.java:134)
	at cn.psycall.ccmgt.util.FreeSwitchManage.monitor(FreeSwitchManage.java:86)
	at cn.psycall.ccmgt.util.FreeSwitchManage.run(FreeSwitchManage.java:42)
Caused by: io.netty.channel.AbstractChannel$AnnotatedConnectException: Connection refused: /61.158.166.46:8021
Caused by: java.net.ConnectException: Connection refused
	at java.base/sun.nio.ch.SocketChannelImpl.checkConnect(Native Method)
	at java.base/sun.nio.ch.SocketChannelImpl.finishConnect(SocketChannelImpl.java:777)
	at io.netty.channel.socket.nio.NioSocketChannel.doFinishConnect(NioSocketChannel.java:330)
	at io.netty.channel.nio.AbstractNioChannel$AbstractNioUnsafe.finishConnect(AbstractNioChannel.java:334)
	at io.netty.channel.nio.NioEventLoop.processSelectedKey(NioEventLoop.java:707)
	at io.netty.channel.nio.NioEventLoop.processSelectedKeysOptimized(NioEventLoop.java:655)
	at io.netty.channel.nio.NioEventLoop.processSelectedKeys(NioEventLoop.java:581)
	at io.netty.channel.nio.NioEventLoop.run(NioEventLoop.java:493)
	at io.netty.util.concurrent.SingleThreadEventExecutor$4.run(SingleThreadEventExecutor.java:989)
	at io.netty.util.internal.ThreadExecutorMap$2.run(ThreadExecutorMap.java:74)
	at io.netty.util.concurrent.FastThreadLocalRunnable.run(FastThreadLocalRunnable.java:30)
	at java.base/java.lang.Thread.run(Thread.java:829)
2026-02-23 03:08:12.085 - [WARN ] - esl
org.freeswitch.esl.client.inbound.InboundConnectionException: Could not connect to /61.158.166.46:8021
	at org.freeswitch.esl.client.inbound.Client.connect(Client.java:134)
	at cn.psycall.ccmgt.util.FreeSwitchManage.monitor(FreeSwitchManage.java:86)
	at cn.psycall.ccmgt.util.FreeSwitchManage.run(FreeSwitchManage.java:42)
Caused by: io.netty.channel.AbstractChannel$AnnotatedConnectException: Connection refused: /61.158.166.46:8021
Caused by: java.net.ConnectException: Connection refused
	at java.base/sun.nio.ch.SocketChannelImpl.checkConnect(Native Method)
	at java.base/sun.nio.ch.SocketChannelImpl.finishConnect(SocketChannelImpl.java:777)
	at io.netty.channel.socket.nio.NioSocketChannel.doFinishConnect(NioSocketChannel.java:330)
	at io.netty.channel.nio.AbstractNioChannel$AbstractNioUnsafe.finishConnect(AbstractNioChannel.java:334)
	at io.netty.channel.nio.NioEventLoop.processSelectedKey(NioEventLoop.java:707)
	at io.netty.channel.nio.NioEventLoop.processSelectedKeysOptimized(NioEventLoop.java:655)
	at io.netty.channel.nio.NioEventLoop.processSelectedKeys(NioEventLoop.java:581)
	at io.netty.channel.nio.NioEventLoop.run(NioEventLoop.java:493)
	at io.netty.util.concurrent.SingleThreadEventExecutor$4.run(SingleThreadEventExecutor.java:989)
	at io.netty.util.internal.ThreadExecutorMap$2.run(ThreadExecutorMap.java:74)
	at io.netty.util.concurrent.FastThreadLocalRunnable.run(FastThreadLocalRunnable.java:30)
	at java.base/java.lang.Thread.run(Thread.java:829)
2026-02-23 03:08:13.171 - [WARN ] - esl
org.freeswitch.esl.client.inbound.InboundConnectionException: Could not connect to /61.158.166.46:8021
	at org.freeswitch.esl.client.inbound.Client.connect(Client.java:134)
	at cn.psycall.ccmgt.util.FreeSwitchManage.monitor(FreeSwitchManage.java:86)
	at cn.psycall.ccmgt.util.FreeSwitchManage.run(FreeSwitchManage.java:42)
Caused by: io.netty.channel.AbstractChannel$AnnotatedConnectException: Connection refused: /61.158.166.46:8021
Caused by: java.net.ConnectException: Connection refused
	at java.base/sun.nio.ch.SocketChannelImpl.checkConnect(Native Method)
	at java.base/sun.nio.ch.SocketChannelImpl.finishConnect(SocketChannelImpl.java:777)
	at io.netty.channel.socket.nio.NioSocketChannel.doFinishConnect(NioSocketChannel.java:330)
	at io.netty.channel.nio.AbstractNioChannel$AbstractNioUnsafe.finishConnect(AbstractNioChannel.java:334)
	at io.netty.channel.nio.NioEventLoop.processSelectedKey(NioEventLoop.java:707)
	at io.netty.channel.nio.NioEventLoop.processSelectedKeysOptimized(NioEventLoop.java:655)
	at io.netty.channel.nio.NioEventLoop.processSelectedKeys(NioEventLoop.java:581)
	at io.netty.channel.nio.NioEventLoop.run(NioEventLoop.java:493)
	at io.netty.util.concurrent.SingleThreadEventExecutor$4.run(SingleThreadEventExecutor.java:989)
	at io.netty.util.internal.ThreadExecutorMap$2.run(ThreadExecutorMap.java:74)
	at io.netty.util.concurrent.FastThreadLocalRunnable.run(FastThreadLocalRunnable.java:30)
	at java.base/java.lang.Thread.run(Thread.java:829)
2026-02-23 03:08:14.265 - [WARN ] - esl
org.freeswitch.esl.client.inbound.InboundConnectionException: Could not connect to /61.158.166.46:8021
	at org.freeswitch.esl.client.inbound.Client.connect(Client.java:134)
	at cn.psycall.ccmgt.util.FreeSwitchManage.monitor(FreeSwitchManage.java:86)
	at cn.psycall.ccmgt.util.FreeSwitchManage.run(FreeSwitchManage.java:42)
Caused by: io.netty.channel.AbstractChannel$AnnotatedConnectException: Connection refused: /61.158.166.46:8021
Caused by: java.net.ConnectException: Connection refused
	at java.base/sun.nio.ch.SocketChannelImpl.checkConnect(Native Method)
	at java.base/sun.nio.ch.SocketChannelImpl.finishConnect(SocketChannelImpl.java:777)
	at io.netty.channel.socket.nio.NioSocketChannel.doFinishConnect(NioSocketChannel.java:330)
	at io.netty.channel.nio.AbstractNioChannel$AbstractNioUnsafe.finishConnect(AbstractNioChannel.java:334)
	at io.netty.channel.nio.NioEventLoop.processSelectedKey(NioEventLoop.java:707)
	at io.netty.channel.nio.NioEventLoop.processSelectedKeysOptimized(NioEventLoop.java:655)
	at io.netty.channel.nio.NioEventLoop.processSelectedKeys(NioEventLoop.java:581)
	at io.netty.channel.nio.NioEventLoop.run(NioEventLoop.java:493)
	at io.netty.util.concurrent.SingleThreadEventExecutor$4.run(SingleThreadEventExecutor.java:989)
	at io.netty.util.internal.ThreadExecutorMap$2.run(ThreadExecutorMap.java:74)
	at io.netty.util.concurrent.FastThreadLocalRunnable.run(FastThreadLocalRunnable.java:30)
	at java.base/java.lang.Thread.run(Thread.java:829)
2026-02-23 03:08:15.555 - [WARN ] - conn_rabbit_mq
org.springframework.web.client.ResourceAccessException: I/O error on POST request for "http://61.158.166.46:8888/command/conn_rabbit_mq": Connect to 61.158.166.46:8888 [/61.158.166.46] failed: Connection refused (Connection refused); nested exception is org.apache.http.conn.HttpHostConnectException: Connect to 61.158.166.46:8888 [/61.158.166.46] failed: Connection refused (Connection refused)
	at org.springframework.web.client.RestTemplate.doExecute(RestTemplate.java:791)
	at org.springframework.web.client.RestTemplate.execute(RestTemplate.java:717)
	at org.springframework.web.client.RestTemplate.exchange(RestTemplate.java:608)
	at cn.psycall.ccmgt.util.FreeSwitchManage.conn_rabbit_mq(FreeSwitchManage.java:272)
	at cn.psycall.ccmgt.util.FreeSwitchManage.monitor(FreeSwitchManage.java:89)
	at cn.psycall.ccmgt.util.FreeSwitchManage.run(FreeSwitchManage.java:42)
Caused by: org.apache.http.conn.HttpHostConnectException: Connect to 61.158.166.46:8888 [/61.158.166.46] failed: Connection refused (Connection refused)
	at org.apache.http.impl.conn.DefaultHttpClientConnectionOperator.connect(DefaultHttpClientConnectionOperator.java:156)
	at org.apache.http.impl.conn.PoolingHttpClientConnectionManager.connect(PoolingHttpClientConnectionManager.java:376)
	at org.apache.http.impl.execchain.MainClientExec.establishRoute(MainClientExec.java:393)
	at org.apache.http.impl.execchain.MainClientExec.execute(MainClientExec.java:236)
	at org.apache.http.impl.execchain.ProtocolExec.execute(ProtocolExec.java:186)
	at org.apache.http.impl.execchain.RetryExec.execute(RetryExec.java:89)
	at org.apache.http.impl.execchain.RedirectExec.execute(RedirectExec.java:110)
	at org.apache.http.impl.client.InternalHttpClient.doExecute(InternalHttpClient.java:185)
	at org.apache.http.impl.client.CloseableHttpClient.execute(CloseableHttpClient.java:83)
	at org.apache.http.impl.client.CloseableHttpClient.execute(CloseableHttpClient.java:56)
	at org.springframework.http.client.HttpComponentsClientHttpRequest.executeInternal(HttpComponentsClientHttpRequest.java:87)
	at org.springframework.http.client.AbstractBufferingClientHttpRequest.executeInternal(AbstractBufferingClientHttpRequest.java:48)
	at org.springframework.http.client.AbstractClientHttpRequest.execute(AbstractClientHttpRequest.java:66)
	at org.springframework.web.client.RestTemplate.doExecute(RestTemplate.java:782)
	... 5 common frames omitted
Caused by: java.net.ConnectException: Connection refused (Connection refused)
	at java.base/java.net.PlainSocketImpl.socketConnect(Native Method)
	at java.base/java.net.AbstractPlainSocketImpl.doConnect(AbstractPlainSocketImpl.java:412)
	at java.base/java.net.AbstractPlainSocketImpl.connectToAddress(AbstractPlainSocketImpl.java:255)
	at java.base/java.net.AbstractPlainSocketImpl.connect(AbstractPlainSocketImpl.java:237)
	at java.base/java.net.SocksSocketImpl.connect(SocksSocketImpl.java:392)
	at java.base/java.net.Socket.connect(Socket.java:609)
	at org.apache.http.conn.socket.PlainConnectionSocketFactory.connectSocket(PlainConnectionSocketFactory.java:75)
	at org.apache.http.impl.conn.DefaultHttpClientConnectionOperator.connect(DefaultHttpClientConnectionOperator.java:142)
	... 18 common frames omitted
2026-02-23 03:08:16.833 - [WARN ] - conn_rabbit_mq
org.springframework.web.client.ResourceAccessException: I/O error on POST request for "http://61.158.166.46:8888/command/conn_rabbit_mq": Connect to 61.158.166.46:8888 [/61.158.166.46] failed: Connection refused (Connection refused); nested exception is org.apache.http.conn.HttpHostConnectException: Connect to 61.158.166.46:8888 [/61.158.166.46] failed: Connection refused (Connection refused)
	at org.springframework.web.client.RestTemplate.doExecute(RestTemplate.java:791)
	at org.springframework.web.client.RestTemplate.execute(RestTemplate.java:717)
	at org.springframework.web.client.RestTemplate.exchange(RestTemplate.java:608)
	at cn.psycall.ccmgt.util.FreeSwitchManage.conn_rabbit_mq(FreeSwitchManage.java:272)
	at cn.psycall.ccmgt.util.FreeSwitchManage.monitor(FreeSwitchManage.java:89)
	at cn.psycall.ccmgt.util.FreeSwitchManage.run(FreeSwitchManage.java:42)
Caused by: org.apache.http.conn.HttpHostConnectException: Connect to 61.158.166.46:8888 [/61.158.166.46] failed: Connection refused (Connection refused)
	at org.apache.http.impl.conn.DefaultHttpClientConnectionOperator.connect(DefaultHttpClientConnectionOperator.java:156)
	at org.apache.http.impl.conn.PoolingHttpClientConnectionManager.connect(PoolingHttpClientConnectionManager.java:376)
	at org.apache.http.impl.execchain.MainClientExec.establishRoute(MainClientExec.java:393)
	at org.apache.http.impl.execchain.MainClientExec.execute(MainClientExec.java:236)
	at org.apache.http.impl.execchain.ProtocolExec.execute(ProtocolExec.java:186)
	at org.apache.http.impl.execchain.RetryExec.execute(RetryExec.java:89)
	at org.apache.http.impl.execchain.RedirectExec.execute(RedirectExec.java:110)
	at org.apache.http.impl.client.InternalHttpClient.doExecute(InternalHttpClient.java:185)
	at org.apache.http.impl.client.CloseableHttpClient.execute(CloseableHttpClient.java:83)
	at org.apache.http.impl.client.CloseableHttpClient.execute(CloseableHttpClient.java:56)
	at org.springframework.http.client.HttpComponentsClientHttpRequest.executeInternal(HttpComponentsClientHttpRequest.java:87)
	at org.springframework.http.client.AbstractBufferingClientHttpRequest.executeInternal(AbstractBufferingClientHttpRequest.java:48)
	at org.springframework.http.client.AbstractClientHttpRequest.execute(AbstractClientHttpRequest.java:66)
	at org.springframework.web.client.RestTemplate.doExecute(RestTemplate.java:782)
	... 5 common frames omitted
Caused by: java.net.ConnectException: Connection refused (Connection refused)
	at java.base/java.net.PlainSocketImpl.socketConnect(Native Method)
	at java.base/java.net.AbstractPlainSocketImpl.doConnect(AbstractPlainSocketImpl.java:412)
	at java.base/java.net.AbstractPlainSocketImpl.connectToAddress(AbstractPlainSocketImpl.java:255)
	at java.base/java.net.AbstractPlainSocketImpl.connect(AbstractPlainSocketImpl.java:237)
	at java.base/java.net.SocksSocketImpl.connect(SocksSocketImpl.java:392)
	at java.base/java.net.Socket.connect(Socket.java:609)
	at org.apache.http.conn.socket.PlainConnectionSocketFactory.connectSocket(PlainConnectionSocketFactory.java:75)
	at org.apache.http.impl.conn.DefaultHttpClientConnectionOperator.connect(DefaultHttpClientConnectionOperator.java:142)
	... 18 common frames omitted
2026-02-23 03:08:28.716 - [INFO ] - internal->61.158.166.46:5060
2026-02-23 03:08:28.717 - [INFO ] - ESL Client connected ..(61.158.166.46:8021[aba1e3e9-d4ab-4302-8a2b-a2f8661d9682])
2026-02-23 03:08:29.435 - [INFO ] - internal_sip_port->5060
2026-02-23 03:08:29.436 - [INFO ] - external_sip_port->5080
2026-02-23 03:08:35.228 - [INFO ] - fs[aba1e3e9-d4ab-4302-8a2b-a2f8661d9682] CallThread start
2026-02-23 04:07:03.557 - [INFO ] - hikari-pool - Shutdown initiated...
2026-02-23 04:07:03.564 - [INFO ] - hikari-pool - Shutdown completed.
2026-02-23 04:09:01.111 - [INFO ] - Starting CcmgtApplication v1.0 using Java 11.0.29 on 142-0 with PID 4785 (/usr/local/cc/ccmgt-1.0.jar started by root in /usr/local/cc)
2026-02-23 04:09:01.141 - [INFO ] - No active profile set, falling back to default profiles: default
2026-02-23 04:09:10.087 - [INFO ] - Initializing ProtocolHandler ["http-nio-8020"]
2026-02-23 04:09:10.089 - [INFO ] - Starting service [Tomcat]
2026-02-23 04:09:10.091 - [INFO ] - Starting Servlet engine: [Apache Tomcat/9.0.41]
2026-02-23 04:09:10.395 - [INFO ] - Initializing Spring embedded WebApplicationContext
2026-02-23 04:09:17.086 - [INFO ] - Starting ProtocolHandler ["http-nio-8020"]
2026-02-23 04:09:17.362 - [INFO ] - Started CcmgtApplication in 20.636 seconds (JVM running for 24.837)
2026-02-23 04:09:17.425 - [INFO ] - ccmgt init
2026-02-23 04:09:17.965 - [INFO ] - hikari-pool - Starting...
2026-02-23 04:09:18.588 - [INFO ] - RabbitMQ connected!
2026-02-23 04:09:19.653 - [INFO ] - hikari-pool - Start completed.
2026-02-23 04:09:25.891 - [INFO ] - Initializing Spring DispatcherServlet 'dispatcherServlet'
2026-02-23 04:09:46.841 - [INFO ] - internal->61.158.166.43:5060
2026-02-23 04:09:46.845 - [INFO ] - ESL Client connected ..(61.158.166.43:8021[500678eb-8180-4f21-bd97-38206e1ee156])
2026-02-23 04:09:46.909 - [INFO ] - internal_sip_port->5060
2026-02-23 04:09:46.909 - [INFO ] - external_sip_port->5080
2026-02-23 04:09:52.443 - [INFO ] - fs[500678eb-8180-4f21-bd97-38206e1ee156] CallThread start
2026-02-23 04:09:52.780 - [INFO ] - internal->61.158.166.44:5060
2026-02-23 04:09:52.781 - [INFO ] - ESL Client connected ..(61.158.166.44:8021[86bf046b-8b1e-4add-82c3-18ebd5ba43ec])
2026-02-23 04:09:52.833 - [INFO ] - internal_sip_port->5060
2026-02-23 04:09:52.834 - [INFO ] - external_sip_port->5080
2026-02-23 04:09:58.285 - [INFO ] - fs[86bf046b-8b1e-4add-82c3-18ebd5ba43ec] CallThread start
2026-02-23 04:09:58.920 - [INFO ] - internal->61.158.166.45:5060
2026-02-23 04:09:58.921 - [INFO ] - ESL Client connected ..(61.158.166.45:8021[ef74ca02-172b-41a6-b666-8c773018ee36])
2026-02-23 04:09:58.964 - [INFO ] - internal_sip_port->5060
2026-02-23 04:09:58.964 - [INFO ] - external_sip_port->5080
2026-02-23 04:10:04.447 - [INFO ] - fs[ef74ca02-172b-41a6-b666-8c773018ee36] CallThread start
2026-02-23 04:10:04.831 - [INFO ] - internal->61.158.166.46:5060
2026-02-23 04:10:04.832 - [INFO ] - ESL Client connected ..(61.158.166.46:8021[aba1e3e9-d4ab-4302-8a2b-a2f8661d9682])
2026-02-23 04:10:04.879 - [INFO ] - internal_sip_port->5060
2026-02-23 04:10:04.879 - [INFO ] - external_sip_port->5080
2026-02-23 04:10:10.361 - [INFO ] - fs[aba1e3e9-d4ab-4302-8a2b-a2f8661d9682] CallThread start
2026-02-23 05:02:02.511 - [INFO ] - Error parsing HTTP request header
 Note: further occurrences of HTTP request parsing errors will be logged at DEBUG level.
java.lang.IllegalArgumentException: Invalid character found in method name [0x160x030x010x000xee0x010x000x000xea0x030x03l0xe10x930xfe0x090x170x95c]0xa20x80z0xa60x14e0xe5Y0x98n0xbc0x9c0xf00xd80x84q5N0xf60x890x85D0xb7]. HTTP method names must be tokens
	at org.apache.coyote.http11.Http11InputBuffer.parseRequestLine(Http11InputBuffer.java:417)
	at org.apache.coyote.http11.Http11Processor.service(Http11Processor.java:261)
	at org.apache.coyote.AbstractProcessorLight.process(AbstractProcessorLight.java:65)
	at org.apache.coyote.AbstractProtocol$ConnectionHandler.process(AbstractProtocol.java:888)
	at org.apache.tomcat.util.net.NioEndpoint$SocketProcessor.doRun(NioEndpoint.java:1597)
	at org.apache.tomcat.util.net.SocketProcessorBase.run(SocketProcessorBase.java:49)
	at java.base/java.util.concurrent.ThreadPoolExecutor.runWorker(ThreadPoolExecutor.java:1128)
	at java.base/java.util.concurrent.ThreadPoolExecutor$Worker.run(ThreadPoolExecutor.java:628)
	at org.apache.tomcat.util.threads.TaskThread$WrappingRunnable.run(TaskThread.java:61)
	at java.base/java.lang.Thread.run(Thread.java:829)
2026-02-23 05:37:24.062 - [INFO ] - Error parsing HTTP request header
 Note: further occurrences of HTTP request parsing errors will be logged at DEBUG level.
java.lang.IllegalArgumentException: Invalid character found in method name [0x160x030x010x000xee0x010x000x000xea0x030x030xf10x990x0f0x7f0x8dx0xb9n0xf70xa90x8a10x020xbf}0x880x930x8c0x8a0x0a#0xe60xa20xd20xc00x990xf60xc7QM0x9b0x1f]. HTTP method names must be tokens
	at org.apache.coyote.http11.Http11InputBuffer.parseRequestLine(Http11InputBuffer.java:417)
	at org.apache.coyote.http11.Http11Processor.service(Http11Processor.java:261)
	at org.apache.coyote.AbstractProcessorLight.process(AbstractProcessorLight.java:65)
	at org.apache.coyote.AbstractProtocol$ConnectionHandler.process(AbstractProtocol.java:888)
	at org.apache.tomcat.util.net.NioEndpoint$SocketProcessor.doRun(NioEndpoint.java:1597)
	at org.apache.tomcat.util.net.SocketProcessorBase.run(SocketProcessorBase.java:49)
	at java.base/java.util.concurrent.ThreadPoolExecutor.runWorker(ThreadPoolExecutor.java:1128)
	at java.base/java.util.concurrent.ThreadPoolExecutor$Worker.run(ThreadPoolExecutor.java:628)
	at org.apache.tomcat.util.threads.TaskThread$WrappingRunnable.run(TaskThread.java:61)
	at java.base/java.lang.Thread.run(Thread.java:829)
2026-02-23 06:09:06.301 - [INFO ] - Error parsing HTTP request header
 Note: further occurrences of HTTP request parsing errors will be logged at DEBUG level.
java.lang.IllegalArgumentException: Invalid character found in method name [0x160x030x010x01D0x010x000x01@0x030x03R0xd20xfbW0x18C0xd60xdb90x9a0x8a?~;0xfb0x05@0xda0xdeK0x090xbf0xe00xffUq0xf3-0xa7}0x890x9e]. HTTP method names must be tokens
	at org.apache.coyote.http11.Http11InputBuffer.parseRequestLine(Http11InputBuffer.java:417)
	at org.apache.coyote.http11.Http11Processor.service(Http11Processor.java:261)
	at org.apache.coyote.AbstractProcessorLight.process(AbstractProcessorLight.java:65)
	at org.apache.coyote.AbstractProtocol$ConnectionHandler.process(AbstractProtocol.java:888)
	at org.apache.tomcat.util.net.NioEndpoint$SocketProcessor.doRun(NioEndpoint.java:1597)
	at org.apache.tomcat.util.net.SocketProcessorBase.run(SocketProcessorBase.java:49)
	at java.base/java.util.concurrent.ThreadPoolExecutor.runWorker(ThreadPoolExecutor.java:1128)
	at java.base/java.util.concurrent.ThreadPoolExecutor$Worker.run(ThreadPoolExecutor.java:628)
	at org.apache.tomcat.util.threads.TaskThread$WrappingRunnable.run(TaskThread.java:61)
	at java.base/java.lang.Thread.run(Thread.java:829)
2026-02-23 09:59:47.627 - [WARN ] - ChannelPark
java.lang.NullPointerException: null
	at cn.psycall.ccmgt.cti.AssignedAgent.execute(AssignedAgent.java:34)
	at cn.psycall.ccmgt.cti.ChannelPark.run(ChannelPark.java:328)
	at java.base/java.util.concurrent.ThreadPoolExecutor.runWorker(ThreadPoolExecutor.java:1128)
	at java.base/java.util.concurrent.ThreadPoolExecutor$Worker.run(ThreadPoolExecutor.java:628)
	at java.base/java.lang.Thread.run(Thread.java:829)
2026-02-23 09:59:47.744 - [WARN ] - ChannelPark
java.lang.NullPointerException: null
	at cn.psycall.ccmgt.cti.ChannelPark.run(ChannelPark.java:83)
	at java.base/java.util.concurrent.ThreadPoolExecutor.runWorker(ThreadPoolExecutor.java:1128)
	at java.base/java.util.concurrent.ThreadPoolExecutor$Worker.run(ThreadPoolExecutor.java:628)
	at java.base/java.lang.Thread.run(Thread.java:829)
2026-02-23 09:59:47.783 - [WARN ] - AgentQueue
java.lang.NullPointerException: null
	at cn.psycall.ccmgt.cti.AssignedAgent.execute(AssignedAgent.java:34)
	at cn.psycall.ccmgt.util.AgentQueue.exec(AgentQueue.java:43)
	at cn.psycall.ccmgt.util.AgentQueue.run(AgentQueue.java:24)
2026-02-23 09:59:48.287 - [WARN ] - AgentQueue
java.lang.NullPointerException: null
	at cn.psycall.ccmgt.cti.AssignedAgent.execute(AssignedAgent.java:34)
	at cn.psycall.ccmgt.util.AgentQueue.exec(AgentQueue.java:43)
	at cn.psycall.ccmgt.util.AgentQueue.run(AgentQueue.java:24)
2026-02-23 10:11:34.649 - [INFO ] - Error parsing HTTP request header
 Note: further occurrences of HTTP request parsing errors will be logged at DEBUG level.
java.lang.IllegalArgumentException: Invalid character found in method name [0x030x000x00/*0xe00x000x000x000x000x00Cookie:]. HTTP method names must be tokens
	at org.apache.coyote.http11.Http11InputBuffer.parseRequestLine(Http11InputBuffer.java:417)
	at org.apache.coyote.http11.Http11Processor.service(Http11Processor.java:261)
	at org.apache.coyote.AbstractProcessorLight.process(AbstractProcessorLight.java:65)
	at org.apache.coyote.AbstractProtocol$ConnectionHandler.process(AbstractProtocol.java:888)
	at org.apache.tomcat.util.net.NioEndpoint$SocketProcessor.doRun(NioEndpoint.java:1597)
	at org.apache.tomcat.util.net.SocketProcessorBase.run(SocketProcessorBase.java:49)
	at java.base/java.util.concurrent.ThreadPoolExecutor.runWorker(ThreadPoolExecutor.java:1128)
	at java.base/java.util.concurrent.ThreadPoolExecutor$Worker.run(ThreadPoolExecutor.java:628)
	at org.apache.tomcat.util.threads.TaskThread$WrappingRunnable.run(TaskThread.java:61)
	at java.base/java.lang.Thread.run(Thread.java:829)
2026-02-23 12:33:42.658 - [INFO ] - Error parsing HTTP request header
 Note: further occurrences of HTTP request parsing errors will be logged at DEBUG level.
java.lang.IllegalArgumentException: Invalid character found in method name [0x030x000x00/*0xe00x000x000x000x000x00Cookie:]. HTTP method names must be tokens
	at org.apache.coyote.http11.Http11InputBuffer.parseRequestLine(Http11InputBuffer.java:417)
	at org.apache.coyote.http11.Http11Processor.service(Http11Processor.java:261)
	at org.apache.coyote.AbstractProcessorLight.process(AbstractProcessorLight.java:65)
	at org.apache.coyote.AbstractProtocol$ConnectionHandler.process(AbstractProtocol.java:888)
	at org.apache.tomcat.util.net.NioEndpoint$SocketProcessor.doRun(NioEndpoint.java:1597)
	at org.apache.tomcat.util.net.SocketProcessorBase.run(SocketProcessorBase.java:49)
	at java.base/java.util.concurrent.ThreadPoolExecutor.runWorker(ThreadPoolExecutor.java:1128)
	at java.base/java.util.concurrent.ThreadPoolExecutor$Worker.run(ThreadPoolExecutor.java:628)
	at org.apache.tomcat.util.threads.TaskThread$WrappingRunnable.run(TaskThread.java:61)
	at java.base/java.lang.Thread.run(Thread.java:829)
2026-02-23 14:30:05.122 - [WARN ] - ChannelPark
java.lang.NullPointerException: null
2026-02-23 14:30:05.126 - [WARN ] - ChannelPark
java.lang.NullPointerException: null
2026-02-23 14:34:53.767 - [WARN ] - ChannelPark
java.lang.NullPointerException: null
2026-02-23 16:22:38.460 - [WARN ] - ChannelPark
java.lang.NullPointerException: null
2026-02-23 16:22:38.840 - [WARN ] - ChannelPark
java.lang.NullPointerException: null
2026-02-23 16:26:34.111 - [WARN ] - ChannelPark
java.lang.NullPointerException: null
2026-02-23 16:26:34.421 - [WARN ] - ChannelPark
java.lang.NullPointerException: null
2026-02-23 16:26:34.633 - [WARN ] - ChannelPark
java.lang.NullPointerException: null
2026-02-23 17:51:53.410 - [WARN ] - ChannelPark
java.lang.NullPointerException: null
2026-02-23 17:51:53.592 - [WARN ] - ChannelPark
java.lang.NullPointerException: null
