2026-02-21 00:01:02.872 - [INFO ] - hikari-pool - Shutdown initiated...
2026-02-21 00:01:02.894 - [INFO ] - hikari-pool - Shutdown completed.
2026-02-21 00:02:46.768 - [INFO ] - Starting CcmgtApplication v1.0 using Java 11.0.29 on 142-0 with PID 4776 (/usr/local/cc/ccmgt-1.0.jar started by root in /usr/local/cc)
2026-02-21 00:02:46.799 - [INFO ] - No active profile set, falling back to default profiles: default
2026-02-21 00:02:55.985 - [INFO ] - Initializing ProtocolHandler ["http-nio-8020"]
2026-02-21 00:02:55.991 - [INFO ] - Starting service [Tomcat]
2026-02-21 00:02:55.994 - [INFO ] - Starting Servlet engine: [Apache Tomcat/9.0.41]
2026-02-21 00:02:56.321 - [INFO ] - Initializing Spring embedded WebApplicationContext
2026-02-21 00:03:03.471 - [INFO ] - Starting ProtocolHandler ["http-nio-8020"]
2026-02-21 00:03:03.744 - [INFO ] - Started CcmgtApplication in 21.387 seconds (JVM running for 25.863)
2026-02-21 00:03:03.826 - [INFO ] - ccmgt init
2026-02-21 00:03:04.374 - [INFO ] - hikari-pool - Starting...
2026-02-21 00:03:05.196 - [INFO ] - RabbitMQ connected!
2026-02-21 00:03:06.170 - [INFO ] - hikari-pool - Start completed.
2026-02-21 00:03:13.523 - [INFO ] - Initializing Spring DispatcherServlet 'dispatcherServlet'
2026-02-21 00:03:34.393 - [INFO ] - internal->61.158.166.43:5060
2026-02-21 00:03:34.395 - [INFO ] - ESL Client connected ..(61.158.166.43:8021[fc423bfd-cb5c-43b5-a6d8-6457b24735fa])
2026-02-21 00:03:34.475 - [INFO ] - internal_sip_port->5060
2026-02-21 00:03:34.475 - [INFO ] - external_sip_port->5080
2026-02-21 00:03:39.977 - [INFO ] - fs[fc423bfd-cb5c-43b5-a6d8-6457b24735fa] CallThread start
2026-02-21 00:03:40.361 - [INFO ] - internal->61.158.166.44:5060
2026-02-21 00:03:40.363 - [INFO ] - ESL Client connected ..(61.158.166.44:8021[9e95603c-ac1c-4c40-a7b7-918d55f65b6b])
2026-02-21 00:03:40.435 - [INFO ] - internal_sip_port->5060
2026-02-21 00:03:40.436 - [INFO ] - external_sip_port->5080
2026-02-21 00:03:46.235 - [INFO ] - fs[9e95603c-ac1c-4c40-a7b7-918d55f65b6b] CallThread start
2026-02-21 00:03:46.613 - [INFO ] - internal->61.158.166.45:5060
2026-02-21 00:03:46.614 - [INFO ] - ESL Client connected ..(61.158.166.45:8021[6f169d09-8d7d-4321-8eb4-1a36fefc5111])
2026-02-21 00:03:46.662 - [INFO ] - internal_sip_port->5060
2026-02-21 00:03:46.663 - [INFO ] - external_sip_port->5080
2026-02-21 00:03:52.167 - [INFO ] - fs[6f169d09-8d7d-4321-8eb4-1a36fefc5111] CallThread start
2026-02-21 00:03:52.507 - [INFO ] - internal->61.158.166.46:5060
2026-02-21 00:03:52.509 - [INFO ] - ESL Client connected ..(61.158.166.46:8021[286a0aad-e3be-48fb-ae4f-ea66f1efe84f])
2026-02-21 00:03:52.552 - [INFO ] - internal_sip_port->5060
2026-02-21 00:03:52.553 - [INFO ] - external_sip_port->5080
2026-02-21 00:03:58.069 - [INFO ] - fs[286a0aad-e3be-48fb-ae4f-ea66f1efe84f] CallThread start
2026-02-21 02:00:00.039 - [INFO ] - Failed to access file: /usr/local/freeswitch/sounds - /usr/local/freeswitch/sounds
2026-02-21 02:00:00.093 - [INFO ] - earliest ->20251223
2026-02-21 02:00:00.094 - [INFO ] - drop table ->customer_cdr_20251223
2026-02-21 02:01:46.562 - [INFO ] - [delete from customer_cdr_20251224 where answered=1 and admin_id=6, delete from customer_cdr_20251225 where answered=1 and admin_id=6, delete from customer_cdr_20251226 where answered=1 and admin_id=6, delete from customer_cdr_20251227 where answered=1 and admin_id=6, delete from customer_cdr_20251228 where answered=1 and admin_id=6, delete from customer_cdr_20251229 where answered=1 and admin_id=6, delete from customer_cdr_20251230 where answered=1 and admin_id=6, delete from customer_cdr_20251231 where answered=1 and admin_id=6, delete from customer_cdr_20260101 where answered=1 and admin_id=6, delete from customer_cdr_20260102 where answered=1 and admin_id=6, delete from customer_cdr_20260103 where answered=1 and admin_id=6, delete from customer_cdr_20260104 where answered=1 and admin_id=6, delete from customer_cdr_20260105 where answered=1 and admin_id=6, delete from customer_cdr_20260106 where answered=1 and admin_id=6, delete from customer_cdr_20260107 where answered=1 and admin_id=6, delete from customer_cdr_20260108 where answered=1 and admin_id=6, delete from customer_cdr_20260109 where answered=1 and admin_id=6, delete from customer_cdr_20260110 where answered=1 and admin_id=6, delete from customer_cdr_20260111 where answered=1 and admin_id=6, delete from customer_cdr_20260112 where answered=1 and admin_id=6, delete from customer_cdr_20260113 where answered=1 and admin_id=6, delete from customer_cdr_20260114 where answered=1 and admin_id=6, delete from customer_cdr_20260115 where answered=1 and admin_id=6, delete from customer_cdr_20260116 where answered=1 and admin_id=6, delete from customer_cdr_20260117 where answered=1 and admin_id=6, delete from customer_cdr_20260118 where answered=1 and admin_id=6, delete from customer_cdr_20260119 where answered=1 and admin_id=6, delete from customer_cdr_20260120 where answered=1 and admin_id=6, delete from customer_cdr_20260121 where answered=1 and admin_id=6, delete from customer_cdr_20260122 where answered=1 and admin_id=6]
2026-02-21 02:01:46.564 - [INFO ] - start
2026-02-21 02:02:32.150 - [INFO ] - end
2026-02-21 02:02:32.154 - [INFO ] - [delete from customer_cdr_20251224 where answered=0 and admin_id=6, delete from customer_cdr_20251225 where answered=0 and admin_id=6, delete from customer_cdr_20251226 where answered=0 and admin_id=6, delete from customer_cdr_20251227 where answered=0 and admin_id=6, delete from customer_cdr_20251228 where answered=0 and admin_id=6, delete from customer_cdr_20251229 where answered=0 and admin_id=6, delete from customer_cdr_20251230 where answered=0 and admin_id=6, delete from customer_cdr_20251231 where answered=0 and admin_id=6, delete from customer_cdr_20260101 where answered=0 and admin_id=6, delete from customer_cdr_20260102 where answered=0 and admin_id=6, delete from customer_cdr_20260103 where answered=0 and admin_id=6, delete from customer_cdr_20260104 where answered=0 and admin_id=6, delete from customer_cdr_20260105 where answered=0 and admin_id=6, delete from customer_cdr_20260106 where answered=0 and admin_id=6, delete from customer_cdr_20260107 where answered=0 and admin_id=6, delete from customer_cdr_20260108 where answered=0 and admin_id=6, delete from customer_cdr_20260109 where answered=0 and admin_id=6, delete from customer_cdr_20260110 where answered=0 and admin_id=6, delete from customer_cdr_20260111 where answered=0 and admin_id=6, delete from customer_cdr_20260112 where answered=0 and admin_id=6, delete from customer_cdr_20260113 where answered=0 and admin_id=6, delete from customer_cdr_20260114 where answered=0 and admin_id=6, delete from customer_cdr_20260115 where answered=0 and admin_id=6, delete from customer_cdr_20260116 where answered=0 and admin_id=6, delete from customer_cdr_20260117 where answered=0 and admin_id=6, delete from customer_cdr_20260118 where answered=0 and admin_id=6, delete from customer_cdr_20260119 where answered=0 and admin_id=6, delete from customer_cdr_20260120 where answered=0 and admin_id=6, delete from customer_cdr_20260121 where answered=0 and admin_id=6, delete from customer_cdr_20260122 where answered=0 and admin_id=6]
2026-02-21 02:02:32.154 - [INFO ] - start
2026-02-21 02:07:29.343 - [INFO ] - end
2026-02-21 02:10:33.584 - [INFO ] - [delete from customer_cdr_20251224 where answered=1 and admin_id=7, delete from customer_cdr_20251225 where answered=1 and admin_id=7, delete from customer_cdr_20251226 where answered=1 and admin_id=7, delete from customer_cdr_20251227 where answered=1 and admin_id=7, delete from customer_cdr_20251228 where answered=1 and admin_id=7, delete from customer_cdr_20251229 where answered=1 and admin_id=7, delete from customer_cdr_20251230 where answered=1 and admin_id=7, delete from customer_cdr_20251231 where answered=1 and admin_id=7, delete from customer_cdr_20260101 where answered=1 and admin_id=7, delete from customer_cdr_20260102 where answered=1 and admin_id=7, delete from customer_cdr_20260103 where answered=1 and admin_id=7, delete from customer_cdr_20260104 where answered=1 and admin_id=7, delete from customer_cdr_20260105 where answered=1 and admin_id=7, delete from customer_cdr_20260106 where answered=1 and admin_id=7, delete from customer_cdr_20260107 where answered=1 and admin_id=7, delete from customer_cdr_20260108 where answered=1 and admin_id=7, delete from customer_cdr_20260109 where answered=1 and admin_id=7, delete from customer_cdr_20260110 where answered=1 and admin_id=7, delete from customer_cdr_20260111 where answered=1 and admin_id=7, delete from customer_cdr_20260112 where answered=1 and admin_id=7, delete from customer_cdr_20260113 where answered=1 and admin_id=7, delete from customer_cdr_20260114 where answered=1 and admin_id=7, delete from customer_cdr_20260115 where answered=1 and admin_id=7, delete from customer_cdr_20260116 where answered=1 and admin_id=7, delete from customer_cdr_20260117 where answered=1 and admin_id=7, delete from customer_cdr_20260118 where answered=1 and admin_id=7, delete from customer_cdr_20260119 where answered=1 and admin_id=7, delete from customer_cdr_20260120 where answered=1 and admin_id=7, delete from customer_cdr_20260121 where answered=1 and admin_id=7, delete from customer_cdr_20260122 where answered=1 and admin_id=7]
2026-02-21 02:10:33.586 - [INFO ] - start
2026-02-21 02:10:52.220 - [INFO ] - end
2026-02-21 02:10:52.223 - [INFO ] - [delete from customer_cdr_20251224 where answered=0 and admin_id=7, delete from customer_cdr_20251225 where answered=0 and admin_id=7, delete from customer_cdr_20251226 where answered=0 and admin_id=7, delete from customer_cdr_20251227 where answered=0 and admin_id=7, delete from customer_cdr_20251228 where answered=0 and admin_id=7, delete from customer_cdr_20251229 where answered=0 and admin_id=7, delete from customer_cdr_20251230 where answered=0 and admin_id=7, delete from customer_cdr_20251231 where answered=0 and admin_id=7, delete from customer_cdr_20260101 where answered=0 and admin_id=7, delete from customer_cdr_20260102 where answered=0 and admin_id=7, delete from customer_cdr_20260103 where answered=0 and admin_id=7, delete from customer_cdr_20260104 where answered=0 and admin_id=7, delete from customer_cdr_20260105 where answered=0 and admin_id=7, delete from customer_cdr_20260106 where answered=0 and admin_id=7, delete from customer_cdr_20260107 where answered=0 and admin_id=7, delete from customer_cdr_20260108 where answered=0 and admin_id=7, delete from customer_cdr_20260109 where answered=0 and admin_id=7, delete from customer_cdr_20260110 where answered=0 and admin_id=7, delete from customer_cdr_20260111 where answered=0 and admin_id=7, delete from customer_cdr_20260112 where answered=0 and admin_id=7, delete from customer_cdr_20260113 where answered=0 and admin_id=7, delete from customer_cdr_20260114 where answered=0 and admin_id=7, delete from customer_cdr_20260115 where answered=0 and admin_id=7, delete from customer_cdr_20260116 where answered=0 and admin_id=7, delete from customer_cdr_20260117 where answered=0 and admin_id=7, delete from customer_cdr_20260118 where answered=0 and admin_id=7, delete from customer_cdr_20260119 where answered=0 and admin_id=7, delete from customer_cdr_20260120 where answered=0 and admin_id=7, delete from customer_cdr_20260121 where answered=0 and admin_id=7, delete from customer_cdr_20260122 where answered=0 and admin_id=7]
2026-02-21 02:10:52.224 - [INFO ] - start
2026-02-21 02:14:34.642 - [INFO ] - end
2026-02-21 02:57:49.394 - [INFO ] - ESL Client Disconnect ..(61.158.166.43:8021)
2026-02-21 02:57:50.738 - [WARN ] - esl
org.freeswitch.esl.client.inbound.InboundConnectionException: Could not connect to /61.158.166.43:8021
	at org.freeswitch.esl.client.inbound.Client.connect(Client.java:134)
	at cn.psycall.ccmgt.util.FreeSwitchManage.monitor(FreeSwitchManage.java:86)
	at cn.psycall.ccmgt.util.FreeSwitchManage.run(FreeSwitchManage.java:42)
Caused by: io.netty.channel.AbstractChannel$AnnotatedConnectException: Connection refused: /61.158.166.43:8021
Caused by: java.net.ConnectException: Connection refused
	at java.base/sun.nio.ch.SocketChannelImpl.checkConnect(Native Method)
	at java.base/sun.nio.ch.SocketChannelImpl.finishConnect(SocketChannelImpl.java:777)
	at io.netty.channel.socket.nio.NioSocketChannel.doFinishConnect(NioSocketChannel.java:330)
	at io.netty.channel.nio.AbstractNioChannel$AbstractNioUnsafe.finishConnect(AbstractNioChannel.java:334)
	at io.netty.channel.nio.NioEventLoop.processSelectedKey(NioEventLoop.java:707)
	at io.netty.channel.nio.NioEventLoop.processSelectedKeysOptimized(NioEventLoop.java:655)
	at io.netty.channel.nio.NioEventLoop.processSelectedKeys(NioEventLoop.java:581)
	at io.netty.channel.nio.NioEventLoop.run(NioEventLoop.java:493)
	at io.netty.util.concurrent.SingleThreadEventExecutor$4.run(SingleThreadEventExecutor.java:989)
	at io.netty.util.internal.ThreadExecutorMap$2.run(ThreadExecutorMap.java:74)
	at io.netty.util.concurrent.FastThreadLocalRunnable.run(FastThreadLocalRunnable.java:30)
	at java.base/java.lang.Thread.run(Thread.java:829)
2026-02-21 02:57:51.914 - [WARN ] - esl
org.freeswitch.esl.client.inbound.InboundConnectionException: Could not connect to /61.158.166.43:8021
	at org.freeswitch.esl.client.inbound.Client.connect(Client.java:134)
	at cn.psycall.ccmgt.util.FreeSwitchManage.monitor(FreeSwitchManage.java:86)
	at cn.psycall.ccmgt.util.FreeSwitchManage.run(FreeSwitchManage.java:42)
Caused by: io.netty.channel.AbstractChannel$AnnotatedConnectException: Connection refused: /61.158.166.43:8021
Caused by: java.net.ConnectException: Connection refused
	at java.base/sun.nio.ch.SocketChannelImpl.checkConnect(Native Method)
	at java.base/sun.nio.ch.SocketChannelImpl.finishConnect(SocketChannelImpl.java:777)
	at io.netty.channel.socket.nio.NioSocketChannel.doFinishConnect(NioSocketChannel.java:330)
	at io.netty.channel.nio.AbstractNioChannel$AbstractNioUnsafe.finishConnect(AbstractNioChannel.java:334)
	at io.netty.channel.nio.NioEventLoop.processSelectedKey(NioEventLoop.java:707)
	at io.netty.channel.nio.NioEventLoop.processSelectedKeysOptimized(NioEventLoop.java:655)
	at io.netty.channel.nio.NioEventLoop.processSelectedKeys(NioEventLoop.java:581)
	at io.netty.channel.nio.NioEventLoop.run(NioEventLoop.java:493)
	at io.netty.util.concurrent.SingleThreadEventExecutor$4.run(SingleThreadEventExecutor.java:989)
	at io.netty.util.internal.ThreadExecutorMap$2.run(ThreadExecutorMap.java:74)
	at io.netty.util.concurrent.FastThreadLocalRunnable.run(FastThreadLocalRunnable.java:30)
	at java.base/java.lang.Thread.run(Thread.java:829)
2026-02-21 02:57:58.444 - [WARN ] - esl
org.freeswitch.esl.client.inbound.InboundConnectionException: Could not connect to /61.158.166.43:8021
	at org.freeswitch.esl.client.inbound.Client.connect(Client.java:134)
	at cn.psycall.ccmgt.util.FreeSwitchManage.monitor(FreeSwitchManage.java:86)
	at cn.psycall.ccmgt.util.FreeSwitchManage.run(FreeSwitchManage.java:42)
Caused by: io.netty.channel.AbstractChannel$AnnotatedConnectException: Connection refused: /61.158.166.43:8021
Caused by: java.net.ConnectException: Connection refused
	at java.base/sun.nio.ch.SocketChannelImpl.checkConnect(Native Method)
	at java.base/sun.nio.ch.SocketChannelImpl.finishConnect(SocketChannelImpl.java:777)
	at io.netty.channel.socket.nio.NioSocketChannel.doFinishConnect(NioSocketChannel.java:330)
	at io.netty.channel.nio.AbstractNioChannel$AbstractNioUnsafe.finishConnect(AbstractNioChannel.java:334)
	at io.netty.channel.nio.NioEventLoop.processSelectedKey(NioEventLoop.java:707)
	at io.netty.channel.nio.NioEventLoop.processSelectedKeysOptimized(NioEventLoop.java:655)
	at io.netty.channel.nio.NioEventLoop.processSelectedKeys(NioEventLoop.java:581)
	at io.netty.channel.nio.NioEventLoop.run(NioEventLoop.java:493)
	at io.netty.util.concurrent.SingleThreadEventExecutor$4.run(SingleThreadEventExecutor.java:989)
	at io.netty.util.internal.ThreadExecutorMap$2.run(ThreadExecutorMap.java:74)
	at io.netty.util.concurrent.FastThreadLocalRunnable.run(FastThreadLocalRunnable.java:30)
	at java.base/java.lang.Thread.run(Thread.java:829)
2026-02-21 02:57:59.548 - [WARN ] - esl
org.freeswitch.esl.client.inbound.InboundConnectionException: Could not connect to /61.158.166.43:8021
	at org.freeswitch.esl.client.inbound.Client.connect(Client.java:134)
	at cn.psycall.ccmgt.util.FreeSwitchManage.monitor(FreeSwitchManage.java:86)
	at cn.psycall.ccmgt.util.FreeSwitchManage.run(FreeSwitchManage.java:42)
Caused by: io.netty.channel.AbstractChannel$AnnotatedConnectException: Connection refused: /61.158.166.43:8021
Caused by: java.net.ConnectException: Connection refused
	at java.base/sun.nio.ch.SocketChannelImpl.checkConnect(Native Method)
	at java.base/sun.nio.ch.SocketChannelImpl.finishConnect(SocketChannelImpl.java:777)
	at io.netty.channel.socket.nio.NioSocketChannel.doFinishConnect(NioSocketChannel.java:330)
	at io.netty.channel.nio.AbstractNioChannel$AbstractNioUnsafe.finishConnect(AbstractNioChannel.java:334)
	at io.netty.channel.nio.NioEventLoop.processSelectedKey(NioEventLoop.java:707)
	at io.netty.channel.nio.NioEventLoop.processSelectedKeysOptimized(NioEventLoop.java:655)
	at io.netty.channel.nio.NioEventLoop.processSelectedKeys(NioEventLoop.java:581)
	at io.netty.channel.nio.NioEventLoop.run(NioEventLoop.java:493)
	at io.netty.util.concurrent.SingleThreadEventExecutor$4.run(SingleThreadEventExecutor.java:989)
	at io.netty.util.internal.ThreadExecutorMap$2.run(ThreadExecutorMap.java:74)
	at io.netty.util.concurrent.FastThreadLocalRunnable.run(FastThreadLocalRunnable.java:30)
	at java.base/java.lang.Thread.run(Thread.java:829)
2026-02-21 02:58:00.651 - [WARN ] - esl
org.freeswitch.esl.client.inbound.InboundConnectionException: Could not connect to /61.158.166.43:8021
	at org.freeswitch.esl.client.inbound.Client.connect(Client.java:134)
	at cn.psycall.ccmgt.util.FreeSwitchManage.monitor(FreeSwitchManage.java:86)
	at cn.psycall.ccmgt.util.FreeSwitchManage.run(FreeSwitchManage.java:42)
Caused by: io.netty.channel.AbstractChannel$AnnotatedConnectException: Connection refused: /61.158.166.43:8021
Caused by: java.net.ConnectException: Connection refused
	at java.base/sun.nio.ch.SocketChannelImpl.checkConnect(Native Method)
	at java.base/sun.nio.ch.SocketChannelImpl.finishConnect(SocketChannelImpl.java:777)
	at io.netty.channel.socket.nio.NioSocketChannel.doFinishConnect(NioSocketChannel.java:330)
	at io.netty.channel.nio.AbstractNioChannel$AbstractNioUnsafe.finishConnect(AbstractNioChannel.java:334)
	at io.netty.channel.nio.NioEventLoop.processSelectedKey(NioEventLoop.java:707)
	at io.netty.channel.nio.NioEventLoop.processSelectedKeysOptimized(NioEventLoop.java:655)
	at io.netty.channel.nio.NioEventLoop.processSelectedKeys(NioEventLoop.java:581)
	at io.netty.channel.nio.NioEventLoop.run(NioEventLoop.java:493)
	at io.netty.util.concurrent.SingleThreadEventExecutor$4.run(SingleThreadEventExecutor.java:989)
	at io.netty.util.internal.ThreadExecutorMap$2.run(ThreadExecutorMap.java:74)
	at io.netty.util.concurrent.FastThreadLocalRunnable.run(FastThreadLocalRunnable.java:30)
	at java.base/java.lang.Thread.run(Thread.java:829)
2026-02-21 02:58:01.862 - [WARN ] - esl
org.freeswitch.esl.client.inbound.InboundConnectionException: Could not connect to /61.158.166.43:8021
	at org.freeswitch.esl.client.inbound.Client.connect(Client.java:134)
	at cn.psycall.ccmgt.util.FreeSwitchManage.monitor(FreeSwitchManage.java:86)
	at cn.psycall.ccmgt.util.FreeSwitchManage.run(FreeSwitchManage.java:42)
Caused by: io.netty.channel.AbstractChannel$AnnotatedConnectException: Connection refused: /61.158.166.43:8021
Caused by: java.net.ConnectException: Connection refused
	at java.base/sun.nio.ch.SocketChannelImpl.checkConnect(Native Method)
	at java.base/sun.nio.ch.SocketChannelImpl.finishConnect(SocketChannelImpl.java:777)
	at io.netty.channel.socket.nio.NioSocketChannel.doFinishConnect(NioSocketChannel.java:330)
	at io.netty.channel.nio.AbstractNioChannel$AbstractNioUnsafe.finishConnect(AbstractNioChannel.java:334)
	at io.netty.channel.nio.NioEventLoop.processSelectedKey(NioEventLoop.java:707)
	at io.netty.channel.nio.NioEventLoop.processSelectedKeysOptimized(NioEventLoop.java:655)
	at io.netty.channel.nio.NioEventLoop.processSelectedKeys(NioEventLoop.java:581)
	at io.netty.channel.nio.NioEventLoop.run(NioEventLoop.java:493)
	at io.netty.util.concurrent.SingleThreadEventExecutor$4.run(SingleThreadEventExecutor.java:989)
	at io.netty.util.internal.ThreadExecutorMap$2.run(ThreadExecutorMap.java:74)
	at io.netty.util.concurrent.FastThreadLocalRunnable.run(FastThreadLocalRunnable.java:30)
	at java.base/java.lang.Thread.run(Thread.java:829)
2026-02-21 02:58:02.963 - [WARN ] - esl
org.freeswitch.esl.client.inbound.InboundConnectionException: Could not connect to /61.158.166.43:8021
	at org.freeswitch.esl.client.inbound.Client.connect(Client.java:134)
	at cn.psycall.ccmgt.util.FreeSwitchManage.monitor(FreeSwitchManage.java:86)
	at cn.psycall.ccmgt.util.FreeSwitchManage.run(FreeSwitchManage.java:42)
Caused by: io.netty.channel.AbstractChannel$AnnotatedConnectException: Connection refused: /61.158.166.43:8021
Caused by: java.net.ConnectException: Connection refused
	at java.base/sun.nio.ch.SocketChannelImpl.checkConnect(Native Method)
	at java.base/sun.nio.ch.SocketChannelImpl.finishConnect(SocketChannelImpl.java:777)
	at io.netty.channel.socket.nio.NioSocketChannel.doFinishConnect(NioSocketChannel.java:330)
	at io.netty.channel.nio.AbstractNioChannel$AbstractNioUnsafe.finishConnect(AbstractNioChannel.java:334)
	at io.netty.channel.nio.NioEventLoop.processSelectedKey(NioEventLoop.java:707)
	at io.netty.channel.nio.NioEventLoop.processSelectedKeysOptimized(NioEventLoop.java:655)
	at io.netty.channel.nio.NioEventLoop.processSelectedKeys(NioEventLoop.java:581)
	at io.netty.channel.nio.NioEventLoop.run(NioEventLoop.java:493)
	at io.netty.util.concurrent.SingleThreadEventExecutor$4.run(SingleThreadEventExecutor.java:989)
	at io.netty.util.internal.ThreadExecutorMap$2.run(ThreadExecutorMap.java:74)
	at io.netty.util.concurrent.FastThreadLocalRunnable.run(FastThreadLocalRunnable.java:30)
	at java.base/java.lang.Thread.run(Thread.java:829)
2026-02-21 02:58:04.066 - [WARN ] - esl
org.freeswitch.esl.client.inbound.InboundConnectionException: Could not connect to /61.158.166.43:8021
	at org.freeswitch.esl.client.inbound.Client.connect(Client.java:134)
	at cn.psycall.ccmgt.util.FreeSwitchManage.monitor(FreeSwitchManage.java:86)
	at cn.psycall.ccmgt.util.FreeSwitchManage.run(FreeSwitchManage.java:42)
Caused by: io.netty.channel.AbstractChannel$AnnotatedConnectException: Connection refused: /61.158.166.43:8021
Caused by: java.net.ConnectException: Connection refused
	at java.base/sun.nio.ch.SocketChannelImpl.checkConnect(Native Method)
	at java.base/sun.nio.ch.SocketChannelImpl.finishConnect(SocketChannelImpl.java:777)
	at io.netty.channel.socket.nio.NioSocketChannel.doFinishConnect(NioSocketChannel.java:330)
	at io.netty.channel.nio.AbstractNioChannel$AbstractNioUnsafe.finishConnect(AbstractNioChannel.java:334)
	at io.netty.channel.nio.NioEventLoop.processSelectedKey(NioEventLoop.java:707)
	at io.netty.channel.nio.NioEventLoop.processSelectedKeysOptimized(NioEventLoop.java:655)
	at io.netty.channel.nio.NioEventLoop.processSelectedKeys(NioEventLoop.java:581)
	at io.netty.channel.nio.NioEventLoop.run(NioEventLoop.java:493)
	at io.netty.util.concurrent.SingleThreadEventExecutor$4.run(SingleThreadEventExecutor.java:989)
	at io.netty.util.internal.ThreadExecutorMap$2.run(ThreadExecutorMap.java:74)
	at io.netty.util.concurrent.FastThreadLocalRunnable.run(FastThreadLocalRunnable.java:30)
	at java.base/java.lang.Thread.run(Thread.java:829)
2026-02-21 02:58:05.158 - [WARN ] - esl
org.freeswitch.esl.client.inbound.InboundConnectionException: Could not connect to /61.158.166.43:8021
	at org.freeswitch.esl.client.inbound.Client.connect(Client.java:134)
	at cn.psycall.ccmgt.util.FreeSwitchManage.monitor(FreeSwitchManage.java:86)
	at cn.psycall.ccmgt.util.FreeSwitchManage.run(FreeSwitchManage.java:42)
Caused by: io.netty.channel.AbstractChannel$AnnotatedConnectException: Connection refused: /61.158.166.43:8021
Caused by: java.net.ConnectException: Connection refused
	at java.base/sun.nio.ch.SocketChannelImpl.checkConnect(Native Method)
	at java.base/sun.nio.ch.SocketChannelImpl.finishConnect(SocketChannelImpl.java:777)
	at io.netty.channel.socket.nio.NioSocketChannel.doFinishConnect(NioSocketChannel.java:330)
	at io.netty.channel.nio.AbstractNioChannel$AbstractNioUnsafe.finishConnect(AbstractNioChannel.java:334)
	at io.netty.channel.nio.NioEventLoop.processSelectedKey(NioEventLoop.java:707)
	at io.netty.channel.nio.NioEventLoop.processSelectedKeysOptimized(NioEventLoop.java:655)
	at io.netty.channel.nio.NioEventLoop.processSelectedKeys(NioEventLoop.java:581)
	at io.netty.channel.nio.NioEventLoop.run(NioEventLoop.java:493)
	at io.netty.util.concurrent.SingleThreadEventExecutor$4.run(SingleThreadEventExecutor.java:989)
	at io.netty.util.internal.ThreadExecutorMap$2.run(ThreadExecutorMap.java:74)
	at io.netty.util.concurrent.FastThreadLocalRunnable.run(FastThreadLocalRunnable.java:30)
	at java.base/java.lang.Thread.run(Thread.java:829)
2026-02-21 02:58:06.267 - [WARN ] - esl
org.freeswitch.esl.client.inbound.InboundConnectionException: Could not connect to /61.158.166.43:8021
	at org.freeswitch.esl.client.inbound.Client.connect(Client.java:134)
	at cn.psycall.ccmgt.util.FreeSwitchManage.monitor(FreeSwitchManage.java:86)
	at cn.psycall.ccmgt.util.FreeSwitchManage.run(FreeSwitchManage.java:42)
Caused by: io.netty.channel.AbstractChannel$AnnotatedConnectException: Connection refused: /61.158.166.43:8021
Caused by: java.net.ConnectException: Connection refused
	at java.base/sun.nio.ch.SocketChannelImpl.checkConnect(Native Method)
	at java.base/sun.nio.ch.SocketChannelImpl.finishConnect(SocketChannelImpl.java:777)
	at io.netty.channel.socket.nio.NioSocketChannel.doFinishConnect(NioSocketChannel.java:330)
	at io.netty.channel.nio.AbstractNioChannel$AbstractNioUnsafe.finishConnect(AbstractNioChannel.java:334)
	at io.netty.channel.nio.NioEventLoop.processSelectedKey(NioEventLoop.java:707)
	at io.netty.channel.nio.NioEventLoop.processSelectedKeysOptimized(NioEventLoop.java:655)
	at io.netty.channel.nio.NioEventLoop.processSelectedKeys(NioEventLoop.java:581)
	at io.netty.channel.nio.NioEventLoop.run(NioEventLoop.java:493)
	at io.netty.util.concurrent.SingleThreadEventExecutor$4.run(SingleThreadEventExecutor.java:989)
	at io.netty.util.internal.ThreadExecutorMap$2.run(ThreadExecutorMap.java:74)
	at io.netty.util.concurrent.FastThreadLocalRunnable.run(FastThreadLocalRunnable.java:30)
	at java.base/java.lang.Thread.run(Thread.java:829)
2026-02-21 02:58:07.368 - [WARN ] - esl
org.freeswitch.esl.client.inbound.InboundConnectionException: Could not connect to /61.158.166.43:8021
	at org.freeswitch.esl.client.inbound.Client.connect(Client.java:134)
	at cn.psycall.ccmgt.util.FreeSwitchManage.monitor(FreeSwitchManage.java:86)
	at cn.psycall.ccmgt.util.FreeSwitchManage.run(FreeSwitchManage.java:42)
Caused by: io.netty.channel.AbstractChannel$AnnotatedConnectException: Connection refused: /61.158.166.43:8021
Caused by: java.net.ConnectException: Connection refused
	at java.base/sun.nio.ch.SocketChannelImpl.checkConnect(Native Method)
	at java.base/sun.nio.ch.SocketChannelImpl.finishConnect(SocketChannelImpl.java:777)
	at io.netty.channel.socket.nio.NioSocketChannel.doFinishConnect(NioSocketChannel.java:330)
	at io.netty.channel.nio.AbstractNioChannel$AbstractNioUnsafe.finishConnect(AbstractNioChannel.java:334)
	at io.netty.channel.nio.NioEventLoop.processSelectedKey(NioEventLoop.java:707)
	at io.netty.channel.nio.NioEventLoop.processSelectedKeysOptimized(NioEventLoop.java:655)
	at io.netty.channel.nio.NioEventLoop.processSelectedKeys(NioEventLoop.java:581)
	at io.netty.channel.nio.NioEventLoop.run(NioEventLoop.java:493)
	at io.netty.util.concurrent.SingleThreadEventExecutor$4.run(SingleThreadEventExecutor.java:989)
	at io.netty.util.internal.ThreadExecutorMap$2.run(ThreadExecutorMap.java:74)
	at io.netty.util.concurrent.FastThreadLocalRunnable.run(FastThreadLocalRunnable.java:30)
	at java.base/java.lang.Thread.run(Thread.java:829)
2026-02-21 02:58:08.468 - [WARN ] - esl
org.freeswitch.esl.client.inbound.InboundConnectionException: Could not connect to /61.158.166.43:8021
	at org.freeswitch.esl.client.inbound.Client.connect(Client.java:134)
	at cn.psycall.ccmgt.util.FreeSwitchManage.monitor(FreeSwitchManage.java:86)
	at cn.psycall.ccmgt.util.FreeSwitchManage.run(FreeSwitchManage.java:42)
Caused by: io.netty.channel.AbstractChannel$AnnotatedConnectException: Connection refused: /61.158.166.43:8021
Caused by: java.net.ConnectException: Connection refused
	at java.base/sun.nio.ch.SocketChannelImpl.checkConnect(Native Method)
	at java.base/sun.nio.ch.SocketChannelImpl.finishConnect(SocketChannelImpl.java:777)
	at io.netty.channel.socket.nio.NioSocketChannel.doFinishConnect(NioSocketChannel.java:330)
	at io.netty.channel.nio.AbstractNioChannel$AbstractNioUnsafe.finishConnect(AbstractNioChannel.java:334)
	at io.netty.channel.nio.NioEventLoop.processSelectedKey(NioEventLoop.java:707)
	at io.netty.channel.nio.NioEventLoop.processSelectedKeysOptimized(NioEventLoop.java:655)
	at io.netty.channel.nio.NioEventLoop.processSelectedKeys(NioEventLoop.java:581)
	at io.netty.channel.nio.NioEventLoop.run(NioEventLoop.java:493)
	at io.netty.util.concurrent.SingleThreadEventExecutor$4.run(SingleThreadEventExecutor.java:989)
	at io.netty.util.internal.ThreadExecutorMap$2.run(ThreadExecutorMap.java:74)
	at io.netty.util.concurrent.FastThreadLocalRunnable.run(FastThreadLocalRunnable.java:30)
	at java.base/java.lang.Thread.run(Thread.java:829)
2026-02-21 02:58:09.578 - [WARN ] - esl
org.freeswitch.esl.client.inbound.InboundConnectionException: Could not connect to /61.158.166.43:8021
	at org.freeswitch.esl.client.inbound.Client.connect(Client.java:134)
	at cn.psycall.ccmgt.util.FreeSwitchManage.monitor(FreeSwitchManage.java:86)
	at cn.psycall.ccmgt.util.FreeSwitchManage.run(FreeSwitchManage.java:42)
Caused by: io.netty.channel.AbstractChannel$AnnotatedConnectException: Connection refused: /61.158.166.43:8021
Caused by: java.net.ConnectException: Connection refused
	at java.base/sun.nio.ch.SocketChannelImpl.checkConnect(Native Method)
	at java.base/sun.nio.ch.SocketChannelImpl.finishConnect(SocketChannelImpl.java:777)
	at io.netty.channel.socket.nio.NioSocketChannel.doFinishConnect(NioSocketChannel.java:330)
	at io.netty.channel.nio.AbstractNioChannel$AbstractNioUnsafe.finishConnect(AbstractNioChannel.java:334)
	at io.netty.channel.nio.NioEventLoop.processSelectedKey(NioEventLoop.java:707)
	at io.netty.channel.nio.NioEventLoop.processSelectedKeysOptimized(NioEventLoop.java:655)
	at io.netty.channel.nio.NioEventLoop.processSelectedKeys(NioEventLoop.java:581)
	at io.netty.channel.nio.NioEventLoop.run(NioEventLoop.java:493)
	at io.netty.util.concurrent.SingleThreadEventExecutor$4.run(SingleThreadEventExecutor.java:989)
	at io.netty.util.internal.ThreadExecutorMap$2.run(ThreadExecutorMap.java:74)
	at io.netty.util.concurrent.FastThreadLocalRunnable.run(FastThreadLocalRunnable.java:30)
	at java.base/java.lang.Thread.run(Thread.java:829)
2026-02-21 02:58:10.689 - [WARN ] - esl
org.freeswitch.esl.client.inbound.InboundConnectionException: Could not connect to /61.158.166.43:8021
	at org.freeswitch.esl.client.inbound.Client.connect(Client.java:134)
	at cn.psycall.ccmgt.util.FreeSwitchManage.monitor(FreeSwitchManage.java:86)
	at cn.psycall.ccmgt.util.FreeSwitchManage.run(FreeSwitchManage.java:42)
Caused by: io.netty.channel.AbstractChannel$AnnotatedConnectException: Connection refused: /61.158.166.43:8021
Caused by: java.net.ConnectException: Connection refused
	at java.base/sun.nio.ch.SocketChannelImpl.checkConnect(Native Method)
	at java.base/sun.nio.ch.SocketChannelImpl.finishConnect(SocketChannelImpl.java:777)
	at io.netty.channel.socket.nio.NioSocketChannel.doFinishConnect(NioSocketChannel.java:330)
	at io.netty.channel.nio.AbstractNioChannel$AbstractNioUnsafe.finishConnect(AbstractNioChannel.java:334)
	at io.netty.channel.nio.NioEventLoop.processSelectedKey(NioEventLoop.java:707)
	at io.netty.channel.nio.NioEventLoop.processSelectedKeysOptimized(NioEventLoop.java:655)
	at io.netty.channel.nio.NioEventLoop.processSelectedKeys(NioEventLoop.java:581)
	at io.netty.channel.nio.NioEventLoop.run(NioEventLoop.java:493)
	at io.netty.util.concurrent.SingleThreadEventExecutor$4.run(SingleThreadEventExecutor.java:989)
	at io.netty.util.internal.ThreadExecutorMap$2.run(ThreadExecutorMap.java:74)
	at io.netty.util.concurrent.FastThreadLocalRunnable.run(FastThreadLocalRunnable.java:30)
	at java.base/java.lang.Thread.run(Thread.java:829)
2026-02-21 02:58:11.789 - [WARN ] - esl
org.freeswitch.esl.client.inbound.InboundConnectionException: Could not connect to /61.158.166.43:8021
	at org.freeswitch.esl.client.inbound.Client.connect(Client.java:134)
	at cn.psycall.ccmgt.util.FreeSwitchManage.monitor(FreeSwitchManage.java:86)
	at cn.psycall.ccmgt.util.FreeSwitchManage.run(FreeSwitchManage.java:42)
Caused by: io.netty.channel.AbstractChannel$AnnotatedConnectException: Connection refused: /61.158.166.43:8021
Caused by: java.net.ConnectException: Connection refused
	at java.base/sun.nio.ch.SocketChannelImpl.checkConnect(Native Method)
	at java.base/sun.nio.ch.SocketChannelImpl.finishConnect(SocketChannelImpl.java:777)
	at io.netty.channel.socket.nio.NioSocketChannel.doFinishConnect(NioSocketChannel.java:330)
	at io.netty.channel.nio.AbstractNioChannel$AbstractNioUnsafe.finishConnect(AbstractNioChannel.java:334)
	at io.netty.channel.nio.NioEventLoop.processSelectedKey(NioEventLoop.java:707)
	at io.netty.channel.nio.NioEventLoop.processSelectedKeysOptimized(NioEventLoop.java:655)
	at io.netty.channel.nio.NioEventLoop.processSelectedKeys(NioEventLoop.java:581)
	at io.netty.channel.nio.NioEventLoop.run(NioEventLoop.java:493)
	at io.netty.util.concurrent.SingleThreadEventExecutor$4.run(SingleThreadEventExecutor.java:989)
	at io.netty.util.internal.ThreadExecutorMap$2.run(ThreadExecutorMap.java:74)
	at io.netty.util.concurrent.FastThreadLocalRunnable.run(FastThreadLocalRunnable.java:30)
	at java.base/java.lang.Thread.run(Thread.java:829)
2026-02-21 02:58:12.943 - [WARN ] - esl
org.freeswitch.esl.client.inbound.InboundConnectionException: Could not connect to /61.158.166.43:8021
	at org.freeswitch.esl.client.inbound.Client.connect(Client.java:134)
	at cn.psycall.ccmgt.util.FreeSwitchManage.monitor(FreeSwitchManage.java:86)
	at cn.psycall.ccmgt.util.FreeSwitchManage.run(FreeSwitchManage.java:42)
Caused by: io.netty.channel.AbstractChannel$AnnotatedConnectException: Connection refused: /61.158.166.43:8021
Caused by: java.net.ConnectException: Connection refused
	at java.base/sun.nio.ch.SocketChannelImpl.checkConnect(Native Method)
	at java.base/sun.nio.ch.SocketChannelImpl.finishConnect(SocketChannelImpl.java:777)
	at io.netty.channel.socket.nio.NioSocketChannel.doFinishConnect(NioSocketChannel.java:330)
	at io.netty.channel.nio.AbstractNioChannel$AbstractNioUnsafe.finishConnect(AbstractNioChannel.java:334)
	at io.netty.channel.nio.NioEventLoop.processSelectedKey(NioEventLoop.java:707)
	at io.netty.channel.nio.NioEventLoop.processSelectedKeysOptimized(NioEventLoop.java:655)
	at io.netty.channel.nio.NioEventLoop.processSelectedKeys(NioEventLoop.java:581)
	at io.netty.channel.nio.NioEventLoop.run(NioEventLoop.java:493)
	at io.netty.util.concurrent.SingleThreadEventExecutor$4.run(SingleThreadEventExecutor.java:989)
	at io.netty.util.internal.ThreadExecutorMap$2.run(ThreadExecutorMap.java:74)
	at io.netty.util.concurrent.FastThreadLocalRunnable.run(FastThreadLocalRunnable.java:30)
	at java.base/java.lang.Thread.run(Thread.java:829)
2026-02-21 02:58:14.046 - [WARN ] - esl
org.freeswitch.esl.client.inbound.InboundConnectionException: Could not connect to /61.158.166.43:8021
	at org.freeswitch.esl.client.inbound.Client.connect(Client.java:134)
	at cn.psycall.ccmgt.util.FreeSwitchManage.monitor(FreeSwitchManage.java:86)
	at cn.psycall.ccmgt.util.FreeSwitchManage.run(FreeSwitchManage.java:42)
Caused by: io.netty.channel.AbstractChannel$AnnotatedConnectException: Connection refused: /61.158.166.43:8021
Caused by: java.net.ConnectException: Connection refused
	at java.base/sun.nio.ch.SocketChannelImpl.checkConnect(Native Method)
	at java.base/sun.nio.ch.SocketChannelImpl.finishConnect(SocketChannelImpl.java:777)
	at io.netty.channel.socket.nio.NioSocketChannel.doFinishConnect(NioSocketChannel.java:330)
	at io.netty.channel.nio.AbstractNioChannel$AbstractNioUnsafe.finishConnect(AbstractNioChannel.java:334)
	at io.netty.channel.nio.NioEventLoop.processSelectedKey(NioEventLoop.java:707)
	at io.netty.channel.nio.NioEventLoop.processSelectedKeysOptimized(NioEventLoop.java:655)
	at io.netty.channel.nio.NioEventLoop.processSelectedKeys(NioEventLoop.java:581)
	at io.netty.channel.nio.NioEventLoop.run(NioEventLoop.java:493)
	at io.netty.util.concurrent.SingleThreadEventExecutor$4.run(SingleThreadEventExecutor.java:989)
	at io.netty.util.internal.ThreadExecutorMap$2.run(ThreadExecutorMap.java:74)
	at io.netty.util.concurrent.FastThreadLocalRunnable.run(FastThreadLocalRunnable.java:30)
	at java.base/java.lang.Thread.run(Thread.java:829)
2026-02-21 02:58:15.143 - [WARN ] - esl
org.freeswitch.esl.client.inbound.InboundConnectionException: Could not connect to /61.158.166.43:8021
	at org.freeswitch.esl.client.inbound.Client.connect(Client.java:134)
	at cn.psycall.ccmgt.util.FreeSwitchManage.monitor(FreeSwitchManage.java:86)
	at cn.psycall.ccmgt.util.FreeSwitchManage.run(FreeSwitchManage.java:42)
Caused by: io.netty.channel.AbstractChannel$AnnotatedConnectException: Connection refused: /61.158.166.43:8021
Caused by: java.net.ConnectException: Connection refused
	at java.base/sun.nio.ch.SocketChannelImpl.checkConnect(Native Method)
	at java.base/sun.nio.ch.SocketChannelImpl.finishConnect(SocketChannelImpl.java:777)
	at io.netty.channel.socket.nio.NioSocketChannel.doFinishConnect(NioSocketChannel.java:330)
	at io.netty.channel.nio.AbstractNioChannel$AbstractNioUnsafe.finishConnect(AbstractNioChannel.java:334)
	at io.netty.channel.nio.NioEventLoop.processSelectedKey(NioEventLoop.java:707)
	at io.netty.channel.nio.NioEventLoop.processSelectedKeysOptimized(NioEventLoop.java:655)
	at io.netty.channel.nio.NioEventLoop.processSelectedKeys(NioEventLoop.java:581)
	at io.netty.channel.nio.NioEventLoop.run(NioEventLoop.java:493)
	at io.netty.util.concurrent.SingleThreadEventExecutor$4.run(SingleThreadEventExecutor.java:989)
	at io.netty.util.internal.ThreadExecutorMap$2.run(ThreadExecutorMap.java:74)
	at io.netty.util.concurrent.FastThreadLocalRunnable.run(FastThreadLocalRunnable.java:30)
	at java.base/java.lang.Thread.run(Thread.java:829)
2026-02-21 02:58:16.238 - [WARN ] - esl
org.freeswitch.esl.client.inbound.InboundConnectionException: Could not connect to /61.158.166.43:8021
	at org.freeswitch.esl.client.inbound.Client.connect(Client.java:134)
	at cn.psycall.ccmgt.util.FreeSwitchManage.monitor(FreeSwitchManage.java:86)
	at cn.psycall.ccmgt.util.FreeSwitchManage.run(FreeSwitchManage.java:42)
Caused by: io.netty.channel.AbstractChannel$AnnotatedConnectException: Connection refused: /61.158.166.43:8021
Caused by: java.net.ConnectException: Connection refused
	at java.base/sun.nio.ch.SocketChannelImpl.checkConnect(Native Method)
	at java.base/sun.nio.ch.SocketChannelImpl.finishConnect(SocketChannelImpl.java:777)
	at io.netty.channel.socket.nio.NioSocketChannel.doFinishConnect(NioSocketChannel.java:330)
	at io.netty.channel.nio.AbstractNioChannel$AbstractNioUnsafe.finishConnect(AbstractNioChannel.java:334)
	at io.netty.channel.nio.NioEventLoop.processSelectedKey(NioEventLoop.java:707)
	at io.netty.channel.nio.NioEventLoop.processSelectedKeysOptimized(NioEventLoop.java:655)
	at io.netty.channel.nio.NioEventLoop.processSelectedKeys(NioEventLoop.java:581)
	at io.netty.channel.nio.NioEventLoop.run(NioEventLoop.java:493)
	at io.netty.util.concurrent.SingleThreadEventExecutor$4.run(SingleThreadEventExecutor.java:989)
	at io.netty.util.internal.ThreadExecutorMap$2.run(ThreadExecutorMap.java:74)
	at io.netty.util.concurrent.FastThreadLocalRunnable.run(FastThreadLocalRunnable.java:30)
	at java.base/java.lang.Thread.run(Thread.java:829)
2026-02-21 02:58:17.366 - [WARN ] - esl
org.freeswitch.esl.client.inbound.InboundConnectionException: Could not connect to /61.158.166.43:8021
	at org.freeswitch.esl.client.inbound.Client.connect(Client.java:134)
	at cn.psycall.ccmgt.util.FreeSwitchManage.monitor(FreeSwitchManage.java:86)
	at cn.psycall.ccmgt.util.FreeSwitchManage.run(FreeSwitchManage.java:42)
Caused by: io.netty.channel.AbstractChannel$AnnotatedConnectException: Connection refused: /61.158.166.43:8021
Caused by: java.net.ConnectException: Connection refused
	at java.base/sun.nio.ch.SocketChannelImpl.checkConnect(Native Method)
	at java.base/sun.nio.ch.SocketChannelImpl.finishConnect(SocketChannelImpl.java:777)
	at io.netty.channel.socket.nio.NioSocketChannel.doFinishConnect(NioSocketChannel.java:330)
	at io.netty.channel.nio.AbstractNioChannel$AbstractNioUnsafe.finishConnect(AbstractNioChannel.java:334)
	at io.netty.channel.nio.NioEventLoop.processSelectedKey(NioEventLoop.java:707)
	at io.netty.channel.nio.NioEventLoop.processSelectedKeysOptimized(NioEventLoop.java:655)
	at io.netty.channel.nio.NioEventLoop.processSelectedKeys(NioEventLoop.java:581)
	at io.netty.channel.nio.NioEventLoop.run(NioEventLoop.java:493)
	at io.netty.util.concurrent.SingleThreadEventExecutor$4.run(SingleThreadEventExecutor.java:989)
	at io.netty.util.internal.ThreadExecutorMap$2.run(ThreadExecutorMap.java:74)
	at io.netty.util.concurrent.FastThreadLocalRunnable.run(FastThreadLocalRunnable.java:30)
	at java.base/java.lang.Thread.run(Thread.java:829)
2026-02-21 02:58:18.472 - [WARN ] - esl
org.freeswitch.esl.client.inbound.InboundConnectionException: Could not connect to /61.158.166.43:8021
	at org.freeswitch.esl.client.inbound.Client.connect(Client.java:134)
	at cn.psycall.ccmgt.util.FreeSwitchManage.monitor(FreeSwitchManage.java:86)
	at cn.psycall.ccmgt.util.FreeSwitchManage.run(FreeSwitchManage.java:42)
Caused by: io.netty.channel.AbstractChannel$AnnotatedConnectException: Connection refused: /61.158.166.43:8021
Caused by: java.net.ConnectException: Connection refused
	at java.base/sun.nio.ch.SocketChannelImpl.checkConnect(Native Method)
	at java.base/sun.nio.ch.SocketChannelImpl.finishConnect(SocketChannelImpl.java:777)
	at io.netty.channel.socket.nio.NioSocketChannel.doFinishConnect(NioSocketChannel.java:330)
	at io.netty.channel.nio.AbstractNioChannel$AbstractNioUnsafe.finishConnect(AbstractNioChannel.java:334)
	at io.netty.channel.nio.NioEventLoop.processSelectedKey(NioEventLoop.java:707)
	at io.netty.channel.nio.NioEventLoop.processSelectedKeysOptimized(NioEventLoop.java:655)
	at io.netty.channel.nio.NioEventLoop.processSelectedKeys(NioEventLoop.java:581)
	at io.netty.channel.nio.NioEventLoop.run(NioEventLoop.java:493)
	at io.netty.util.concurrent.SingleThreadEventExecutor$4.run(SingleThreadEventExecutor.java:989)
	at io.netty.util.internal.ThreadExecutorMap$2.run(ThreadExecutorMap.java:74)
	at io.netty.util.concurrent.FastThreadLocalRunnable.run(FastThreadLocalRunnable.java:30)
	at java.base/java.lang.Thread.run(Thread.java:829)
2026-02-21 02:58:19.572 - [WARN ] - esl
org.freeswitch.esl.client.inbound.InboundConnectionException: Could not connect to /61.158.166.43:8021
	at org.freeswitch.esl.client.inbound.Client.connect(Client.java:134)
	at cn.psycall.ccmgt.util.FreeSwitchManage.monitor(FreeSwitchManage.java:86)
	at cn.psycall.ccmgt.util.FreeSwitchManage.run(FreeSwitchManage.java:42)
Caused by: io.netty.channel.AbstractChannel$AnnotatedConnectException: Connection refused: /61.158.166.43:8021
Caused by: java.net.ConnectException: Connection refused
	at java.base/sun.nio.ch.SocketChannelImpl.checkConnect(Native Method)
	at java.base/sun.nio.ch.SocketChannelImpl.finishConnect(SocketChannelImpl.java:777)
	at io.netty.channel.socket.nio.NioSocketChannel.doFinishConnect(NioSocketChannel.java:330)
	at io.netty.channel.nio.AbstractNioChannel$AbstractNioUnsafe.finishConnect(AbstractNioChannel.java:334)
	at io.netty.channel.nio.NioEventLoop.processSelectedKey(NioEventLoop.java:707)
	at io.netty.channel.nio.NioEventLoop.processSelectedKeysOptimized(NioEventLoop.java:655)
	at io.netty.channel.nio.NioEventLoop.processSelectedKeys(NioEventLoop.java:581)
	at io.netty.channel.nio.NioEventLoop.run(NioEventLoop.java:493)
	at io.netty.util.concurrent.SingleThreadEventExecutor$4.run(SingleThreadEventExecutor.java:989)
	at io.netty.util.internal.ThreadExecutorMap$2.run(ThreadExecutorMap.java:74)
	at io.netty.util.concurrent.FastThreadLocalRunnable.run(FastThreadLocalRunnable.java:30)
	at java.base/java.lang.Thread.run(Thread.java:829)
2026-02-21 02:58:20.670 - [WARN ] - esl
org.freeswitch.esl.client.inbound.InboundConnectionException: Could not connect to /61.158.166.43:8021
	at org.freeswitch.esl.client.inbound.Client.connect(Client.java:134)
	at cn.psycall.ccmgt.util.FreeSwitchManage.monitor(FreeSwitchManage.java:86)
	at cn.psycall.ccmgt.util.FreeSwitchManage.run(FreeSwitchManage.java:42)
Caused by: io.netty.channel.AbstractChannel$AnnotatedConnectException: Connection refused: /61.158.166.43:8021
Caused by: java.net.ConnectException: Connection refused
	at java.base/sun.nio.ch.SocketChannelImpl.checkConnect(Native Method)
	at java.base/sun.nio.ch.SocketChannelImpl.finishConnect(SocketChannelImpl.java:777)
	at io.netty.channel.socket.nio.NioSocketChannel.doFinishConnect(NioSocketChannel.java:330)
	at io.netty.channel.nio.AbstractNioChannel$AbstractNioUnsafe.finishConnect(AbstractNioChannel.java:334)
	at io.netty.channel.nio.NioEventLoop.processSelectedKey(NioEventLoop.java:707)
	at io.netty.channel.nio.NioEventLoop.processSelectedKeysOptimized(NioEventLoop.java:655)
	at io.netty.channel.nio.NioEventLoop.processSelectedKeys(NioEventLoop.java:581)
	at io.netty.channel.nio.NioEventLoop.run(NioEventLoop.java:493)
	at io.netty.util.concurrent.SingleThreadEventExecutor$4.run(SingleThreadEventExecutor.java:989)
	at io.netty.util.internal.ThreadExecutorMap$2.run(ThreadExecutorMap.java:74)
	at io.netty.util.concurrent.FastThreadLocalRunnable.run(FastThreadLocalRunnable.java:30)
	at java.base/java.lang.Thread.run(Thread.java:829)
2026-02-21 02:58:21.771 - [WARN ] - esl
org.freeswitch.esl.client.inbound.InboundConnectionException: Could not connect to /61.158.166.43:8021
	at org.freeswitch.esl.client.inbound.Client.connect(Client.java:134)
	at cn.psycall.ccmgt.util.FreeSwitchManage.monitor(FreeSwitchManage.java:86)
	at cn.psycall.ccmgt.util.FreeSwitchManage.run(FreeSwitchManage.java:42)
Caused by: io.netty.channel.AbstractChannel$AnnotatedConnectException: Connection refused: /61.158.166.43:8021
Caused by: java.net.ConnectException: Connection refused
	at java.base/sun.nio.ch.SocketChannelImpl.checkConnect(Native Method)
	at java.base/sun.nio.ch.SocketChannelImpl.finishConnect(SocketChannelImpl.java:777)
	at io.netty.channel.socket.nio.NioSocketChannel.doFinishConnect(NioSocketChannel.java:330)
	at io.netty.channel.nio.AbstractNioChannel$AbstractNioUnsafe.finishConnect(AbstractNioChannel.java:334)
	at io.netty.channel.nio.NioEventLoop.processSelectedKey(NioEventLoop.java:707)
	at io.netty.channel.nio.NioEventLoop.processSelectedKeysOptimized(NioEventLoop.java:655)
	at io.netty.channel.nio.NioEventLoop.processSelectedKeys(NioEventLoop.java:581)
	at io.netty.channel.nio.NioEventLoop.run(NioEventLoop.java:493)
	at io.netty.util.concurrent.SingleThreadEventExecutor$4.run(SingleThreadEventExecutor.java:989)
	at io.netty.util.internal.ThreadExecutorMap$2.run(ThreadExecutorMap.java:74)
	at io.netty.util.concurrent.FastThreadLocalRunnable.run(FastThreadLocalRunnable.java:30)
	at java.base/java.lang.Thread.run(Thread.java:829)
2026-02-21 02:58:22.867 - [WARN ] - esl
org.freeswitch.esl.client.inbound.InboundConnectionException: Could not connect to /61.158.166.43:8021
	at org.freeswitch.esl.client.inbound.Client.connect(Client.java:134)
	at cn.psycall.ccmgt.util.FreeSwitchManage.monitor(FreeSwitchManage.java:86)
	at cn.psycall.ccmgt.util.FreeSwitchManage.run(FreeSwitchManage.java:42)
Caused by: io.netty.channel.AbstractChannel$AnnotatedConnectException: Connection refused: /61.158.166.43:8021
Caused by: java.net.ConnectException: Connection refused
	at java.base/sun.nio.ch.SocketChannelImpl.checkConnect(Native Method)
	at java.base/sun.nio.ch.SocketChannelImpl.finishConnect(SocketChannelImpl.java:777)
	at io.netty.channel.socket.nio.NioSocketChannel.doFinishConnect(NioSocketChannel.java:330)
	at io.netty.channel.nio.AbstractNioChannel$AbstractNioUnsafe.finishConnect(AbstractNioChannel.java:334)
	at io.netty.channel.nio.NioEventLoop.processSelectedKey(NioEventLoop.java:707)
	at io.netty.channel.nio.NioEventLoop.processSelectedKeysOptimized(NioEventLoop.java:655)
	at io.netty.channel.nio.NioEventLoop.processSelectedKeys(NioEventLoop.java:581)
	at io.netty.channel.nio.NioEventLoop.run(NioEventLoop.java:493)
	at io.netty.util.concurrent.SingleThreadEventExecutor$4.run(SingleThreadEventExecutor.java:989)
	at io.netty.util.internal.ThreadExecutorMap$2.run(ThreadExecutorMap.java:74)
	at io.netty.util.concurrent.FastThreadLocalRunnable.run(FastThreadLocalRunnable.java:30)
	at java.base/java.lang.Thread.run(Thread.java:829)
2026-02-21 02:58:23.961 - [WARN ] - esl
org.freeswitch.esl.client.inbound.InboundConnectionException: Could not connect to /61.158.166.43:8021
	at org.freeswitch.esl.client.inbound.Client.connect(Client.java:134)
	at cn.psycall.ccmgt.util.FreeSwitchManage.monitor(FreeSwitchManage.java:86)
	at cn.psycall.ccmgt.util.FreeSwitchManage.run(FreeSwitchManage.java:42)
Caused by: io.netty.channel.AbstractChannel$AnnotatedConnectException: Connection refused: /61.158.166.43:8021
Caused by: java.net.ConnectException: Connection refused
	at java.base/sun.nio.ch.SocketChannelImpl.checkConnect(Native Method)
	at java.base/sun.nio.ch.SocketChannelImpl.finishConnect(SocketChannelImpl.java:777)
	at io.netty.channel.socket.nio.NioSocketChannel.doFinishConnect(NioSocketChannel.java:330)
	at io.netty.channel.nio.AbstractNioChannel$AbstractNioUnsafe.finishConnect(AbstractNioChannel.java:334)
	at io.netty.channel.nio.NioEventLoop.processSelectedKey(NioEventLoop.java:707)
	at io.netty.channel.nio.NioEventLoop.processSelectedKeysOptimized(NioEventLoop.java:655)
	at io.netty.channel.nio.NioEventLoop.processSelectedKeys(NioEventLoop.java:581)
	at io.netty.channel.nio.NioEventLoop.run(NioEventLoop.java:493)
	at io.netty.util.concurrent.SingleThreadEventExecutor$4.run(SingleThreadEventExecutor.java:989)
	at io.netty.util.internal.ThreadExecutorMap$2.run(ThreadExecutorMap.java:74)
	at io.netty.util.concurrent.FastThreadLocalRunnable.run(FastThreadLocalRunnable.java:30)
	at java.base/java.lang.Thread.run(Thread.java:829)
2026-02-21 02:58:25.053 - [WARN ] - esl
org.freeswitch.esl.client.inbound.InboundConnectionException: Could not connect to /61.158.166.43:8021
	at org.freeswitch.esl.client.inbound.Client.connect(Client.java:134)
	at cn.psycall.ccmgt.util.FreeSwitchManage.monitor(FreeSwitchManage.java:86)
	at cn.psycall.ccmgt.util.FreeSwitchManage.run(FreeSwitchManage.java:42)
Caused by: io.netty.channel.AbstractChannel$AnnotatedConnectException: Connection refused: /61.158.166.43:8021
Caused by: java.net.ConnectException: Connection refused
	at java.base/sun.nio.ch.SocketChannelImpl.checkConnect(Native Method)
	at java.base/sun.nio.ch.SocketChannelImpl.finishConnect(SocketChannelImpl.java:777)
	at io.netty.channel.socket.nio.NioSocketChannel.doFinishConnect(NioSocketChannel.java:330)
	at io.netty.channel.nio.AbstractNioChannel$AbstractNioUnsafe.finishConnect(AbstractNioChannel.java:334)
	at io.netty.channel.nio.NioEventLoop.processSelectedKey(NioEventLoop.java:707)
	at io.netty.channel.nio.NioEventLoop.processSelectedKeysOptimized(NioEventLoop.java:655)
	at io.netty.channel.nio.NioEventLoop.processSelectedKeys(NioEventLoop.java:581)
	at io.netty.channel.nio.NioEventLoop.run(NioEventLoop.java:493)
	at io.netty.util.concurrent.SingleThreadEventExecutor$4.run(SingleThreadEventExecutor.java:989)
	at io.netty.util.internal.ThreadExecutorMap$2.run(ThreadExecutorMap.java:74)
	at io.netty.util.concurrent.FastThreadLocalRunnable.run(FastThreadLocalRunnable.java:30)
	at java.base/java.lang.Thread.run(Thread.java:829)
2026-02-21 02:58:26.151 - [WARN ] - esl
org.freeswitch.esl.client.inbound.InboundConnectionException: Could not connect to /61.158.166.43:8021
	at org.freeswitch.esl.client.inbound.Client.connect(Client.java:134)
	at cn.psycall.ccmgt.util.FreeSwitchManage.monitor(FreeSwitchManage.java:86)
	at cn.psycall.ccmgt.util.FreeSwitchManage.run(FreeSwitchManage.java:42)
Caused by: io.netty.channel.AbstractChannel$AnnotatedConnectException: Connection refused: /61.158.166.43:8021
Caused by: java.net.ConnectException: Connection refused
	at java.base/sun.nio.ch.SocketChannelImpl.checkConnect(Native Method)
	at java.base/sun.nio.ch.SocketChannelImpl.finishConnect(SocketChannelImpl.java:777)
	at io.netty.channel.socket.nio.NioSocketChannel.doFinishConnect(NioSocketChannel.java:330)
	at io.netty.channel.nio.AbstractNioChannel$AbstractNioUnsafe.finishConnect(AbstractNioChannel.java:334)
	at io.netty.channel.nio.NioEventLoop.processSelectedKey(NioEventLoop.java:707)
	at io.netty.channel.nio.NioEventLoop.processSelectedKeysOptimized(NioEventLoop.java:655)
	at io.netty.channel.nio.NioEventLoop.processSelectedKeys(NioEventLoop.java:581)
	at io.netty.channel.nio.NioEventLoop.run(NioEventLoop.java:493)
	at io.netty.util.concurrent.SingleThreadEventExecutor$4.run(SingleThreadEventExecutor.java:989)
	at io.netty.util.internal.ThreadExecutorMap$2.run(ThreadExecutorMap.java:74)
	at io.netty.util.concurrent.FastThreadLocalRunnable.run(FastThreadLocalRunnable.java:30)
	at java.base/java.lang.Thread.run(Thread.java:829)
2026-02-21 02:58:27.249 - [WARN ] - esl
org.freeswitch.esl.client.inbound.InboundConnectionException: Could not connect to /61.158.166.43:8021
	at org.freeswitch.esl.client.inbound.Client.connect(Client.java:134)
	at cn.psycall.ccmgt.util.FreeSwitchManage.monitor(FreeSwitchManage.java:86)
	at cn.psycall.ccmgt.util.FreeSwitchManage.run(FreeSwitchManage.java:42)
Caused by: io.netty.channel.AbstractChannel$AnnotatedConnectException: Connection refused: /61.158.166.43:8021
Caused by: java.net.ConnectException: Connection refused
	at java.base/sun.nio.ch.SocketChannelImpl.checkConnect(Native Method)
	at java.base/sun.nio.ch.SocketChannelImpl.finishConnect(SocketChannelImpl.java:777)
	at io.netty.channel.socket.nio.NioSocketChannel.doFinishConnect(NioSocketChannel.java:330)
	at io.netty.channel.nio.AbstractNioChannel$AbstractNioUnsafe.finishConnect(AbstractNioChannel.java:334)
	at io.netty.channel.nio.NioEventLoop.processSelectedKey(NioEventLoop.java:707)
	at io.netty.channel.nio.NioEventLoop.processSelectedKeysOptimized(NioEventLoop.java:655)
	at io.netty.channel.nio.NioEventLoop.processSelectedKeys(NioEventLoop.java:581)
	at io.netty.channel.nio.NioEventLoop.run(NioEventLoop.java:493)
	at io.netty.util.concurrent.SingleThreadEventExecutor$4.run(SingleThreadEventExecutor.java:989)
	at io.netty.util.internal.ThreadExecutorMap$2.run(ThreadExecutorMap.java:74)
	at io.netty.util.concurrent.FastThreadLocalRunnable.run(FastThreadLocalRunnable.java:30)
	at java.base/java.lang.Thread.run(Thread.java:829)
2026-02-21 02:58:28.347 - [WARN ] - esl
org.freeswitch.esl.client.inbound.InboundConnectionException: Could not connect to /61.158.166.43:8021
	at org.freeswitch.esl.client.inbound.Client.connect(Client.java:134)
	at cn.psycall.ccmgt.util.FreeSwitchManage.monitor(FreeSwitchManage.java:86)
	at cn.psycall.ccmgt.util.FreeSwitchManage.run(FreeSwitchManage.java:42)
Caused by: io.netty.channel.AbstractChannel$AnnotatedConnectException: Connection refused: /61.158.166.43:8021
Caused by: java.net.ConnectException: Connection refused
	at java.base/sun.nio.ch.SocketChannelImpl.checkConnect(Native Method)
	at java.base/sun.nio.ch.SocketChannelImpl.finishConnect(SocketChannelImpl.java:777)
	at io.netty.channel.socket.nio.NioSocketChannel.doFinishConnect(NioSocketChannel.java:330)
	at io.netty.channel.nio.AbstractNioChannel$AbstractNioUnsafe.finishConnect(AbstractNioChannel.java:334)
	at io.netty.channel.nio.NioEventLoop.processSelectedKey(NioEventLoop.java:707)
	at io.netty.channel.nio.NioEventLoop.processSelectedKeysOptimized(NioEventLoop.java:655)
	at io.netty.channel.nio.NioEventLoop.processSelectedKeys(NioEventLoop.java:581)
	at io.netty.channel.nio.NioEventLoop.run(NioEventLoop.java:493)
	at io.netty.util.concurrent.SingleThreadEventExecutor$4.run(SingleThreadEventExecutor.java:989)
	at io.netty.util.internal.ThreadExecutorMap$2.run(ThreadExecutorMap.java:74)
	at io.netty.util.concurrent.FastThreadLocalRunnable.run(FastThreadLocalRunnable.java:30)
	at java.base/java.lang.Thread.run(Thread.java:829)
2026-02-21 02:58:29.449 - [WARN ] - esl
org.freeswitch.esl.client.inbound.InboundConnectionException: Could not connect to /61.158.166.43:8021
	at org.freeswitch.esl.client.inbound.Client.connect(Client.java:134)
	at cn.psycall.ccmgt.util.FreeSwitchManage.monitor(FreeSwitchManage.java:86)
	at cn.psycall.ccmgt.util.FreeSwitchManage.run(FreeSwitchManage.java:42)
Caused by: io.netty.channel.AbstractChannel$AnnotatedConnectException: Connection refused: /61.158.166.43:8021
Caused by: java.net.ConnectException: Connection refused
	at java.base/sun.nio.ch.SocketChannelImpl.checkConnect(Native Method)
	at java.base/sun.nio.ch.SocketChannelImpl.finishConnect(SocketChannelImpl.java:777)
	at io.netty.channel.socket.nio.NioSocketChannel.doFinishConnect(NioSocketChannel.java:330)
	at io.netty.channel.nio.AbstractNioChannel$AbstractNioUnsafe.finishConnect(AbstractNioChannel.java:334)
	at io.netty.channel.nio.NioEventLoop.processSelectedKey(NioEventLoop.java:707)
	at io.netty.channel.nio.NioEventLoop.processSelectedKeysOptimized(NioEventLoop.java:655)
	at io.netty.channel.nio.NioEventLoop.processSelectedKeys(NioEventLoop.java:581)
	at io.netty.channel.nio.NioEventLoop.run(NioEventLoop.java:493)
	at io.netty.util.concurrent.SingleThreadEventExecutor$4.run(SingleThreadEventExecutor.java:989)
	at io.netty.util.internal.ThreadExecutorMap$2.run(ThreadExecutorMap.java:74)
	at io.netty.util.concurrent.FastThreadLocalRunnable.run(FastThreadLocalRunnable.java:30)
	at java.base/java.lang.Thread.run(Thread.java:829)
2026-02-21 02:58:30.642 - [WARN ] - esl
org.freeswitch.esl.client.inbound.InboundConnectionException: Could not connect to /61.158.166.43:8021
	at org.freeswitch.esl.client.inbound.Client.connect(Client.java:134)
	at cn.psycall.ccmgt.util.FreeSwitchManage.monitor(FreeSwitchManage.java:86)
	at cn.psycall.ccmgt.util.FreeSwitchManage.run(FreeSwitchManage.java:42)
Caused by: io.netty.channel.AbstractChannel$AnnotatedConnectException: Connection refused: /61.158.166.43:8021
Caused by: java.net.ConnectException: Connection refused
	at java.base/sun.nio.ch.SocketChannelImpl.checkConnect(Native Method)
	at java.base/sun.nio.ch.SocketChannelImpl.finishConnect(SocketChannelImpl.java:777)
	at io.netty.channel.socket.nio.NioSocketChannel.doFinishConnect(NioSocketChannel.java:330)
	at io.netty.channel.nio.AbstractNioChannel$AbstractNioUnsafe.finishConnect(AbstractNioChannel.java:334)
	at io.netty.channel.nio.NioEventLoop.processSelectedKey(NioEventLoop.java:707)
	at io.netty.channel.nio.NioEventLoop.processSelectedKeysOptimized(NioEventLoop.java:655)
	at io.netty.channel.nio.NioEventLoop.processSelectedKeys(NioEventLoop.java:581)
	at io.netty.channel.nio.NioEventLoop.run(NioEventLoop.java:493)
	at io.netty.util.concurrent.SingleThreadEventExecutor$4.run(SingleThreadEventExecutor.java:989)
	at io.netty.util.internal.ThreadExecutorMap$2.run(ThreadExecutorMap.java:74)
	at io.netty.util.concurrent.FastThreadLocalRunnable.run(FastThreadLocalRunnable.java:30)
	at java.base/java.lang.Thread.run(Thread.java:829)
2026-02-21 02:58:31.739 - [WARN ] - esl
org.freeswitch.esl.client.inbound.InboundConnectionException: Could not connect to /61.158.166.43:8021
	at org.freeswitch.esl.client.inbound.Client.connect(Client.java:134)
	at cn.psycall.ccmgt.util.FreeSwitchManage.monitor(FreeSwitchManage.java:86)
	at cn.psycall.ccmgt.util.FreeSwitchManage.run(FreeSwitchManage.java:42)
Caused by: io.netty.channel.AbstractChannel$AnnotatedConnectException: Connection refused: /61.158.166.43:8021
Caused by: java.net.ConnectException: Connection refused
	at java.base/sun.nio.ch.SocketChannelImpl.checkConnect(Native Method)
	at java.base/sun.nio.ch.SocketChannelImpl.finishConnect(SocketChannelImpl.java:777)
	at io.netty.channel.socket.nio.NioSocketChannel.doFinishConnect(NioSocketChannel.java:330)
	at io.netty.channel.nio.AbstractNioChannel$AbstractNioUnsafe.finishConnect(AbstractNioChannel.java:334)
	at io.netty.channel.nio.NioEventLoop.processSelectedKey(NioEventLoop.java:707)
	at io.netty.channel.nio.NioEventLoop.processSelectedKeysOptimized(NioEventLoop.java:655)
	at io.netty.channel.nio.NioEventLoop.processSelectedKeys(NioEventLoop.java:581)
	at io.netty.channel.nio.NioEventLoop.run(NioEventLoop.java:493)
	at io.netty.util.concurrent.SingleThreadEventExecutor$4.run(SingleThreadEventExecutor.java:989)
	at io.netty.util.internal.ThreadExecutorMap$2.run(ThreadExecutorMap.java:74)
	at io.netty.util.concurrent.FastThreadLocalRunnable.run(FastThreadLocalRunnable.java:30)
	at java.base/java.lang.Thread.run(Thread.java:829)
2026-02-21 02:58:32.833 - [WARN ] - esl
org.freeswitch.esl.client.inbound.InboundConnectionException: Could not connect to /61.158.166.43:8021
	at org.freeswitch.esl.client.inbound.Client.connect(Client.java:134)
	at cn.psycall.ccmgt.util.FreeSwitchManage.monitor(FreeSwitchManage.java:86)
	at cn.psycall.ccmgt.util.FreeSwitchManage.run(FreeSwitchManage.java:42)
Caused by: io.netty.channel.AbstractChannel$AnnotatedConnectException: Connection refused: /61.158.166.43:8021
Caused by: java.net.ConnectException: Connection refused
	at java.base/sun.nio.ch.SocketChannelImpl.checkConnect(Native Method)
	at java.base/sun.nio.ch.SocketChannelImpl.finishConnect(SocketChannelImpl.java:777)
	at io.netty.channel.socket.nio.NioSocketChannel.doFinishConnect(NioSocketChannel.java:330)
	at io.netty.channel.nio.AbstractNioChannel$AbstractNioUnsafe.finishConnect(AbstractNioChannel.java:334)
	at io.netty.channel.nio.NioEventLoop.processSelectedKey(NioEventLoop.java:707)
	at io.netty.channel.nio.NioEventLoop.processSelectedKeysOptimized(NioEventLoop.java:655)
	at io.netty.channel.nio.NioEventLoop.processSelectedKeys(NioEventLoop.java:581)
	at io.netty.channel.nio.NioEventLoop.run(NioEventLoop.java:493)
	at io.netty.util.concurrent.SingleThreadEventExecutor$4.run(SingleThreadEventExecutor.java:989)
	at io.netty.util.internal.ThreadExecutorMap$2.run(ThreadExecutorMap.java:74)
	at io.netty.util.concurrent.FastThreadLocalRunnable.run(FastThreadLocalRunnable.java:30)
	at java.base/java.lang.Thread.run(Thread.java:829)
2026-02-21 02:58:33.933 - [WARN ] - esl
org.freeswitch.esl.client.inbound.InboundConnectionException: Could not connect to /61.158.166.43:8021
	at org.freeswitch.esl.client.inbound.Client.connect(Client.java:134)
	at cn.psycall.ccmgt.util.FreeSwitchManage.monitor(FreeSwitchManage.java:86)
	at cn.psycall.ccmgt.util.FreeSwitchManage.run(FreeSwitchManage.java:42)
Caused by: io.netty.channel.AbstractChannel$AnnotatedConnectException: Connection refused: /61.158.166.43:8021
Caused by: java.net.ConnectException: Connection refused
	at java.base/sun.nio.ch.SocketChannelImpl.checkConnect(Native Method)
	at java.base/sun.nio.ch.SocketChannelImpl.finishConnect(SocketChannelImpl.java:777)
	at io.netty.channel.socket.nio.NioSocketChannel.doFinishConnect(NioSocketChannel.java:330)
	at io.netty.channel.nio.AbstractNioChannel$AbstractNioUnsafe.finishConnect(AbstractNioChannel.java:334)
	at io.netty.channel.nio.NioEventLoop.processSelectedKey(NioEventLoop.java:707)
	at io.netty.channel.nio.NioEventLoop.processSelectedKeysOptimized(NioEventLoop.java:655)
	at io.netty.channel.nio.NioEventLoop.processSelectedKeys(NioEventLoop.java:581)
	at io.netty.channel.nio.NioEventLoop.run(NioEventLoop.java:493)
	at io.netty.util.concurrent.SingleThreadEventExecutor$4.run(SingleThreadEventExecutor.java:989)
	at io.netty.util.internal.ThreadExecutorMap$2.run(ThreadExecutorMap.java:74)
	at io.netty.util.concurrent.FastThreadLocalRunnable.run(FastThreadLocalRunnable.java:30)
	at java.base/java.lang.Thread.run(Thread.java:829)
2026-02-21 02:58:35.043 - [WARN ] - esl
org.freeswitch.esl.client.inbound.InboundConnectionException: Could not connect to /61.158.166.43:8021
	at org.freeswitch.esl.client.inbound.Client.connect(Client.java:134)
	at cn.psycall.ccmgt.util.FreeSwitchManage.monitor(FreeSwitchManage.java:86)
	at cn.psycall.ccmgt.util.FreeSwitchManage.run(FreeSwitchManage.java:42)
Caused by: io.netty.channel.AbstractChannel$AnnotatedConnectException: Connection refused: /61.158.166.43:8021
Caused by: java.net.ConnectException: Connection refused
	at java.base/sun.nio.ch.SocketChannelImpl.checkConnect(Native Method)
	at java.base/sun.nio.ch.SocketChannelImpl.finishConnect(SocketChannelImpl.java:777)
	at io.netty.channel.socket.nio.NioSocketChannel.doFinishConnect(NioSocketChannel.java:330)
	at io.netty.channel.nio.AbstractNioChannel$AbstractNioUnsafe.finishConnect(AbstractNioChannel.java:334)
	at io.netty.channel.nio.NioEventLoop.processSelectedKey(NioEventLoop.java:707)
	at io.netty.channel.nio.NioEventLoop.processSelectedKeysOptimized(NioEventLoop.java:655)
	at io.netty.channel.nio.NioEventLoop.processSelectedKeys(NioEventLoop.java:581)
	at io.netty.channel.nio.NioEventLoop.run(NioEventLoop.java:493)
	at io.netty.util.concurrent.SingleThreadEventExecutor$4.run(SingleThreadEventExecutor.java:989)
	at io.netty.util.internal.ThreadExecutorMap$2.run(ThreadExecutorMap.java:74)
	at io.netty.util.concurrent.FastThreadLocalRunnable.run(FastThreadLocalRunnable.java:30)
	at java.base/java.lang.Thread.run(Thread.java:829)
2026-02-21 02:58:36.135 - [WARN ] - esl
org.freeswitch.esl.client.inbound.InboundConnectionException: Could not connect to /61.158.166.43:8021
	at org.freeswitch.esl.client.inbound.Client.connect(Client.java:134)
	at cn.psycall.ccmgt.util.FreeSwitchManage.monitor(FreeSwitchManage.java:86)
	at cn.psycall.ccmgt.util.FreeSwitchManage.run(FreeSwitchManage.java:42)
Caused by: io.netty.channel.AbstractChannel$AnnotatedConnectException: Connection refused: /61.158.166.43:8021
Caused by: java.net.ConnectException: Connection refused
	at java.base/sun.nio.ch.SocketChannelImpl.checkConnect(Native Method)
	at java.base/sun.nio.ch.SocketChannelImpl.finishConnect(SocketChannelImpl.java:777)
	at io.netty.channel.socket.nio.NioSocketChannel.doFinishConnect(NioSocketChannel.java:330)
	at io.netty.channel.nio.AbstractNioChannel$AbstractNioUnsafe.finishConnect(AbstractNioChannel.java:334)
	at io.netty.channel.nio.NioEventLoop.processSelectedKey(NioEventLoop.java:707)
	at io.netty.channel.nio.NioEventLoop.processSelectedKeysOptimized(NioEventLoop.java:655)
	at io.netty.channel.nio.NioEventLoop.processSelectedKeys(NioEventLoop.java:581)
	at io.netty.channel.nio.NioEventLoop.run(NioEventLoop.java:493)
	at io.netty.util.concurrent.SingleThreadEventExecutor$4.run(SingleThreadEventExecutor.java:989)
	at io.netty.util.internal.ThreadExecutorMap$2.run(ThreadExecutorMap.java:74)
	at io.netty.util.concurrent.FastThreadLocalRunnable.run(FastThreadLocalRunnable.java:30)
	at java.base/java.lang.Thread.run(Thread.java:829)
2026-02-21 02:58:37.235 - [WARN ] - esl
org.freeswitch.esl.client.inbound.InboundConnectionException: Could not connect to /61.158.166.43:8021
	at org.freeswitch.esl.client.inbound.Client.connect(Client.java:134)
	at cn.psycall.ccmgt.util.FreeSwitchManage.monitor(FreeSwitchManage.java:86)
	at cn.psycall.ccmgt.util.FreeSwitchManage.run(FreeSwitchManage.java:42)
Caused by: io.netty.channel.AbstractChannel$AnnotatedConnectException: Connection refused: /61.158.166.43:8021
Caused by: java.net.ConnectException: Connection refused
	at java.base/sun.nio.ch.SocketChannelImpl.checkConnect(Native Method)
	at java.base/sun.nio.ch.SocketChannelImpl.finishConnect(SocketChannelImpl.java:777)
	at io.netty.channel.socket.nio.NioSocketChannel.doFinishConnect(NioSocketChannel.java:330)
	at io.netty.channel.nio.AbstractNioChannel$AbstractNioUnsafe.finishConnect(AbstractNioChannel.java:334)
	at io.netty.channel.nio.NioEventLoop.processSelectedKey(NioEventLoop.java:707)
	at io.netty.channel.nio.NioEventLoop.processSelectedKeysOptimized(NioEventLoop.java:655)
	at io.netty.channel.nio.NioEventLoop.processSelectedKeys(NioEventLoop.java:581)
	at io.netty.channel.nio.NioEventLoop.run(NioEventLoop.java:493)
	at io.netty.util.concurrent.SingleThreadEventExecutor$4.run(SingleThreadEventExecutor.java:989)
	at io.netty.util.internal.ThreadExecutorMap$2.run(ThreadExecutorMap.java:74)
	at io.netty.util.concurrent.FastThreadLocalRunnable.run(FastThreadLocalRunnable.java:30)
	at java.base/java.lang.Thread.run(Thread.java:829)
2026-02-21 02:58:38.324 - [WARN ] - esl
org.freeswitch.esl.client.inbound.InboundConnectionException: Could not connect to /61.158.166.43:8021
	at org.freeswitch.esl.client.inbound.Client.connect(Client.java:134)
	at cn.psycall.ccmgt.util.FreeSwitchManage.monitor(FreeSwitchManage.java:86)
	at cn.psycall.ccmgt.util.FreeSwitchManage.run(FreeSwitchManage.java:42)
Caused by: io.netty.channel.AbstractChannel$AnnotatedConnectException: Connection refused: /61.158.166.43:8021
Caused by: java.net.ConnectException: Connection refused
	at java.base/sun.nio.ch.SocketChannelImpl.checkConnect(Native Method)
	at java.base/sun.nio.ch.SocketChannelImpl.finishConnect(SocketChannelImpl.java:777)
	at io.netty.channel.socket.nio.NioSocketChannel.doFinishConnect(NioSocketChannel.java:330)
	at io.netty.channel.nio.AbstractNioChannel$AbstractNioUnsafe.finishConnect(AbstractNioChannel.java:334)
	at io.netty.channel.nio.NioEventLoop.processSelectedKey(NioEventLoop.java:707)
	at io.netty.channel.nio.NioEventLoop.processSelectedKeysOptimized(NioEventLoop.java:655)
	at io.netty.channel.nio.NioEventLoop.processSelectedKeys(NioEventLoop.java:581)
	at io.netty.channel.nio.NioEventLoop.run(NioEventLoop.java:493)
	at io.netty.util.concurrent.SingleThreadEventExecutor$4.run(SingleThreadEventExecutor.java:989)
	at io.netty.util.internal.ThreadExecutorMap$2.run(ThreadExecutorMap.java:74)
	at io.netty.util.concurrent.FastThreadLocalRunnable.run(FastThreadLocalRunnable.java:30)
	at java.base/java.lang.Thread.run(Thread.java:829)
2026-02-21 02:58:39.438 - [WARN ] - esl
org.freeswitch.esl.client.inbound.InboundConnectionException: Could not connect to /61.158.166.43:8021
	at org.freeswitch.esl.client.inbound.Client.connect(Client.java:134)
	at cn.psycall.ccmgt.util.FreeSwitchManage.monitor(FreeSwitchManage.java:86)
	at cn.psycall.ccmgt.util.FreeSwitchManage.run(FreeSwitchManage.java:42)
Caused by: io.netty.channel.AbstractChannel$AnnotatedConnectException: Connection refused: /61.158.166.43:8021
Caused by: java.net.ConnectException: Connection refused
	at java.base/sun.nio.ch.SocketChannelImpl.checkConnect(Native Method)
	at java.base/sun.nio.ch.SocketChannelImpl.finishConnect(SocketChannelImpl.java:777)
	at io.netty.channel.socket.nio.NioSocketChannel.doFinishConnect(NioSocketChannel.java:330)
	at io.netty.channel.nio.AbstractNioChannel$AbstractNioUnsafe.finishConnect(AbstractNioChannel.java:334)
	at io.netty.channel.nio.NioEventLoop.processSelectedKey(NioEventLoop.java:707)
	at io.netty.channel.nio.NioEventLoop.processSelectedKeysOptimized(NioEventLoop.java:655)
	at io.netty.channel.nio.NioEventLoop.processSelectedKeys(NioEventLoop.java:581)
	at io.netty.channel.nio.NioEventLoop.run(NioEventLoop.java:493)
	at io.netty.util.concurrent.SingleThreadEventExecutor$4.run(SingleThreadEventExecutor.java:989)
	at io.netty.util.internal.ThreadExecutorMap$2.run(ThreadExecutorMap.java:74)
	at io.netty.util.concurrent.FastThreadLocalRunnable.run(FastThreadLocalRunnable.java:30)
	at java.base/java.lang.Thread.run(Thread.java:829)
2026-02-21 02:58:40.535 - [WARN ] - esl
org.freeswitch.esl.client.inbound.InboundConnectionException: Could not connect to /61.158.166.43:8021
	at org.freeswitch.esl.client.inbound.Client.connect(Client.java:134)
	at cn.psycall.ccmgt.util.FreeSwitchManage.monitor(FreeSwitchManage.java:86)
	at cn.psycall.ccmgt.util.FreeSwitchManage.run(FreeSwitchManage.java:42)
Caused by: io.netty.channel.AbstractChannel$AnnotatedConnectException: Connection refused: /61.158.166.43:8021
Caused by: java.net.ConnectException: Connection refused
	at java.base/sun.nio.ch.SocketChannelImpl.checkConnect(Native Method)
	at java.base/sun.nio.ch.SocketChannelImpl.finishConnect(SocketChannelImpl.java:777)
	at io.netty.channel.socket.nio.NioSocketChannel.doFinishConnect(NioSocketChannel.java:330)
	at io.netty.channel.nio.AbstractNioChannel$AbstractNioUnsafe.finishConnect(AbstractNioChannel.java:334)
	at io.netty.channel.nio.NioEventLoop.processSelectedKey(NioEventLoop.java:707)
	at io.netty.channel.nio.NioEventLoop.processSelectedKeysOptimized(NioEventLoop.java:655)
	at io.netty.channel.nio.NioEventLoop.processSelectedKeys(NioEventLoop.java:581)
	at io.netty.channel.nio.NioEventLoop.run(NioEventLoop.java:493)
	at io.netty.util.concurrent.SingleThreadEventExecutor$4.run(SingleThreadEventExecutor.java:989)
	at io.netty.util.internal.ThreadExecutorMap$2.run(ThreadExecutorMap.java:74)
	at io.netty.util.concurrent.FastThreadLocalRunnable.run(FastThreadLocalRunnable.java:30)
	at java.base/java.lang.Thread.run(Thread.java:829)
2026-02-21 02:58:41.620 - [WARN ] - esl
org.freeswitch.esl.client.inbound.InboundConnectionException: Could not connect to /61.158.166.43:8021
	at org.freeswitch.esl.client.inbound.Client.connect(Client.java:134)
	at cn.psycall.ccmgt.util.FreeSwitchManage.monitor(FreeSwitchManage.java:86)
	at cn.psycall.ccmgt.util.FreeSwitchManage.run(FreeSwitchManage.java:42)
Caused by: io.netty.channel.AbstractChannel$AnnotatedConnectException: Connection refused: /61.158.166.43:8021
Caused by: java.net.ConnectException: Connection refused
	at java.base/sun.nio.ch.SocketChannelImpl.checkConnect(Native Method)
	at java.base/sun.nio.ch.SocketChannelImpl.finishConnect(SocketChannelImpl.java:777)
	at io.netty.channel.socket.nio.NioSocketChannel.doFinishConnect(NioSocketChannel.java:330)
	at io.netty.channel.nio.AbstractNioChannel$AbstractNioUnsafe.finishConnect(AbstractNioChannel.java:334)
	at io.netty.channel.nio.NioEventLoop.processSelectedKey(NioEventLoop.java:707)
	at io.netty.channel.nio.NioEventLoop.processSelectedKeysOptimized(NioEventLoop.java:655)
	at io.netty.channel.nio.NioEventLoop.processSelectedKeys(NioEventLoop.java:581)
	at io.netty.channel.nio.NioEventLoop.run(NioEventLoop.java:493)
	at io.netty.util.concurrent.SingleThreadEventExecutor$4.run(SingleThreadEventExecutor.java:989)
	at io.netty.util.internal.ThreadExecutorMap$2.run(ThreadExecutorMap.java:74)
	at io.netty.util.concurrent.FastThreadLocalRunnable.run(FastThreadLocalRunnable.java:30)
	at java.base/java.lang.Thread.run(Thread.java:829)
2026-02-21 02:58:42.707 - [WARN ] - esl
org.freeswitch.esl.client.inbound.InboundConnectionException: Could not connect to /61.158.166.43:8021
	at org.freeswitch.esl.client.inbound.Client.connect(Client.java:134)
	at cn.psycall.ccmgt.util.FreeSwitchManage.monitor(FreeSwitchManage.java:86)
	at cn.psycall.ccmgt.util.FreeSwitchManage.run(FreeSwitchManage.java:42)
Caused by: io.netty.channel.AbstractChannel$AnnotatedConnectException: Connection refused: /61.158.166.43:8021
Caused by: java.net.ConnectException: Connection refused
	at java.base/sun.nio.ch.SocketChannelImpl.checkConnect(Native Method)
	at java.base/sun.nio.ch.SocketChannelImpl.finishConnect(SocketChannelImpl.java:777)
	at io.netty.channel.socket.nio.NioSocketChannel.doFinishConnect(NioSocketChannel.java:330)
	at io.netty.channel.nio.AbstractNioChannel$AbstractNioUnsafe.finishConnect(AbstractNioChannel.java:334)
	at io.netty.channel.nio.NioEventLoop.processSelectedKey(NioEventLoop.java:707)
	at io.netty.channel.nio.NioEventLoop.processSelectedKeysOptimized(NioEventLoop.java:655)
	at io.netty.channel.nio.NioEventLoop.processSelectedKeys(NioEventLoop.java:581)
	at io.netty.channel.nio.NioEventLoop.run(NioEventLoop.java:493)
	at io.netty.util.concurrent.SingleThreadEventExecutor$4.run(SingleThreadEventExecutor.java:989)
	at io.netty.util.internal.ThreadExecutorMap$2.run(ThreadExecutorMap.java:74)
	at io.netty.util.concurrent.FastThreadLocalRunnable.run(FastThreadLocalRunnable.java:30)
	at java.base/java.lang.Thread.run(Thread.java:829)
2026-02-21 02:58:43.794 - [WARN ] - esl
org.freeswitch.esl.client.inbound.InboundConnectionException: Could not connect to /61.158.166.43:8021
	at org.freeswitch.esl.client.inbound.Client.connect(Client.java:134)
	at cn.psycall.ccmgt.util.FreeSwitchManage.monitor(FreeSwitchManage.java:86)
	at cn.psycall.ccmgt.util.FreeSwitchManage.run(FreeSwitchManage.java:42)
Caused by: io.netty.channel.AbstractChannel$AnnotatedConnectException: Connection refused: /61.158.166.43:8021
Caused by: java.net.ConnectException: Connection refused
	at java.base/sun.nio.ch.SocketChannelImpl.checkConnect(Native Method)
	at java.base/sun.nio.ch.SocketChannelImpl.finishConnect(SocketChannelImpl.java:777)
	at io.netty.channel.socket.nio.NioSocketChannel.doFinishConnect(NioSocketChannel.java:330)
	at io.netty.channel.nio.AbstractNioChannel$AbstractNioUnsafe.finishConnect(AbstractNioChannel.java:334)
	at io.netty.channel.nio.NioEventLoop.processSelectedKey(NioEventLoop.java:707)
	at io.netty.channel.nio.NioEventLoop.processSelectedKeysOptimized(NioEventLoop.java:655)
	at io.netty.channel.nio.NioEventLoop.processSelectedKeys(NioEventLoop.java:581)
	at io.netty.channel.nio.NioEventLoop.run(NioEventLoop.java:493)
	at io.netty.util.concurrent.SingleThreadEventExecutor$4.run(SingleThreadEventExecutor.java:989)
	at io.netty.util.internal.ThreadExecutorMap$2.run(ThreadExecutorMap.java:74)
	at io.netty.util.concurrent.FastThreadLocalRunnable.run(FastThreadLocalRunnable.java:30)
	at java.base/java.lang.Thread.run(Thread.java:829)
2026-02-21 02:58:44.877 - [WARN ] - esl
org.freeswitch.esl.client.inbound.InboundConnectionException: Could not connect to /61.158.166.43:8021
	at org.freeswitch.esl.client.inbound.Client.connect(Client.java:134)
	at cn.psycall.ccmgt.util.FreeSwitchManage.monitor(FreeSwitchManage.java:86)
	at cn.psycall.ccmgt.util.FreeSwitchManage.run(FreeSwitchManage.java:42)
Caused by: io.netty.channel.AbstractChannel$AnnotatedConnectException: Connection refused: /61.158.166.43:8021
Caused by: java.net.ConnectException: Connection refused
	at java.base/sun.nio.ch.SocketChannelImpl.checkConnect(Native Method)
	at java.base/sun.nio.ch.SocketChannelImpl.finishConnect(SocketChannelImpl.java:777)
	at io.netty.channel.socket.nio.NioSocketChannel.doFinishConnect(NioSocketChannel.java:330)
	at io.netty.channel.nio.AbstractNioChannel$AbstractNioUnsafe.finishConnect(AbstractNioChannel.java:334)
	at io.netty.channel.nio.NioEventLoop.processSelectedKey(NioEventLoop.java:707)
	at io.netty.channel.nio.NioEventLoop.processSelectedKeysOptimized(NioEventLoop.java:655)
	at io.netty.channel.nio.NioEventLoop.processSelectedKeys(NioEventLoop.java:581)
	at io.netty.channel.nio.NioEventLoop.run(NioEventLoop.java:493)
	at io.netty.util.concurrent.SingleThreadEventExecutor$4.run(SingleThreadEventExecutor.java:989)
	at io.netty.util.internal.ThreadExecutorMap$2.run(ThreadExecutorMap.java:74)
	at io.netty.util.concurrent.FastThreadLocalRunnable.run(FastThreadLocalRunnable.java:30)
	at java.base/java.lang.Thread.run(Thread.java:829)
2026-02-21 02:58:45.963 - [WARN ] - esl
org.freeswitch.esl.client.inbound.InboundConnectionException: Could not connect to /61.158.166.43:8021
	at org.freeswitch.esl.client.inbound.Client.connect(Client.java:134)
	at cn.psycall.ccmgt.util.FreeSwitchManage.monitor(FreeSwitchManage.java:86)
	at cn.psycall.ccmgt.util.FreeSwitchManage.run(FreeSwitchManage.java:42)
Caused by: io.netty.channel.AbstractChannel$AnnotatedConnectException: Connection refused: /61.158.166.43:8021
Caused by: java.net.ConnectException: Connection refused
	at java.base/sun.nio.ch.SocketChannelImpl.checkConnect(Native Method)
	at java.base/sun.nio.ch.SocketChannelImpl.finishConnect(SocketChannelImpl.java:777)
	at io.netty.channel.socket.nio.NioSocketChannel.doFinishConnect(NioSocketChannel.java:330)
	at io.netty.channel.nio.AbstractNioChannel$AbstractNioUnsafe.finishConnect(AbstractNioChannel.java:334)
	at io.netty.channel.nio.NioEventLoop.processSelectedKey(NioEventLoop.java:707)
	at io.netty.channel.nio.NioEventLoop.processSelectedKeysOptimized(NioEventLoop.java:655)
	at io.netty.channel.nio.NioEventLoop.processSelectedKeys(NioEventLoop.java:581)
	at io.netty.channel.nio.NioEventLoop.run(NioEventLoop.java:493)
	at io.netty.util.concurrent.SingleThreadEventExecutor$4.run(SingleThreadEventExecutor.java:989)
	at io.netty.util.internal.ThreadExecutorMap$2.run(ThreadExecutorMap.java:74)
	at io.netty.util.concurrent.FastThreadLocalRunnable.run(FastThreadLocalRunnable.java:30)
	at java.base/java.lang.Thread.run(Thread.java:829)
2026-02-21 02:58:47.049 - [WARN ] - esl
org.freeswitch.esl.client.inbound.InboundConnectionException: Could not connect to /61.158.166.43:8021
	at org.freeswitch.esl.client.inbound.Client.connect(Client.java:134)
	at cn.psycall.ccmgt.util.FreeSwitchManage.monitor(FreeSwitchManage.java:86)
	at cn.psycall.ccmgt.util.FreeSwitchManage.run(FreeSwitchManage.java:42)
Caused by: io.netty.channel.AbstractChannel$AnnotatedConnectException: Connection refused: /61.158.166.43:8021
Caused by: java.net.ConnectException: Connection refused
	at java.base/sun.nio.ch.SocketChannelImpl.checkConnect(Native Method)
	at java.base/sun.nio.ch.SocketChannelImpl.finishConnect(SocketChannelImpl.java:777)
	at io.netty.channel.socket.nio.NioSocketChannel.doFinishConnect(NioSocketChannel.java:330)
	at io.netty.channel.nio.AbstractNioChannel$AbstractNioUnsafe.finishConnect(AbstractNioChannel.java:334)
	at io.netty.channel.nio.NioEventLoop.processSelectedKey(NioEventLoop.java:707)
	at io.netty.channel.nio.NioEventLoop.processSelectedKeysOptimized(NioEventLoop.java:655)
	at io.netty.channel.nio.NioEventLoop.processSelectedKeys(NioEventLoop.java:581)
	at io.netty.channel.nio.NioEventLoop.run(NioEventLoop.java:493)
	at io.netty.util.concurrent.SingleThreadEventExecutor$4.run(SingleThreadEventExecutor.java:989)
	at io.netty.util.internal.ThreadExecutorMap$2.run(ThreadExecutorMap.java:74)
	at io.netty.util.concurrent.FastThreadLocalRunnable.run(FastThreadLocalRunnable.java:30)
	at java.base/java.lang.Thread.run(Thread.java:829)
2026-02-21 02:58:48.134 - [WARN ] - esl
org.freeswitch.esl.client.inbound.InboundConnectionException: Could not connect to /61.158.166.43:8021
	at org.freeswitch.esl.client.inbound.Client.connect(Client.java:134)
	at cn.psycall.ccmgt.util.FreeSwitchManage.monitor(FreeSwitchManage.java:86)
	at cn.psycall.ccmgt.util.FreeSwitchManage.run(FreeSwitchManage.java:42)
Caused by: io.netty.channel.AbstractChannel$AnnotatedConnectException: Connection refused: /61.158.166.43:8021
Caused by: java.net.ConnectException: Connection refused
	at java.base/sun.nio.ch.SocketChannelImpl.checkConnect(Native Method)
	at java.base/sun.nio.ch.SocketChannelImpl.finishConnect(SocketChannelImpl.java:777)
	at io.netty.channel.socket.nio.NioSocketChannel.doFinishConnect(NioSocketChannel.java:330)
	at io.netty.channel.nio.AbstractNioChannel$AbstractNioUnsafe.finishConnect(AbstractNioChannel.java:334)
	at io.netty.channel.nio.NioEventLoop.processSelectedKey(NioEventLoop.java:707)
	at io.netty.channel.nio.NioEventLoop.processSelectedKeysOptimized(NioEventLoop.java:655)
	at io.netty.channel.nio.NioEventLoop.processSelectedKeys(NioEventLoop.java:581)
	at io.netty.channel.nio.NioEventLoop.run(NioEventLoop.java:493)
	at io.netty.util.concurrent.SingleThreadEventExecutor$4.run(SingleThreadEventExecutor.java:989)
	at io.netty.util.internal.ThreadExecutorMap$2.run(ThreadExecutorMap.java:74)
	at io.netty.util.concurrent.FastThreadLocalRunnable.run(FastThreadLocalRunnable.java:30)
	at java.base/java.lang.Thread.run(Thread.java:829)
2026-02-21 02:58:49.224 - [WARN ] - esl
org.freeswitch.esl.client.inbound.InboundConnectionException: Could not connect to /61.158.166.43:8021
	at org.freeswitch.esl.client.inbound.Client.connect(Client.java:134)
	at cn.psycall.ccmgt.util.FreeSwitchManage.monitor(FreeSwitchManage.java:86)
	at cn.psycall.ccmgt.util.FreeSwitchManage.run(FreeSwitchManage.java:42)
Caused by: io.netty.channel.AbstractChannel$AnnotatedConnectException: Connection refused: /61.158.166.43:8021
Caused by: java.net.ConnectException: Connection refused
	at java.base/sun.nio.ch.SocketChannelImpl.checkConnect(Native Method)
	at java.base/sun.nio.ch.SocketChannelImpl.finishConnect(SocketChannelImpl.java:777)
	at io.netty.channel.socket.nio.NioSocketChannel.doFinishConnect(NioSocketChannel.java:330)
	at io.netty.channel.nio.AbstractNioChannel$AbstractNioUnsafe.finishConnect(AbstractNioChannel.java:334)
	at io.netty.channel.nio.NioEventLoop.processSelectedKey(NioEventLoop.java:707)
	at io.netty.channel.nio.NioEventLoop.processSelectedKeysOptimized(NioEventLoop.java:655)
	at io.netty.channel.nio.NioEventLoop.processSelectedKeys(NioEventLoop.java:581)
	at io.netty.channel.nio.NioEventLoop.run(NioEventLoop.java:493)
	at io.netty.util.concurrent.SingleThreadEventExecutor$4.run(SingleThreadEventExecutor.java:989)
	at io.netty.util.internal.ThreadExecutorMap$2.run(ThreadExecutorMap.java:74)
	at io.netty.util.concurrent.FastThreadLocalRunnable.run(FastThreadLocalRunnable.java:30)
	at java.base/java.lang.Thread.run(Thread.java:829)
2026-02-21 02:58:49.233 - [INFO ] - ESL Client Disconnect ..(61.158.166.44:8021)
2026-02-21 02:58:50.446 - [WARN ] - esl
org.freeswitch.esl.client.inbound.InboundConnectionException: Could not connect to /61.158.166.43:8021
	at org.freeswitch.esl.client.inbound.Client.connect(Client.java:134)
	at cn.psycall.ccmgt.util.FreeSwitchManage.monitor(FreeSwitchManage.java:86)
	at cn.psycall.ccmgt.util.FreeSwitchManage.run(FreeSwitchManage.java:42)
Caused by: io.netty.channel.AbstractChannel$AnnotatedConnectException: Connection refused: /61.158.166.43:8021
Caused by: java.net.ConnectException: Connection refused
	at java.base/sun.nio.ch.SocketChannelImpl.checkConnect(Native Method)
	at java.base/sun.nio.ch.SocketChannelImpl.finishConnect(SocketChannelImpl.java:777)
	at io.netty.channel.socket.nio.NioSocketChannel.doFinishConnect(NioSocketChannel.java:330)
	at io.netty.channel.nio.AbstractNioChannel$AbstractNioUnsafe.finishConnect(AbstractNioChannel.java:334)
	at io.netty.channel.nio.NioEventLoop.processSelectedKey(NioEventLoop.java:707)
	at io.netty.channel.nio.NioEventLoop.processSelectedKeysOptimized(NioEventLoop.java:655)
	at io.netty.channel.nio.NioEventLoop.processSelectedKeys(NioEventLoop.java:581)
	at io.netty.channel.nio.NioEventLoop.run(NioEventLoop.java:493)
	at io.netty.util.concurrent.SingleThreadEventExecutor$4.run(SingleThreadEventExecutor.java:989)
	at io.netty.util.internal.ThreadExecutorMap$2.run(ThreadExecutorMap.java:74)
	at io.netty.util.concurrent.FastThreadLocalRunnable.run(FastThreadLocalRunnable.java:30)
	at java.base/java.lang.Thread.run(Thread.java:829)
2026-02-21 02:58:50.544 - [WARN ] - esl
org.freeswitch.esl.client.inbound.InboundConnectionException: Could not connect to /61.158.166.44:8021
	at org.freeswitch.esl.client.inbound.Client.connect(Client.java:134)
	at cn.psycall.ccmgt.util.FreeSwitchManage.monitor(FreeSwitchManage.java:86)
	at cn.psycall.ccmgt.util.FreeSwitchManage.run(FreeSwitchManage.java:42)
Caused by: io.netty.channel.AbstractChannel$AnnotatedConnectException: Connection refused: /61.158.166.44:8021
Caused by: java.net.ConnectException: Connection refused
	at java.base/sun.nio.ch.SocketChannelImpl.checkConnect(Native Method)
	at java.base/sun.nio.ch.SocketChannelImpl.finishConnect(SocketChannelImpl.java:777)
	at io.netty.channel.socket.nio.NioSocketChannel.doFinishConnect(NioSocketChannel.java:330)
	at io.netty.channel.nio.AbstractNioChannel$AbstractNioUnsafe.finishConnect(AbstractNioChannel.java:334)
	at io.netty.channel.nio.NioEventLoop.processSelectedKey(NioEventLoop.java:707)
	at io.netty.channel.nio.NioEventLoop.processSelectedKeysOptimized(NioEventLoop.java:655)
	at io.netty.channel.nio.NioEventLoop.processSelectedKeys(NioEventLoop.java:581)
	at io.netty.channel.nio.NioEventLoop.run(NioEventLoop.java:493)
	at io.netty.util.concurrent.SingleThreadEventExecutor$4.run(SingleThreadEventExecutor.java:989)
	at io.netty.util.internal.ThreadExecutorMap$2.run(ThreadExecutorMap.java:74)
	at io.netty.util.concurrent.FastThreadLocalRunnable.run(FastThreadLocalRunnable.java:30)
	at java.base/java.lang.Thread.run(Thread.java:829)
2026-02-21 02:58:51.637 - [WARN ] - esl
org.freeswitch.esl.client.inbound.InboundConnectionException: Could not connect to /61.158.166.43:8021
	at org.freeswitch.esl.client.inbound.Client.connect(Client.java:134)
	at cn.psycall.ccmgt.util.FreeSwitchManage.monitor(FreeSwitchManage.java:86)
	at cn.psycall.ccmgt.util.FreeSwitchManage.run(FreeSwitchManage.java:42)
Caused by: io.netty.channel.AbstractChannel$AnnotatedConnectException: Connection refused: /61.158.166.43:8021
Caused by: java.net.ConnectException: Connection refused
	at java.base/sun.nio.ch.SocketChannelImpl.checkConnect(Native Method)
	at java.base/sun.nio.ch.SocketChannelImpl.finishConnect(SocketChannelImpl.java:777)
	at io.netty.channel.socket.nio.NioSocketChannel.doFinishConnect(NioSocketChannel.java:330)
	at io.netty.channel.nio.AbstractNioChannel$AbstractNioUnsafe.finishConnect(AbstractNioChannel.java:334)
	at io.netty.channel.nio.NioEventLoop.processSelectedKey(NioEventLoop.java:707)
	at io.netty.channel.nio.NioEventLoop.processSelectedKeysOptimized(NioEventLoop.java:655)
	at io.netty.channel.nio.NioEventLoop.processSelectedKeys(NioEventLoop.java:581)
	at io.netty.channel.nio.NioEventLoop.run(NioEventLoop.java:493)
	at io.netty.util.concurrent.SingleThreadEventExecutor$4.run(SingleThreadEventExecutor.java:989)
	at io.netty.util.internal.ThreadExecutorMap$2.run(ThreadExecutorMap.java:74)
	at io.netty.util.concurrent.FastThreadLocalRunnable.run(FastThreadLocalRunnable.java:30)
	at java.base/java.lang.Thread.run(Thread.java:829)
2026-02-21 02:58:58.030 - [WARN ] - esl
org.freeswitch.esl.client.inbound.InboundConnectionException: Could not connect to /61.158.166.44:8021
	at org.freeswitch.esl.client.inbound.Client.connect(Client.java:134)
	at cn.psycall.ccmgt.util.FreeSwitchManage.monitor(FreeSwitchManage.java:86)
	at cn.psycall.ccmgt.util.FreeSwitchManage.run(FreeSwitchManage.java:42)
Caused by: io.netty.channel.AbstractChannel$AnnotatedConnectException: Connection refused: /61.158.166.44:8021
Caused by: java.net.ConnectException: Connection refused
	at java.base/sun.nio.ch.SocketChannelImpl.checkConnect(Native Method)
	at java.base/sun.nio.ch.SocketChannelImpl.finishConnect(SocketChannelImpl.java:777)
	at io.netty.channel.socket.nio.NioSocketChannel.doFinishConnect(NioSocketChannel.java:330)
	at io.netty.channel.nio.AbstractNioChannel$AbstractNioUnsafe.finishConnect(AbstractNioChannel.java:334)
	at io.netty.channel.nio.NioEventLoop.processSelectedKey(NioEventLoop.java:707)
	at io.netty.channel.nio.NioEventLoop.processSelectedKeysOptimized(NioEventLoop.java:655)
	at io.netty.channel.nio.NioEventLoop.processSelectedKeys(NioEventLoop.java:581)
	at io.netty.channel.nio.NioEventLoop.run(NioEventLoop.java:493)
	at io.netty.util.concurrent.SingleThreadEventExecutor$4.run(SingleThreadEventExecutor.java:989)
	at io.netty.util.internal.ThreadExecutorMap$2.run(ThreadExecutorMap.java:74)
	at io.netty.util.concurrent.FastThreadLocalRunnable.run(FastThreadLocalRunnable.java:30)
	at java.base/java.lang.Thread.run(Thread.java:829)
2026-02-21 02:58:59.119 - [WARN ] - esl
org.freeswitch.esl.client.inbound.InboundConnectionException: Could not connect to /61.158.166.43:8021
	at org.freeswitch.esl.client.inbound.Client.connect(Client.java:134)
	at cn.psycall.ccmgt.util.FreeSwitchManage.monitor(FreeSwitchManage.java:86)
	at cn.psycall.ccmgt.util.FreeSwitchManage.run(FreeSwitchManage.java:42)
Caused by: io.netty.channel.AbstractChannel$AnnotatedConnectException: Connection refused: /61.158.166.43:8021
Caused by: java.net.ConnectException: Connection refused
	at java.base/sun.nio.ch.SocketChannelImpl.checkConnect(Native Method)
	at java.base/sun.nio.ch.SocketChannelImpl.finishConnect(SocketChannelImpl.java:777)
	at io.netty.channel.socket.nio.NioSocketChannel.doFinishConnect(NioSocketChannel.java:330)
	at io.netty.channel.nio.AbstractNioChannel$AbstractNioUnsafe.finishConnect(AbstractNioChannel.java:334)
	at io.netty.channel.nio.NioEventLoop.processSelectedKey(NioEventLoop.java:707)
	at io.netty.channel.nio.NioEventLoop.processSelectedKeysOptimized(NioEventLoop.java:655)
	at io.netty.channel.nio.NioEventLoop.processSelectedKeys(NioEventLoop.java:581)
	at io.netty.channel.nio.NioEventLoop.run(NioEventLoop.java:493)
	at io.netty.util.concurrent.SingleThreadEventExecutor$4.run(SingleThreadEventExecutor.java:989)
	at io.netty.util.internal.ThreadExecutorMap$2.run(ThreadExecutorMap.java:74)
	at io.netty.util.concurrent.FastThreadLocalRunnable.run(FastThreadLocalRunnable.java:30)
	at java.base/java.lang.Thread.run(Thread.java:829)
2026-02-21 02:58:59.210 - [WARN ] - esl
org.freeswitch.esl.client.inbound.InboundConnectionException: Could not connect to /61.158.166.44:8021
	at org.freeswitch.esl.client.inbound.Client.connect(Client.java:134)
	at cn.psycall.ccmgt.util.FreeSwitchManage.monitor(FreeSwitchManage.java:86)
	at cn.psycall.ccmgt.util.FreeSwitchManage.run(FreeSwitchManage.java:42)
Caused by: io.netty.channel.AbstractChannel$AnnotatedConnectException: Connection refused: /61.158.166.44:8021
Caused by: java.net.ConnectException: Connection refused
	at java.base/sun.nio.ch.SocketChannelImpl.checkConnect(Native Method)
	at java.base/sun.nio.ch.SocketChannelImpl.finishConnect(SocketChannelImpl.java:777)
	at io.netty.channel.socket.nio.NioSocketChannel.doFinishConnect(NioSocketChannel.java:330)
	at io.netty.channel.nio.AbstractNioChannel$AbstractNioUnsafe.finishConnect(AbstractNioChannel.java:334)
	at io.netty.channel.nio.NioEventLoop.processSelectedKey(NioEventLoop.java:707)
	at io.netty.channel.nio.NioEventLoop.processSelectedKeysOptimized(NioEventLoop.java:655)
	at io.netty.channel.nio.NioEventLoop.processSelectedKeys(NioEventLoop.java:581)
	at io.netty.channel.nio.NioEventLoop.run(NioEventLoop.java:493)
	at io.netty.util.concurrent.SingleThreadEventExecutor$4.run(SingleThreadEventExecutor.java:989)
	at io.netty.util.internal.ThreadExecutorMap$2.run(ThreadExecutorMap.java:74)
	at io.netty.util.concurrent.FastThreadLocalRunnable.run(FastThreadLocalRunnable.java:30)
	at java.base/java.lang.Thread.run(Thread.java:829)
2026-02-21 02:59:00.528 - [WARN ] - conn_rabbit_mq
org.springframework.web.client.ResourceAccessException: I/O error on POST request for "http://61.158.166.43:8888/command/conn_rabbit_mq": Connect to 61.158.166.43:8888 [/61.158.166.43] failed: Connection refused (Connection refused); nested exception is org.apache.http.conn.HttpHostConnectException: Connect to 61.158.166.43:8888 [/61.158.166.43] failed: Connection refused (Connection refused)
	at org.springframework.web.client.RestTemplate.doExecute(RestTemplate.java:791)
	at org.springframework.web.client.RestTemplate.execute(RestTemplate.java:717)
	at org.springframework.web.client.RestTemplate.exchange(RestTemplate.java:608)
	at cn.psycall.ccmgt.util.FreeSwitchManage.conn_rabbit_mq(FreeSwitchManage.java:272)
	at cn.psycall.ccmgt.util.FreeSwitchManage.monitor(FreeSwitchManage.java:89)
	at cn.psycall.ccmgt.util.FreeSwitchManage.run(FreeSwitchManage.java:42)
Caused by: org.apache.http.conn.HttpHostConnectException: Connect to 61.158.166.43:8888 [/61.158.166.43] failed: Connection refused (Connection refused)
	at org.apache.http.impl.conn.DefaultHttpClientConnectionOperator.connect(DefaultHttpClientConnectionOperator.java:156)
	at org.apache.http.impl.conn.PoolingHttpClientConnectionManager.connect(PoolingHttpClientConnectionManager.java:376)
	at org.apache.http.impl.execchain.MainClientExec.establishRoute(MainClientExec.java:393)
	at org.apache.http.impl.execchain.MainClientExec.execute(MainClientExec.java:236)
	at org.apache.http.impl.execchain.ProtocolExec.execute(ProtocolExec.java:186)
	at org.apache.http.impl.execchain.RetryExec.execute(RetryExec.java:89)
	at org.apache.http.impl.execchain.RedirectExec.execute(RedirectExec.java:110)
	at org.apache.http.impl.client.InternalHttpClient.doExecute(InternalHttpClient.java:185)
	at org.apache.http.impl.client.CloseableHttpClient.execute(CloseableHttpClient.java:83)
	at org.apache.http.impl.client.CloseableHttpClient.execute(CloseableHttpClient.java:56)
	at org.springframework.http.client.HttpComponentsClientHttpRequest.executeInternal(HttpComponentsClientHttpRequest.java:87)
	at org.springframework.http.client.AbstractBufferingClientHttpRequest.executeInternal(AbstractBufferingClientHttpRequest.java:48)
	at org.springframework.http.client.AbstractClientHttpRequest.execute(AbstractClientHttpRequest.java:66)
	at org.springframework.web.client.RestTemplate.doExecute(RestTemplate.java:782)
	... 5 common frames omitted
Caused by: java.net.ConnectException: Connection refused (Connection refused)
	at java.base/java.net.PlainSocketImpl.socketConnect(Native Method)
	at java.base/java.net.AbstractPlainSocketImpl.doConnect(AbstractPlainSocketImpl.java:412)
	at java.base/java.net.AbstractPlainSocketImpl.connectToAddress(AbstractPlainSocketImpl.java:255)
	at java.base/java.net.AbstractPlainSocketImpl.connect(AbstractPlainSocketImpl.java:237)
	at java.base/java.net.SocksSocketImpl.connect(SocksSocketImpl.java:392)
	at java.base/java.net.Socket.connect(Socket.java:609)
	at org.apache.http.conn.socket.PlainConnectionSocketFactory.connectSocket(PlainConnectionSocketFactory.java:75)
	at org.apache.http.impl.conn.DefaultHttpClientConnectionOperator.connect(DefaultHttpClientConnectionOperator.java:142)
	... 18 common frames omitted
2026-02-21 02:59:00.617 - [WARN ] - esl
org.freeswitch.esl.client.inbound.InboundConnectionException: Could not connect to /61.158.166.44:8021
	at org.freeswitch.esl.client.inbound.Client.connect(Client.java:134)
	at cn.psycall.ccmgt.util.FreeSwitchManage.monitor(FreeSwitchManage.java:86)
	at cn.psycall.ccmgt.util.FreeSwitchManage.run(FreeSwitchManage.java:42)
Caused by: io.netty.channel.AbstractChannel$AnnotatedConnectException: Connection refused: /61.158.166.44:8021
Caused by: java.net.ConnectException: Connection refused
	at java.base/sun.nio.ch.SocketChannelImpl.checkConnect(Native Method)
	at java.base/sun.nio.ch.SocketChannelImpl.finishConnect(SocketChannelImpl.java:777)
	at io.netty.channel.socket.nio.NioSocketChannel.doFinishConnect(NioSocketChannel.java:330)
	at io.netty.channel.nio.AbstractNioChannel$AbstractNioUnsafe.finishConnect(AbstractNioChannel.java:334)
	at io.netty.channel.nio.NioEventLoop.processSelectedKey(NioEventLoop.java:707)
	at io.netty.channel.nio.NioEventLoop.processSelectedKeysOptimized(NioEventLoop.java:655)
	at io.netty.channel.nio.NioEventLoop.processSelectedKeys(NioEventLoop.java:581)
	at io.netty.channel.nio.NioEventLoop.run(NioEventLoop.java:493)
	at io.netty.util.concurrent.SingleThreadEventExecutor$4.run(SingleThreadEventExecutor.java:989)
	at io.netty.util.internal.ThreadExecutorMap$2.run(ThreadExecutorMap.java:74)
	at io.netty.util.concurrent.FastThreadLocalRunnable.run(FastThreadLocalRunnable.java:30)
	at java.base/java.lang.Thread.run(Thread.java:829)
2026-02-21 02:59:01.904 - [WARN ] - conn_rabbit_mq
org.springframework.web.client.ResourceAccessException: I/O error on POST request for "http://61.158.166.43:8888/command/conn_rabbit_mq": Connect to 61.158.166.43:8888 [/61.158.166.43] failed: Connection refused (Connection refused); nested exception is org.apache.http.conn.HttpHostConnectException: Connect to 61.158.166.43:8888 [/61.158.166.43] failed: Connection refused (Connection refused)
	at org.springframework.web.client.RestTemplate.doExecute(RestTemplate.java:791)
	at org.springframework.web.client.RestTemplate.execute(RestTemplate.java:717)
	at org.springframework.web.client.RestTemplate.exchange(RestTemplate.java:608)
	at cn.psycall.ccmgt.util.FreeSwitchManage.conn_rabbit_mq(FreeSwitchManage.java:272)
	at cn.psycall.ccmgt.util.FreeSwitchManage.monitor(FreeSwitchManage.java:89)
	at cn.psycall.ccmgt.util.FreeSwitchManage.run(FreeSwitchManage.java:42)
Caused by: org.apache.http.conn.HttpHostConnectException: Connect to 61.158.166.43:8888 [/61.158.166.43] failed: Connection refused (Connection refused)
	at org.apache.http.impl.conn.DefaultHttpClientConnectionOperator.connect(DefaultHttpClientConnectionOperator.java:156)
	at org.apache.http.impl.conn.PoolingHttpClientConnectionManager.connect(PoolingHttpClientConnectionManager.java:376)
	at org.apache.http.impl.execchain.MainClientExec.establishRoute(MainClientExec.java:393)
	at org.apache.http.impl.execchain.MainClientExec.execute(MainClientExec.java:236)
	at org.apache.http.impl.execchain.ProtocolExec.execute(ProtocolExec.java:186)
	at org.apache.http.impl.execchain.RetryExec.execute(RetryExec.java:89)
	at org.apache.http.impl.execchain.RedirectExec.execute(RedirectExec.java:110)
	at org.apache.http.impl.client.InternalHttpClient.doExecute(InternalHttpClient.java:185)
	at org.apache.http.impl.client.CloseableHttpClient.execute(CloseableHttpClient.java:83)
	at org.apache.http.impl.client.CloseableHttpClient.execute(CloseableHttpClient.java:56)
	at org.springframework.http.client.HttpComponentsClientHttpRequest.executeInternal(HttpComponentsClientHttpRequest.java:87)
	at org.springframework.http.client.AbstractBufferingClientHttpRequest.executeInternal(AbstractBufferingClientHttpRequest.java:48)
	at org.springframework.http.client.AbstractClientHttpRequest.execute(AbstractClientHttpRequest.java:66)
	at org.springframework.web.client.RestTemplate.doExecute(RestTemplate.java:782)
	... 5 common frames omitted
Caused by: java.net.ConnectException: Connection refused (Connection refused)
	at java.base/java.net.PlainSocketImpl.socketConnect(Native Method)
	at java.base/java.net.AbstractPlainSocketImpl.doConnect(AbstractPlainSocketImpl.java:412)
	at java.base/java.net.AbstractPlainSocketImpl.connectToAddress(AbstractPlainSocketImpl.java:255)
	at java.base/java.net.AbstractPlainSocketImpl.connect(AbstractPlainSocketImpl.java:237)
	at java.base/java.net.SocksSocketImpl.connect(SocksSocketImpl.java:392)
	at java.base/java.net.Socket.connect(Socket.java:609)
	at org.apache.http.conn.socket.PlainConnectionSocketFactory.connectSocket(PlainConnectionSocketFactory.java:75)
	at org.apache.http.impl.conn.DefaultHttpClientConnectionOperator.connect(DefaultHttpClientConnectionOperator.java:142)
	... 18 common frames omitted
2026-02-21 02:59:01.984 - [WARN ] - esl
org.freeswitch.esl.client.inbound.InboundConnectionException: Could not connect to /61.158.166.44:8021
	at org.freeswitch.esl.client.inbound.Client.connect(Client.java:134)
	at cn.psycall.ccmgt.util.FreeSwitchManage.monitor(FreeSwitchManage.java:86)
	at cn.psycall.ccmgt.util.FreeSwitchManage.run(FreeSwitchManage.java:42)
Caused by: io.netty.channel.AbstractChannel$AnnotatedConnectException: Connection refused: /61.158.166.44:8021
Caused by: java.net.ConnectException: Connection refused
	at java.base/sun.nio.ch.SocketChannelImpl.checkConnect(Native Method)
	at java.base/sun.nio.ch.SocketChannelImpl.finishConnect(SocketChannelImpl.java:777)
	at io.netty.channel.socket.nio.NioSocketChannel.doFinishConnect(NioSocketChannel.java:330)
	at io.netty.channel.nio.AbstractNioChannel$AbstractNioUnsafe.finishConnect(AbstractNioChannel.java:334)
	at io.netty.channel.nio.NioEventLoop.processSelectedKey(NioEventLoop.java:707)
	at io.netty.channel.nio.NioEventLoop.processSelectedKeysOptimized(NioEventLoop.java:655)
	at io.netty.channel.nio.NioEventLoop.processSelectedKeys(NioEventLoop.java:581)
	at io.netty.channel.nio.NioEventLoop.run(NioEventLoop.java:493)
	at io.netty.util.concurrent.SingleThreadEventExecutor$4.run(SingleThreadEventExecutor.java:989)
	at io.netty.util.internal.ThreadExecutorMap$2.run(ThreadExecutorMap.java:74)
	at io.netty.util.concurrent.FastThreadLocalRunnable.run(FastThreadLocalRunnable.java:30)
	at java.base/java.lang.Thread.run(Thread.java:829)
2026-02-21 02:59:03.557 - [WARN ] - esl
org.freeswitch.esl.client.inbound.InboundConnectionException: Could not connect to /61.158.166.44:8021
	at org.freeswitch.esl.client.inbound.Client.connect(Client.java:134)
	at cn.psycall.ccmgt.util.FreeSwitchManage.monitor(FreeSwitchManage.java:86)
	at cn.psycall.ccmgt.util.FreeSwitchManage.run(FreeSwitchManage.java:42)
Caused by: io.netty.channel.AbstractChannel$AnnotatedConnectException: Connection refused: /61.158.166.44:8021
Caused by: java.net.ConnectException: Connection refused
	at java.base/sun.nio.ch.SocketChannelImpl.checkConnect(Native Method)
	at java.base/sun.nio.ch.SocketChannelImpl.finishConnect(SocketChannelImpl.java:777)
	at io.netty.channel.socket.nio.NioSocketChannel.doFinishConnect(NioSocketChannel.java:330)
	at io.netty.channel.nio.AbstractNioChannel$AbstractNioUnsafe.finishConnect(AbstractNioChannel.java:334)
	at io.netty.channel.nio.NioEventLoop.processSelectedKey(NioEventLoop.java:707)
	at io.netty.channel.nio.NioEventLoop.processSelectedKeysOptimized(NioEventLoop.java:655)
	at io.netty.channel.nio.NioEventLoop.processSelectedKeys(NioEventLoop.java:581)
	at io.netty.channel.nio.NioEventLoop.run(NioEventLoop.java:493)
	at io.netty.util.concurrent.SingleThreadEventExecutor$4.run(SingleThreadEventExecutor.java:989)
	at io.netty.util.internal.ThreadExecutorMap$2.run(ThreadExecutorMap.java:74)
	at io.netty.util.concurrent.FastThreadLocalRunnable.run(FastThreadLocalRunnable.java:30)
	at java.base/java.lang.Thread.run(Thread.java:829)
2026-02-21 02:59:04.943 - [WARN ] - esl
org.freeswitch.esl.client.inbound.InboundConnectionException: Could not connect to /61.158.166.44:8021
	at org.freeswitch.esl.client.inbound.Client.connect(Client.java:134)
	at cn.psycall.ccmgt.util.FreeSwitchManage.monitor(FreeSwitchManage.java:86)
	at cn.psycall.ccmgt.util.FreeSwitchManage.run(FreeSwitchManage.java:42)
Caused by: io.netty.channel.AbstractChannel$AnnotatedConnectException: Connection refused: /61.158.166.44:8021
Caused by: java.net.ConnectException: Connection refused
	at java.base/sun.nio.ch.SocketChannelImpl.checkConnect(Native Method)
	at java.base/sun.nio.ch.SocketChannelImpl.finishConnect(SocketChannelImpl.java:777)
	at io.netty.channel.socket.nio.NioSocketChannel.doFinishConnect(NioSocketChannel.java:330)
	at io.netty.channel.nio.AbstractNioChannel$AbstractNioUnsafe.finishConnect(AbstractNioChannel.java:334)
	at io.netty.channel.nio.NioEventLoop.processSelectedKey(NioEventLoop.java:707)
	at io.netty.channel.nio.NioEventLoop.processSelectedKeysOptimized(NioEventLoop.java:655)
	at io.netty.channel.nio.NioEventLoop.processSelectedKeys(NioEventLoop.java:581)
	at io.netty.channel.nio.NioEventLoop.run(NioEventLoop.java:493)
	at io.netty.util.concurrent.SingleThreadEventExecutor$4.run(SingleThreadEventExecutor.java:989)
	at io.netty.util.internal.ThreadExecutorMap$2.run(ThreadExecutorMap.java:74)
	at io.netty.util.concurrent.FastThreadLocalRunnable.run(FastThreadLocalRunnable.java:30)
	at java.base/java.lang.Thread.run(Thread.java:829)
2026-02-21 02:59:06.318 - [WARN ] - esl
org.freeswitch.esl.client.inbound.InboundConnectionException: Could not connect to /61.158.166.44:8021
	at org.freeswitch.esl.client.inbound.Client.connect(Client.java:134)
	at cn.psycall.ccmgt.util.FreeSwitchManage.monitor(FreeSwitchManage.java:86)
	at cn.psycall.ccmgt.util.FreeSwitchManage.run(FreeSwitchManage.java:42)
Caused by: io.netty.channel.AbstractChannel$AnnotatedConnectException: Connection refused: /61.158.166.44:8021
Caused by: java.net.ConnectException: Connection refused
	at java.base/sun.nio.ch.SocketChannelImpl.checkConnect(Native Method)
	at java.base/sun.nio.ch.SocketChannelImpl.finishConnect(SocketChannelImpl.java:777)
	at io.netty.channel.socket.nio.NioSocketChannel.doFinishConnect(NioSocketChannel.java:330)
	at io.netty.channel.nio.AbstractNioChannel$AbstractNioUnsafe.finishConnect(AbstractNioChannel.java:334)
	at io.netty.channel.nio.NioEventLoop.processSelectedKey(NioEventLoop.java:707)
	at io.netty.channel.nio.NioEventLoop.processSelectedKeysOptimized(NioEventLoop.java:655)
	at io.netty.channel.nio.NioEventLoop.processSelectedKeys(NioEventLoop.java:581)
	at io.netty.channel.nio.NioEventLoop.run(NioEventLoop.java:493)
	at io.netty.util.concurrent.SingleThreadEventExecutor$4.run(SingleThreadEventExecutor.java:989)
	at io.netty.util.internal.ThreadExecutorMap$2.run(ThreadExecutorMap.java:74)
	at io.netty.util.concurrent.FastThreadLocalRunnable.run(FastThreadLocalRunnable.java:30)
	at java.base/java.lang.Thread.run(Thread.java:829)
2026-02-21 02:59:07.668 - [WARN ] - esl
org.freeswitch.esl.client.inbound.InboundConnectionException: Could not connect to /61.158.166.44:8021
	at org.freeswitch.esl.client.inbound.Client.connect(Client.java:134)
	at cn.psycall.ccmgt.util.FreeSwitchManage.monitor(FreeSwitchManage.java:86)
	at cn.psycall.ccmgt.util.FreeSwitchManage.run(FreeSwitchManage.java:42)
Caused by: io.netty.channel.AbstractChannel$AnnotatedConnectException: Connection refused: /61.158.166.44:8021
Caused by: java.net.ConnectException: Connection refused
	at java.base/sun.nio.ch.SocketChannelImpl.checkConnect(Native Method)
	at java.base/sun.nio.ch.SocketChannelImpl.finishConnect(SocketChannelImpl.java:777)
	at io.netty.channel.socket.nio.NioSocketChannel.doFinishConnect(NioSocketChannel.java:330)
	at io.netty.channel.nio.AbstractNioChannel$AbstractNioUnsafe.finishConnect(AbstractNioChannel.java:334)
	at io.netty.channel.nio.NioEventLoop.processSelectedKey(NioEventLoop.java:707)
	at io.netty.channel.nio.NioEventLoop.processSelectedKeysOptimized(NioEventLoop.java:655)
	at io.netty.channel.nio.NioEventLoop.processSelectedKeys(NioEventLoop.java:581)
	at io.netty.channel.nio.NioEventLoop.run(NioEventLoop.java:493)
	at io.netty.util.concurrent.SingleThreadEventExecutor$4.run(SingleThreadEventExecutor.java:989)
	at io.netty.util.internal.ThreadExecutorMap$2.run(ThreadExecutorMap.java:74)
	at io.netty.util.concurrent.FastThreadLocalRunnable.run(FastThreadLocalRunnable.java:30)
	at java.base/java.lang.Thread.run(Thread.java:829)
2026-02-21 02:59:09.051 - [WARN ] - esl
org.freeswitch.esl.client.inbound.InboundConnectionException: Could not connect to /61.158.166.44:8021
	at org.freeswitch.esl.client.inbound.Client.connect(Client.java:134)
	at cn.psycall.ccmgt.util.FreeSwitchManage.monitor(FreeSwitchManage.java:86)
	at cn.psycall.ccmgt.util.FreeSwitchManage.run(FreeSwitchManage.java:42)
Caused by: io.netty.channel.AbstractChannel$AnnotatedConnectException: Connection refused: /61.158.166.44:8021
Caused by: java.net.ConnectException: Connection refused
	at java.base/sun.nio.ch.SocketChannelImpl.checkConnect(Native Method)
	at java.base/sun.nio.ch.SocketChannelImpl.finishConnect(SocketChannelImpl.java:777)
	at io.netty.channel.socket.nio.NioSocketChannel.doFinishConnect(NioSocketChannel.java:330)
	at io.netty.channel.nio.AbstractNioChannel$AbstractNioUnsafe.finishConnect(AbstractNioChannel.java:334)
	at io.netty.channel.nio.NioEventLoop.processSelectedKey(NioEventLoop.java:707)
	at io.netty.channel.nio.NioEventLoop.processSelectedKeysOptimized(NioEventLoop.java:655)
	at io.netty.channel.nio.NioEventLoop.processSelectedKeys(NioEventLoop.java:581)
	at io.netty.channel.nio.NioEventLoop.run(NioEventLoop.java:493)
	at io.netty.util.concurrent.SingleThreadEventExecutor$4.run(SingleThreadEventExecutor.java:989)
	at io.netty.util.internal.ThreadExecutorMap$2.run(ThreadExecutorMap.java:74)
	at io.netty.util.concurrent.FastThreadLocalRunnable.run(FastThreadLocalRunnable.java:30)
	at java.base/java.lang.Thread.run(Thread.java:829)
2026-02-21 02:59:10.402 - [WARN ] - esl
org.freeswitch.esl.client.inbound.InboundConnectionException: Could not connect to /61.158.166.44:8021
	at org.freeswitch.esl.client.inbound.Client.connect(Client.java:134)
	at cn.psycall.ccmgt.util.FreeSwitchManage.monitor(FreeSwitchManage.java:86)
	at cn.psycall.ccmgt.util.FreeSwitchManage.run(FreeSwitchManage.java:42)
Caused by: io.netty.channel.AbstractChannel$AnnotatedConnectException: Connection refused: /61.158.166.44:8021
Caused by: java.net.ConnectException: Connection refused
	at java.base/sun.nio.ch.SocketChannelImpl.checkConnect(Native Method)
	at java.base/sun.nio.ch.SocketChannelImpl.finishConnect(SocketChannelImpl.java:777)
	at io.netty.channel.socket.nio.NioSocketChannel.doFinishConnect(NioSocketChannel.java:330)
	at io.netty.channel.nio.AbstractNioChannel$AbstractNioUnsafe.finishConnect(AbstractNioChannel.java:334)
	at io.netty.channel.nio.NioEventLoop.processSelectedKey(NioEventLoop.java:707)
	at io.netty.channel.nio.NioEventLoop.processSelectedKeysOptimized(NioEventLoop.java:655)
	at io.netty.channel.nio.NioEventLoop.processSelectedKeys(NioEventLoop.java:581)
	at io.netty.channel.nio.NioEventLoop.run(NioEventLoop.java:493)
	at io.netty.util.concurrent.SingleThreadEventExecutor$4.run(SingleThreadEventExecutor.java:989)
	at io.netty.util.internal.ThreadExecutorMap$2.run(ThreadExecutorMap.java:74)
	at io.netty.util.concurrent.FastThreadLocalRunnable.run(FastThreadLocalRunnable.java:30)
	at java.base/java.lang.Thread.run(Thread.java:829)
2026-02-21 02:59:11.785 - [WARN ] - esl
org.freeswitch.esl.client.inbound.InboundConnectionException: Could not connect to /61.158.166.44:8021
	at org.freeswitch.esl.client.inbound.Client.connect(Client.java:134)
	at cn.psycall.ccmgt.util.FreeSwitchManage.monitor(FreeSwitchManage.java:86)
	at cn.psycall.ccmgt.util.FreeSwitchManage.run(FreeSwitchManage.java:42)
Caused by: io.netty.channel.AbstractChannel$AnnotatedConnectException: Connection refused: /61.158.166.44:8021
Caused by: java.net.ConnectException: Connection refused
	at java.base/sun.nio.ch.SocketChannelImpl.checkConnect(Native Method)
	at java.base/sun.nio.ch.SocketChannelImpl.finishConnect(SocketChannelImpl.java:777)
	at io.netty.channel.socket.nio.NioSocketChannel.doFinishConnect(NioSocketChannel.java:330)
	at io.netty.channel.nio.AbstractNioChannel$AbstractNioUnsafe.finishConnect(AbstractNioChannel.java:334)
	at io.netty.channel.nio.NioEventLoop.processSelectedKey(NioEventLoop.java:707)
	at io.netty.channel.nio.NioEventLoop.processSelectedKeysOptimized(NioEventLoop.java:655)
	at io.netty.channel.nio.NioEventLoop.processSelectedKeys(NioEventLoop.java:581)
	at io.netty.channel.nio.NioEventLoop.run(NioEventLoop.java:493)
	at io.netty.util.concurrent.SingleThreadEventExecutor$4.run(SingleThreadEventExecutor.java:989)
	at io.netty.util.internal.ThreadExecutorMap$2.run(ThreadExecutorMap.java:74)
	at io.netty.util.concurrent.FastThreadLocalRunnable.run(FastThreadLocalRunnable.java:30)
	at java.base/java.lang.Thread.run(Thread.java:829)
2026-02-21 02:59:13.204 - [INFO ] - internal->61.158.166.43:5060
2026-02-21 02:59:13.205 - [INFO ] - ESL Client connected ..(61.158.166.43:8021[23dc2d50-ba17-4750-8ef8-8305fe8db683])
2026-02-21 02:59:13.924 - [INFO ] - internal_sip_port->5060
2026-02-21 02:59:13.924 - [INFO ] - external_sip_port->5080
2026-02-21 02:59:19.426 - [INFO ] - fs[23dc2d50-ba17-4750-8ef8-8305fe8db683] CallThread start
2026-02-21 02:59:19.512 - [WARN ] - esl
org.freeswitch.esl.client.inbound.InboundConnectionException: Could not connect to /61.158.166.44:8021
	at org.freeswitch.esl.client.inbound.Client.connect(Client.java:134)
	at cn.psycall.ccmgt.util.FreeSwitchManage.monitor(FreeSwitchManage.java:86)
	at cn.psycall.ccmgt.util.FreeSwitchManage.run(FreeSwitchManage.java:42)
Caused by: io.netty.channel.AbstractChannel$AnnotatedConnectException: Connection refused: /61.158.166.44:8021
Caused by: java.net.ConnectException: Connection refused
	at java.base/sun.nio.ch.SocketChannelImpl.checkConnect(Native Method)
	at java.base/sun.nio.ch.SocketChannelImpl.finishConnect(SocketChannelImpl.java:777)
	at io.netty.channel.socket.nio.NioSocketChannel.doFinishConnect(NioSocketChannel.java:330)
	at io.netty.channel.nio.AbstractNioChannel$AbstractNioUnsafe.finishConnect(AbstractNioChannel.java:334)
	at io.netty.channel.nio.NioEventLoop.processSelectedKey(NioEventLoop.java:707)
	at io.netty.channel.nio.NioEventLoop.processSelectedKeysOptimized(NioEventLoop.java:655)
	at io.netty.channel.nio.NioEventLoop.processSelectedKeys(NioEventLoop.java:581)
	at io.netty.channel.nio.NioEventLoop.run(NioEventLoop.java:493)
	at io.netty.util.concurrent.SingleThreadEventExecutor$4.run(SingleThreadEventExecutor.java:989)
	at io.netty.util.internal.ThreadExecutorMap$2.run(ThreadExecutorMap.java:74)
	at io.netty.util.concurrent.FastThreadLocalRunnable.run(FastThreadLocalRunnable.java:30)
	at java.base/java.lang.Thread.run(Thread.java:829)
2026-02-21 02:59:20.604 - [WARN ] - esl
org.freeswitch.esl.client.inbound.InboundConnectionException: Could not connect to /61.158.166.44:8021
	at org.freeswitch.esl.client.inbound.Client.connect(Client.java:134)
	at cn.psycall.ccmgt.util.FreeSwitchManage.monitor(FreeSwitchManage.java:86)
	at cn.psycall.ccmgt.util.FreeSwitchManage.run(FreeSwitchManage.java:42)
Caused by: io.netty.channel.AbstractChannel$AnnotatedConnectException: Connection refused: /61.158.166.44:8021
Caused by: java.net.ConnectException: Connection refused
	at java.base/sun.nio.ch.SocketChannelImpl.checkConnect(Native Method)
	at java.base/sun.nio.ch.SocketChannelImpl.finishConnect(SocketChannelImpl.java:777)
	at io.netty.channel.socket.nio.NioSocketChannel.doFinishConnect(NioSocketChannel.java:330)
	at io.netty.channel.nio.AbstractNioChannel$AbstractNioUnsafe.finishConnect(AbstractNioChannel.java:334)
	at io.netty.channel.nio.NioEventLoop.processSelectedKey(NioEventLoop.java:707)
	at io.netty.channel.nio.NioEventLoop.processSelectedKeysOptimized(NioEventLoop.java:655)
	at io.netty.channel.nio.NioEventLoop.processSelectedKeys(NioEventLoop.java:581)
	at io.netty.channel.nio.NioEventLoop.run(NioEventLoop.java:493)
	at io.netty.util.concurrent.SingleThreadEventExecutor$4.run(SingleThreadEventExecutor.java:989)
	at io.netty.util.internal.ThreadExecutorMap$2.run(ThreadExecutorMap.java:74)
	at io.netty.util.concurrent.FastThreadLocalRunnable.run(FastThreadLocalRunnable.java:30)
	at java.base/java.lang.Thread.run(Thread.java:829)
2026-02-21 02:59:21.692 - [WARN ] - esl
org.freeswitch.esl.client.inbound.InboundConnectionException: Could not connect to /61.158.166.44:8021
	at org.freeswitch.esl.client.inbound.Client.connect(Client.java:134)
	at cn.psycall.ccmgt.util.FreeSwitchManage.monitor(FreeSwitchManage.java:86)
	at cn.psycall.ccmgt.util.FreeSwitchManage.run(FreeSwitchManage.java:42)
Caused by: io.netty.channel.AbstractChannel$AnnotatedConnectException: Connection refused: /61.158.166.44:8021
Caused by: java.net.ConnectException: Connection refused
	at java.base/sun.nio.ch.SocketChannelImpl.checkConnect(Native Method)
	at java.base/sun.nio.ch.SocketChannelImpl.finishConnect(SocketChannelImpl.java:777)
	at io.netty.channel.socket.nio.NioSocketChannel.doFinishConnect(NioSocketChannel.java:330)
	at io.netty.channel.nio.AbstractNioChannel$AbstractNioUnsafe.finishConnect(AbstractNioChannel.java:334)
	at io.netty.channel.nio.NioEventLoop.processSelectedKey(NioEventLoop.java:707)
	at io.netty.channel.nio.NioEventLoop.processSelectedKeysOptimized(NioEventLoop.java:655)
	at io.netty.channel.nio.NioEventLoop.processSelectedKeys(NioEventLoop.java:581)
	at io.netty.channel.nio.NioEventLoop.run(NioEventLoop.java:493)
	at io.netty.util.concurrent.SingleThreadEventExecutor$4.run(SingleThreadEventExecutor.java:989)
	at io.netty.util.internal.ThreadExecutorMap$2.run(ThreadExecutorMap.java:74)
	at io.netty.util.concurrent.FastThreadLocalRunnable.run(FastThreadLocalRunnable.java:30)
	at java.base/java.lang.Thread.run(Thread.java:829)
2026-02-21 02:59:22.776 - [WARN ] - esl
org.freeswitch.esl.client.inbound.InboundConnectionException: Could not connect to /61.158.166.44:8021
	at org.freeswitch.esl.client.inbound.Client.connect(Client.java:134)
	at cn.psycall.ccmgt.util.FreeSwitchManage.monitor(FreeSwitchManage.java:86)
	at cn.psycall.ccmgt.util.FreeSwitchManage.run(FreeSwitchManage.java:42)
Caused by: io.netty.channel.AbstractChannel$AnnotatedConnectException: Connection refused: /61.158.166.44:8021
Caused by: java.net.ConnectException: Connection refused
	at java.base/sun.nio.ch.SocketChannelImpl.checkConnect(Native Method)
	at java.base/sun.nio.ch.SocketChannelImpl.finishConnect(SocketChannelImpl.java:777)
	at io.netty.channel.socket.nio.NioSocketChannel.doFinishConnect(NioSocketChannel.java:330)
	at io.netty.channel.nio.AbstractNioChannel$AbstractNioUnsafe.finishConnect(AbstractNioChannel.java:334)
	at io.netty.channel.nio.NioEventLoop.processSelectedKey(NioEventLoop.java:707)
	at io.netty.channel.nio.NioEventLoop.processSelectedKeysOptimized(NioEventLoop.java:655)
	at io.netty.channel.nio.NioEventLoop.processSelectedKeys(NioEventLoop.java:581)
	at io.netty.channel.nio.NioEventLoop.run(NioEventLoop.java:493)
	at io.netty.util.concurrent.SingleThreadEventExecutor$4.run(SingleThreadEventExecutor.java:989)
	at io.netty.util.internal.ThreadExecutorMap$2.run(ThreadExecutorMap.java:74)
	at io.netty.util.concurrent.FastThreadLocalRunnable.run(FastThreadLocalRunnable.java:30)
	at java.base/java.lang.Thread.run(Thread.java:829)
2026-02-21 02:59:23.865 - [WARN ] - esl
org.freeswitch.esl.client.inbound.InboundConnectionException: Could not connect to /61.158.166.44:8021
	at org.freeswitch.esl.client.inbound.Client.connect(Client.java:134)
	at cn.psycall.ccmgt.util.FreeSwitchManage.monitor(FreeSwitchManage.java:86)
	at cn.psycall.ccmgt.util.FreeSwitchManage.run(FreeSwitchManage.java:42)
Caused by: io.netty.channel.AbstractChannel$AnnotatedConnectException: Connection refused: /61.158.166.44:8021
Caused by: java.net.ConnectException: Connection refused
	at java.base/sun.nio.ch.SocketChannelImpl.checkConnect(Native Method)
	at java.base/sun.nio.ch.SocketChannelImpl.finishConnect(SocketChannelImpl.java:777)
	at io.netty.channel.socket.nio.NioSocketChannel.doFinishConnect(NioSocketChannel.java:330)
	at io.netty.channel.nio.AbstractNioChannel$AbstractNioUnsafe.finishConnect(AbstractNioChannel.java:334)
	at io.netty.channel.nio.NioEventLoop.processSelectedKey(NioEventLoop.java:707)
	at io.netty.channel.nio.NioEventLoop.processSelectedKeysOptimized(NioEventLoop.java:655)
	at io.netty.channel.nio.NioEventLoop.processSelectedKeys(NioEventLoop.java:581)
	at io.netty.channel.nio.NioEventLoop.run(NioEventLoop.java:493)
	at io.netty.util.concurrent.SingleThreadEventExecutor$4.run(SingleThreadEventExecutor.java:989)
	at io.netty.util.internal.ThreadExecutorMap$2.run(ThreadExecutorMap.java:74)
	at io.netty.util.concurrent.FastThreadLocalRunnable.run(FastThreadLocalRunnable.java:30)
	at java.base/java.lang.Thread.run(Thread.java:829)
2026-02-21 02:59:24.951 - [WARN ] - esl
org.freeswitch.esl.client.inbound.InboundConnectionException: Could not connect to /61.158.166.44:8021
	at org.freeswitch.esl.client.inbound.Client.connect(Client.java:134)
	at cn.psycall.ccmgt.util.FreeSwitchManage.monitor(FreeSwitchManage.java:86)
	at cn.psycall.ccmgt.util.FreeSwitchManage.run(FreeSwitchManage.java:42)
Caused by: io.netty.channel.AbstractChannel$AnnotatedConnectException: Connection refused: /61.158.166.44:8021
Caused by: java.net.ConnectException: Connection refused
	at java.base/sun.nio.ch.SocketChannelImpl.checkConnect(Native Method)
	at java.base/sun.nio.ch.SocketChannelImpl.finishConnect(SocketChannelImpl.java:777)
	at io.netty.channel.socket.nio.NioSocketChannel.doFinishConnect(NioSocketChannel.java:330)
	at io.netty.channel.nio.AbstractNioChannel$AbstractNioUnsafe.finishConnect(AbstractNioChannel.java:334)
	at io.netty.channel.nio.NioEventLoop.processSelectedKey(NioEventLoop.java:707)
	at io.netty.channel.nio.NioEventLoop.processSelectedKeysOptimized(NioEventLoop.java:655)
	at io.netty.channel.nio.NioEventLoop.processSelectedKeys(NioEventLoop.java:581)
	at io.netty.channel.nio.NioEventLoop.run(NioEventLoop.java:493)
	at io.netty.util.concurrent.SingleThreadEventExecutor$4.run(SingleThreadEventExecutor.java:989)
	at io.netty.util.internal.ThreadExecutorMap$2.run(ThreadExecutorMap.java:74)
	at io.netty.util.concurrent.FastThreadLocalRunnable.run(FastThreadLocalRunnable.java:30)
	at java.base/java.lang.Thread.run(Thread.java:829)
2026-02-21 02:59:26.033 - [WARN ] - esl
org.freeswitch.esl.client.inbound.InboundConnectionException: Could not connect to /61.158.166.44:8021
	at org.freeswitch.esl.client.inbound.Client.connect(Client.java:134)
	at cn.psycall.ccmgt.util.FreeSwitchManage.monitor(FreeSwitchManage.java:86)
	at cn.psycall.ccmgt.util.FreeSwitchManage.run(FreeSwitchManage.java:42)
Caused by: io.netty.channel.AbstractChannel$AnnotatedConnectException: Connection refused: /61.158.166.44:8021
Caused by: java.net.ConnectException: Connection refused
	at java.base/sun.nio.ch.SocketChannelImpl.checkConnect(Native Method)
	at java.base/sun.nio.ch.SocketChannelImpl.finishConnect(SocketChannelImpl.java:777)
	at io.netty.channel.socket.nio.NioSocketChannel.doFinishConnect(NioSocketChannel.java:330)
	at io.netty.channel.nio.AbstractNioChannel$AbstractNioUnsafe.finishConnect(AbstractNioChannel.java:334)
	at io.netty.channel.nio.NioEventLoop.processSelectedKey(NioEventLoop.java:707)
	at io.netty.channel.nio.NioEventLoop.processSelectedKeysOptimized(NioEventLoop.java:655)
	at io.netty.channel.nio.NioEventLoop.processSelectedKeys(NioEventLoop.java:581)
	at io.netty.channel.nio.NioEventLoop.run(NioEventLoop.java:493)
	at io.netty.util.concurrent.SingleThreadEventExecutor$4.run(SingleThreadEventExecutor.java:989)
	at io.netty.util.internal.ThreadExecutorMap$2.run(ThreadExecutorMap.java:74)
	at io.netty.util.concurrent.FastThreadLocalRunnable.run(FastThreadLocalRunnable.java:30)
	at java.base/java.lang.Thread.run(Thread.java:829)
2026-02-21 02:59:27.120 - [WARN ] - esl
org.freeswitch.esl.client.inbound.InboundConnectionException: Could not connect to /61.158.166.44:8021
	at org.freeswitch.esl.client.inbound.Client.connect(Client.java:134)
	at cn.psycall.ccmgt.util.FreeSwitchManage.monitor(FreeSwitchManage.java:86)
	at cn.psycall.ccmgt.util.FreeSwitchManage.run(FreeSwitchManage.java:42)
Caused by: io.netty.channel.AbstractChannel$AnnotatedConnectException: Connection refused: /61.158.166.44:8021
Caused by: java.net.ConnectException: Connection refused
	at java.base/sun.nio.ch.SocketChannelImpl.checkConnect(Native Method)
	at java.base/sun.nio.ch.SocketChannelImpl.finishConnect(SocketChannelImpl.java:777)
	at io.netty.channel.socket.nio.NioSocketChannel.doFinishConnect(NioSocketChannel.java:330)
	at io.netty.channel.nio.AbstractNioChannel$AbstractNioUnsafe.finishConnect(AbstractNioChannel.java:334)
	at io.netty.channel.nio.NioEventLoop.processSelectedKey(NioEventLoop.java:707)
	at io.netty.channel.nio.NioEventLoop.processSelectedKeysOptimized(NioEventLoop.java:655)
	at io.netty.channel.nio.NioEventLoop.processSelectedKeys(NioEventLoop.java:581)
	at io.netty.channel.nio.NioEventLoop.run(NioEventLoop.java:493)
	at io.netty.util.concurrent.SingleThreadEventExecutor$4.run(SingleThreadEventExecutor.java:989)
	at io.netty.util.internal.ThreadExecutorMap$2.run(ThreadExecutorMap.java:74)
	at io.netty.util.concurrent.FastThreadLocalRunnable.run(FastThreadLocalRunnable.java:30)
	at java.base/java.lang.Thread.run(Thread.java:829)
2026-02-21 02:59:28.204 - [WARN ] - esl
org.freeswitch.esl.client.inbound.InboundConnectionException: Could not connect to /61.158.166.44:8021
	at org.freeswitch.esl.client.inbound.Client.connect(Client.java:134)
	at cn.psycall.ccmgt.util.FreeSwitchManage.monitor(FreeSwitchManage.java:86)
	at cn.psycall.ccmgt.util.FreeSwitchManage.run(FreeSwitchManage.java:42)
Caused by: io.netty.channel.AbstractChannel$AnnotatedConnectException: Connection refused: /61.158.166.44:8021
Caused by: java.net.ConnectException: Connection refused
	at java.base/sun.nio.ch.SocketChannelImpl.checkConnect(Native Method)
	at java.base/sun.nio.ch.SocketChannelImpl.finishConnect(SocketChannelImpl.java:777)
	at io.netty.channel.socket.nio.NioSocketChannel.doFinishConnect(NioSocketChannel.java:330)
	at io.netty.channel.nio.AbstractNioChannel$AbstractNioUnsafe.finishConnect(AbstractNioChannel.java:334)
	at io.netty.channel.nio.NioEventLoop.processSelectedKey(NioEventLoop.java:707)
	at io.netty.channel.nio.NioEventLoop.processSelectedKeysOptimized(NioEventLoop.java:655)
	at io.netty.channel.nio.NioEventLoop.processSelectedKeys(NioEventLoop.java:581)
	at io.netty.channel.nio.NioEventLoop.run(NioEventLoop.java:493)
	at io.netty.util.concurrent.SingleThreadEventExecutor$4.run(SingleThreadEventExecutor.java:989)
	at io.netty.util.internal.ThreadExecutorMap$2.run(ThreadExecutorMap.java:74)
	at io.netty.util.concurrent.FastThreadLocalRunnable.run(FastThreadLocalRunnable.java:30)
	at java.base/java.lang.Thread.run(Thread.java:829)
2026-02-21 02:59:29.293 - [WARN ] - esl
org.freeswitch.esl.client.inbound.InboundConnectionException: Could not connect to /61.158.166.44:8021
	at org.freeswitch.esl.client.inbound.Client.connect(Client.java:134)
	at cn.psycall.ccmgt.util.FreeSwitchManage.monitor(FreeSwitchManage.java:86)
	at cn.psycall.ccmgt.util.FreeSwitchManage.run(FreeSwitchManage.java:42)
Caused by: io.netty.channel.AbstractChannel$AnnotatedConnectException: Connection refused: /61.158.166.44:8021
Caused by: java.net.ConnectException: Connection refused
	at java.base/sun.nio.ch.SocketChannelImpl.checkConnect(Native Method)
	at java.base/sun.nio.ch.SocketChannelImpl.finishConnect(SocketChannelImpl.java:777)
	at io.netty.channel.socket.nio.NioSocketChannel.doFinishConnect(NioSocketChannel.java:330)
	at io.netty.channel.nio.AbstractNioChannel$AbstractNioUnsafe.finishConnect(AbstractNioChannel.java:334)
	at io.netty.channel.nio.NioEventLoop.processSelectedKey(NioEventLoop.java:707)
	at io.netty.channel.nio.NioEventLoop.processSelectedKeysOptimized(NioEventLoop.java:655)
	at io.netty.channel.nio.NioEventLoop.processSelectedKeys(NioEventLoop.java:581)
	at io.netty.channel.nio.NioEventLoop.run(NioEventLoop.java:493)
	at io.netty.util.concurrent.SingleThreadEventExecutor$4.run(SingleThreadEventExecutor.java:989)
	at io.netty.util.internal.ThreadExecutorMap$2.run(ThreadExecutorMap.java:74)
	at io.netty.util.concurrent.FastThreadLocalRunnable.run(FastThreadLocalRunnable.java:30)
	at java.base/java.lang.Thread.run(Thread.java:829)
2026-02-21 02:59:30.378 - [WARN ] - esl
org.freeswitch.esl.client.inbound.InboundConnectionException: Could not connect to /61.158.166.44:8021
	at org.freeswitch.esl.client.inbound.Client.connect(Client.java:134)
	at cn.psycall.ccmgt.util.FreeSwitchManage.monitor(FreeSwitchManage.java:86)
	at cn.psycall.ccmgt.util.FreeSwitchManage.run(FreeSwitchManage.java:42)
Caused by: io.netty.channel.AbstractChannel$AnnotatedConnectException: Connection refused: /61.158.166.44:8021
Caused by: java.net.ConnectException: Connection refused
	at java.base/sun.nio.ch.SocketChannelImpl.checkConnect(Native Method)
	at java.base/sun.nio.ch.SocketChannelImpl.finishConnect(SocketChannelImpl.java:777)
	at io.netty.channel.socket.nio.NioSocketChannel.doFinishConnect(NioSocketChannel.java:330)
	at io.netty.channel.nio.AbstractNioChannel$AbstractNioUnsafe.finishConnect(AbstractNioChannel.java:334)
	at io.netty.channel.nio.NioEventLoop.processSelectedKey(NioEventLoop.java:707)
	at io.netty.channel.nio.NioEventLoop.processSelectedKeysOptimized(NioEventLoop.java:655)
	at io.netty.channel.nio.NioEventLoop.processSelectedKeys(NioEventLoop.java:581)
	at io.netty.channel.nio.NioEventLoop.run(NioEventLoop.java:493)
	at io.netty.util.concurrent.SingleThreadEventExecutor$4.run(SingleThreadEventExecutor.java:989)
	at io.netty.util.internal.ThreadExecutorMap$2.run(ThreadExecutorMap.java:74)
	at io.netty.util.concurrent.FastThreadLocalRunnable.run(FastThreadLocalRunnable.java:30)
	at java.base/java.lang.Thread.run(Thread.java:829)
2026-02-21 02:59:31.465 - [WARN ] - esl
org.freeswitch.esl.client.inbound.InboundConnectionException: Could not connect to /61.158.166.44:8021
	at org.freeswitch.esl.client.inbound.Client.connect(Client.java:134)
	at cn.psycall.ccmgt.util.FreeSwitchManage.monitor(FreeSwitchManage.java:86)
	at cn.psycall.ccmgt.util.FreeSwitchManage.run(FreeSwitchManage.java:42)
Caused by: io.netty.channel.AbstractChannel$AnnotatedConnectException: Connection refused: /61.158.166.44:8021
Caused by: java.net.ConnectException: Connection refused
	at java.base/sun.nio.ch.SocketChannelImpl.checkConnect(Native Method)
	at java.base/sun.nio.ch.SocketChannelImpl.finishConnect(SocketChannelImpl.java:777)
	at io.netty.channel.socket.nio.NioSocketChannel.doFinishConnect(NioSocketChannel.java:330)
	at io.netty.channel.nio.AbstractNioChannel$AbstractNioUnsafe.finishConnect(AbstractNioChannel.java:334)
	at io.netty.channel.nio.NioEventLoop.processSelectedKey(NioEventLoop.java:707)
	at io.netty.channel.nio.NioEventLoop.processSelectedKeysOptimized(NioEventLoop.java:655)
	at io.netty.channel.nio.NioEventLoop.processSelectedKeys(NioEventLoop.java:581)
	at io.netty.channel.nio.NioEventLoop.run(NioEventLoop.java:493)
	at io.netty.util.concurrent.SingleThreadEventExecutor$4.run(SingleThreadEventExecutor.java:989)
	at io.netty.util.internal.ThreadExecutorMap$2.run(ThreadExecutorMap.java:74)
	at io.netty.util.concurrent.FastThreadLocalRunnable.run(FastThreadLocalRunnable.java:30)
	at java.base/java.lang.Thread.run(Thread.java:829)
2026-02-21 02:59:32.780 - [WARN ] - esl
org.freeswitch.esl.client.inbound.InboundConnectionException: Could not connect to /61.158.166.44:8021
	at org.freeswitch.esl.client.inbound.Client.connect(Client.java:134)
	at cn.psycall.ccmgt.util.FreeSwitchManage.monitor(FreeSwitchManage.java:86)
	at cn.psycall.ccmgt.util.FreeSwitchManage.run(FreeSwitchManage.java:42)
Caused by: io.netty.channel.AbstractChannel$AnnotatedConnectException: Connection refused: /61.158.166.44:8021
Caused by: java.net.ConnectException: Connection refused
	at java.base/sun.nio.ch.SocketChannelImpl.checkConnect(Native Method)
	at java.base/sun.nio.ch.SocketChannelImpl.finishConnect(SocketChannelImpl.java:777)
	at io.netty.channel.socket.nio.NioSocketChannel.doFinishConnect(NioSocketChannel.java:330)
	at io.netty.channel.nio.AbstractNioChannel$AbstractNioUnsafe.finishConnect(AbstractNioChannel.java:334)
	at io.netty.channel.nio.NioEventLoop.processSelectedKey(NioEventLoop.java:707)
	at io.netty.channel.nio.NioEventLoop.processSelectedKeysOptimized(NioEventLoop.java:655)
	at io.netty.channel.nio.NioEventLoop.processSelectedKeys(NioEventLoop.java:581)
	at io.netty.channel.nio.NioEventLoop.run(NioEventLoop.java:493)
	at io.netty.util.concurrent.SingleThreadEventExecutor$4.run(SingleThreadEventExecutor.java:989)
	at io.netty.util.internal.ThreadExecutorMap$2.run(ThreadExecutorMap.java:74)
	at io.netty.util.concurrent.FastThreadLocalRunnable.run(FastThreadLocalRunnable.java:30)
	at java.base/java.lang.Thread.run(Thread.java:829)
2026-02-21 02:59:33.880 - [WARN ] - esl
org.freeswitch.esl.client.inbound.InboundConnectionException: Could not connect to /61.158.166.44:8021
	at org.freeswitch.esl.client.inbound.Client.connect(Client.java:134)
	at cn.psycall.ccmgt.util.FreeSwitchManage.monitor(FreeSwitchManage.java:86)
	at cn.psycall.ccmgt.util.FreeSwitchManage.run(FreeSwitchManage.java:42)
Caused by: io.netty.channel.AbstractChannel$AnnotatedConnectException: Connection refused: /61.158.166.44:8021
Caused by: java.net.ConnectException: Connection refused
	at java.base/sun.nio.ch.SocketChannelImpl.checkConnect(Native Method)
	at java.base/sun.nio.ch.SocketChannelImpl.finishConnect(SocketChannelImpl.java:777)
	at io.netty.channel.socket.nio.NioSocketChannel.doFinishConnect(NioSocketChannel.java:330)
	at io.netty.channel.nio.AbstractNioChannel$AbstractNioUnsafe.finishConnect(AbstractNioChannel.java:334)
	at io.netty.channel.nio.NioEventLoop.processSelectedKey(NioEventLoop.java:707)
	at io.netty.channel.nio.NioEventLoop.processSelectedKeysOptimized(NioEventLoop.java:655)
	at io.netty.channel.nio.NioEventLoop.processSelectedKeys(NioEventLoop.java:581)
	at io.netty.channel.nio.NioEventLoop.run(NioEventLoop.java:493)
	at io.netty.util.concurrent.SingleThreadEventExecutor$4.run(SingleThreadEventExecutor.java:989)
	at io.netty.util.internal.ThreadExecutorMap$2.run(ThreadExecutorMap.java:74)
	at io.netty.util.concurrent.FastThreadLocalRunnable.run(FastThreadLocalRunnable.java:30)
	at java.base/java.lang.Thread.run(Thread.java:829)
2026-02-21 02:59:34.990 - [WARN ] - esl
org.freeswitch.esl.client.inbound.InboundConnectionException: Could not connect to /61.158.166.44:8021
	at org.freeswitch.esl.client.inbound.Client.connect(Client.java:134)
	at cn.psycall.ccmgt.util.FreeSwitchManage.monitor(FreeSwitchManage.java:86)
	at cn.psycall.ccmgt.util.FreeSwitchManage.run(FreeSwitchManage.java:42)
Caused by: io.netty.channel.AbstractChannel$AnnotatedConnectException: Connection refused: /61.158.166.44:8021
Caused by: java.net.ConnectException: Connection refused
	at java.base/sun.nio.ch.SocketChannelImpl.checkConnect(Native Method)
	at java.base/sun.nio.ch.SocketChannelImpl.finishConnect(SocketChannelImpl.java:777)
	at io.netty.channel.socket.nio.NioSocketChannel.doFinishConnect(NioSocketChannel.java:330)
	at io.netty.channel.nio.AbstractNioChannel$AbstractNioUnsafe.finishConnect(AbstractNioChannel.java:334)
	at io.netty.channel.nio.NioEventLoop.processSelectedKey(NioEventLoop.java:707)
	at io.netty.channel.nio.NioEventLoop.processSelectedKeysOptimized(NioEventLoop.java:655)
	at io.netty.channel.nio.NioEventLoop.processSelectedKeys(NioEventLoop.java:581)
	at io.netty.channel.nio.NioEventLoop.run(NioEventLoop.java:493)
	at io.netty.util.concurrent.SingleThreadEventExecutor$4.run(SingleThreadEventExecutor.java:989)
	at io.netty.util.internal.ThreadExecutorMap$2.run(ThreadExecutorMap.java:74)
	at io.netty.util.concurrent.FastThreadLocalRunnable.run(FastThreadLocalRunnable.java:30)
	at java.base/java.lang.Thread.run(Thread.java:829)
2026-02-21 02:59:36.080 - [WARN ] - esl
org.freeswitch.esl.client.inbound.InboundConnectionException: Could not connect to /61.158.166.44:8021
	at org.freeswitch.esl.client.inbound.Client.connect(Client.java:134)
	at cn.psycall.ccmgt.util.FreeSwitchManage.monitor(FreeSwitchManage.java:86)
	at cn.psycall.ccmgt.util.FreeSwitchManage.run(FreeSwitchManage.java:42)
Caused by: io.netty.channel.AbstractChannel$AnnotatedConnectException: Connection refused: /61.158.166.44:8021
Caused by: java.net.ConnectException: Connection refused
	at java.base/sun.nio.ch.SocketChannelImpl.checkConnect(Native Method)
	at java.base/sun.nio.ch.SocketChannelImpl.finishConnect(SocketChannelImpl.java:777)
	at io.netty.channel.socket.nio.NioSocketChannel.doFinishConnect(NioSocketChannel.java:330)
	at io.netty.channel.nio.AbstractNioChannel$AbstractNioUnsafe.finishConnect(AbstractNioChannel.java:334)
	at io.netty.channel.nio.NioEventLoop.processSelectedKey(NioEventLoop.java:707)
	at io.netty.channel.nio.NioEventLoop.processSelectedKeysOptimized(NioEventLoop.java:655)
	at io.netty.channel.nio.NioEventLoop.processSelectedKeys(NioEventLoop.java:581)
	at io.netty.channel.nio.NioEventLoop.run(NioEventLoop.java:493)
	at io.netty.util.concurrent.SingleThreadEventExecutor$4.run(SingleThreadEventExecutor.java:989)
	at io.netty.util.internal.ThreadExecutorMap$2.run(ThreadExecutorMap.java:74)
	at io.netty.util.concurrent.FastThreadLocalRunnable.run(FastThreadLocalRunnable.java:30)
	at java.base/java.lang.Thread.run(Thread.java:829)
2026-02-21 02:59:37.165 - [WARN ] - esl
org.freeswitch.esl.client.inbound.InboundConnectionException: Could not connect to /61.158.166.44:8021
	at org.freeswitch.esl.client.inbound.Client.connect(Client.java:134)
	at cn.psycall.ccmgt.util.FreeSwitchManage.monitor(FreeSwitchManage.java:86)
	at cn.psycall.ccmgt.util.FreeSwitchManage.run(FreeSwitchManage.java:42)
Caused by: io.netty.channel.AbstractChannel$AnnotatedConnectException: Connection refused: /61.158.166.44:8021
Caused by: java.net.ConnectException: Connection refused
	at java.base/sun.nio.ch.SocketChannelImpl.checkConnect(Native Method)
	at java.base/sun.nio.ch.SocketChannelImpl.finishConnect(SocketChannelImpl.java:777)
	at io.netty.channel.socket.nio.NioSocketChannel.doFinishConnect(NioSocketChannel.java:330)
	at io.netty.channel.nio.AbstractNioChannel$AbstractNioUnsafe.finishConnect(AbstractNioChannel.java:334)
	at io.netty.channel.nio.NioEventLoop.processSelectedKey(NioEventLoop.java:707)
	at io.netty.channel.nio.NioEventLoop.processSelectedKeysOptimized(NioEventLoop.java:655)
	at io.netty.channel.nio.NioEventLoop.processSelectedKeys(NioEventLoop.java:581)
	at io.netty.channel.nio.NioEventLoop.run(NioEventLoop.java:493)
	at io.netty.util.concurrent.SingleThreadEventExecutor$4.run(SingleThreadEventExecutor.java:989)
	at io.netty.util.internal.ThreadExecutorMap$2.run(ThreadExecutorMap.java:74)
	at io.netty.util.concurrent.FastThreadLocalRunnable.run(FastThreadLocalRunnable.java:30)
	at java.base/java.lang.Thread.run(Thread.java:829)
2026-02-21 02:59:38.250 - [WARN ] - esl
org.freeswitch.esl.client.inbound.InboundConnectionException: Could not connect to /61.158.166.44:8021
	at org.freeswitch.esl.client.inbound.Client.connect(Client.java:134)
	at cn.psycall.ccmgt.util.FreeSwitchManage.monitor(FreeSwitchManage.java:86)
	at cn.psycall.ccmgt.util.FreeSwitchManage.run(FreeSwitchManage.java:42)
Caused by: io.netty.channel.AbstractChannel$AnnotatedConnectException: Connection refused: /61.158.166.44:8021
Caused by: java.net.ConnectException: Connection refused
	at java.base/sun.nio.ch.SocketChannelImpl.checkConnect(Native Method)
	at java.base/sun.nio.ch.SocketChannelImpl.finishConnect(SocketChannelImpl.java:777)
	at io.netty.channel.socket.nio.NioSocketChannel.doFinishConnect(NioSocketChannel.java:330)
	at io.netty.channel.nio.AbstractNioChannel$AbstractNioUnsafe.finishConnect(AbstractNioChannel.java:334)
	at io.netty.channel.nio.NioEventLoop.processSelectedKey(NioEventLoop.java:707)
	at io.netty.channel.nio.NioEventLoop.processSelectedKeysOptimized(NioEventLoop.java:655)
	at io.netty.channel.nio.NioEventLoop.processSelectedKeys(NioEventLoop.java:581)
	at io.netty.channel.nio.NioEventLoop.run(NioEventLoop.java:493)
	at io.netty.util.concurrent.SingleThreadEventExecutor$4.run(SingleThreadEventExecutor.java:989)
	at io.netty.util.internal.ThreadExecutorMap$2.run(ThreadExecutorMap.java:74)
	at io.netty.util.concurrent.FastThreadLocalRunnable.run(FastThreadLocalRunnable.java:30)
	at java.base/java.lang.Thread.run(Thread.java:829)
2026-02-21 02:59:39.334 - [WARN ] - esl
org.freeswitch.esl.client.inbound.InboundConnectionException: Could not connect to /61.158.166.44:8021
	at org.freeswitch.esl.client.inbound.Client.connect(Client.java:134)
	at cn.psycall.ccmgt.util.FreeSwitchManage.monitor(FreeSwitchManage.java:86)
	at cn.psycall.ccmgt.util.FreeSwitchManage.run(FreeSwitchManage.java:42)
Caused by: io.netty.channel.AbstractChannel$AnnotatedConnectException: Connection refused: /61.158.166.44:8021
Caused by: java.net.ConnectException: Connection refused
	at java.base/sun.nio.ch.SocketChannelImpl.checkConnect(Native Method)
	at java.base/sun.nio.ch.SocketChannelImpl.finishConnect(SocketChannelImpl.java:777)
	at io.netty.channel.socket.nio.NioSocketChannel.doFinishConnect(NioSocketChannel.java:330)
	at io.netty.channel.nio.AbstractNioChannel$AbstractNioUnsafe.finishConnect(AbstractNioChannel.java:334)
	at io.netty.channel.nio.NioEventLoop.processSelectedKey(NioEventLoop.java:707)
	at io.netty.channel.nio.NioEventLoop.processSelectedKeysOptimized(NioEventLoop.java:655)
	at io.netty.channel.nio.NioEventLoop.processSelectedKeys(NioEventLoop.java:581)
	at io.netty.channel.nio.NioEventLoop.run(NioEventLoop.java:493)
	at io.netty.util.concurrent.SingleThreadEventExecutor$4.run(SingleThreadEventExecutor.java:989)
	at io.netty.util.internal.ThreadExecutorMap$2.run(ThreadExecutorMap.java:74)
	at io.netty.util.concurrent.FastThreadLocalRunnable.run(FastThreadLocalRunnable.java:30)
	at java.base/java.lang.Thread.run(Thread.java:829)
2026-02-21 02:59:40.417 - [WARN ] - esl
org.freeswitch.esl.client.inbound.InboundConnectionException: Could not connect to /61.158.166.44:8021
	at org.freeswitch.esl.client.inbound.Client.connect(Client.java:134)
	at cn.psycall.ccmgt.util.FreeSwitchManage.monitor(FreeSwitchManage.java:86)
	at cn.psycall.ccmgt.util.FreeSwitchManage.run(FreeSwitchManage.java:42)
Caused by: io.netty.channel.AbstractChannel$AnnotatedConnectException: Connection refused: /61.158.166.44:8021
Caused by: java.net.ConnectException: Connection refused
	at java.base/sun.nio.ch.SocketChannelImpl.checkConnect(Native Method)
	at java.base/sun.nio.ch.SocketChannelImpl.finishConnect(SocketChannelImpl.java:777)
	at io.netty.channel.socket.nio.NioSocketChannel.doFinishConnect(NioSocketChannel.java:330)
	at io.netty.channel.nio.AbstractNioChannel$AbstractNioUnsafe.finishConnect(AbstractNioChannel.java:334)
	at io.netty.channel.nio.NioEventLoop.processSelectedKey(NioEventLoop.java:707)
	at io.netty.channel.nio.NioEventLoop.processSelectedKeysOptimized(NioEventLoop.java:655)
	at io.netty.channel.nio.NioEventLoop.processSelectedKeys(NioEventLoop.java:581)
	at io.netty.channel.nio.NioEventLoop.run(NioEventLoop.java:493)
	at io.netty.util.concurrent.SingleThreadEventExecutor$4.run(SingleThreadEventExecutor.java:989)
	at io.netty.util.internal.ThreadExecutorMap$2.run(ThreadExecutorMap.java:74)
	at io.netty.util.concurrent.FastThreadLocalRunnable.run(FastThreadLocalRunnable.java:30)
	at java.base/java.lang.Thread.run(Thread.java:829)
2026-02-21 02:59:41.499 - [WARN ] - esl
org.freeswitch.esl.client.inbound.InboundConnectionException: Could not connect to /61.158.166.44:8021
	at org.freeswitch.esl.client.inbound.Client.connect(Client.java:134)
	at cn.psycall.ccmgt.util.FreeSwitchManage.monitor(FreeSwitchManage.java:86)
	at cn.psycall.ccmgt.util.FreeSwitchManage.run(FreeSwitchManage.java:42)
Caused by: io.netty.channel.AbstractChannel$AnnotatedConnectException: Connection refused: /61.158.166.44:8021
Caused by: java.net.ConnectException: Connection refused
	at java.base/sun.nio.ch.SocketChannelImpl.checkConnect(Native Method)
	at java.base/sun.nio.ch.SocketChannelImpl.finishConnect(SocketChannelImpl.java:777)
	at io.netty.channel.socket.nio.NioSocketChannel.doFinishConnect(NioSocketChannel.java:330)
	at io.netty.channel.nio.AbstractNioChannel$AbstractNioUnsafe.finishConnect(AbstractNioChannel.java:334)
	at io.netty.channel.nio.NioEventLoop.processSelectedKey(NioEventLoop.java:707)
	at io.netty.channel.nio.NioEventLoop.processSelectedKeysOptimized(NioEventLoop.java:655)
	at io.netty.channel.nio.NioEventLoop.processSelectedKeys(NioEventLoop.java:581)
	at io.netty.channel.nio.NioEventLoop.run(NioEventLoop.java:493)
	at io.netty.util.concurrent.SingleThreadEventExecutor$4.run(SingleThreadEventExecutor.java:989)
	at io.netty.util.internal.ThreadExecutorMap$2.run(ThreadExecutorMap.java:74)
	at io.netty.util.concurrent.FastThreadLocalRunnable.run(FastThreadLocalRunnable.java:30)
	at java.base/java.lang.Thread.run(Thread.java:829)
2026-02-21 02:59:42.580 - [WARN ] - esl
org.freeswitch.esl.client.inbound.InboundConnectionException: Could not connect to /61.158.166.44:8021
	at org.freeswitch.esl.client.inbound.Client.connect(Client.java:134)
	at cn.psycall.ccmgt.util.FreeSwitchManage.monitor(FreeSwitchManage.java:86)
	at cn.psycall.ccmgt.util.FreeSwitchManage.run(FreeSwitchManage.java:42)
Caused by: io.netty.channel.AbstractChannel$AnnotatedConnectException: Connection refused: /61.158.166.44:8021
Caused by: java.net.ConnectException: Connection refused
	at java.base/sun.nio.ch.SocketChannelImpl.checkConnect(Native Method)
	at java.base/sun.nio.ch.SocketChannelImpl.finishConnect(SocketChannelImpl.java:777)
	at io.netty.channel.socket.nio.NioSocketChannel.doFinishConnect(NioSocketChannel.java:330)
	at io.netty.channel.nio.AbstractNioChannel$AbstractNioUnsafe.finishConnect(AbstractNioChannel.java:334)
	at io.netty.channel.nio.NioEventLoop.processSelectedKey(NioEventLoop.java:707)
	at io.netty.channel.nio.NioEventLoop.processSelectedKeysOptimized(NioEventLoop.java:655)
	at io.netty.channel.nio.NioEventLoop.processSelectedKeys(NioEventLoop.java:581)
	at io.netty.channel.nio.NioEventLoop.run(NioEventLoop.java:493)
	at io.netty.util.concurrent.SingleThreadEventExecutor$4.run(SingleThreadEventExecutor.java:989)
	at io.netty.util.internal.ThreadExecutorMap$2.run(ThreadExecutorMap.java:74)
	at io.netty.util.concurrent.FastThreadLocalRunnable.run(FastThreadLocalRunnable.java:30)
	at java.base/java.lang.Thread.run(Thread.java:829)
2026-02-21 02:59:43.669 - [WARN ] - esl
org.freeswitch.esl.client.inbound.InboundConnectionException: Could not connect to /61.158.166.44:8021
	at org.freeswitch.esl.client.inbound.Client.connect(Client.java:134)
	at cn.psycall.ccmgt.util.FreeSwitchManage.monitor(FreeSwitchManage.java:86)
	at cn.psycall.ccmgt.util.FreeSwitchManage.run(FreeSwitchManage.java:42)
Caused by: io.netty.channel.AbstractChannel$AnnotatedConnectException: Connection refused: /61.158.166.44:8021
Caused by: java.net.ConnectException: Connection refused
	at java.base/sun.nio.ch.SocketChannelImpl.checkConnect(Native Method)
	at java.base/sun.nio.ch.SocketChannelImpl.finishConnect(SocketChannelImpl.java:777)
	at io.netty.channel.socket.nio.NioSocketChannel.doFinishConnect(NioSocketChannel.java:330)
	at io.netty.channel.nio.AbstractNioChannel$AbstractNioUnsafe.finishConnect(AbstractNioChannel.java:334)
	at io.netty.channel.nio.NioEventLoop.processSelectedKey(NioEventLoop.java:707)
	at io.netty.channel.nio.NioEventLoop.processSelectedKeysOptimized(NioEventLoop.java:655)
	at io.netty.channel.nio.NioEventLoop.processSelectedKeys(NioEventLoop.java:581)
	at io.netty.channel.nio.NioEventLoop.run(NioEventLoop.java:493)
	at io.netty.util.concurrent.SingleThreadEventExecutor$4.run(SingleThreadEventExecutor.java:989)
	at io.netty.util.internal.ThreadExecutorMap$2.run(ThreadExecutorMap.java:74)
	at io.netty.util.concurrent.FastThreadLocalRunnable.run(FastThreadLocalRunnable.java:30)
	at java.base/java.lang.Thread.run(Thread.java:829)
2026-02-21 02:59:44.754 - [WARN ] - esl
org.freeswitch.esl.client.inbound.InboundConnectionException: Could not connect to /61.158.166.44:8021
	at org.freeswitch.esl.client.inbound.Client.connect(Client.java:134)
	at cn.psycall.ccmgt.util.FreeSwitchManage.monitor(FreeSwitchManage.java:86)
	at cn.psycall.ccmgt.util.FreeSwitchManage.run(FreeSwitchManage.java:42)
Caused by: io.netty.channel.AbstractChannel$AnnotatedConnectException: Connection refused: /61.158.166.44:8021
Caused by: java.net.ConnectException: Connection refused
	at java.base/sun.nio.ch.SocketChannelImpl.checkConnect(Native Method)
	at java.base/sun.nio.ch.SocketChannelImpl.finishConnect(SocketChannelImpl.java:777)
	at io.netty.channel.socket.nio.NioSocketChannel.doFinishConnect(NioSocketChannel.java:330)
	at io.netty.channel.nio.AbstractNioChannel$AbstractNioUnsafe.finishConnect(AbstractNioChannel.java:334)
	at io.netty.channel.nio.NioEventLoop.processSelectedKey(NioEventLoop.java:707)
	at io.netty.channel.nio.NioEventLoop.processSelectedKeysOptimized(NioEventLoop.java:655)
	at io.netty.channel.nio.NioEventLoop.processSelectedKeys(NioEventLoop.java:581)
	at io.netty.channel.nio.NioEventLoop.run(NioEventLoop.java:493)
	at io.netty.util.concurrent.SingleThreadEventExecutor$4.run(SingleThreadEventExecutor.java:989)
	at io.netty.util.internal.ThreadExecutorMap$2.run(ThreadExecutorMap.java:74)
	at io.netty.util.concurrent.FastThreadLocalRunnable.run(FastThreadLocalRunnable.java:30)
	at java.base/java.lang.Thread.run(Thread.java:829)
2026-02-21 02:59:45.835 - [WARN ] - esl
org.freeswitch.esl.client.inbound.InboundConnectionException: Could not connect to /61.158.166.44:8021
	at org.freeswitch.esl.client.inbound.Client.connect(Client.java:134)
	at cn.psycall.ccmgt.util.FreeSwitchManage.monitor(FreeSwitchManage.java:86)
	at cn.psycall.ccmgt.util.FreeSwitchManage.run(FreeSwitchManage.java:42)
Caused by: io.netty.channel.AbstractChannel$AnnotatedConnectException: Connection refused: /61.158.166.44:8021
Caused by: java.net.ConnectException: Connection refused
	at java.base/sun.nio.ch.SocketChannelImpl.checkConnect(Native Method)
	at java.base/sun.nio.ch.SocketChannelImpl.finishConnect(SocketChannelImpl.java:777)
	at io.netty.channel.socket.nio.NioSocketChannel.doFinishConnect(NioSocketChannel.java:330)
	at io.netty.channel.nio.AbstractNioChannel$AbstractNioUnsafe.finishConnect(AbstractNioChannel.java:334)
	at io.netty.channel.nio.NioEventLoop.processSelectedKey(NioEventLoop.java:707)
	at io.netty.channel.nio.NioEventLoop.processSelectedKeysOptimized(NioEventLoop.java:655)
	at io.netty.channel.nio.NioEventLoop.processSelectedKeys(NioEventLoop.java:581)
	at io.netty.channel.nio.NioEventLoop.run(NioEventLoop.java:493)
	at io.netty.util.concurrent.SingleThreadEventExecutor$4.run(SingleThreadEventExecutor.java:989)
	at io.netty.util.internal.ThreadExecutorMap$2.run(ThreadExecutorMap.java:74)
	at io.netty.util.concurrent.FastThreadLocalRunnable.run(FastThreadLocalRunnable.java:30)
	at java.base/java.lang.Thread.run(Thread.java:829)
2026-02-21 02:59:46.918 - [WARN ] - esl
org.freeswitch.esl.client.inbound.InboundConnectionException: Could not connect to /61.158.166.44:8021
	at org.freeswitch.esl.client.inbound.Client.connect(Client.java:134)
	at cn.psycall.ccmgt.util.FreeSwitchManage.monitor(FreeSwitchManage.java:86)
	at cn.psycall.ccmgt.util.FreeSwitchManage.run(FreeSwitchManage.java:42)
Caused by: io.netty.channel.AbstractChannel$AnnotatedConnectException: Connection refused: /61.158.166.44:8021
Caused by: java.net.ConnectException: Connection refused
	at java.base/sun.nio.ch.SocketChannelImpl.checkConnect(Native Method)
	at java.base/sun.nio.ch.SocketChannelImpl.finishConnect(SocketChannelImpl.java:777)
	at io.netty.channel.socket.nio.NioSocketChannel.doFinishConnect(NioSocketChannel.java:330)
	at io.netty.channel.nio.AbstractNioChannel$AbstractNioUnsafe.finishConnect(AbstractNioChannel.java:334)
	at io.netty.channel.nio.NioEventLoop.processSelectedKey(NioEventLoop.java:707)
	at io.netty.channel.nio.NioEventLoop.processSelectedKeysOptimized(NioEventLoop.java:655)
	at io.netty.channel.nio.NioEventLoop.processSelectedKeys(NioEventLoop.java:581)
	at io.netty.channel.nio.NioEventLoop.run(NioEventLoop.java:493)
	at io.netty.util.concurrent.SingleThreadEventExecutor$4.run(SingleThreadEventExecutor.java:989)
	at io.netty.util.internal.ThreadExecutorMap$2.run(ThreadExecutorMap.java:74)
	at io.netty.util.concurrent.FastThreadLocalRunnable.run(FastThreadLocalRunnable.java:30)
	at java.base/java.lang.Thread.run(Thread.java:829)
2026-02-21 02:59:48.003 - [WARN ] - esl
org.freeswitch.esl.client.inbound.InboundConnectionException: Could not connect to /61.158.166.44:8021
	at org.freeswitch.esl.client.inbound.Client.connect(Client.java:134)
	at cn.psycall.ccmgt.util.FreeSwitchManage.monitor(FreeSwitchManage.java:86)
	at cn.psycall.ccmgt.util.FreeSwitchManage.run(FreeSwitchManage.java:42)
Caused by: io.netty.channel.AbstractChannel$AnnotatedConnectException: Connection refused: /61.158.166.44:8021
Caused by: java.net.ConnectException: Connection refused
	at java.base/sun.nio.ch.SocketChannelImpl.checkConnect(Native Method)
	at java.base/sun.nio.ch.SocketChannelImpl.finishConnect(SocketChannelImpl.java:777)
	at io.netty.channel.socket.nio.NioSocketChannel.doFinishConnect(NioSocketChannel.java:330)
	at io.netty.channel.nio.AbstractNioChannel$AbstractNioUnsafe.finishConnect(AbstractNioChannel.java:334)
	at io.netty.channel.nio.NioEventLoop.processSelectedKey(NioEventLoop.java:707)
	at io.netty.channel.nio.NioEventLoop.processSelectedKeysOptimized(NioEventLoop.java:655)
	at io.netty.channel.nio.NioEventLoop.processSelectedKeys(NioEventLoop.java:581)
	at io.netty.channel.nio.NioEventLoop.run(NioEventLoop.java:493)
	at io.netty.util.concurrent.SingleThreadEventExecutor$4.run(SingleThreadEventExecutor.java:989)
	at io.netty.util.internal.ThreadExecutorMap$2.run(ThreadExecutorMap.java:74)
	at io.netty.util.concurrent.FastThreadLocalRunnable.run(FastThreadLocalRunnable.java:30)
	at java.base/java.lang.Thread.run(Thread.java:829)
2026-02-21 02:59:49.093 - [WARN ] - esl
org.freeswitch.esl.client.inbound.InboundConnectionException: Could not connect to /61.158.166.44:8021
	at org.freeswitch.esl.client.inbound.Client.connect(Client.java:134)
	at cn.psycall.ccmgt.util.FreeSwitchManage.monitor(FreeSwitchManage.java:86)
	at cn.psycall.ccmgt.util.FreeSwitchManage.run(FreeSwitchManage.java:42)
Caused by: io.netty.channel.AbstractChannel$AnnotatedConnectException: Connection refused: /61.158.166.44:8021
Caused by: java.net.ConnectException: Connection refused
	at java.base/sun.nio.ch.SocketChannelImpl.checkConnect(Native Method)
	at java.base/sun.nio.ch.SocketChannelImpl.finishConnect(SocketChannelImpl.java:777)
	at io.netty.channel.socket.nio.NioSocketChannel.doFinishConnect(NioSocketChannel.java:330)
	at io.netty.channel.nio.AbstractNioChannel$AbstractNioUnsafe.finishConnect(AbstractNioChannel.java:334)
	at io.netty.channel.nio.NioEventLoop.processSelectedKey(NioEventLoop.java:707)
	at io.netty.channel.nio.NioEventLoop.processSelectedKeysOptimized(NioEventLoop.java:655)
	at io.netty.channel.nio.NioEventLoop.processSelectedKeys(NioEventLoop.java:581)
	at io.netty.channel.nio.NioEventLoop.run(NioEventLoop.java:493)
	at io.netty.util.concurrent.SingleThreadEventExecutor$4.run(SingleThreadEventExecutor.java:989)
	at io.netty.util.internal.ThreadExecutorMap$2.run(ThreadExecutorMap.java:74)
	at io.netty.util.concurrent.FastThreadLocalRunnable.run(FastThreadLocalRunnable.java:30)
	at java.base/java.lang.Thread.run(Thread.java:829)
2026-02-21 02:59:50.188 - [WARN ] - esl
org.freeswitch.esl.client.inbound.InboundConnectionException: Could not connect to /61.158.166.44:8021
	at org.freeswitch.esl.client.inbound.Client.connect(Client.java:134)
	at cn.psycall.ccmgt.util.FreeSwitchManage.monitor(FreeSwitchManage.java:86)
	at cn.psycall.ccmgt.util.FreeSwitchManage.run(FreeSwitchManage.java:42)
Caused by: io.netty.channel.AbstractChannel$AnnotatedConnectException: Connection refused: /61.158.166.44:8021
Caused by: java.net.ConnectException: Connection refused
	at java.base/sun.nio.ch.SocketChannelImpl.checkConnect(Native Method)
	at java.base/sun.nio.ch.SocketChannelImpl.finishConnect(SocketChannelImpl.java:777)
	at io.netty.channel.socket.nio.NioSocketChannel.doFinishConnect(NioSocketChannel.java:330)
	at io.netty.channel.nio.AbstractNioChannel$AbstractNioUnsafe.finishConnect(AbstractNioChannel.java:334)
	at io.netty.channel.nio.NioEventLoop.processSelectedKey(NioEventLoop.java:707)
	at io.netty.channel.nio.NioEventLoop.processSelectedKeysOptimized(NioEventLoop.java:655)
	at io.netty.channel.nio.NioEventLoop.processSelectedKeys(NioEventLoop.java:581)
	at io.netty.channel.nio.NioEventLoop.run(NioEventLoop.java:493)
	at io.netty.util.concurrent.SingleThreadEventExecutor$4.run(SingleThreadEventExecutor.java:989)
	at io.netty.util.internal.ThreadExecutorMap$2.run(ThreadExecutorMap.java:74)
	at io.netty.util.concurrent.FastThreadLocalRunnable.run(FastThreadLocalRunnable.java:30)
	at java.base/java.lang.Thread.run(Thread.java:829)
2026-02-21 02:59:50.196 - [INFO ] - ESL Client Disconnect ..(61.158.166.45:8021)
2026-02-21 02:59:51.504 - [WARN ] - esl
org.freeswitch.esl.client.inbound.InboundConnectionException: Could not connect to /61.158.166.44:8021
	at org.freeswitch.esl.client.inbound.Client.connect(Client.java:134)
	at cn.psycall.ccmgt.util.FreeSwitchManage.monitor(FreeSwitchManage.java:86)
	at cn.psycall.ccmgt.util.FreeSwitchManage.run(FreeSwitchManage.java:42)
Caused by: io.netty.channel.AbstractChannel$AnnotatedConnectException: Connection refused: /61.158.166.44:8021
Caused by: java.net.ConnectException: Connection refused
	at java.base/sun.nio.ch.SocketChannelImpl.checkConnect(Native Method)
	at java.base/sun.nio.ch.SocketChannelImpl.finishConnect(SocketChannelImpl.java:777)
	at io.netty.channel.socket.nio.NioSocketChannel.doFinishConnect(NioSocketChannel.java:330)
	at io.netty.channel.nio.AbstractNioChannel$AbstractNioUnsafe.finishConnect(AbstractNioChannel.java:334)
	at io.netty.channel.nio.NioEventLoop.processSelectedKey(NioEventLoop.java:707)
	at io.netty.channel.nio.NioEventLoop.processSelectedKeysOptimized(NioEventLoop.java:655)
	at io.netty.channel.nio.NioEventLoop.processSelectedKeys(NioEventLoop.java:581)
	at io.netty.channel.nio.NioEventLoop.run(NioEventLoop.java:493)
	at io.netty.util.concurrent.SingleThreadEventExecutor$4.run(SingleThreadEventExecutor.java:989)
	at io.netty.util.internal.ThreadExecutorMap$2.run(ThreadExecutorMap.java:74)
	at io.netty.util.concurrent.FastThreadLocalRunnable.run(FastThreadLocalRunnable.java:30)
	at java.base/java.lang.Thread.run(Thread.java:829)
2026-02-21 02:59:57.635 - [WARN ] - esl
org.freeswitch.esl.client.inbound.InboundConnectionException: Could not connect to /61.158.166.45:8021
	at org.freeswitch.esl.client.inbound.Client.connect(Client.java:134)
	at cn.psycall.ccmgt.util.FreeSwitchManage.monitor(FreeSwitchManage.java:86)
	at cn.psycall.ccmgt.util.FreeSwitchManage.run(FreeSwitchManage.java:42)
Caused by: io.netty.channel.AbstractChannel$AnnotatedConnectException: Connection refused: /61.158.166.45:8021
Caused by: java.net.ConnectException: Connection refused
	at java.base/sun.nio.ch.SocketChannelImpl.checkConnect(Native Method)
	at java.base/sun.nio.ch.SocketChannelImpl.finishConnect(SocketChannelImpl.java:777)
	at io.netty.channel.socket.nio.NioSocketChannel.doFinishConnect(NioSocketChannel.java:330)
	at io.netty.channel.nio.AbstractNioChannel$AbstractNioUnsafe.finishConnect(AbstractNioChannel.java:334)
	at io.netty.channel.nio.NioEventLoop.processSelectedKey(NioEventLoop.java:707)
	at io.netty.channel.nio.NioEventLoop.processSelectedKeysOptimized(NioEventLoop.java:655)
	at io.netty.channel.nio.NioEventLoop.processSelectedKeys(NioEventLoop.java:581)
	at io.netty.channel.nio.NioEventLoop.run(NioEventLoop.java:493)
	at io.netty.util.concurrent.SingleThreadEventExecutor$4.run(SingleThreadEventExecutor.java:989)
	at io.netty.util.internal.ThreadExecutorMap$2.run(ThreadExecutorMap.java:74)
	at io.netty.util.concurrent.FastThreadLocalRunnable.run(FastThreadLocalRunnable.java:30)
	at java.base/java.lang.Thread.run(Thread.java:829)
2026-02-21 02:59:58.722 - [WARN ] - esl
org.freeswitch.esl.client.inbound.InboundConnectionException: Could not connect to /61.158.166.44:8021
	at org.freeswitch.esl.client.inbound.Client.connect(Client.java:134)
	at cn.psycall.ccmgt.util.FreeSwitchManage.monitor(FreeSwitchManage.java:86)
	at cn.psycall.ccmgt.util.FreeSwitchManage.run(FreeSwitchManage.java:42)
Caused by: io.netty.channel.AbstractChannel$AnnotatedConnectException: Connection refused: /61.158.166.44:8021
Caused by: java.net.ConnectException: Connection refused
	at java.base/sun.nio.ch.SocketChannelImpl.checkConnect(Native Method)
	at java.base/sun.nio.ch.SocketChannelImpl.finishConnect(SocketChannelImpl.java:777)
	at io.netty.channel.socket.nio.NioSocketChannel.doFinishConnect(NioSocketChannel.java:330)
	at io.netty.channel.nio.AbstractNioChannel$AbstractNioUnsafe.finishConnect(AbstractNioChannel.java:334)
	at io.netty.channel.nio.NioEventLoop.processSelectedKey(NioEventLoop.java:707)
	at io.netty.channel.nio.NioEventLoop.processSelectedKeysOptimized(NioEventLoop.java:655)
	at io.netty.channel.nio.NioEventLoop.processSelectedKeys(NioEventLoop.java:581)
	at io.netty.channel.nio.NioEventLoop.run(NioEventLoop.java:493)
	at io.netty.util.concurrent.SingleThreadEventExecutor$4.run(SingleThreadEventExecutor.java:989)
	at io.netty.util.internal.ThreadExecutorMap$2.run(ThreadExecutorMap.java:74)
	at io.netty.util.concurrent.FastThreadLocalRunnable.run(FastThreadLocalRunnable.java:30)
	at java.base/java.lang.Thread.run(Thread.java:829)
2026-02-21 02:59:58.798 - [WARN ] - esl
org.freeswitch.esl.client.inbound.InboundConnectionException: Could not connect to /61.158.166.45:8021
	at org.freeswitch.esl.client.inbound.Client.connect(Client.java:134)
	at cn.psycall.ccmgt.util.FreeSwitchManage.monitor(FreeSwitchManage.java:86)
	at cn.psycall.ccmgt.util.FreeSwitchManage.run(FreeSwitchManage.java:42)
Caused by: io.netty.channel.AbstractChannel$AnnotatedConnectException: Connection refused: /61.158.166.45:8021
Caused by: java.net.ConnectException: Connection refused
	at java.base/sun.nio.ch.SocketChannelImpl.checkConnect(Native Method)
	at java.base/sun.nio.ch.SocketChannelImpl.finishConnect(SocketChannelImpl.java:777)
	at io.netty.channel.socket.nio.NioSocketChannel.doFinishConnect(NioSocketChannel.java:330)
	at io.netty.channel.nio.AbstractNioChannel$AbstractNioUnsafe.finishConnect(AbstractNioChannel.java:334)
	at io.netty.channel.nio.NioEventLoop.processSelectedKey(NioEventLoop.java:707)
	at io.netty.channel.nio.NioEventLoop.processSelectedKeysOptimized(NioEventLoop.java:655)
	at io.netty.channel.nio.NioEventLoop.processSelectedKeys(NioEventLoop.java:581)
	at io.netty.channel.nio.NioEventLoop.run(NioEventLoop.java:493)
	at io.netty.util.concurrent.SingleThreadEventExecutor$4.run(SingleThreadEventExecutor.java:989)
	at io.netty.util.internal.ThreadExecutorMap$2.run(ThreadExecutorMap.java:74)
	at io.netty.util.concurrent.FastThreadLocalRunnable.run(FastThreadLocalRunnable.java:30)
	at java.base/java.lang.Thread.run(Thread.java:829)
2026-02-21 02:59:59.892 - [WARN ] - esl
org.freeswitch.esl.client.inbound.InboundConnectionException: Could not connect to /61.158.166.44:8021
	at org.freeswitch.esl.client.inbound.Client.connect(Client.java:134)
	at cn.psycall.ccmgt.util.FreeSwitchManage.monitor(FreeSwitchManage.java:86)
	at cn.psycall.ccmgt.util.FreeSwitchManage.run(FreeSwitchManage.java:42)
Caused by: io.netty.channel.AbstractChannel$AnnotatedConnectException: Connection refused: /61.158.166.44:8021
Caused by: java.net.ConnectException: Connection refused
	at java.base/sun.nio.ch.SocketChannelImpl.checkConnect(Native Method)
	at java.base/sun.nio.ch.SocketChannelImpl.finishConnect(SocketChannelImpl.java:777)
	at io.netty.channel.socket.nio.NioSocketChannel.doFinishConnect(NioSocketChannel.java:330)
	at io.netty.channel.nio.AbstractNioChannel$AbstractNioUnsafe.finishConnect(AbstractNioChannel.java:334)
	at io.netty.channel.nio.NioEventLoop.processSelectedKey(NioEventLoop.java:707)
	at io.netty.channel.nio.NioEventLoop.processSelectedKeysOptimized(NioEventLoop.java:655)
	at io.netty.channel.nio.NioEventLoop.processSelectedKeys(NioEventLoop.java:581)
	at io.netty.channel.nio.NioEventLoop.run(NioEventLoop.java:493)
	at io.netty.util.concurrent.SingleThreadEventExecutor$4.run(SingleThreadEventExecutor.java:989)
	at io.netty.util.internal.ThreadExecutorMap$2.run(ThreadExecutorMap.java:74)
	at io.netty.util.concurrent.FastThreadLocalRunnable.run(FastThreadLocalRunnable.java:30)
	at java.base/java.lang.Thread.run(Thread.java:829)
2026-02-21 02:59:59.995 - [WARN ] - esl
org.freeswitch.esl.client.inbound.InboundConnectionException: Could not connect to /61.158.166.45:8021
	at org.freeswitch.esl.client.inbound.Client.connect(Client.java:134)
	at cn.psycall.ccmgt.util.FreeSwitchManage.monitor(FreeSwitchManage.java:86)
	at cn.psycall.ccmgt.util.FreeSwitchManage.run(FreeSwitchManage.java:42)
Caused by: io.netty.channel.AbstractChannel$AnnotatedConnectException: Connection refused: /61.158.166.45:8021
Caused by: java.net.ConnectException: Connection refused
	at java.base/sun.nio.ch.SocketChannelImpl.checkConnect(Native Method)
	at java.base/sun.nio.ch.SocketChannelImpl.finishConnect(SocketChannelImpl.java:777)
	at io.netty.channel.socket.nio.NioSocketChannel.doFinishConnect(NioSocketChannel.java:330)
	at io.netty.channel.nio.AbstractNioChannel$AbstractNioUnsafe.finishConnect(AbstractNioChannel.java:334)
	at io.netty.channel.nio.NioEventLoop.processSelectedKey(NioEventLoop.java:707)
	at io.netty.channel.nio.NioEventLoop.processSelectedKeysOptimized(NioEventLoop.java:655)
	at io.netty.channel.nio.NioEventLoop.processSelectedKeys(NioEventLoop.java:581)
	at io.netty.channel.nio.NioEventLoop.run(NioEventLoop.java:493)
	at io.netty.util.concurrent.SingleThreadEventExecutor$4.run(SingleThreadEventExecutor.java:989)
	at io.netty.util.internal.ThreadExecutorMap$2.run(ThreadExecutorMap.java:74)
	at io.netty.util.concurrent.FastThreadLocalRunnable.run(FastThreadLocalRunnable.java:30)
	at java.base/java.lang.Thread.run(Thread.java:829)
2026-02-21 03:00:01.291 - [WARN ] - conn_rabbit_mq
org.springframework.web.client.ResourceAccessException: I/O error on POST request for "http://61.158.166.44:8888/command/conn_rabbit_mq": Connect to 61.158.166.44:8888 [/61.158.166.44] failed: Connection refused (Connection refused); nested exception is org.apache.http.conn.HttpHostConnectException: Connect to 61.158.166.44:8888 [/61.158.166.44] failed: Connection refused (Connection refused)
	at org.springframework.web.client.RestTemplate.doExecute(RestTemplate.java:791)
	at org.springframework.web.client.RestTemplate.execute(RestTemplate.java:717)
	at org.springframework.web.client.RestTemplate.exchange(RestTemplate.java:608)
	at cn.psycall.ccmgt.util.FreeSwitchManage.conn_rabbit_mq(FreeSwitchManage.java:272)
	at cn.psycall.ccmgt.util.FreeSwitchManage.monitor(FreeSwitchManage.java:89)
	at cn.psycall.ccmgt.util.FreeSwitchManage.run(FreeSwitchManage.java:42)
Caused by: org.apache.http.conn.HttpHostConnectException: Connect to 61.158.166.44:8888 [/61.158.166.44] failed: Connection refused (Connection refused)
	at org.apache.http.impl.conn.DefaultHttpClientConnectionOperator.connect(DefaultHttpClientConnectionOperator.java:156)
	at org.apache.http.impl.conn.PoolingHttpClientConnectionManager.connect(PoolingHttpClientConnectionManager.java:376)
	at org.apache.http.impl.execchain.MainClientExec.establishRoute(MainClientExec.java:393)
	at org.apache.http.impl.execchain.MainClientExec.execute(MainClientExec.java:236)
	at org.apache.http.impl.execchain.ProtocolExec.execute(ProtocolExec.java:186)
	at org.apache.http.impl.execchain.RetryExec.execute(RetryExec.java:89)
	at org.apache.http.impl.execchain.RedirectExec.execute(RedirectExec.java:110)
	at org.apache.http.impl.client.InternalHttpClient.doExecute(InternalHttpClient.java:185)
	at org.apache.http.impl.client.CloseableHttpClient.execute(CloseableHttpClient.java:83)
	at org.apache.http.impl.client.CloseableHttpClient.execute(CloseableHttpClient.java:56)
	at org.springframework.http.client.HttpComponentsClientHttpRequest.executeInternal(HttpComponentsClientHttpRequest.java:87)
	at org.springframework.http.client.AbstractBufferingClientHttpRequest.executeInternal(AbstractBufferingClientHttpRequest.java:48)
	at org.springframework.http.client.AbstractClientHttpRequest.execute(AbstractClientHttpRequest.java:66)
	at org.springframework.web.client.RestTemplate.doExecute(RestTemplate.java:782)
	... 5 common frames omitted
Caused by: java.net.ConnectException: Connection refused (Connection refused)
	at java.base/java.net.PlainSocketImpl.socketConnect(Native Method)
	at java.base/java.net.AbstractPlainSocketImpl.doConnect(AbstractPlainSocketImpl.java:412)
	at java.base/java.net.AbstractPlainSocketImpl.connectToAddress(AbstractPlainSocketImpl.java:255)
	at java.base/java.net.AbstractPlainSocketImpl.connect(AbstractPlainSocketImpl.java:237)
	at java.base/java.net.SocksSocketImpl.connect(SocksSocketImpl.java:392)
	at java.base/java.net.Socket.connect(Socket.java:609)
	at org.apache.http.conn.socket.PlainConnectionSocketFactory.connectSocket(PlainConnectionSocketFactory.java:75)
	at org.apache.http.impl.conn.DefaultHttpClientConnectionOperator.connect(DefaultHttpClientConnectionOperator.java:142)
	... 18 common frames omitted
2026-02-21 03:00:01.354 - [WARN ] - esl
org.freeswitch.esl.client.inbound.InboundConnectionException: Could not connect to /61.158.166.45:8021
	at org.freeswitch.esl.client.inbound.Client.connect(Client.java:134)
	at cn.psycall.ccmgt.util.FreeSwitchManage.monitor(FreeSwitchManage.java:86)
	at cn.psycall.ccmgt.util.FreeSwitchManage.run(FreeSwitchManage.java:42)
Caused by: io.netty.channel.AbstractChannel$AnnotatedConnectException: Connection refused: /61.158.166.45:8021
Caused by: java.net.ConnectException: Connection refused
	at java.base/sun.nio.ch.SocketChannelImpl.checkConnect(Native Method)
	at java.base/sun.nio.ch.SocketChannelImpl.finishConnect(SocketChannelImpl.java:777)
	at io.netty.channel.socket.nio.NioSocketChannel.doFinishConnect(NioSocketChannel.java:330)
	at io.netty.channel.nio.AbstractNioChannel$AbstractNioUnsafe.finishConnect(AbstractNioChannel.java:334)
	at io.netty.channel.nio.NioEventLoop.processSelectedKey(NioEventLoop.java:707)
	at io.netty.channel.nio.NioEventLoop.processSelectedKeysOptimized(NioEventLoop.java:655)
	at io.netty.channel.nio.NioEventLoop.processSelectedKeys(NioEventLoop.java:581)
	at io.netty.channel.nio.NioEventLoop.run(NioEventLoop.java:493)
	at io.netty.util.concurrent.SingleThreadEventExecutor$4.run(SingleThreadEventExecutor.java:989)
	at io.netty.util.internal.ThreadExecutorMap$2.run(ThreadExecutorMap.java:74)
	at io.netty.util.concurrent.FastThreadLocalRunnable.run(FastThreadLocalRunnable.java:30)
	at java.base/java.lang.Thread.run(Thread.java:829)
2026-02-21 03:00:02.643 - [WARN ] - conn_rabbit_mq
org.springframework.web.client.ResourceAccessException: I/O error on POST request for "http://61.158.166.44:8888/command/conn_rabbit_mq": Connect to 61.158.166.44:8888 [/61.158.166.44] failed: Connection refused (Connection refused); nested exception is org.apache.http.conn.HttpHostConnectException: Connect to 61.158.166.44:8888 [/61.158.166.44] failed: Connection refused (Connection refused)
	at org.springframework.web.client.RestTemplate.doExecute(RestTemplate.java:791)
	at org.springframework.web.client.RestTemplate.execute(RestTemplate.java:717)
	at org.springframework.web.client.RestTemplate.exchange(RestTemplate.java:608)
	at cn.psycall.ccmgt.util.FreeSwitchManage.conn_rabbit_mq(FreeSwitchManage.java:272)
	at cn.psycall.ccmgt.util.FreeSwitchManage.monitor(FreeSwitchManage.java:89)
	at cn.psycall.ccmgt.util.FreeSwitchManage.run(FreeSwitchManage.java:42)
Caused by: org.apache.http.conn.HttpHostConnectException: Connect to 61.158.166.44:8888 [/61.158.166.44] failed: Connection refused (Connection refused)
	at org.apache.http.impl.conn.DefaultHttpClientConnectionOperator.connect(DefaultHttpClientConnectionOperator.java:156)
	at org.apache.http.impl.conn.PoolingHttpClientConnectionManager.connect(PoolingHttpClientConnectionManager.java:376)
	at org.apache.http.impl.execchain.MainClientExec.establishRoute(MainClientExec.java:393)
	at org.apache.http.impl.execchain.MainClientExec.execute(MainClientExec.java:236)
	at org.apache.http.impl.execchain.ProtocolExec.execute(ProtocolExec.java:186)
	at org.apache.http.impl.execchain.RetryExec.execute(RetryExec.java:89)
	at org.apache.http.impl.execchain.RedirectExec.execute(RedirectExec.java:110)
	at org.apache.http.impl.client.InternalHttpClient.doExecute(InternalHttpClient.java:185)
	at org.apache.http.impl.client.CloseableHttpClient.execute(CloseableHttpClient.java:83)
	at org.apache.http.impl.client.CloseableHttpClient.execute(CloseableHttpClient.java:56)
	at org.springframework.http.client.HttpComponentsClientHttpRequest.executeInternal(HttpComponentsClientHttpRequest.java:87)
	at org.springframework.http.client.AbstractBufferingClientHttpRequest.executeInternal(AbstractBufferingClientHttpRequest.java:48)
	at org.springframework.http.client.AbstractClientHttpRequest.execute(AbstractClientHttpRequest.java:66)
	at org.springframework.web.client.RestTemplate.doExecute(RestTemplate.java:782)
	... 5 common frames omitted
Caused by: java.net.ConnectException: Connection refused (Connection refused)
	at java.base/java.net.PlainSocketImpl.socketConnect(Native Method)
	at java.base/java.net.AbstractPlainSocketImpl.doConnect(AbstractPlainSocketImpl.java:412)
	at java.base/java.net.AbstractPlainSocketImpl.connectToAddress(AbstractPlainSocketImpl.java:255)
	at java.base/java.net.AbstractPlainSocketImpl.connect(AbstractPlainSocketImpl.java:237)
	at java.base/java.net.SocksSocketImpl.connect(SocksSocketImpl.java:392)
	at java.base/java.net.Socket.connect(Socket.java:609)
	at org.apache.http.conn.socket.PlainConnectionSocketFactory.connectSocket(PlainConnectionSocketFactory.java:75)
	at org.apache.http.impl.conn.DefaultHttpClientConnectionOperator.connect(DefaultHttpClientConnectionOperator.java:142)
	... 18 common frames omitted
2026-02-21 03:00:02.725 - [WARN ] - esl
org.freeswitch.esl.client.inbound.InboundConnectionException: Could not connect to /61.158.166.45:8021
	at org.freeswitch.esl.client.inbound.Client.connect(Client.java:134)
	at cn.psycall.ccmgt.util.FreeSwitchManage.monitor(FreeSwitchManage.java:86)
	at cn.psycall.ccmgt.util.FreeSwitchManage.run(FreeSwitchManage.java:42)
Caused by: io.netty.channel.AbstractChannel$AnnotatedConnectException: Connection refused: /61.158.166.45:8021
Caused by: java.net.ConnectException: Connection refused
	at java.base/sun.nio.ch.SocketChannelImpl.checkConnect(Native Method)
	at java.base/sun.nio.ch.SocketChannelImpl.finishConnect(SocketChannelImpl.java:777)
	at io.netty.channel.socket.nio.NioSocketChannel.doFinishConnect(NioSocketChannel.java:330)
	at io.netty.channel.nio.AbstractNioChannel$AbstractNioUnsafe.finishConnect(AbstractNioChannel.java:334)
	at io.netty.channel.nio.NioEventLoop.processSelectedKey(NioEventLoop.java:707)
	at io.netty.channel.nio.NioEventLoop.processSelectedKeysOptimized(NioEventLoop.java:655)
	at io.netty.channel.nio.NioEventLoop.processSelectedKeys(NioEventLoop.java:581)
	at io.netty.channel.nio.NioEventLoop.run(NioEventLoop.java:493)
	at io.netty.util.concurrent.SingleThreadEventExecutor$4.run(SingleThreadEventExecutor.java:989)
	at io.netty.util.internal.ThreadExecutorMap$2.run(ThreadExecutorMap.java:74)
	at io.netty.util.concurrent.FastThreadLocalRunnable.run(FastThreadLocalRunnable.java:30)
	at java.base/java.lang.Thread.run(Thread.java:829)
2026-02-21 03:00:04.249 - [WARN ] - esl
org.freeswitch.esl.client.inbound.InboundConnectionException: Could not connect to /61.158.166.45:8021
	at org.freeswitch.esl.client.inbound.Client.connect(Client.java:134)
	at cn.psycall.ccmgt.util.FreeSwitchManage.monitor(FreeSwitchManage.java:86)
	at cn.psycall.ccmgt.util.FreeSwitchManage.run(FreeSwitchManage.java:42)
Caused by: io.netty.channel.AbstractChannel$AnnotatedConnectException: Connection refused: /61.158.166.45:8021
Caused by: java.net.ConnectException: Connection refused
	at java.base/sun.nio.ch.SocketChannelImpl.checkConnect(Native Method)
	at java.base/sun.nio.ch.SocketChannelImpl.finishConnect(SocketChannelImpl.java:777)
	at io.netty.channel.socket.nio.NioSocketChannel.doFinishConnect(NioSocketChannel.java:330)
	at io.netty.channel.nio.AbstractNioChannel$AbstractNioUnsafe.finishConnect(AbstractNioChannel.java:334)
	at io.netty.channel.nio.NioEventLoop.processSelectedKey(NioEventLoop.java:707)
	at io.netty.channel.nio.NioEventLoop.processSelectedKeysOptimized(NioEventLoop.java:655)
	at io.netty.channel.nio.NioEventLoop.processSelectedKeys(NioEventLoop.java:581)
	at io.netty.channel.nio.NioEventLoop.run(NioEventLoop.java:493)
	at io.netty.util.concurrent.SingleThreadEventExecutor$4.run(SingleThreadEventExecutor.java:989)
	at io.netty.util.internal.ThreadExecutorMap$2.run(ThreadExecutorMap.java:74)
	at io.netty.util.concurrent.FastThreadLocalRunnable.run(FastThreadLocalRunnable.java:30)
	at java.base/java.lang.Thread.run(Thread.java:829)
2026-02-21 03:00:05.628 - [WARN ] - esl
org.freeswitch.esl.client.inbound.InboundConnectionException: Could not connect to /61.158.166.45:8021
	at org.freeswitch.esl.client.inbound.Client.connect(Client.java:134)
	at cn.psycall.ccmgt.util.FreeSwitchManage.monitor(FreeSwitchManage.java:86)
	at cn.psycall.ccmgt.util.FreeSwitchManage.run(FreeSwitchManage.java:42)
Caused by: io.netty.channel.AbstractChannel$AnnotatedConnectException: Connection refused: /61.158.166.45:8021
Caused by: java.net.ConnectException: Connection refused
	at java.base/sun.nio.ch.SocketChannelImpl.checkConnect(Native Method)
	at java.base/sun.nio.ch.SocketChannelImpl.finishConnect(SocketChannelImpl.java:777)
	at io.netty.channel.socket.nio.NioSocketChannel.doFinishConnect(NioSocketChannel.java:330)
	at io.netty.channel.nio.AbstractNioChannel$AbstractNioUnsafe.finishConnect(AbstractNioChannel.java:334)
	at io.netty.channel.nio.NioEventLoop.processSelectedKey(NioEventLoop.java:707)
	at io.netty.channel.nio.NioEventLoop.processSelectedKeysOptimized(NioEventLoop.java:655)
	at io.netty.channel.nio.NioEventLoop.processSelectedKeys(NioEventLoop.java:581)
	at io.netty.channel.nio.NioEventLoop.run(NioEventLoop.java:493)
	at io.netty.util.concurrent.SingleThreadEventExecutor$4.run(SingleThreadEventExecutor.java:989)
	at io.netty.util.internal.ThreadExecutorMap$2.run(ThreadExecutorMap.java:74)
	at io.netty.util.concurrent.FastThreadLocalRunnable.run(FastThreadLocalRunnable.java:30)
	at java.base/java.lang.Thread.run(Thread.java:829)
2026-02-21 03:00:06.985 - [WARN ] - esl
org.freeswitch.esl.client.inbound.InboundConnectionException: Could not connect to /61.158.166.45:8021
	at org.freeswitch.esl.client.inbound.Client.connect(Client.java:134)
	at cn.psycall.ccmgt.util.FreeSwitchManage.monitor(FreeSwitchManage.java:86)
	at cn.psycall.ccmgt.util.FreeSwitchManage.run(FreeSwitchManage.java:42)
Caused by: io.netty.channel.AbstractChannel$AnnotatedConnectException: Connection refused: /61.158.166.45:8021
Caused by: java.net.ConnectException: Connection refused
	at java.base/sun.nio.ch.SocketChannelImpl.checkConnect(Native Method)
	at java.base/sun.nio.ch.SocketChannelImpl.finishConnect(SocketChannelImpl.java:777)
	at io.netty.channel.socket.nio.NioSocketChannel.doFinishConnect(NioSocketChannel.java:330)
	at io.netty.channel.nio.AbstractNioChannel$AbstractNioUnsafe.finishConnect(AbstractNioChannel.java:334)
	at io.netty.channel.nio.NioEventLoop.processSelectedKey(NioEventLoop.java:707)
	at io.netty.channel.nio.NioEventLoop.processSelectedKeysOptimized(NioEventLoop.java:655)
	at io.netty.channel.nio.NioEventLoop.processSelectedKeys(NioEventLoop.java:581)
	at io.netty.channel.nio.NioEventLoop.run(NioEventLoop.java:493)
	at io.netty.util.concurrent.SingleThreadEventExecutor$4.run(SingleThreadEventExecutor.java:989)
	at io.netty.util.internal.ThreadExecutorMap$2.run(ThreadExecutorMap.java:74)
	at io.netty.util.concurrent.FastThreadLocalRunnable.run(FastThreadLocalRunnable.java:30)
	at java.base/java.lang.Thread.run(Thread.java:829)
2026-02-21 03:00:08.359 - [WARN ] - esl
org.freeswitch.esl.client.inbound.InboundConnectionException: Could not connect to /61.158.166.45:8021
	at org.freeswitch.esl.client.inbound.Client.connect(Client.java:134)
	at cn.psycall.ccmgt.util.FreeSwitchManage.monitor(FreeSwitchManage.java:86)
	at cn.psycall.ccmgt.util.FreeSwitchManage.run(FreeSwitchManage.java:42)
Caused by: io.netty.channel.AbstractChannel$AnnotatedConnectException: Connection refused: /61.158.166.45:8021
Caused by: java.net.ConnectException: Connection refused
	at java.base/sun.nio.ch.SocketChannelImpl.checkConnect(Native Method)
	at java.base/sun.nio.ch.SocketChannelImpl.finishConnect(SocketChannelImpl.java:777)
	at io.netty.channel.socket.nio.NioSocketChannel.doFinishConnect(NioSocketChannel.java:330)
	at io.netty.channel.nio.AbstractNioChannel$AbstractNioUnsafe.finishConnect(AbstractNioChannel.java:334)
	at io.netty.channel.nio.NioEventLoop.processSelectedKey(NioEventLoop.java:707)
	at io.netty.channel.nio.NioEventLoop.processSelectedKeysOptimized(NioEventLoop.java:655)
	at io.netty.channel.nio.NioEventLoop.processSelectedKeys(NioEventLoop.java:581)
	at io.netty.channel.nio.NioEventLoop.run(NioEventLoop.java:493)
	at io.netty.util.concurrent.SingleThreadEventExecutor$4.run(SingleThreadEventExecutor.java:989)
	at io.netty.util.internal.ThreadExecutorMap$2.run(ThreadExecutorMap.java:74)
	at io.netty.util.concurrent.FastThreadLocalRunnable.run(FastThreadLocalRunnable.java:30)
	at java.base/java.lang.Thread.run(Thread.java:829)
2026-02-21 03:00:09.724 - [WARN ] - esl
org.freeswitch.esl.client.inbound.InboundConnectionException: Could not connect to /61.158.166.45:8021
	at org.freeswitch.esl.client.inbound.Client.connect(Client.java:134)
	at cn.psycall.ccmgt.util.FreeSwitchManage.monitor(FreeSwitchManage.java:86)
	at cn.psycall.ccmgt.util.FreeSwitchManage.run(FreeSwitchManage.java:42)
Caused by: io.netty.channel.AbstractChannel$AnnotatedConnectException: Connection refused: /61.158.166.45:8021
Caused by: java.net.ConnectException: Connection refused
	at java.base/sun.nio.ch.SocketChannelImpl.checkConnect(Native Method)
	at java.base/sun.nio.ch.SocketChannelImpl.finishConnect(SocketChannelImpl.java:777)
	at io.netty.channel.socket.nio.NioSocketChannel.doFinishConnect(NioSocketChannel.java:330)
	at io.netty.channel.nio.AbstractNioChannel$AbstractNioUnsafe.finishConnect(AbstractNioChannel.java:334)
	at io.netty.channel.nio.NioEventLoop.processSelectedKey(NioEventLoop.java:707)
	at io.netty.channel.nio.NioEventLoop.processSelectedKeysOptimized(NioEventLoop.java:655)
	at io.netty.channel.nio.NioEventLoop.processSelectedKeys(NioEventLoop.java:581)
	at io.netty.channel.nio.NioEventLoop.run(NioEventLoop.java:493)
	at io.netty.util.concurrent.SingleThreadEventExecutor$4.run(SingleThreadEventExecutor.java:989)
	at io.netty.util.internal.ThreadExecutorMap$2.run(ThreadExecutorMap.java:74)
	at io.netty.util.concurrent.FastThreadLocalRunnable.run(FastThreadLocalRunnable.java:30)
	at java.base/java.lang.Thread.run(Thread.java:829)
2026-02-21 03:00:11.091 - [WARN ] - esl
org.freeswitch.esl.client.inbound.InboundConnectionException: Could not connect to /61.158.166.45:8021
	at org.freeswitch.esl.client.inbound.Client.connect(Client.java:134)
	at cn.psycall.ccmgt.util.FreeSwitchManage.monitor(FreeSwitchManage.java:86)
	at cn.psycall.ccmgt.util.FreeSwitchManage.run(FreeSwitchManage.java:42)
Caused by: io.netty.channel.AbstractChannel$AnnotatedConnectException: Connection refused: /61.158.166.45:8021
Caused by: java.net.ConnectException: Connection refused
	at java.base/sun.nio.ch.SocketChannelImpl.checkConnect(Native Method)
	at java.base/sun.nio.ch.SocketChannelImpl.finishConnect(SocketChannelImpl.java:777)
	at io.netty.channel.socket.nio.NioSocketChannel.doFinishConnect(NioSocketChannel.java:330)
	at io.netty.channel.nio.AbstractNioChannel$AbstractNioUnsafe.finishConnect(AbstractNioChannel.java:334)
	at io.netty.channel.nio.NioEventLoop.processSelectedKey(NioEventLoop.java:707)
	at io.netty.channel.nio.NioEventLoop.processSelectedKeysOptimized(NioEventLoop.java:655)
	at io.netty.channel.nio.NioEventLoop.processSelectedKeys(NioEventLoop.java:581)
	at io.netty.channel.nio.NioEventLoop.run(NioEventLoop.java:493)
	at io.netty.util.concurrent.SingleThreadEventExecutor$4.run(SingleThreadEventExecutor.java:989)
	at io.netty.util.internal.ThreadExecutorMap$2.run(ThreadExecutorMap.java:74)
	at io.netty.util.concurrent.FastThreadLocalRunnable.run(FastThreadLocalRunnable.java:30)
	at java.base/java.lang.Thread.run(Thread.java:829)
2026-02-21 03:00:12.466 - [WARN ] - esl
org.freeswitch.esl.client.inbound.InboundConnectionException: Could not connect to /61.158.166.45:8021
	at org.freeswitch.esl.client.inbound.Client.connect(Client.java:134)
	at cn.psycall.ccmgt.util.FreeSwitchManage.monitor(FreeSwitchManage.java:86)
	at cn.psycall.ccmgt.util.FreeSwitchManage.run(FreeSwitchManage.java:42)
Caused by: io.netty.channel.AbstractChannel$AnnotatedConnectException: Connection refused: /61.158.166.45:8021
Caused by: java.net.ConnectException: Connection refused
	at java.base/sun.nio.ch.SocketChannelImpl.checkConnect(Native Method)
	at java.base/sun.nio.ch.SocketChannelImpl.finishConnect(SocketChannelImpl.java:777)
	at io.netty.channel.socket.nio.NioSocketChannel.doFinishConnect(NioSocketChannel.java:330)
	at io.netty.channel.nio.AbstractNioChannel$AbstractNioUnsafe.finishConnect(AbstractNioChannel.java:334)
	at io.netty.channel.nio.NioEventLoop.processSelectedKey(NioEventLoop.java:707)
	at io.netty.channel.nio.NioEventLoop.processSelectedKeysOptimized(NioEventLoop.java:655)
	at io.netty.channel.nio.NioEventLoop.processSelectedKeys(NioEventLoop.java:581)
	at io.netty.channel.nio.NioEventLoop.run(NioEventLoop.java:493)
	at io.netty.util.concurrent.SingleThreadEventExecutor$4.run(SingleThreadEventExecutor.java:989)
	at io.netty.util.internal.ThreadExecutorMap$2.run(ThreadExecutorMap.java:74)
	at io.netty.util.concurrent.FastThreadLocalRunnable.run(FastThreadLocalRunnable.java:30)
	at java.base/java.lang.Thread.run(Thread.java:829)
2026-02-21 03:00:13.867 - [INFO ] - internal->61.158.166.44:5060
2026-02-21 03:00:13.867 - [INFO ] - ESL Client connected ..(61.158.166.44:8021[83fd1317-9f8e-42b5-832b-13daf9fcc616])
2026-02-21 03:00:14.635 - [INFO ] - internal_sip_port->5060
2026-02-21 03:00:14.635 - [INFO ] - external_sip_port->5080
2026-02-21 03:00:20.210 - [INFO ] - fs[83fd1317-9f8e-42b5-832b-13daf9fcc616] CallThread start
2026-02-21 03:00:20.291 - [WARN ] - esl
org.freeswitch.esl.client.inbound.InboundConnectionException: Could not connect to /61.158.166.45:8021
	at org.freeswitch.esl.client.inbound.Client.connect(Client.java:134)
	at cn.psycall.ccmgt.util.FreeSwitchManage.monitor(FreeSwitchManage.java:86)
	at cn.psycall.ccmgt.util.FreeSwitchManage.run(FreeSwitchManage.java:42)
Caused by: io.netty.channel.AbstractChannel$AnnotatedConnectException: Connection refused: /61.158.166.45:8021
Caused by: java.net.ConnectException: Connection refused
	at java.base/sun.nio.ch.SocketChannelImpl.checkConnect(Native Method)
	at java.base/sun.nio.ch.SocketChannelImpl.finishConnect(SocketChannelImpl.java:777)
	at io.netty.channel.socket.nio.NioSocketChannel.doFinishConnect(NioSocketChannel.java:330)
	at io.netty.channel.nio.AbstractNioChannel$AbstractNioUnsafe.finishConnect(AbstractNioChannel.java:334)
	at io.netty.channel.nio.NioEventLoop.processSelectedKey(NioEventLoop.java:707)
	at io.netty.channel.nio.NioEventLoop.processSelectedKeysOptimized(NioEventLoop.java:655)
	at io.netty.channel.nio.NioEventLoop.processSelectedKeys(NioEventLoop.java:581)
	at io.netty.channel.nio.NioEventLoop.run(NioEventLoop.java:493)
	at io.netty.util.concurrent.SingleThreadEventExecutor$4.run(SingleThreadEventExecutor.java:989)
	at io.netty.util.internal.ThreadExecutorMap$2.run(ThreadExecutorMap.java:74)
	at io.netty.util.concurrent.FastThreadLocalRunnable.run(FastThreadLocalRunnable.java:30)
	at java.base/java.lang.Thread.run(Thread.java:829)
2026-02-21 03:00:21.375 - [WARN ] - esl
org.freeswitch.esl.client.inbound.InboundConnectionException: Could not connect to /61.158.166.45:8021
	at org.freeswitch.esl.client.inbound.Client.connect(Client.java:134)
	at cn.psycall.ccmgt.util.FreeSwitchManage.monitor(FreeSwitchManage.java:86)
	at cn.psycall.ccmgt.util.FreeSwitchManage.run(FreeSwitchManage.java:42)
Caused by: io.netty.channel.AbstractChannel$AnnotatedConnectException: Connection refused: /61.158.166.45:8021
Caused by: java.net.ConnectException: Connection refused
	at java.base/sun.nio.ch.SocketChannelImpl.checkConnect(Native Method)
	at java.base/sun.nio.ch.SocketChannelImpl.finishConnect(SocketChannelImpl.java:777)
	at io.netty.channel.socket.nio.NioSocketChannel.doFinishConnect(NioSocketChannel.java:330)
	at io.netty.channel.nio.AbstractNioChannel$AbstractNioUnsafe.finishConnect(AbstractNioChannel.java:334)
	at io.netty.channel.nio.NioEventLoop.processSelectedKey(NioEventLoop.java:707)
	at io.netty.channel.nio.NioEventLoop.processSelectedKeysOptimized(NioEventLoop.java:655)
	at io.netty.channel.nio.NioEventLoop.processSelectedKeys(NioEventLoop.java:581)
	at io.netty.channel.nio.NioEventLoop.run(NioEventLoop.java:493)
	at io.netty.util.concurrent.SingleThreadEventExecutor$4.run(SingleThreadEventExecutor.java:989)
	at io.netty.util.internal.ThreadExecutorMap$2.run(ThreadExecutorMap.java:74)
	at io.netty.util.concurrent.FastThreadLocalRunnable.run(FastThreadLocalRunnable.java:30)
	at java.base/java.lang.Thread.run(Thread.java:829)
2026-02-21 03:00:22.456 - [WARN ] - esl
org.freeswitch.esl.client.inbound.InboundConnectionException: Could not connect to /61.158.166.45:8021
	at org.freeswitch.esl.client.inbound.Client.connect(Client.java:134)
	at cn.psycall.ccmgt.util.FreeSwitchManage.monitor(FreeSwitchManage.java:86)
	at cn.psycall.ccmgt.util.FreeSwitchManage.run(FreeSwitchManage.java:42)
Caused by: io.netty.channel.AbstractChannel$AnnotatedConnectException: Connection refused: /61.158.166.45:8021
Caused by: java.net.ConnectException: Connection refused
	at java.base/sun.nio.ch.SocketChannelImpl.checkConnect(Native Method)
	at java.base/sun.nio.ch.SocketChannelImpl.finishConnect(SocketChannelImpl.java:777)
	at io.netty.channel.socket.nio.NioSocketChannel.doFinishConnect(NioSocketChannel.java:330)
	at io.netty.channel.nio.AbstractNioChannel$AbstractNioUnsafe.finishConnect(AbstractNioChannel.java:334)
	at io.netty.channel.nio.NioEventLoop.processSelectedKey(NioEventLoop.java:707)
	at io.netty.channel.nio.NioEventLoop.processSelectedKeysOptimized(NioEventLoop.java:655)
	at io.netty.channel.nio.NioEventLoop.processSelectedKeys(NioEventLoop.java:581)
	at io.netty.channel.nio.NioEventLoop.run(NioEventLoop.java:493)
	at io.netty.util.concurrent.SingleThreadEventExecutor$4.run(SingleThreadEventExecutor.java:989)
	at io.netty.util.internal.ThreadExecutorMap$2.run(ThreadExecutorMap.java:74)
	at io.netty.util.concurrent.FastThreadLocalRunnable.run(FastThreadLocalRunnable.java:30)
	at java.base/java.lang.Thread.run(Thread.java:829)
2026-02-21 03:00:23.542 - [WARN ] - esl
org.freeswitch.esl.client.inbound.InboundConnectionException: Could not connect to /61.158.166.45:8021
	at org.freeswitch.esl.client.inbound.Client.connect(Client.java:134)
	at cn.psycall.ccmgt.util.FreeSwitchManage.monitor(FreeSwitchManage.java:86)
	at cn.psycall.ccmgt.util.FreeSwitchManage.run(FreeSwitchManage.java:42)
Caused by: io.netty.channel.AbstractChannel$AnnotatedConnectException: Connection refused: /61.158.166.45:8021
Caused by: java.net.ConnectException: Connection refused
	at java.base/sun.nio.ch.SocketChannelImpl.checkConnect(Native Method)
	at java.base/sun.nio.ch.SocketChannelImpl.finishConnect(SocketChannelImpl.java:777)
	at io.netty.channel.socket.nio.NioSocketChannel.doFinishConnect(NioSocketChannel.java:330)
	at io.netty.channel.nio.AbstractNioChannel$AbstractNioUnsafe.finishConnect(AbstractNioChannel.java:334)
	at io.netty.channel.nio.NioEventLoop.processSelectedKey(NioEventLoop.java:707)
	at io.netty.channel.nio.NioEventLoop.processSelectedKeysOptimized(NioEventLoop.java:655)
	at io.netty.channel.nio.NioEventLoop.processSelectedKeys(NioEventLoop.java:581)
	at io.netty.channel.nio.NioEventLoop.run(NioEventLoop.java:493)
	at io.netty.util.concurrent.SingleThreadEventExecutor$4.run(SingleThreadEventExecutor.java:989)
	at io.netty.util.internal.ThreadExecutorMap$2.run(ThreadExecutorMap.java:74)
	at io.netty.util.concurrent.FastThreadLocalRunnable.run(FastThreadLocalRunnable.java:30)
	at java.base/java.lang.Thread.run(Thread.java:829)
2026-02-21 03:00:24.627 - [WARN ] - esl
org.freeswitch.esl.client.inbound.InboundConnectionException: Could not connect to /61.158.166.45:8021
	at org.freeswitch.esl.client.inbound.Client.connect(Client.java:134)
	at cn.psycall.ccmgt.util.FreeSwitchManage.monitor(FreeSwitchManage.java:86)
	at cn.psycall.ccmgt.util.FreeSwitchManage.run(FreeSwitchManage.java:42)
Caused by: io.netty.channel.AbstractChannel$AnnotatedConnectException: Connection refused: /61.158.166.45:8021
Caused by: java.net.ConnectException: Connection refused
	at java.base/sun.nio.ch.SocketChannelImpl.checkConnect(Native Method)
	at java.base/sun.nio.ch.SocketChannelImpl.finishConnect(SocketChannelImpl.java:777)
	at io.netty.channel.socket.nio.NioSocketChannel.doFinishConnect(NioSocketChannel.java:330)
	at io.netty.channel.nio.AbstractNioChannel$AbstractNioUnsafe.finishConnect(AbstractNioChannel.java:334)
	at io.netty.channel.nio.NioEventLoop.processSelectedKey(NioEventLoop.java:707)
	at io.netty.channel.nio.NioEventLoop.processSelectedKeysOptimized(NioEventLoop.java:655)
	at io.netty.channel.nio.NioEventLoop.processSelectedKeys(NioEventLoop.java:581)
	at io.netty.channel.nio.NioEventLoop.run(NioEventLoop.java:493)
	at io.netty.util.concurrent.SingleThreadEventExecutor$4.run(SingleThreadEventExecutor.java:989)
	at io.netty.util.internal.ThreadExecutorMap$2.run(ThreadExecutorMap.java:74)
	at io.netty.util.concurrent.FastThreadLocalRunnable.run(FastThreadLocalRunnable.java:30)
	at java.base/java.lang.Thread.run(Thread.java:829)
2026-02-21 03:00:25.711 - [WARN ] - esl
org.freeswitch.esl.client.inbound.InboundConnectionException: Could not connect to /61.158.166.45:8021
	at org.freeswitch.esl.client.inbound.Client.connect(Client.java:134)
	at cn.psycall.ccmgt.util.FreeSwitchManage.monitor(FreeSwitchManage.java:86)
	at cn.psycall.ccmgt.util.FreeSwitchManage.run(FreeSwitchManage.java:42)
Caused by: io.netty.channel.AbstractChannel$AnnotatedConnectException: Connection refused: /61.158.166.45:8021
Caused by: java.net.ConnectException: Connection refused
	at java.base/sun.nio.ch.SocketChannelImpl.checkConnect(Native Method)
	at java.base/sun.nio.ch.SocketChannelImpl.finishConnect(SocketChannelImpl.java:777)
	at io.netty.channel.socket.nio.NioSocketChannel.doFinishConnect(NioSocketChannel.java:330)
	at io.netty.channel.nio.AbstractNioChannel$AbstractNioUnsafe.finishConnect(AbstractNioChannel.java:334)
	at io.netty.channel.nio.NioEventLoop.processSelectedKey(NioEventLoop.java:707)
	at io.netty.channel.nio.NioEventLoop.processSelectedKeysOptimized(NioEventLoop.java:655)
	at io.netty.channel.nio.NioEventLoop.processSelectedKeys(NioEventLoop.java:581)
	at io.netty.channel.nio.NioEventLoop.run(NioEventLoop.java:493)
	at io.netty.util.concurrent.SingleThreadEventExecutor$4.run(SingleThreadEventExecutor.java:989)
	at io.netty.util.internal.ThreadExecutorMap$2.run(ThreadExecutorMap.java:74)
	at io.netty.util.concurrent.FastThreadLocalRunnable.run(FastThreadLocalRunnable.java:30)
	at java.base/java.lang.Thread.run(Thread.java:829)
2026-02-21 03:00:26.790 - [WARN ] - esl
org.freeswitch.esl.client.inbound.InboundConnectionException: Could not connect to /61.158.166.45:8021
	at org.freeswitch.esl.client.inbound.Client.connect(Client.java:134)
	at cn.psycall.ccmgt.util.FreeSwitchManage.monitor(FreeSwitchManage.java:86)
	at cn.psycall.ccmgt.util.FreeSwitchManage.run(FreeSwitchManage.java:42)
Caused by: io.netty.channel.AbstractChannel$AnnotatedConnectException: Connection refused: /61.158.166.45:8021
Caused by: java.net.ConnectException: Connection refused
	at java.base/sun.nio.ch.SocketChannelImpl.checkConnect(Native Method)
	at java.base/sun.nio.ch.SocketChannelImpl.finishConnect(SocketChannelImpl.java:777)
	at io.netty.channel.socket.nio.NioSocketChannel.doFinishConnect(NioSocketChannel.java:330)
	at io.netty.channel.nio.AbstractNioChannel$AbstractNioUnsafe.finishConnect(AbstractNioChannel.java:334)
	at io.netty.channel.nio.NioEventLoop.processSelectedKey(NioEventLoop.java:707)
	at io.netty.channel.nio.NioEventLoop.processSelectedKeysOptimized(NioEventLoop.java:655)
	at io.netty.channel.nio.NioEventLoop.processSelectedKeys(NioEventLoop.java:581)
	at io.netty.channel.nio.NioEventLoop.run(NioEventLoop.java:493)
	at io.netty.util.concurrent.SingleThreadEventExecutor$4.run(SingleThreadEventExecutor.java:989)
	at io.netty.util.internal.ThreadExecutorMap$2.run(ThreadExecutorMap.java:74)
	at io.netty.util.concurrent.FastThreadLocalRunnable.run(FastThreadLocalRunnable.java:30)
	at java.base/java.lang.Thread.run(Thread.java:829)
2026-02-21 03:00:27.876 - [WARN ] - esl
org.freeswitch.esl.client.inbound.InboundConnectionException: Could not connect to /61.158.166.45:8021
	at org.freeswitch.esl.client.inbound.Client.connect(Client.java:134)
	at cn.psycall.ccmgt.util.FreeSwitchManage.monitor(FreeSwitchManage.java:86)
	at cn.psycall.ccmgt.util.FreeSwitchManage.run(FreeSwitchManage.java:42)
Caused by: io.netty.channel.AbstractChannel$AnnotatedConnectException: Connection refused: /61.158.166.45:8021
Caused by: java.net.ConnectException: Connection refused
	at java.base/sun.nio.ch.SocketChannelImpl.checkConnect(Native Method)
	at java.base/sun.nio.ch.SocketChannelImpl.finishConnect(SocketChannelImpl.java:777)
	at io.netty.channel.socket.nio.NioSocketChannel.doFinishConnect(NioSocketChannel.java:330)
	at io.netty.channel.nio.AbstractNioChannel$AbstractNioUnsafe.finishConnect(AbstractNioChannel.java:334)
	at io.netty.channel.nio.NioEventLoop.processSelectedKey(NioEventLoop.java:707)
	at io.netty.channel.nio.NioEventLoop.processSelectedKeysOptimized(NioEventLoop.java:655)
	at io.netty.channel.nio.NioEventLoop.processSelectedKeys(NioEventLoop.java:581)
	at io.netty.channel.nio.NioEventLoop.run(NioEventLoop.java:493)
	at io.netty.util.concurrent.SingleThreadEventExecutor$4.run(SingleThreadEventExecutor.java:989)
	at io.netty.util.internal.ThreadExecutorMap$2.run(ThreadExecutorMap.java:74)
	at io.netty.util.concurrent.FastThreadLocalRunnable.run(FastThreadLocalRunnable.java:30)
	at java.base/java.lang.Thread.run(Thread.java:829)
2026-02-21 03:00:28.956 - [WARN ] - esl
org.freeswitch.esl.client.inbound.InboundConnectionException: Could not connect to /61.158.166.45:8021
	at org.freeswitch.esl.client.inbound.Client.connect(Client.java:134)
	at cn.psycall.ccmgt.util.FreeSwitchManage.monitor(FreeSwitchManage.java:86)
	at cn.psycall.ccmgt.util.FreeSwitchManage.run(FreeSwitchManage.java:42)
Caused by: io.netty.channel.AbstractChannel$AnnotatedConnectException: Connection refused: /61.158.166.45:8021
Caused by: java.net.ConnectException: Connection refused
	at java.base/sun.nio.ch.SocketChannelImpl.checkConnect(Native Method)
	at java.base/sun.nio.ch.SocketChannelImpl.finishConnect(SocketChannelImpl.java:777)
	at io.netty.channel.socket.nio.NioSocketChannel.doFinishConnect(NioSocketChannel.java:330)
	at io.netty.channel.nio.AbstractNioChannel$AbstractNioUnsafe.finishConnect(AbstractNioChannel.java:334)
	at io.netty.channel.nio.NioEventLoop.processSelectedKey(NioEventLoop.java:707)
	at io.netty.channel.nio.NioEventLoop.processSelectedKeysOptimized(NioEventLoop.java:655)
	at io.netty.channel.nio.NioEventLoop.processSelectedKeys(NioEventLoop.java:581)
	at io.netty.channel.nio.NioEventLoop.run(NioEventLoop.java:493)
	at io.netty.util.concurrent.SingleThreadEventExecutor$4.run(SingleThreadEventExecutor.java:989)
	at io.netty.util.internal.ThreadExecutorMap$2.run(ThreadExecutorMap.java:74)
	at io.netty.util.concurrent.FastThreadLocalRunnable.run(FastThreadLocalRunnable.java:30)
	at java.base/java.lang.Thread.run(Thread.java:829)
2026-02-21 03:00:30.033 - [WARN ] - esl
org.freeswitch.esl.client.inbound.InboundConnectionException: Could not connect to /61.158.166.45:8021
	at org.freeswitch.esl.client.inbound.Client.connect(Client.java:134)
	at cn.psycall.ccmgt.util.FreeSwitchManage.monitor(FreeSwitchManage.java:86)
	at cn.psycall.ccmgt.util.FreeSwitchManage.run(FreeSwitchManage.java:42)
Caused by: io.netty.channel.AbstractChannel$AnnotatedConnectException: Connection refused: /61.158.166.45:8021
Caused by: java.net.ConnectException: Connection refused
	at java.base/sun.nio.ch.SocketChannelImpl.checkConnect(Native Method)
	at java.base/sun.nio.ch.SocketChannelImpl.finishConnect(SocketChannelImpl.java:777)
	at io.netty.channel.socket.nio.NioSocketChannel.doFinishConnect(NioSocketChannel.java:330)
	at io.netty.channel.nio.AbstractNioChannel$AbstractNioUnsafe.finishConnect(AbstractNioChannel.java:334)
	at io.netty.channel.nio.NioEventLoop.processSelectedKey(NioEventLoop.java:707)
	at io.netty.channel.nio.NioEventLoop.processSelectedKeysOptimized(NioEventLoop.java:655)
	at io.netty.channel.nio.NioEventLoop.processSelectedKeys(NioEventLoop.java:581)
	at io.netty.channel.nio.NioEventLoop.run(NioEventLoop.java:493)
	at io.netty.util.concurrent.SingleThreadEventExecutor$4.run(SingleThreadEventExecutor.java:989)
	at io.netty.util.internal.ThreadExecutorMap$2.run(ThreadExecutorMap.java:74)
	at io.netty.util.concurrent.FastThreadLocalRunnable.run(FastThreadLocalRunnable.java:30)
	at java.base/java.lang.Thread.run(Thread.java:829)
2026-02-21 03:00:31.119 - [WARN ] - esl
org.freeswitch.esl.client.inbound.InboundConnectionException: Could not connect to /61.158.166.45:8021
	at org.freeswitch.esl.client.inbound.Client.connect(Client.java:134)
	at cn.psycall.ccmgt.util.FreeSwitchManage.monitor(FreeSwitchManage.java:86)
	at cn.psycall.ccmgt.util.FreeSwitchManage.run(FreeSwitchManage.java:42)
Caused by: io.netty.channel.AbstractChannel$AnnotatedConnectException: Connection refused: /61.158.166.45:8021
Caused by: java.net.ConnectException: Connection refused
	at java.base/sun.nio.ch.SocketChannelImpl.checkConnect(Native Method)
	at java.base/sun.nio.ch.SocketChannelImpl.finishConnect(SocketChannelImpl.java:777)
	at io.netty.channel.socket.nio.NioSocketChannel.doFinishConnect(NioSocketChannel.java:330)
	at io.netty.channel.nio.AbstractNioChannel$AbstractNioUnsafe.finishConnect(AbstractNioChannel.java:334)
	at io.netty.channel.nio.NioEventLoop.processSelectedKey(NioEventLoop.java:707)
	at io.netty.channel.nio.NioEventLoop.processSelectedKeysOptimized(NioEventLoop.java:655)
	at io.netty.channel.nio.NioEventLoop.processSelectedKeys(NioEventLoop.java:581)
	at io.netty.channel.nio.NioEventLoop.run(NioEventLoop.java:493)
	at io.netty.util.concurrent.SingleThreadEventExecutor$4.run(SingleThreadEventExecutor.java:989)
	at io.netty.util.internal.ThreadExecutorMap$2.run(ThreadExecutorMap.java:74)
	at io.netty.util.concurrent.FastThreadLocalRunnable.run(FastThreadLocalRunnable.java:30)
	at java.base/java.lang.Thread.run(Thread.java:829)
2026-02-21 03:00:32.208 - [WARN ] - esl
org.freeswitch.esl.client.inbound.InboundConnectionException: Could not connect to /61.158.166.45:8021
	at org.freeswitch.esl.client.inbound.Client.connect(Client.java:134)
	at cn.psycall.ccmgt.util.FreeSwitchManage.monitor(FreeSwitchManage.java:86)
	at cn.psycall.ccmgt.util.FreeSwitchManage.run(FreeSwitchManage.java:42)
Caused by: io.netty.channel.AbstractChannel$AnnotatedConnectException: Connection refused: /61.158.166.45:8021
Caused by: java.net.ConnectException: Connection refused
	at java.base/sun.nio.ch.SocketChannelImpl.checkConnect(Native Method)
	at java.base/sun.nio.ch.SocketChannelImpl.finishConnect(SocketChannelImpl.java:777)
	at io.netty.channel.socket.nio.NioSocketChannel.doFinishConnect(NioSocketChannel.java:330)
	at io.netty.channel.nio.AbstractNioChannel$AbstractNioUnsafe.finishConnect(AbstractNioChannel.java:334)
	at io.netty.channel.nio.NioEventLoop.processSelectedKey(NioEventLoop.java:707)
	at io.netty.channel.nio.NioEventLoop.processSelectedKeysOptimized(NioEventLoop.java:655)
	at io.netty.channel.nio.NioEventLoop.processSelectedKeys(NioEventLoop.java:581)
	at io.netty.channel.nio.NioEventLoop.run(NioEventLoop.java:493)
	at io.netty.util.concurrent.SingleThreadEventExecutor$4.run(SingleThreadEventExecutor.java:989)
	at io.netty.util.internal.ThreadExecutorMap$2.run(ThreadExecutorMap.java:74)
	at io.netty.util.concurrent.FastThreadLocalRunnable.run(FastThreadLocalRunnable.java:30)
	at java.base/java.lang.Thread.run(Thread.java:829)
2026-02-21 03:00:33.294 - [WARN ] - esl
org.freeswitch.esl.client.inbound.InboundConnectionException: Could not connect to /61.158.166.45:8021
	at org.freeswitch.esl.client.inbound.Client.connect(Client.java:134)
	at cn.psycall.ccmgt.util.FreeSwitchManage.monitor(FreeSwitchManage.java:86)
	at cn.psycall.ccmgt.util.FreeSwitchManage.run(FreeSwitchManage.java:42)
Caused by: io.netty.channel.AbstractChannel$AnnotatedConnectException: Connection refused: /61.158.166.45:8021
Caused by: java.net.ConnectException: Connection refused
	at java.base/sun.nio.ch.SocketChannelImpl.checkConnect(Native Method)
	at java.base/sun.nio.ch.SocketChannelImpl.finishConnect(SocketChannelImpl.java:777)
	at io.netty.channel.socket.nio.NioSocketChannel.doFinishConnect(NioSocketChannel.java:330)
	at io.netty.channel.nio.AbstractNioChannel$AbstractNioUnsafe.finishConnect(AbstractNioChannel.java:334)
	at io.netty.channel.nio.NioEventLoop.processSelectedKey(NioEventLoop.java:707)
	at io.netty.channel.nio.NioEventLoop.processSelectedKeysOptimized(NioEventLoop.java:655)
	at io.netty.channel.nio.NioEventLoop.processSelectedKeys(NioEventLoop.java:581)
	at io.netty.channel.nio.NioEventLoop.run(NioEventLoop.java:493)
	at io.netty.util.concurrent.SingleThreadEventExecutor$4.run(SingleThreadEventExecutor.java:989)
	at io.netty.util.internal.ThreadExecutorMap$2.run(ThreadExecutorMap.java:74)
	at io.netty.util.concurrent.FastThreadLocalRunnable.run(FastThreadLocalRunnable.java:30)
	at java.base/java.lang.Thread.run(Thread.java:829)
2026-02-21 03:00:34.376 - [WARN ] - esl
org.freeswitch.esl.client.inbound.InboundConnectionException: Could not connect to /61.158.166.45:8021
	at org.freeswitch.esl.client.inbound.Client.connect(Client.java:134)
	at cn.psycall.ccmgt.util.FreeSwitchManage.monitor(FreeSwitchManage.java:86)
	at cn.psycall.ccmgt.util.FreeSwitchManage.run(FreeSwitchManage.java:42)
Caused by: io.netty.channel.AbstractChannel$AnnotatedConnectException: Connection refused: /61.158.166.45:8021
Caused by: java.net.ConnectException: Connection refused
	at java.base/sun.nio.ch.SocketChannelImpl.checkConnect(Native Method)
	at java.base/sun.nio.ch.SocketChannelImpl.finishConnect(SocketChannelImpl.java:777)
	at io.netty.channel.socket.nio.NioSocketChannel.doFinishConnect(NioSocketChannel.java:330)
	at io.netty.channel.nio.AbstractNioChannel$AbstractNioUnsafe.finishConnect(AbstractNioChannel.java:334)
	at io.netty.channel.nio.NioEventLoop.processSelectedKey(NioEventLoop.java:707)
	at io.netty.channel.nio.NioEventLoop.processSelectedKeysOptimized(NioEventLoop.java:655)
	at io.netty.channel.nio.NioEventLoop.processSelectedKeys(NioEventLoop.java:581)
	at io.netty.channel.nio.NioEventLoop.run(NioEventLoop.java:493)
	at io.netty.util.concurrent.SingleThreadEventExecutor$4.run(SingleThreadEventExecutor.java:989)
	at io.netty.util.internal.ThreadExecutorMap$2.run(ThreadExecutorMap.java:74)
	at io.netty.util.concurrent.FastThreadLocalRunnable.run(FastThreadLocalRunnable.java:30)
	at java.base/java.lang.Thread.run(Thread.java:829)
2026-02-21 03:00:35.472 - [WARN ] - esl
org.freeswitch.esl.client.inbound.InboundConnectionException: Could not connect to /61.158.166.45:8021
	at org.freeswitch.esl.client.inbound.Client.connect(Client.java:134)
	at cn.psycall.ccmgt.util.FreeSwitchManage.monitor(FreeSwitchManage.java:86)
	at cn.psycall.ccmgt.util.FreeSwitchManage.run(FreeSwitchManage.java:42)
Caused by: io.netty.channel.AbstractChannel$AnnotatedConnectException: Connection refused: /61.158.166.45:8021
Caused by: java.net.ConnectException: Connection refused
	at java.base/sun.nio.ch.SocketChannelImpl.checkConnect(Native Method)
	at java.base/sun.nio.ch.SocketChannelImpl.finishConnect(SocketChannelImpl.java:777)
	at io.netty.channel.socket.nio.NioSocketChannel.doFinishConnect(NioSocketChannel.java:330)
	at io.netty.channel.nio.AbstractNioChannel$AbstractNioUnsafe.finishConnect(AbstractNioChannel.java:334)
	at io.netty.channel.nio.NioEventLoop.processSelectedKey(NioEventLoop.java:707)
	at io.netty.channel.nio.NioEventLoop.processSelectedKeysOptimized(NioEventLoop.java:655)
	at io.netty.channel.nio.NioEventLoop.processSelectedKeys(NioEventLoop.java:581)
	at io.netty.channel.nio.NioEventLoop.run(NioEventLoop.java:493)
	at io.netty.util.concurrent.SingleThreadEventExecutor$4.run(SingleThreadEventExecutor.java:989)
	at io.netty.util.internal.ThreadExecutorMap$2.run(ThreadExecutorMap.java:74)
	at io.netty.util.concurrent.FastThreadLocalRunnable.run(FastThreadLocalRunnable.java:30)
	at java.base/java.lang.Thread.run(Thread.java:829)
2026-02-21 03:00:36.565 - [WARN ] - esl
org.freeswitch.esl.client.inbound.InboundConnectionException: Could not connect to /61.158.166.45:8021
	at org.freeswitch.esl.client.inbound.Client.connect(Client.java:134)
	at cn.psycall.ccmgt.util.FreeSwitchManage.monitor(FreeSwitchManage.java:86)
	at cn.psycall.ccmgt.util.FreeSwitchManage.run(FreeSwitchManage.java:42)
Caused by: io.netty.channel.AbstractChannel$AnnotatedConnectException: Connection refused: /61.158.166.45:8021
Caused by: java.net.ConnectException: Connection refused
	at java.base/sun.nio.ch.SocketChannelImpl.checkConnect(Native Method)
	at java.base/sun.nio.ch.SocketChannelImpl.finishConnect(SocketChannelImpl.java:777)
	at io.netty.channel.socket.nio.NioSocketChannel.doFinishConnect(NioSocketChannel.java:330)
	at io.netty.channel.nio.AbstractNioChannel$AbstractNioUnsafe.finishConnect(AbstractNioChannel.java:334)
	at io.netty.channel.nio.NioEventLoop.processSelectedKey(NioEventLoop.java:707)
	at io.netty.channel.nio.NioEventLoop.processSelectedKeysOptimized(NioEventLoop.java:655)
	at io.netty.channel.nio.NioEventLoop.processSelectedKeys(NioEventLoop.java:581)
	at io.netty.channel.nio.NioEventLoop.run(NioEventLoop.java:493)
	at io.netty.util.concurrent.SingleThreadEventExecutor$4.run(SingleThreadEventExecutor.java:989)
	at io.netty.util.internal.ThreadExecutorMap$2.run(ThreadExecutorMap.java:74)
	at io.netty.util.concurrent.FastThreadLocalRunnable.run(FastThreadLocalRunnable.java:30)
	at java.base/java.lang.Thread.run(Thread.java:829)
2026-02-21 03:00:37.657 - [WARN ] - esl
org.freeswitch.esl.client.inbound.InboundConnectionException: Could not connect to /61.158.166.45:8021
	at org.freeswitch.esl.client.inbound.Client.connect(Client.java:134)
	at cn.psycall.ccmgt.util.FreeSwitchManage.monitor(FreeSwitchManage.java:86)
	at cn.psycall.ccmgt.util.FreeSwitchManage.run(FreeSwitchManage.java:42)
Caused by: io.netty.channel.AbstractChannel$AnnotatedConnectException: Connection refused: /61.158.166.45:8021
Caused by: java.net.ConnectException: Connection refused
	at java.base/sun.nio.ch.SocketChannelImpl.checkConnect(Native Method)
	at java.base/sun.nio.ch.SocketChannelImpl.finishConnect(SocketChannelImpl.java:777)
	at io.netty.channel.socket.nio.NioSocketChannel.doFinishConnect(NioSocketChannel.java:330)
	at io.netty.channel.nio.AbstractNioChannel$AbstractNioUnsafe.finishConnect(AbstractNioChannel.java:334)
	at io.netty.channel.nio.NioEventLoop.processSelectedKey(NioEventLoop.java:707)
	at io.netty.channel.nio.NioEventLoop.processSelectedKeysOptimized(NioEventLoop.java:655)
	at io.netty.channel.nio.NioEventLoop.processSelectedKeys(NioEventLoop.java:581)
	at io.netty.channel.nio.NioEventLoop.run(NioEventLoop.java:493)
	at io.netty.util.concurrent.SingleThreadEventExecutor$4.run(SingleThreadEventExecutor.java:989)
	at io.netty.util.internal.ThreadExecutorMap$2.run(ThreadExecutorMap.java:74)
	at io.netty.util.concurrent.FastThreadLocalRunnable.run(FastThreadLocalRunnable.java:30)
	at java.base/java.lang.Thread.run(Thread.java:829)
2026-02-21 03:00:38.750 - [WARN ] - esl
org.freeswitch.esl.client.inbound.InboundConnectionException: Could not connect to /61.158.166.45:8021
	at org.freeswitch.esl.client.inbound.Client.connect(Client.java:134)
	at cn.psycall.ccmgt.util.FreeSwitchManage.monitor(FreeSwitchManage.java:86)
	at cn.psycall.ccmgt.util.FreeSwitchManage.run(FreeSwitchManage.java:42)
Caused by: io.netty.channel.AbstractChannel$AnnotatedConnectException: Connection refused: /61.158.166.45:8021
Caused by: java.net.ConnectException: Connection refused
	at java.base/sun.nio.ch.SocketChannelImpl.checkConnect(Native Method)
	at java.base/sun.nio.ch.SocketChannelImpl.finishConnect(SocketChannelImpl.java:777)
	at io.netty.channel.socket.nio.NioSocketChannel.doFinishConnect(NioSocketChannel.java:330)
	at io.netty.channel.nio.AbstractNioChannel$AbstractNioUnsafe.finishConnect(AbstractNioChannel.java:334)
	at io.netty.channel.nio.NioEventLoop.processSelectedKey(NioEventLoop.java:707)
	at io.netty.channel.nio.NioEventLoop.processSelectedKeysOptimized(NioEventLoop.java:655)
	at io.netty.channel.nio.NioEventLoop.processSelectedKeys(NioEventLoop.java:581)
	at io.netty.channel.nio.NioEventLoop.run(NioEventLoop.java:493)
	at io.netty.util.concurrent.SingleThreadEventExecutor$4.run(SingleThreadEventExecutor.java:989)
	at io.netty.util.internal.ThreadExecutorMap$2.run(ThreadExecutorMap.java:74)
	at io.netty.util.concurrent.FastThreadLocalRunnable.run(FastThreadLocalRunnable.java:30)
	at java.base/java.lang.Thread.run(Thread.java:829)
2026-02-21 03:00:39.837 - [WARN ] - esl
org.freeswitch.esl.client.inbound.InboundConnectionException: Could not connect to /61.158.166.45:8021
	at org.freeswitch.esl.client.inbound.Client.connect(Client.java:134)
	at cn.psycall.ccmgt.util.FreeSwitchManage.monitor(FreeSwitchManage.java:86)
	at cn.psycall.ccmgt.util.FreeSwitchManage.run(FreeSwitchManage.java:42)
Caused by: io.netty.channel.AbstractChannel$AnnotatedConnectException: Connection refused: /61.158.166.45:8021
Caused by: java.net.ConnectException: Connection refused
	at java.base/sun.nio.ch.SocketChannelImpl.checkConnect(Native Method)
	at java.base/sun.nio.ch.SocketChannelImpl.finishConnect(SocketChannelImpl.java:777)
	at io.netty.channel.socket.nio.NioSocketChannel.doFinishConnect(NioSocketChannel.java:330)
	at io.netty.channel.nio.AbstractNioChannel$AbstractNioUnsafe.finishConnect(AbstractNioChannel.java:334)
	at io.netty.channel.nio.NioEventLoop.processSelectedKey(NioEventLoop.java:707)
	at io.netty.channel.nio.NioEventLoop.processSelectedKeysOptimized(NioEventLoop.java:655)
	at io.netty.channel.nio.NioEventLoop.processSelectedKeys(NioEventLoop.java:581)
	at io.netty.channel.nio.NioEventLoop.run(NioEventLoop.java:493)
	at io.netty.util.concurrent.SingleThreadEventExecutor$4.run(SingleThreadEventExecutor.java:989)
	at io.netty.util.internal.ThreadExecutorMap$2.run(ThreadExecutorMap.java:74)
	at io.netty.util.concurrent.FastThreadLocalRunnable.run(FastThreadLocalRunnable.java:30)
	at java.base/java.lang.Thread.run(Thread.java:829)
2026-02-21 03:00:40.922 - [WARN ] - esl
org.freeswitch.esl.client.inbound.InboundConnectionException: Could not connect to /61.158.166.45:8021
	at org.freeswitch.esl.client.inbound.Client.connect(Client.java:134)
	at cn.psycall.ccmgt.util.FreeSwitchManage.monitor(FreeSwitchManage.java:86)
	at cn.psycall.ccmgt.util.FreeSwitchManage.run(FreeSwitchManage.java:42)
Caused by: io.netty.channel.AbstractChannel$AnnotatedConnectException: Connection refused: /61.158.166.45:8021
Caused by: java.net.ConnectException: Connection refused
	at java.base/sun.nio.ch.SocketChannelImpl.checkConnect(Native Method)
	at java.base/sun.nio.ch.SocketChannelImpl.finishConnect(SocketChannelImpl.java:777)
	at io.netty.channel.socket.nio.NioSocketChannel.doFinishConnect(NioSocketChannel.java:330)
	at io.netty.channel.nio.AbstractNioChannel$AbstractNioUnsafe.finishConnect(AbstractNioChannel.java:334)
	at io.netty.channel.nio.NioEventLoop.processSelectedKey(NioEventLoop.java:707)
	at io.netty.channel.nio.NioEventLoop.processSelectedKeysOptimized(NioEventLoop.java:655)
	at io.netty.channel.nio.NioEventLoop.processSelectedKeys(NioEventLoop.java:581)
	at io.netty.channel.nio.NioEventLoop.run(NioEventLoop.java:493)
	at io.netty.util.concurrent.SingleThreadEventExecutor$4.run(SingleThreadEventExecutor.java:989)
	at io.netty.util.internal.ThreadExecutorMap$2.run(ThreadExecutorMap.java:74)
	at io.netty.util.concurrent.FastThreadLocalRunnable.run(FastThreadLocalRunnable.java:30)
	at java.base/java.lang.Thread.run(Thread.java:829)
2026-02-21 03:00:42.195 - [WARN ] - esl
org.freeswitch.esl.client.inbound.InboundConnectionException: Could not connect to /61.158.166.45:8021
	at org.freeswitch.esl.client.inbound.Client.connect(Client.java:134)
	at cn.psycall.ccmgt.util.FreeSwitchManage.monitor(FreeSwitchManage.java:86)
	at cn.psycall.ccmgt.util.FreeSwitchManage.run(FreeSwitchManage.java:42)
Caused by: io.netty.channel.AbstractChannel$AnnotatedConnectException: Connection refused: /61.158.166.45:8021
Caused by: java.net.ConnectException: Connection refused
	at java.base/sun.nio.ch.SocketChannelImpl.checkConnect(Native Method)
	at java.base/sun.nio.ch.SocketChannelImpl.finishConnect(SocketChannelImpl.java:777)
	at io.netty.channel.socket.nio.NioSocketChannel.doFinishConnect(NioSocketChannel.java:330)
	at io.netty.channel.nio.AbstractNioChannel$AbstractNioUnsafe.finishConnect(AbstractNioChannel.java:334)
	at io.netty.channel.nio.NioEventLoop.processSelectedKey(NioEventLoop.java:707)
	at io.netty.channel.nio.NioEventLoop.processSelectedKeysOptimized(NioEventLoop.java:655)
	at io.netty.channel.nio.NioEventLoop.processSelectedKeys(NioEventLoop.java:581)
	at io.netty.channel.nio.NioEventLoop.run(NioEventLoop.java:493)
	at io.netty.util.concurrent.SingleThreadEventExecutor$4.run(SingleThreadEventExecutor.java:989)
	at io.netty.util.internal.ThreadExecutorMap$2.run(ThreadExecutorMap.java:74)
	at io.netty.util.concurrent.FastThreadLocalRunnable.run(FastThreadLocalRunnable.java:30)
	at java.base/java.lang.Thread.run(Thread.java:829)
2026-02-21 03:00:43.280 - [WARN ] - esl
org.freeswitch.esl.client.inbound.InboundConnectionException: Could not connect to /61.158.166.45:8021
	at org.freeswitch.esl.client.inbound.Client.connect(Client.java:134)
	at cn.psycall.ccmgt.util.FreeSwitchManage.monitor(FreeSwitchManage.java:86)
	at cn.psycall.ccmgt.util.FreeSwitchManage.run(FreeSwitchManage.java:42)
Caused by: io.netty.channel.AbstractChannel$AnnotatedConnectException: Connection refused: /61.158.166.45:8021
Caused by: java.net.ConnectException: Connection refused
	at java.base/sun.nio.ch.SocketChannelImpl.checkConnect(Native Method)
	at java.base/sun.nio.ch.SocketChannelImpl.finishConnect(SocketChannelImpl.java:777)
	at io.netty.channel.socket.nio.NioSocketChannel.doFinishConnect(NioSocketChannel.java:330)
	at io.netty.channel.nio.AbstractNioChannel$AbstractNioUnsafe.finishConnect(AbstractNioChannel.java:334)
	at io.netty.channel.nio.NioEventLoop.processSelectedKey(NioEventLoop.java:707)
	at io.netty.channel.nio.NioEventLoop.processSelectedKeysOptimized(NioEventLoop.java:655)
	at io.netty.channel.nio.NioEventLoop.processSelectedKeys(NioEventLoop.java:581)
	at io.netty.channel.nio.NioEventLoop.run(NioEventLoop.java:493)
	at io.netty.util.concurrent.SingleThreadEventExecutor$4.run(SingleThreadEventExecutor.java:989)
	at io.netty.util.internal.ThreadExecutorMap$2.run(ThreadExecutorMap.java:74)
	at io.netty.util.concurrent.FastThreadLocalRunnable.run(FastThreadLocalRunnable.java:30)
	at java.base/java.lang.Thread.run(Thread.java:829)
2026-02-21 03:00:44.366 - [WARN ] - esl
org.freeswitch.esl.client.inbound.InboundConnectionException: Could not connect to /61.158.166.45:8021
	at org.freeswitch.esl.client.inbound.Client.connect(Client.java:134)
	at cn.psycall.ccmgt.util.FreeSwitchManage.monitor(FreeSwitchManage.java:86)
	at cn.psycall.ccmgt.util.FreeSwitchManage.run(FreeSwitchManage.java:42)
Caused by: io.netty.channel.AbstractChannel$AnnotatedConnectException: Connection refused: /61.158.166.45:8021
Caused by: java.net.ConnectException: Connection refused
	at java.base/sun.nio.ch.SocketChannelImpl.checkConnect(Native Method)
	at java.base/sun.nio.ch.SocketChannelImpl.finishConnect(SocketChannelImpl.java:777)
	at io.netty.channel.socket.nio.NioSocketChannel.doFinishConnect(NioSocketChannel.java:330)
	at io.netty.channel.nio.AbstractNioChannel$AbstractNioUnsafe.finishConnect(AbstractNioChannel.java:334)
	at io.netty.channel.nio.NioEventLoop.processSelectedKey(NioEventLoop.java:707)
	at io.netty.channel.nio.NioEventLoop.processSelectedKeysOptimized(NioEventLoop.java:655)
	at io.netty.channel.nio.NioEventLoop.processSelectedKeys(NioEventLoop.java:581)
	at io.netty.channel.nio.NioEventLoop.run(NioEventLoop.java:493)
	at io.netty.util.concurrent.SingleThreadEventExecutor$4.run(SingleThreadEventExecutor.java:989)
	at io.netty.util.internal.ThreadExecutorMap$2.run(ThreadExecutorMap.java:74)
	at io.netty.util.concurrent.FastThreadLocalRunnable.run(FastThreadLocalRunnable.java:30)
	at java.base/java.lang.Thread.run(Thread.java:829)
2026-02-21 03:00:45.453 - [WARN ] - esl
org.freeswitch.esl.client.inbound.InboundConnectionException: Could not connect to /61.158.166.45:8021
	at org.freeswitch.esl.client.inbound.Client.connect(Client.java:134)
	at cn.psycall.ccmgt.util.FreeSwitchManage.monitor(FreeSwitchManage.java:86)
	at cn.psycall.ccmgt.util.FreeSwitchManage.run(FreeSwitchManage.java:42)
Caused by: io.netty.channel.AbstractChannel$AnnotatedConnectException: Connection refused: /61.158.166.45:8021
Caused by: java.net.ConnectException: Connection refused
	at java.base/sun.nio.ch.SocketChannelImpl.checkConnect(Native Method)
	at java.base/sun.nio.ch.SocketChannelImpl.finishConnect(SocketChannelImpl.java:777)
	at io.netty.channel.socket.nio.NioSocketChannel.doFinishConnect(NioSocketChannel.java:330)
	at io.netty.channel.nio.AbstractNioChannel$AbstractNioUnsafe.finishConnect(AbstractNioChannel.java:334)
	at io.netty.channel.nio.NioEventLoop.processSelectedKey(NioEventLoop.java:707)
	at io.netty.channel.nio.NioEventLoop.processSelectedKeysOptimized(NioEventLoop.java:655)
	at io.netty.channel.nio.NioEventLoop.processSelectedKeys(NioEventLoop.java:581)
	at io.netty.channel.nio.NioEventLoop.run(NioEventLoop.java:493)
	at io.netty.util.concurrent.SingleThreadEventExecutor$4.run(SingleThreadEventExecutor.java:989)
	at io.netty.util.internal.ThreadExecutorMap$2.run(ThreadExecutorMap.java:74)
	at io.netty.util.concurrent.FastThreadLocalRunnable.run(FastThreadLocalRunnable.java:30)
	at java.base/java.lang.Thread.run(Thread.java:829)
2026-02-21 03:00:46.535 - [WARN ] - esl
org.freeswitch.esl.client.inbound.InboundConnectionException: Could not connect to /61.158.166.45:8021
	at org.freeswitch.esl.client.inbound.Client.connect(Client.java:134)
	at cn.psycall.ccmgt.util.FreeSwitchManage.monitor(FreeSwitchManage.java:86)
	at cn.psycall.ccmgt.util.FreeSwitchManage.run(FreeSwitchManage.java:42)
Caused by: io.netty.channel.AbstractChannel$AnnotatedConnectException: Connection refused: /61.158.166.45:8021
Caused by: java.net.ConnectException: Connection refused
	at java.base/sun.nio.ch.SocketChannelImpl.checkConnect(Native Method)
	at java.base/sun.nio.ch.SocketChannelImpl.finishConnect(SocketChannelImpl.java:777)
	at io.netty.channel.socket.nio.NioSocketChannel.doFinishConnect(NioSocketChannel.java:330)
	at io.netty.channel.nio.AbstractNioChannel$AbstractNioUnsafe.finishConnect(AbstractNioChannel.java:334)
	at io.netty.channel.nio.NioEventLoop.processSelectedKey(NioEventLoop.java:707)
	at io.netty.channel.nio.NioEventLoop.processSelectedKeysOptimized(NioEventLoop.java:655)
	at io.netty.channel.nio.NioEventLoop.processSelectedKeys(NioEventLoop.java:581)
	at io.netty.channel.nio.NioEventLoop.run(NioEventLoop.java:493)
	at io.netty.util.concurrent.SingleThreadEventExecutor$4.run(SingleThreadEventExecutor.java:989)
	at io.netty.util.internal.ThreadExecutorMap$2.run(ThreadExecutorMap.java:74)
	at io.netty.util.concurrent.FastThreadLocalRunnable.run(FastThreadLocalRunnable.java:30)
	at java.base/java.lang.Thread.run(Thread.java:829)
2026-02-21 03:00:47.619 - [WARN ] - esl
org.freeswitch.esl.client.inbound.InboundConnectionException: Could not connect to /61.158.166.45:8021
	at org.freeswitch.esl.client.inbound.Client.connect(Client.java:134)
	at cn.psycall.ccmgt.util.FreeSwitchManage.monitor(FreeSwitchManage.java:86)
	at cn.psycall.ccmgt.util.FreeSwitchManage.run(FreeSwitchManage.java:42)
Caused by: io.netty.channel.AbstractChannel$AnnotatedConnectException: Connection refused: /61.158.166.45:8021
Caused by: java.net.ConnectException: Connection refused
	at java.base/sun.nio.ch.SocketChannelImpl.checkConnect(Native Method)
	at java.base/sun.nio.ch.SocketChannelImpl.finishConnect(SocketChannelImpl.java:777)
	at io.netty.channel.socket.nio.NioSocketChannel.doFinishConnect(NioSocketChannel.java:330)
	at io.netty.channel.nio.AbstractNioChannel$AbstractNioUnsafe.finishConnect(AbstractNioChannel.java:334)
	at io.netty.channel.nio.NioEventLoop.processSelectedKey(NioEventLoop.java:707)
	at io.netty.channel.nio.NioEventLoop.processSelectedKeysOptimized(NioEventLoop.java:655)
	at io.netty.channel.nio.NioEventLoop.processSelectedKeys(NioEventLoop.java:581)
	at io.netty.channel.nio.NioEventLoop.run(NioEventLoop.java:493)
	at io.netty.util.concurrent.SingleThreadEventExecutor$4.run(SingleThreadEventExecutor.java:989)
	at io.netty.util.internal.ThreadExecutorMap$2.run(ThreadExecutorMap.java:74)
	at io.netty.util.concurrent.FastThreadLocalRunnable.run(FastThreadLocalRunnable.java:30)
	at java.base/java.lang.Thread.run(Thread.java:829)
2026-02-21 03:00:48.707 - [WARN ] - esl
org.freeswitch.esl.client.inbound.InboundConnectionException: Could not connect to /61.158.166.45:8021
	at org.freeswitch.esl.client.inbound.Client.connect(Client.java:134)
	at cn.psycall.ccmgt.util.FreeSwitchManage.monitor(FreeSwitchManage.java:86)
	at cn.psycall.ccmgt.util.FreeSwitchManage.run(FreeSwitchManage.java:42)
Caused by: io.netty.channel.AbstractChannel$AnnotatedConnectException: Connection refused: /61.158.166.45:8021
Caused by: java.net.ConnectException: Connection refused
	at java.base/sun.nio.ch.SocketChannelImpl.checkConnect(Native Method)
	at java.base/sun.nio.ch.SocketChannelImpl.finishConnect(SocketChannelImpl.java:777)
	at io.netty.channel.socket.nio.NioSocketChannel.doFinishConnect(NioSocketChannel.java:330)
	at io.netty.channel.nio.AbstractNioChannel$AbstractNioUnsafe.finishConnect(AbstractNioChannel.java:334)
	at io.netty.channel.nio.NioEventLoop.processSelectedKey(NioEventLoop.java:707)
	at io.netty.channel.nio.NioEventLoop.processSelectedKeysOptimized(NioEventLoop.java:655)
	at io.netty.channel.nio.NioEventLoop.processSelectedKeys(NioEventLoop.java:581)
	at io.netty.channel.nio.NioEventLoop.run(NioEventLoop.java:493)
	at io.netty.util.concurrent.SingleThreadEventExecutor$4.run(SingleThreadEventExecutor.java:989)
	at io.netty.util.internal.ThreadExecutorMap$2.run(ThreadExecutorMap.java:74)
	at io.netty.util.concurrent.FastThreadLocalRunnable.run(FastThreadLocalRunnable.java:30)
	at java.base/java.lang.Thread.run(Thread.java:829)
2026-02-21 03:00:49.783 - [WARN ] - esl
org.freeswitch.esl.client.inbound.InboundConnectionException: Could not connect to /61.158.166.45:8021
	at org.freeswitch.esl.client.inbound.Client.connect(Client.java:134)
	at cn.psycall.ccmgt.util.FreeSwitchManage.monitor(FreeSwitchManage.java:86)
	at cn.psycall.ccmgt.util.FreeSwitchManage.run(FreeSwitchManage.java:42)
Caused by: io.netty.channel.AbstractChannel$AnnotatedConnectException: Connection refused: /61.158.166.45:8021
Caused by: java.net.ConnectException: Connection refused
	at java.base/sun.nio.ch.SocketChannelImpl.checkConnect(Native Method)
	at java.base/sun.nio.ch.SocketChannelImpl.finishConnect(SocketChannelImpl.java:777)
	at io.netty.channel.socket.nio.NioSocketChannel.doFinishConnect(NioSocketChannel.java:330)
	at io.netty.channel.nio.AbstractNioChannel$AbstractNioUnsafe.finishConnect(AbstractNioChannel.java:334)
	at io.netty.channel.nio.NioEventLoop.processSelectedKey(NioEventLoop.java:707)
	at io.netty.channel.nio.NioEventLoop.processSelectedKeysOptimized(NioEventLoop.java:655)
	at io.netty.channel.nio.NioEventLoop.processSelectedKeys(NioEventLoop.java:581)
	at io.netty.channel.nio.NioEventLoop.run(NioEventLoop.java:493)
	at io.netty.util.concurrent.SingleThreadEventExecutor$4.run(SingleThreadEventExecutor.java:989)
	at io.netty.util.internal.ThreadExecutorMap$2.run(ThreadExecutorMap.java:74)
	at io.netty.util.concurrent.FastThreadLocalRunnable.run(FastThreadLocalRunnable.java:30)
	at java.base/java.lang.Thread.run(Thread.java:829)
2026-02-21 03:00:49.791 - [INFO ] - ESL Client Disconnect ..(61.158.166.46:8021)
2026-02-21 03:00:51.201 - [WARN ] - esl
org.freeswitch.esl.client.inbound.InboundConnectionException: Could not connect to /61.158.166.45:8021
	at org.freeswitch.esl.client.inbound.Client.connect(Client.java:134)
	at cn.psycall.ccmgt.util.FreeSwitchManage.monitor(FreeSwitchManage.java:86)
	at cn.psycall.ccmgt.util.FreeSwitchManage.run(FreeSwitchManage.java:42)
Caused by: io.netty.channel.AbstractChannel$AnnotatedConnectException: Connection refused: /61.158.166.45:8021
Caused by: java.net.ConnectException: Connection refused
	at java.base/sun.nio.ch.SocketChannelImpl.checkConnect(Native Method)
	at java.base/sun.nio.ch.SocketChannelImpl.finishConnect(SocketChannelImpl.java:777)
	at io.netty.channel.socket.nio.NioSocketChannel.doFinishConnect(NioSocketChannel.java:330)
	at io.netty.channel.nio.AbstractNioChannel$AbstractNioUnsafe.finishConnect(AbstractNioChannel.java:334)
	at io.netty.channel.nio.NioEventLoop.processSelectedKey(NioEventLoop.java:707)
	at io.netty.channel.nio.NioEventLoop.processSelectedKeysOptimized(NioEventLoop.java:655)
	at io.netty.channel.nio.NioEventLoop.processSelectedKeys(NioEventLoop.java:581)
	at io.netty.channel.nio.NioEventLoop.run(NioEventLoop.java:493)
	at io.netty.util.concurrent.SingleThreadEventExecutor$4.run(SingleThreadEventExecutor.java:989)
	at io.netty.util.internal.ThreadExecutorMap$2.run(ThreadExecutorMap.java:74)
	at io.netty.util.concurrent.FastThreadLocalRunnable.run(FastThreadLocalRunnable.java:30)
	at java.base/java.lang.Thread.run(Thread.java:829)
2026-02-21 03:00:51.293 - [WARN ] - esl
org.freeswitch.esl.client.inbound.InboundConnectionException: Could not connect to /61.158.166.46:8021
	at org.freeswitch.esl.client.inbound.Client.connect(Client.java:134)
	at cn.psycall.ccmgt.util.FreeSwitchManage.monitor(FreeSwitchManage.java:86)
	at cn.psycall.ccmgt.util.FreeSwitchManage.run(FreeSwitchManage.java:42)
Caused by: io.netty.channel.AbstractChannel$AnnotatedConnectException: Connection refused: /61.158.166.46:8021
Caused by: java.net.ConnectException: Connection refused
	at java.base/sun.nio.ch.SocketChannelImpl.checkConnect(Native Method)
	at java.base/sun.nio.ch.SocketChannelImpl.finishConnect(SocketChannelImpl.java:777)
	at io.netty.channel.socket.nio.NioSocketChannel.doFinishConnect(NioSocketChannel.java:330)
	at io.netty.channel.nio.AbstractNioChannel$AbstractNioUnsafe.finishConnect(AbstractNioChannel.java:334)
	at io.netty.channel.nio.NioEventLoop.processSelectedKey(NioEventLoop.java:707)
	at io.netty.channel.nio.NioEventLoop.processSelectedKeysOptimized(NioEventLoop.java:655)
	at io.netty.channel.nio.NioEventLoop.processSelectedKeys(NioEventLoop.java:581)
	at io.netty.channel.nio.NioEventLoop.run(NioEventLoop.java:493)
	at io.netty.util.concurrent.SingleThreadEventExecutor$4.run(SingleThreadEventExecutor.java:989)
	at io.netty.util.internal.ThreadExecutorMap$2.run(ThreadExecutorMap.java:74)
	at io.netty.util.concurrent.FastThreadLocalRunnable.run(FastThreadLocalRunnable.java:30)
	at java.base/java.lang.Thread.run(Thread.java:829)
2026-02-21 03:00:52.380 - [WARN ] - esl
org.freeswitch.esl.client.inbound.InboundConnectionException: Could not connect to /61.158.166.45:8021
	at org.freeswitch.esl.client.inbound.Client.connect(Client.java:134)
	at cn.psycall.ccmgt.util.FreeSwitchManage.monitor(FreeSwitchManage.java:86)
	at cn.psycall.ccmgt.util.FreeSwitchManage.run(FreeSwitchManage.java:42)
Caused by: io.netty.channel.AbstractChannel$AnnotatedConnectException: Connection refused: /61.158.166.45:8021
Caused by: java.net.ConnectException: Connection refused
	at java.base/sun.nio.ch.SocketChannelImpl.checkConnect(Native Method)
	at java.base/sun.nio.ch.SocketChannelImpl.finishConnect(SocketChannelImpl.java:777)
	at io.netty.channel.socket.nio.NioSocketChannel.doFinishConnect(NioSocketChannel.java:330)
	at io.netty.channel.nio.AbstractNioChannel$AbstractNioUnsafe.finishConnect(AbstractNioChannel.java:334)
	at io.netty.channel.nio.NioEventLoop.processSelectedKey(NioEventLoop.java:707)
	at io.netty.channel.nio.NioEventLoop.processSelectedKeysOptimized(NioEventLoop.java:655)
	at io.netty.channel.nio.NioEventLoop.processSelectedKeys(NioEventLoop.java:581)
	at io.netty.channel.nio.NioEventLoop.run(NioEventLoop.java:493)
	at io.netty.util.concurrent.SingleThreadEventExecutor$4.run(SingleThreadEventExecutor.java:989)
	at io.netty.util.internal.ThreadExecutorMap$2.run(ThreadExecutorMap.java:74)
	at io.netty.util.concurrent.FastThreadLocalRunnable.run(FastThreadLocalRunnable.java:30)
	at java.base/java.lang.Thread.run(Thread.java:829)
2026-02-21 03:00:52.476 - [WARN ] - esl
org.freeswitch.esl.client.inbound.InboundConnectionException: Could not connect to /61.158.166.46:8021
	at org.freeswitch.esl.client.inbound.Client.connect(Client.java:134)
	at cn.psycall.ccmgt.util.FreeSwitchManage.monitor(FreeSwitchManage.java:86)
	at cn.psycall.ccmgt.util.FreeSwitchManage.run(FreeSwitchManage.java:42)
Caused by: io.netty.channel.AbstractChannel$AnnotatedConnectException: Connection refused: /61.158.166.46:8021
Caused by: java.net.ConnectException: Connection refused
	at java.base/sun.nio.ch.SocketChannelImpl.checkConnect(Native Method)
	at java.base/sun.nio.ch.SocketChannelImpl.finishConnect(SocketChannelImpl.java:777)
	at io.netty.channel.socket.nio.NioSocketChannel.doFinishConnect(NioSocketChannel.java:330)
	at io.netty.channel.nio.AbstractNioChannel$AbstractNioUnsafe.finishConnect(AbstractNioChannel.java:334)
	at io.netty.channel.nio.NioEventLoop.processSelectedKey(NioEventLoop.java:707)
	at io.netty.channel.nio.NioEventLoop.processSelectedKeysOptimized(NioEventLoop.java:655)
	at io.netty.channel.nio.NioEventLoop.processSelectedKeys(NioEventLoop.java:581)
	at io.netty.channel.nio.NioEventLoop.run(NioEventLoop.java:493)
	at io.netty.util.concurrent.SingleThreadEventExecutor$4.run(SingleThreadEventExecutor.java:989)
	at io.netty.util.internal.ThreadExecutorMap$2.run(ThreadExecutorMap.java:74)
	at io.netty.util.concurrent.FastThreadLocalRunnable.run(FastThreadLocalRunnable.java:30)
	at java.base/java.lang.Thread.run(Thread.java:829)
2026-02-21 03:00:53.567 - [WARN ] - esl
org.freeswitch.esl.client.inbound.InboundConnectionException: Could not connect to /61.158.166.45:8021
	at org.freeswitch.esl.client.inbound.Client.connect(Client.java:134)
	at cn.psycall.ccmgt.util.FreeSwitchManage.monitor(FreeSwitchManage.java:86)
	at cn.psycall.ccmgt.util.FreeSwitchManage.run(FreeSwitchManage.java:42)
Caused by: io.netty.channel.AbstractChannel$AnnotatedConnectException: Connection refused: /61.158.166.45:8021
Caused by: java.net.ConnectException: Connection refused
	at java.base/sun.nio.ch.SocketChannelImpl.checkConnect(Native Method)
	at java.base/sun.nio.ch.SocketChannelImpl.finishConnect(SocketChannelImpl.java:777)
	at io.netty.channel.socket.nio.NioSocketChannel.doFinishConnect(NioSocketChannel.java:330)
	at io.netty.channel.nio.AbstractNioChannel$AbstractNioUnsafe.finishConnect(AbstractNioChannel.java:334)
	at io.netty.channel.nio.NioEventLoop.processSelectedKey(NioEventLoop.java:707)
	at io.netty.channel.nio.NioEventLoop.processSelectedKeysOptimized(NioEventLoop.java:655)
	at io.netty.channel.nio.NioEventLoop.processSelectedKeys(NioEventLoop.java:581)
	at io.netty.channel.nio.NioEventLoop.run(NioEventLoop.java:493)
	at io.netty.util.concurrent.SingleThreadEventExecutor$4.run(SingleThreadEventExecutor.java:989)
	at io.netty.util.internal.ThreadExecutorMap$2.run(ThreadExecutorMap.java:74)
	at io.netty.util.concurrent.FastThreadLocalRunnable.run(FastThreadLocalRunnable.java:30)
	at java.base/java.lang.Thread.run(Thread.java:829)
2026-02-21 03:00:58.868 - [WARN ] - esl
org.freeswitch.esl.client.inbound.InboundConnectionException: Could not connect to /61.158.166.46:8021
	at org.freeswitch.esl.client.inbound.Client.connect(Client.java:134)
	at cn.psycall.ccmgt.util.FreeSwitchManage.monitor(FreeSwitchManage.java:86)
	at cn.psycall.ccmgt.util.FreeSwitchManage.run(FreeSwitchManage.java:42)
Caused by: io.netty.channel.AbstractChannel$AnnotatedConnectException: Connection refused: /61.158.166.46:8021
Caused by: java.net.ConnectException: Connection refused
	at java.base/sun.nio.ch.SocketChannelImpl.checkConnect(Native Method)
	at java.base/sun.nio.ch.SocketChannelImpl.finishConnect(SocketChannelImpl.java:777)
	at io.netty.channel.socket.nio.NioSocketChannel.doFinishConnect(NioSocketChannel.java:330)
	at io.netty.channel.nio.AbstractNioChannel$AbstractNioUnsafe.finishConnect(AbstractNioChannel.java:334)
	at io.netty.channel.nio.NioEventLoop.processSelectedKey(NioEventLoop.java:707)
	at io.netty.channel.nio.NioEventLoop.processSelectedKeysOptimized(NioEventLoop.java:655)
	at io.netty.channel.nio.NioEventLoop.processSelectedKeys(NioEventLoop.java:581)
	at io.netty.channel.nio.NioEventLoop.run(NioEventLoop.java:493)
	at io.netty.util.concurrent.SingleThreadEventExecutor$4.run(SingleThreadEventExecutor.java:989)
	at io.netty.util.internal.ThreadExecutorMap$2.run(ThreadExecutorMap.java:74)
	at io.netty.util.concurrent.FastThreadLocalRunnable.run(FastThreadLocalRunnable.java:30)
	at java.base/java.lang.Thread.run(Thread.java:829)
2026-02-21 03:01:00.161 - [WARN ] - conn_rabbit_mq
org.springframework.web.client.ResourceAccessException: I/O error on POST request for "http://61.158.166.45:8888/command/conn_rabbit_mq": Connect to 61.158.166.45:8888 [/61.158.166.45] failed: Connection refused (Connection refused); nested exception is org.apache.http.conn.HttpHostConnectException: Connect to 61.158.166.45:8888 [/61.158.166.45] failed: Connection refused (Connection refused)
	at org.springframework.web.client.RestTemplate.doExecute(RestTemplate.java:791)
	at org.springframework.web.client.RestTemplate.execute(RestTemplate.java:717)
	at org.springframework.web.client.RestTemplate.exchange(RestTemplate.java:608)
	at cn.psycall.ccmgt.util.FreeSwitchManage.conn_rabbit_mq(FreeSwitchManage.java:272)
	at cn.psycall.ccmgt.util.FreeSwitchManage.monitor(FreeSwitchManage.java:89)
	at cn.psycall.ccmgt.util.FreeSwitchManage.run(FreeSwitchManage.java:42)
Caused by: org.apache.http.conn.HttpHostConnectException: Connect to 61.158.166.45:8888 [/61.158.166.45] failed: Connection refused (Connection refused)
	at org.apache.http.impl.conn.DefaultHttpClientConnectionOperator.connect(DefaultHttpClientConnectionOperator.java:156)
	at org.apache.http.impl.conn.PoolingHttpClientConnectionManager.connect(PoolingHttpClientConnectionManager.java:376)
	at org.apache.http.impl.execchain.MainClientExec.establishRoute(MainClientExec.java:393)
	at org.apache.http.impl.execchain.MainClientExec.execute(MainClientExec.java:236)
	at org.apache.http.impl.execchain.ProtocolExec.execute(ProtocolExec.java:186)
	at org.apache.http.impl.execchain.RetryExec.execute(RetryExec.java:89)
	at org.apache.http.impl.execchain.RedirectExec.execute(RedirectExec.java:110)
	at org.apache.http.impl.client.InternalHttpClient.doExecute(InternalHttpClient.java:185)
	at org.apache.http.impl.client.CloseableHttpClient.execute(CloseableHttpClient.java:83)
	at org.apache.http.impl.client.CloseableHttpClient.execute(CloseableHttpClient.java:56)
	at org.springframework.http.client.HttpComponentsClientHttpRequest.executeInternal(HttpComponentsClientHttpRequest.java:87)
	at org.springframework.http.client.AbstractBufferingClientHttpRequest.executeInternal(AbstractBufferingClientHttpRequest.java:48)
	at org.springframework.http.client.AbstractClientHttpRequest.execute(AbstractClientHttpRequest.java:66)
	at org.springframework.web.client.RestTemplate.doExecute(RestTemplate.java:782)
	... 5 common frames omitted
Caused by: java.net.ConnectException: Connection refused (Connection refused)
	at java.base/java.net.PlainSocketImpl.socketConnect(Native Method)
	at java.base/java.net.AbstractPlainSocketImpl.doConnect(AbstractPlainSocketImpl.java:412)
	at java.base/java.net.AbstractPlainSocketImpl.connectToAddress(AbstractPlainSocketImpl.java:255)
	at java.base/java.net.AbstractPlainSocketImpl.connect(AbstractPlainSocketImpl.java:237)
	at java.base/java.net.SocksSocketImpl.connect(SocksSocketImpl.java:392)
	at java.base/java.net.Socket.connect(Socket.java:609)
	at org.apache.http.conn.socket.PlainConnectionSocketFactory.connectSocket(PlainConnectionSocketFactory.java:75)
	at org.apache.http.impl.conn.DefaultHttpClientConnectionOperator.connect(DefaultHttpClientConnectionOperator.java:142)
	... 18 common frames omitted
2026-02-21 03:01:00.243 - [WARN ] - esl
org.freeswitch.esl.client.inbound.InboundConnectionException: Could not connect to /61.158.166.46:8021
	at org.freeswitch.esl.client.inbound.Client.connect(Client.java:134)
	at cn.psycall.ccmgt.util.FreeSwitchManage.monitor(FreeSwitchManage.java:86)
	at cn.psycall.ccmgt.util.FreeSwitchManage.run(FreeSwitchManage.java:42)
Caused by: io.netty.channel.AbstractChannel$AnnotatedConnectException: Connection refused: /61.158.166.46:8021
Caused by: java.net.ConnectException: Connection refused
	at java.base/sun.nio.ch.SocketChannelImpl.checkConnect(Native Method)
	at java.base/sun.nio.ch.SocketChannelImpl.finishConnect(SocketChannelImpl.java:777)
	at io.netty.channel.socket.nio.NioSocketChannel.doFinishConnect(NioSocketChannel.java:330)
	at io.netty.channel.nio.AbstractNioChannel$AbstractNioUnsafe.finishConnect(AbstractNioChannel.java:334)
	at io.netty.channel.nio.NioEventLoop.processSelectedKey(NioEventLoop.java:707)
	at io.netty.channel.nio.NioEventLoop.processSelectedKeysOptimized(NioEventLoop.java:655)
	at io.netty.channel.nio.NioEventLoop.processSelectedKeys(NioEventLoop.java:581)
	at io.netty.channel.nio.NioEventLoop.run(NioEventLoop.java:493)
	at io.netty.util.concurrent.SingleThreadEventExecutor$4.run(SingleThreadEventExecutor.java:989)
	at io.netty.util.internal.ThreadExecutorMap$2.run(ThreadExecutorMap.java:74)
	at io.netty.util.concurrent.FastThreadLocalRunnable.run(FastThreadLocalRunnable.java:30)
	at java.base/java.lang.Thread.run(Thread.java:829)
2026-02-21 03:01:01.527 - [WARN ] - conn_rabbit_mq
org.springframework.web.client.ResourceAccessException: I/O error on POST request for "http://61.158.166.45:8888/command/conn_rabbit_mq": Connect to 61.158.166.45:8888 [/61.158.166.45] failed: Connection refused (Connection refused); nested exception is org.apache.http.conn.HttpHostConnectException: Connect to 61.158.166.45:8888 [/61.158.166.45] failed: Connection refused (Connection refused)
	at org.springframework.web.client.RestTemplate.doExecute(RestTemplate.java:791)
	at org.springframework.web.client.RestTemplate.execute(RestTemplate.java:717)
	at org.springframework.web.client.RestTemplate.exchange(RestTemplate.java:608)
	at cn.psycall.ccmgt.util.FreeSwitchManage.conn_rabbit_mq(FreeSwitchManage.java:272)
	at cn.psycall.ccmgt.util.FreeSwitchManage.monitor(FreeSwitchManage.java:89)
	at cn.psycall.ccmgt.util.FreeSwitchManage.run(FreeSwitchManage.java:42)
Caused by: org.apache.http.conn.HttpHostConnectException: Connect to 61.158.166.45:8888 [/61.158.166.45] failed: Connection refused (Connection refused)
	at org.apache.http.impl.conn.DefaultHttpClientConnectionOperator.connect(DefaultHttpClientConnectionOperator.java:156)
	at org.apache.http.impl.conn.PoolingHttpClientConnectionManager.connect(PoolingHttpClientConnectionManager.java:376)
	at org.apache.http.impl.execchain.MainClientExec.establishRoute(MainClientExec.java:393)
	at org.apache.http.impl.execchain.MainClientExec.execute(MainClientExec.java:236)
	at org.apache.http.impl.execchain.ProtocolExec.execute(ProtocolExec.java:186)
	at org.apache.http.impl.execchain.RetryExec.execute(RetryExec.java:89)
	at org.apache.http.impl.execchain.RedirectExec.execute(RedirectExec.java:110)
	at org.apache.http.impl.client.InternalHttpClient.doExecute(InternalHttpClient.java:185)
	at org.apache.http.impl.client.CloseableHttpClient.execute(CloseableHttpClient.java:83)
	at org.apache.http.impl.client.CloseableHttpClient.execute(CloseableHttpClient.java:56)
	at org.springframework.http.client.HttpComponentsClientHttpRequest.executeInternal(HttpComponentsClientHttpRequest.java:87)
	at org.springframework.http.client.AbstractBufferingClientHttpRequest.executeInternal(AbstractBufferingClientHttpRequest.java:48)
	at org.springframework.http.client.AbstractClientHttpRequest.execute(AbstractClientHttpRequest.java:66)
	at org.springframework.web.client.RestTemplate.doExecute(RestTemplate.java:782)
	... 5 common frames omitted
Caused by: java.net.ConnectException: Connection refused (Connection refused)
	at java.base/java.net.PlainSocketImpl.socketConnect(Native Method)
	at java.base/java.net.AbstractPlainSocketImpl.doConnect(AbstractPlainSocketImpl.java:412)
	at java.base/java.net.AbstractPlainSocketImpl.connectToAddress(AbstractPlainSocketImpl.java:255)
	at java.base/java.net.AbstractPlainSocketImpl.connect(AbstractPlainSocketImpl.java:237)
	at java.base/java.net.SocksSocketImpl.connect(SocksSocketImpl.java:392)
	at java.base/java.net.Socket.connect(Socket.java:609)
	at org.apache.http.conn.socket.PlainConnectionSocketFactory.connectSocket(PlainConnectionSocketFactory.java:75)
	at org.apache.http.impl.conn.DefaultHttpClientConnectionOperator.connect(DefaultHttpClientConnectionOperator.java:142)
	... 18 common frames omitted
2026-02-21 03:01:01.616 - [WARN ] - esl
org.freeswitch.esl.client.inbound.InboundConnectionException: Could not connect to /61.158.166.46:8021
	at org.freeswitch.esl.client.inbound.Client.connect(Client.java:134)
	at cn.psycall.ccmgt.util.FreeSwitchManage.monitor(FreeSwitchManage.java:86)
	at cn.psycall.ccmgt.util.FreeSwitchManage.run(FreeSwitchManage.java:42)
Caused by: io.netty.channel.AbstractChannel$AnnotatedConnectException: Connection refused: /61.158.166.46:8021
Caused by: java.net.ConnectException: Connection refused
	at java.base/sun.nio.ch.SocketChannelImpl.checkConnect(Native Method)
	at java.base/sun.nio.ch.SocketChannelImpl.finishConnect(SocketChannelImpl.java:777)
	at io.netty.channel.socket.nio.NioSocketChannel.doFinishConnect(NioSocketChannel.java:330)
	at io.netty.channel.nio.AbstractNioChannel$AbstractNioUnsafe.finishConnect(AbstractNioChannel.java:334)
	at io.netty.channel.nio.NioEventLoop.processSelectedKey(NioEventLoop.java:707)
	at io.netty.channel.nio.NioEventLoop.processSelectedKeysOptimized(NioEventLoop.java:655)
	at io.netty.channel.nio.NioEventLoop.processSelectedKeys(NioEventLoop.java:581)
	at io.netty.channel.nio.NioEventLoop.run(NioEventLoop.java:493)
	at io.netty.util.concurrent.SingleThreadEventExecutor$4.run(SingleThreadEventExecutor.java:989)
	at io.netty.util.internal.ThreadExecutorMap$2.run(ThreadExecutorMap.java:74)
	at io.netty.util.concurrent.FastThreadLocalRunnable.run(FastThreadLocalRunnable.java:30)
	at java.base/java.lang.Thread.run(Thread.java:829)
2026-02-21 03:01:03.135 - [WARN ] - esl
org.freeswitch.esl.client.inbound.InboundConnectionException: Could not connect to /61.158.166.46:8021
	at org.freeswitch.esl.client.inbound.Client.connect(Client.java:134)
	at cn.psycall.ccmgt.util.FreeSwitchManage.monitor(FreeSwitchManage.java:86)
	at cn.psycall.ccmgt.util.FreeSwitchManage.run(FreeSwitchManage.java:42)
Caused by: io.netty.channel.AbstractChannel$AnnotatedConnectException: Connection refused: /61.158.166.46:8021
Caused by: java.net.ConnectException: Connection refused
	at java.base/sun.nio.ch.SocketChannelImpl.checkConnect(Native Method)
	at java.base/sun.nio.ch.SocketChannelImpl.finishConnect(SocketChannelImpl.java:777)
	at io.netty.channel.socket.nio.NioSocketChannel.doFinishConnect(NioSocketChannel.java:330)
	at io.netty.channel.nio.AbstractNioChannel$AbstractNioUnsafe.finishConnect(AbstractNioChannel.java:334)
	at io.netty.channel.nio.NioEventLoop.processSelectedKey(NioEventLoop.java:707)
	at io.netty.channel.nio.NioEventLoop.processSelectedKeysOptimized(NioEventLoop.java:655)
	at io.netty.channel.nio.NioEventLoop.processSelectedKeys(NioEventLoop.java:581)
	at io.netty.channel.nio.NioEventLoop.run(NioEventLoop.java:493)
	at io.netty.util.concurrent.SingleThreadEventExecutor$4.run(SingleThreadEventExecutor.java:989)
	at io.netty.util.internal.ThreadExecutorMap$2.run(ThreadExecutorMap.java:74)
	at io.netty.util.concurrent.FastThreadLocalRunnable.run(FastThreadLocalRunnable.java:30)
	at java.base/java.lang.Thread.run(Thread.java:829)
2026-02-21 03:01:04.519 - [WARN ] - esl
org.freeswitch.esl.client.inbound.InboundConnectionException: Could not connect to /61.158.166.46:8021
	at org.freeswitch.esl.client.inbound.Client.connect(Client.java:134)
	at cn.psycall.ccmgt.util.FreeSwitchManage.monitor(FreeSwitchManage.java:86)
	at cn.psycall.ccmgt.util.FreeSwitchManage.run(FreeSwitchManage.java:42)
Caused by: io.netty.channel.AbstractChannel$AnnotatedConnectException: Connection refused: /61.158.166.46:8021
Caused by: java.net.ConnectException: Connection refused
	at java.base/sun.nio.ch.SocketChannelImpl.checkConnect(Native Method)
	at java.base/sun.nio.ch.SocketChannelImpl.finishConnect(SocketChannelImpl.java:777)
	at io.netty.channel.socket.nio.NioSocketChannel.doFinishConnect(NioSocketChannel.java:330)
	at io.netty.channel.nio.AbstractNioChannel$AbstractNioUnsafe.finishConnect(AbstractNioChannel.java:334)
	at io.netty.channel.nio.NioEventLoop.processSelectedKey(NioEventLoop.java:707)
	at io.netty.channel.nio.NioEventLoop.processSelectedKeysOptimized(NioEventLoop.java:655)
	at io.netty.channel.nio.NioEventLoop.processSelectedKeys(NioEventLoop.java:581)
	at io.netty.channel.nio.NioEventLoop.run(NioEventLoop.java:493)
	at io.netty.util.concurrent.SingleThreadEventExecutor$4.run(SingleThreadEventExecutor.java:989)
	at io.netty.util.internal.ThreadExecutorMap$2.run(ThreadExecutorMap.java:74)
	at io.netty.util.concurrent.FastThreadLocalRunnable.run(FastThreadLocalRunnable.java:30)
	at java.base/java.lang.Thread.run(Thread.java:829)
2026-02-21 03:01:05.908 - [WARN ] - esl
org.freeswitch.esl.client.inbound.InboundConnectionException: Could not connect to /61.158.166.46:8021
	at org.freeswitch.esl.client.inbound.Client.connect(Client.java:134)
	at cn.psycall.ccmgt.util.FreeSwitchManage.monitor(FreeSwitchManage.java:86)
	at cn.psycall.ccmgt.util.FreeSwitchManage.run(FreeSwitchManage.java:42)
Caused by: io.netty.channel.AbstractChannel$AnnotatedConnectException: Connection refused: /61.158.166.46:8021
Caused by: java.net.ConnectException: Connection refused
	at java.base/sun.nio.ch.SocketChannelImpl.checkConnect(Native Method)
	at java.base/sun.nio.ch.SocketChannelImpl.finishConnect(SocketChannelImpl.java:777)
	at io.netty.channel.socket.nio.NioSocketChannel.doFinishConnect(NioSocketChannel.java:330)
	at io.netty.channel.nio.AbstractNioChannel$AbstractNioUnsafe.finishConnect(AbstractNioChannel.java:334)
	at io.netty.channel.nio.NioEventLoop.processSelectedKey(NioEventLoop.java:707)
	at io.netty.channel.nio.NioEventLoop.processSelectedKeysOptimized(NioEventLoop.java:655)
	at io.netty.channel.nio.NioEventLoop.processSelectedKeys(NioEventLoop.java:581)
	at io.netty.channel.nio.NioEventLoop.run(NioEventLoop.java:493)
	at io.netty.util.concurrent.SingleThreadEventExecutor$4.run(SingleThreadEventExecutor.java:989)
	at io.netty.util.internal.ThreadExecutorMap$2.run(ThreadExecutorMap.java:74)
	at io.netty.util.concurrent.FastThreadLocalRunnable.run(FastThreadLocalRunnable.java:30)
	at java.base/java.lang.Thread.run(Thread.java:829)
2026-02-21 03:01:07.286 - [WARN ] - esl
org.freeswitch.esl.client.inbound.InboundConnectionException: Could not connect to /61.158.166.46:8021
	at org.freeswitch.esl.client.inbound.Client.connect(Client.java:134)
	at cn.psycall.ccmgt.util.FreeSwitchManage.monitor(FreeSwitchManage.java:86)
	at cn.psycall.ccmgt.util.FreeSwitchManage.run(FreeSwitchManage.java:42)
Caused by: io.netty.channel.AbstractChannel$AnnotatedConnectException: Connection refused: /61.158.166.46:8021
Caused by: java.net.ConnectException: Connection refused
	at java.base/sun.nio.ch.SocketChannelImpl.checkConnect(Native Method)
	at java.base/sun.nio.ch.SocketChannelImpl.finishConnect(SocketChannelImpl.java:777)
	at io.netty.channel.socket.nio.NioSocketChannel.doFinishConnect(NioSocketChannel.java:330)
	at io.netty.channel.nio.AbstractNioChannel$AbstractNioUnsafe.finishConnect(AbstractNioChannel.java:334)
	at io.netty.channel.nio.NioEventLoop.processSelectedKey(NioEventLoop.java:707)
	at io.netty.channel.nio.NioEventLoop.processSelectedKeysOptimized(NioEventLoop.java:655)
	at io.netty.channel.nio.NioEventLoop.processSelectedKeys(NioEventLoop.java:581)
	at io.netty.channel.nio.NioEventLoop.run(NioEventLoop.java:493)
	at io.netty.util.concurrent.SingleThreadEventExecutor$4.run(SingleThreadEventExecutor.java:989)
	at io.netty.util.internal.ThreadExecutorMap$2.run(ThreadExecutorMap.java:74)
	at io.netty.util.concurrent.FastThreadLocalRunnable.run(FastThreadLocalRunnable.java:30)
	at java.base/java.lang.Thread.run(Thread.java:829)
2026-02-21 03:01:08.654 - [WARN ] - esl
org.freeswitch.esl.client.inbound.InboundConnectionException: Could not connect to /61.158.166.46:8021
	at org.freeswitch.esl.client.inbound.Client.connect(Client.java:134)
	at cn.psycall.ccmgt.util.FreeSwitchManage.monitor(FreeSwitchManage.java:86)
	at cn.psycall.ccmgt.util.FreeSwitchManage.run(FreeSwitchManage.java:42)
Caused by: io.netty.channel.AbstractChannel$AnnotatedConnectException: Connection refused: /61.158.166.46:8021
Caused by: java.net.ConnectException: Connection refused
	at java.base/sun.nio.ch.SocketChannelImpl.checkConnect(Native Method)
	at java.base/sun.nio.ch.SocketChannelImpl.finishConnect(SocketChannelImpl.java:777)
	at io.netty.channel.socket.nio.NioSocketChannel.doFinishConnect(NioSocketChannel.java:330)
	at io.netty.channel.nio.AbstractNioChannel$AbstractNioUnsafe.finishConnect(AbstractNioChannel.java:334)
	at io.netty.channel.nio.NioEventLoop.processSelectedKey(NioEventLoop.java:707)
	at io.netty.channel.nio.NioEventLoop.processSelectedKeysOptimized(NioEventLoop.java:655)
	at io.netty.channel.nio.NioEventLoop.processSelectedKeys(NioEventLoop.java:581)
	at io.netty.channel.nio.NioEventLoop.run(NioEventLoop.java:493)
	at io.netty.util.concurrent.SingleThreadEventExecutor$4.run(SingleThreadEventExecutor.java:989)
	at io.netty.util.internal.ThreadExecutorMap$2.run(ThreadExecutorMap.java:74)
	at io.netty.util.concurrent.FastThreadLocalRunnable.run(FastThreadLocalRunnable.java:30)
	at java.base/java.lang.Thread.run(Thread.java:829)
2026-02-21 03:01:10.035 - [WARN ] - esl
org.freeswitch.esl.client.inbound.InboundConnectionException: Could not connect to /61.158.166.46:8021
	at org.freeswitch.esl.client.inbound.Client.connect(Client.java:134)
	at cn.psycall.ccmgt.util.FreeSwitchManage.monitor(FreeSwitchManage.java:86)
	at cn.psycall.ccmgt.util.FreeSwitchManage.run(FreeSwitchManage.java:42)
Caused by: io.netty.channel.AbstractChannel$AnnotatedConnectException: Connection refused: /61.158.166.46:8021
Caused by: java.net.ConnectException: Connection refused
	at java.base/sun.nio.ch.SocketChannelImpl.checkConnect(Native Method)
	at java.base/sun.nio.ch.SocketChannelImpl.finishConnect(SocketChannelImpl.java:777)
	at io.netty.channel.socket.nio.NioSocketChannel.doFinishConnect(NioSocketChannel.java:330)
	at io.netty.channel.nio.AbstractNioChannel$AbstractNioUnsafe.finishConnect(AbstractNioChannel.java:334)
	at io.netty.channel.nio.NioEventLoop.processSelectedKey(NioEventLoop.java:707)
	at io.netty.channel.nio.NioEventLoop.processSelectedKeysOptimized(NioEventLoop.java:655)
	at io.netty.channel.nio.NioEventLoop.processSelectedKeys(NioEventLoop.java:581)
	at io.netty.channel.nio.NioEventLoop.run(NioEventLoop.java:493)
	at io.netty.util.concurrent.SingleThreadEventExecutor$4.run(SingleThreadEventExecutor.java:989)
	at io.netty.util.internal.ThreadExecutorMap$2.run(ThreadExecutorMap.java:74)
	at io.netty.util.concurrent.FastThreadLocalRunnable.run(FastThreadLocalRunnable.java:30)
	at java.base/java.lang.Thread.run(Thread.java:829)
2026-02-21 03:01:11.405 - [WARN ] - esl
org.freeswitch.esl.client.inbound.InboundConnectionException: Could not connect to /61.158.166.46:8021
	at org.freeswitch.esl.client.inbound.Client.connect(Client.java:134)
	at cn.psycall.ccmgt.util.FreeSwitchManage.monitor(FreeSwitchManage.java:86)
	at cn.psycall.ccmgt.util.FreeSwitchManage.run(FreeSwitchManage.java:42)
Caused by: io.netty.channel.AbstractChannel$AnnotatedConnectException: Connection refused: /61.158.166.46:8021
Caused by: java.net.ConnectException: Connection refused
	at java.base/sun.nio.ch.SocketChannelImpl.checkConnect(Native Method)
	at java.base/sun.nio.ch.SocketChannelImpl.finishConnect(SocketChannelImpl.java:777)
	at io.netty.channel.socket.nio.NioSocketChannel.doFinishConnect(NioSocketChannel.java:330)
	at io.netty.channel.nio.AbstractNioChannel$AbstractNioUnsafe.finishConnect(AbstractNioChannel.java:334)
	at io.netty.channel.nio.NioEventLoop.processSelectedKey(NioEventLoop.java:707)
	at io.netty.channel.nio.NioEventLoop.processSelectedKeysOptimized(NioEventLoop.java:655)
	at io.netty.channel.nio.NioEventLoop.processSelectedKeys(NioEventLoop.java:581)
	at io.netty.channel.nio.NioEventLoop.run(NioEventLoop.java:493)
	at io.netty.util.concurrent.SingleThreadEventExecutor$4.run(SingleThreadEventExecutor.java:989)
	at io.netty.util.internal.ThreadExecutorMap$2.run(ThreadExecutorMap.java:74)
	at io.netty.util.concurrent.FastThreadLocalRunnable.run(FastThreadLocalRunnable.java:30)
	at java.base/java.lang.Thread.run(Thread.java:829)
2026-02-21 03:01:12.986 - [INFO ] - internal->61.158.166.45:5060
2026-02-21 03:01:12.986 - [INFO ] - ESL Client connected ..(61.158.166.45:8021[12555bd9-7acc-4603-b52c-2e211bfb5478])
2026-02-21 03:01:13.712 - [INFO ] - internal_sip_port->5060
2026-02-21 03:01:13.712 - [INFO ] - external_sip_port->5080
2026-02-21 03:01:19.361 - [INFO ] - fs[12555bd9-7acc-4603-b52c-2e211bfb5478] CallThread start
2026-02-21 03:01:19.453 - [WARN ] - esl
org.freeswitch.esl.client.inbound.InboundConnectionException: Could not connect to /61.158.166.46:8021
	at org.freeswitch.esl.client.inbound.Client.connect(Client.java:134)
	at cn.psycall.ccmgt.util.FreeSwitchManage.monitor(FreeSwitchManage.java:86)
	at cn.psycall.ccmgt.util.FreeSwitchManage.run(FreeSwitchManage.java:42)
Caused by: io.netty.channel.AbstractChannel$AnnotatedConnectException: Connection refused: /61.158.166.46:8021
Caused by: java.net.ConnectException: Connection refused
	at java.base/sun.nio.ch.SocketChannelImpl.checkConnect(Native Method)
	at java.base/sun.nio.ch.SocketChannelImpl.finishConnect(SocketChannelImpl.java:777)
	at io.netty.channel.socket.nio.NioSocketChannel.doFinishConnect(NioSocketChannel.java:330)
	at io.netty.channel.nio.AbstractNioChannel$AbstractNioUnsafe.finishConnect(AbstractNioChannel.java:334)
	at io.netty.channel.nio.NioEventLoop.processSelectedKey(NioEventLoop.java:707)
	at io.netty.channel.nio.NioEventLoop.processSelectedKeysOptimized(NioEventLoop.java:655)
	at io.netty.channel.nio.NioEventLoop.processSelectedKeys(NioEventLoop.java:581)
	at io.netty.channel.nio.NioEventLoop.run(NioEventLoop.java:493)
	at io.netty.util.concurrent.SingleThreadEventExecutor$4.run(SingleThreadEventExecutor.java:989)
	at io.netty.util.internal.ThreadExecutorMap$2.run(ThreadExecutorMap.java:74)
	at io.netty.util.concurrent.FastThreadLocalRunnable.run(FastThreadLocalRunnable.java:30)
	at java.base/java.lang.Thread.run(Thread.java:829)
2026-02-21 03:01:20.554 - [WARN ] - esl
org.freeswitch.esl.client.inbound.InboundConnectionException: Could not connect to /61.158.166.46:8021
	at org.freeswitch.esl.client.inbound.Client.connect(Client.java:134)
	at cn.psycall.ccmgt.util.FreeSwitchManage.monitor(FreeSwitchManage.java:86)
	at cn.psycall.ccmgt.util.FreeSwitchManage.run(FreeSwitchManage.java:42)
Caused by: io.netty.channel.AbstractChannel$AnnotatedConnectException: Connection refused: /61.158.166.46:8021
Caused by: java.net.ConnectException: Connection refused
	at java.base/sun.nio.ch.SocketChannelImpl.checkConnect(Native Method)
	at java.base/sun.nio.ch.SocketChannelImpl.finishConnect(SocketChannelImpl.java:777)
	at io.netty.channel.socket.nio.NioSocketChannel.doFinishConnect(NioSocketChannel.java:330)
	at io.netty.channel.nio.AbstractNioChannel$AbstractNioUnsafe.finishConnect(AbstractNioChannel.java:334)
	at io.netty.channel.nio.NioEventLoop.processSelectedKey(NioEventLoop.java:707)
	at io.netty.channel.nio.NioEventLoop.processSelectedKeysOptimized(NioEventLoop.java:655)
	at io.netty.channel.nio.NioEventLoop.processSelectedKeys(NioEventLoop.java:581)
	at io.netty.channel.nio.NioEventLoop.run(NioEventLoop.java:493)
	at io.netty.util.concurrent.SingleThreadEventExecutor$4.run(SingleThreadEventExecutor.java:989)
	at io.netty.util.internal.ThreadExecutorMap$2.run(ThreadExecutorMap.java:74)
	at io.netty.util.concurrent.FastThreadLocalRunnable.run(FastThreadLocalRunnable.java:30)
	at java.base/java.lang.Thread.run(Thread.java:829)
2026-02-21 03:01:21.644 - [WARN ] - esl
org.freeswitch.esl.client.inbound.InboundConnectionException: Could not connect to /61.158.166.46:8021
	at org.freeswitch.esl.client.inbound.Client.connect(Client.java:134)
	at cn.psycall.ccmgt.util.FreeSwitchManage.monitor(FreeSwitchManage.java:86)
	at cn.psycall.ccmgt.util.FreeSwitchManage.run(FreeSwitchManage.java:42)
Caused by: io.netty.channel.AbstractChannel$AnnotatedConnectException: Connection refused: /61.158.166.46:8021
Caused by: java.net.ConnectException: Connection refused
	at java.base/sun.nio.ch.SocketChannelImpl.checkConnect(Native Method)
	at java.base/sun.nio.ch.SocketChannelImpl.finishConnect(SocketChannelImpl.java:777)
	at io.netty.channel.socket.nio.NioSocketChannel.doFinishConnect(NioSocketChannel.java:330)
	at io.netty.channel.nio.AbstractNioChannel$AbstractNioUnsafe.finishConnect(AbstractNioChannel.java:334)
	at io.netty.channel.nio.NioEventLoop.processSelectedKey(NioEventLoop.java:707)
	at io.netty.channel.nio.NioEventLoop.processSelectedKeysOptimized(NioEventLoop.java:655)
	at io.netty.channel.nio.NioEventLoop.processSelectedKeys(NioEventLoop.java:581)
	at io.netty.channel.nio.NioEventLoop.run(NioEventLoop.java:493)
	at io.netty.util.concurrent.SingleThreadEventExecutor$4.run(SingleThreadEventExecutor.java:989)
	at io.netty.util.internal.ThreadExecutorMap$2.run(ThreadExecutorMap.java:74)
	at io.netty.util.concurrent.FastThreadLocalRunnable.run(FastThreadLocalRunnable.java:30)
	at java.base/java.lang.Thread.run(Thread.java:829)
2026-02-21 03:01:22.733 - [WARN ] - esl
org.freeswitch.esl.client.inbound.InboundConnectionException: Could not connect to /61.158.166.46:8021
	at org.freeswitch.esl.client.inbound.Client.connect(Client.java:134)
	at cn.psycall.ccmgt.util.FreeSwitchManage.monitor(FreeSwitchManage.java:86)
	at cn.psycall.ccmgt.util.FreeSwitchManage.run(FreeSwitchManage.java:42)
Caused by: io.netty.channel.AbstractChannel$AnnotatedConnectException: Connection refused: /61.158.166.46:8021
Caused by: java.net.ConnectException: Connection refused
	at java.base/sun.nio.ch.SocketChannelImpl.checkConnect(Native Method)
	at java.base/sun.nio.ch.SocketChannelImpl.finishConnect(SocketChannelImpl.java:777)
	at io.netty.channel.socket.nio.NioSocketChannel.doFinishConnect(NioSocketChannel.java:330)
	at io.netty.channel.nio.AbstractNioChannel$AbstractNioUnsafe.finishConnect(AbstractNioChannel.java:334)
	at io.netty.channel.nio.NioEventLoop.processSelectedKey(NioEventLoop.java:707)
	at io.netty.channel.nio.NioEventLoop.processSelectedKeysOptimized(NioEventLoop.java:655)
	at io.netty.channel.nio.NioEventLoop.processSelectedKeys(NioEventLoop.java:581)
	at io.netty.channel.nio.NioEventLoop.run(NioEventLoop.java:493)
	at io.netty.util.concurrent.SingleThreadEventExecutor$4.run(SingleThreadEventExecutor.java:989)
	at io.netty.util.internal.ThreadExecutorMap$2.run(ThreadExecutorMap.java:74)
	at io.netty.util.concurrent.FastThreadLocalRunnable.run(FastThreadLocalRunnable.java:30)
	at java.base/java.lang.Thread.run(Thread.java:829)
2026-02-21 03:01:23.820 - [WARN ] - esl
org.freeswitch.esl.client.inbound.InboundConnectionException: Could not connect to /61.158.166.46:8021
	at org.freeswitch.esl.client.inbound.Client.connect(Client.java:134)
	at cn.psycall.ccmgt.util.FreeSwitchManage.monitor(FreeSwitchManage.java:86)
	at cn.psycall.ccmgt.util.FreeSwitchManage.run(FreeSwitchManage.java:42)
Caused by: io.netty.channel.AbstractChannel$AnnotatedConnectException: Connection refused: /61.158.166.46:8021
Caused by: java.net.ConnectException: Connection refused
	at java.base/sun.nio.ch.SocketChannelImpl.checkConnect(Native Method)
	at java.base/sun.nio.ch.SocketChannelImpl.finishConnect(SocketChannelImpl.java:777)
	at io.netty.channel.socket.nio.NioSocketChannel.doFinishConnect(NioSocketChannel.java:330)
	at io.netty.channel.nio.AbstractNioChannel$AbstractNioUnsafe.finishConnect(AbstractNioChannel.java:334)
	at io.netty.channel.nio.NioEventLoop.processSelectedKey(NioEventLoop.java:707)
	at io.netty.channel.nio.NioEventLoop.processSelectedKeysOptimized(NioEventLoop.java:655)
	at io.netty.channel.nio.NioEventLoop.processSelectedKeys(NioEventLoop.java:581)
	at io.netty.channel.nio.NioEventLoop.run(NioEventLoop.java:493)
	at io.netty.util.concurrent.SingleThreadEventExecutor$4.run(SingleThreadEventExecutor.java:989)
	at io.netty.util.internal.ThreadExecutorMap$2.run(ThreadExecutorMap.java:74)
	at io.netty.util.concurrent.FastThreadLocalRunnable.run(FastThreadLocalRunnable.java:30)
	at java.base/java.lang.Thread.run(Thread.java:829)
2026-02-21 03:01:24.907 - [WARN ] - esl
org.freeswitch.esl.client.inbound.InboundConnectionException: Could not connect to /61.158.166.46:8021
	at org.freeswitch.esl.client.inbound.Client.connect(Client.java:134)
	at cn.psycall.ccmgt.util.FreeSwitchManage.monitor(FreeSwitchManage.java:86)
	at cn.psycall.ccmgt.util.FreeSwitchManage.run(FreeSwitchManage.java:42)
Caused by: io.netty.channel.AbstractChannel$AnnotatedConnectException: Connection refused: /61.158.166.46:8021
Caused by: java.net.ConnectException: Connection refused
	at java.base/sun.nio.ch.SocketChannelImpl.checkConnect(Native Method)
	at java.base/sun.nio.ch.SocketChannelImpl.finishConnect(SocketChannelImpl.java:777)
	at io.netty.channel.socket.nio.NioSocketChannel.doFinishConnect(NioSocketChannel.java:330)
	at io.netty.channel.nio.AbstractNioChannel$AbstractNioUnsafe.finishConnect(AbstractNioChannel.java:334)
	at io.netty.channel.nio.NioEventLoop.processSelectedKey(NioEventLoop.java:707)
	at io.netty.channel.nio.NioEventLoop.processSelectedKeysOptimized(NioEventLoop.java:655)
	at io.netty.channel.nio.NioEventLoop.processSelectedKeys(NioEventLoop.java:581)
	at io.netty.channel.nio.NioEventLoop.run(NioEventLoop.java:493)
	at io.netty.util.concurrent.SingleThreadEventExecutor$4.run(SingleThreadEventExecutor.java:989)
	at io.netty.util.internal.ThreadExecutorMap$2.run(ThreadExecutorMap.java:74)
	at io.netty.util.concurrent.FastThreadLocalRunnable.run(FastThreadLocalRunnable.java:30)
	at java.base/java.lang.Thread.run(Thread.java:829)
2026-02-21 03:01:25.987 - [WARN ] - esl
org.freeswitch.esl.client.inbound.InboundConnectionException: Could not connect to /61.158.166.46:8021
	at org.freeswitch.esl.client.inbound.Client.connect(Client.java:134)
	at cn.psycall.ccmgt.util.FreeSwitchManage.monitor(FreeSwitchManage.java:86)
	at cn.psycall.ccmgt.util.FreeSwitchManage.run(FreeSwitchManage.java:42)
Caused by: io.netty.channel.AbstractChannel$AnnotatedConnectException: Connection refused: /61.158.166.46:8021
Caused by: java.net.ConnectException: Connection refused
	at java.base/sun.nio.ch.SocketChannelImpl.checkConnect(Native Method)
	at java.base/sun.nio.ch.SocketChannelImpl.finishConnect(SocketChannelImpl.java:777)
	at io.netty.channel.socket.nio.NioSocketChannel.doFinishConnect(NioSocketChannel.java:330)
	at io.netty.channel.nio.AbstractNioChannel$AbstractNioUnsafe.finishConnect(AbstractNioChannel.java:334)
	at io.netty.channel.nio.NioEventLoop.processSelectedKey(NioEventLoop.java:707)
	at io.netty.channel.nio.NioEventLoop.processSelectedKeysOptimized(NioEventLoop.java:655)
	at io.netty.channel.nio.NioEventLoop.processSelectedKeys(NioEventLoop.java:581)
	at io.netty.channel.nio.NioEventLoop.run(NioEventLoop.java:493)
	at io.netty.util.concurrent.SingleThreadEventExecutor$4.run(SingleThreadEventExecutor.java:989)
	at io.netty.util.internal.ThreadExecutorMap$2.run(ThreadExecutorMap.java:74)
	at io.netty.util.concurrent.FastThreadLocalRunnable.run(FastThreadLocalRunnable.java:30)
	at java.base/java.lang.Thread.run(Thread.java:829)
2026-02-21 03:01:27.083 - [WARN ] - esl
org.freeswitch.esl.client.inbound.InboundConnectionException: Could not connect to /61.158.166.46:8021
	at org.freeswitch.esl.client.inbound.Client.connect(Client.java:134)
	at cn.psycall.ccmgt.util.FreeSwitchManage.monitor(FreeSwitchManage.java:86)
	at cn.psycall.ccmgt.util.FreeSwitchManage.run(FreeSwitchManage.java:42)
Caused by: io.netty.channel.AbstractChannel$AnnotatedConnectException: Connection refused: /61.158.166.46:8021
Caused by: java.net.ConnectException: Connection refused
	at java.base/sun.nio.ch.SocketChannelImpl.checkConnect(Native Method)
	at java.base/sun.nio.ch.SocketChannelImpl.finishConnect(SocketChannelImpl.java:777)
	at io.netty.channel.socket.nio.NioSocketChannel.doFinishConnect(NioSocketChannel.java:330)
	at io.netty.channel.nio.AbstractNioChannel$AbstractNioUnsafe.finishConnect(AbstractNioChannel.java:334)
	at io.netty.channel.nio.NioEventLoop.processSelectedKey(NioEventLoop.java:707)
	at io.netty.channel.nio.NioEventLoop.processSelectedKeysOptimized(NioEventLoop.java:655)
	at io.netty.channel.nio.NioEventLoop.processSelectedKeys(NioEventLoop.java:581)
	at io.netty.channel.nio.NioEventLoop.run(NioEventLoop.java:493)
	at io.netty.util.concurrent.SingleThreadEventExecutor$4.run(SingleThreadEventExecutor.java:989)
	at io.netty.util.internal.ThreadExecutorMap$2.run(ThreadExecutorMap.java:74)
	at io.netty.util.concurrent.FastThreadLocalRunnable.run(FastThreadLocalRunnable.java:30)
	at java.base/java.lang.Thread.run(Thread.java:829)
2026-02-21 03:01:28.170 - [WARN ] - esl
org.freeswitch.esl.client.inbound.InboundConnectionException: Could not connect to /61.158.166.46:8021
	at org.freeswitch.esl.client.inbound.Client.connect(Client.java:134)
	at cn.psycall.ccmgt.util.FreeSwitchManage.monitor(FreeSwitchManage.java:86)
	at cn.psycall.ccmgt.util.FreeSwitchManage.run(FreeSwitchManage.java:42)
Caused by: io.netty.channel.AbstractChannel$AnnotatedConnectException: Connection refused: /61.158.166.46:8021
Caused by: java.net.ConnectException: Connection refused
	at java.base/sun.nio.ch.SocketChannelImpl.checkConnect(Native Method)
	at java.base/sun.nio.ch.SocketChannelImpl.finishConnect(SocketChannelImpl.java:777)
	at io.netty.channel.socket.nio.NioSocketChannel.doFinishConnect(NioSocketChannel.java:330)
	at io.netty.channel.nio.AbstractNioChannel$AbstractNioUnsafe.finishConnect(AbstractNioChannel.java:334)
	at io.netty.channel.nio.NioEventLoop.processSelectedKey(NioEventLoop.java:707)
	at io.netty.channel.nio.NioEventLoop.processSelectedKeysOptimized(NioEventLoop.java:655)
	at io.netty.channel.nio.NioEventLoop.processSelectedKeys(NioEventLoop.java:581)
	at io.netty.channel.nio.NioEventLoop.run(NioEventLoop.java:493)
	at io.netty.util.concurrent.SingleThreadEventExecutor$4.run(SingleThreadEventExecutor.java:989)
	at io.netty.util.internal.ThreadExecutorMap$2.run(ThreadExecutorMap.java:74)
	at io.netty.util.concurrent.FastThreadLocalRunnable.run(FastThreadLocalRunnable.java:30)
	at java.base/java.lang.Thread.run(Thread.java:829)
2026-02-21 03:01:29.263 - [WARN ] - esl
org.freeswitch.esl.client.inbound.InboundConnectionException: Could not connect to /61.158.166.46:8021
	at org.freeswitch.esl.client.inbound.Client.connect(Client.java:134)
	at cn.psycall.ccmgt.util.FreeSwitchManage.monitor(FreeSwitchManage.java:86)
	at cn.psycall.ccmgt.util.FreeSwitchManage.run(FreeSwitchManage.java:42)
Caused by: io.netty.channel.AbstractChannel$AnnotatedConnectException: Connection refused: /61.158.166.46:8021
Caused by: java.net.ConnectException: Connection refused
	at java.base/sun.nio.ch.SocketChannelImpl.checkConnect(Native Method)
	at java.base/sun.nio.ch.SocketChannelImpl.finishConnect(SocketChannelImpl.java:777)
	at io.netty.channel.socket.nio.NioSocketChannel.doFinishConnect(NioSocketChannel.java:330)
	at io.netty.channel.nio.AbstractNioChannel$AbstractNioUnsafe.finishConnect(AbstractNioChannel.java:334)
	at io.netty.channel.nio.NioEventLoop.processSelectedKey(NioEventLoop.java:707)
	at io.netty.channel.nio.NioEventLoop.processSelectedKeysOptimized(NioEventLoop.java:655)
	at io.netty.channel.nio.NioEventLoop.processSelectedKeys(NioEventLoop.java:581)
	at io.netty.channel.nio.NioEventLoop.run(NioEventLoop.java:493)
	at io.netty.util.concurrent.SingleThreadEventExecutor$4.run(SingleThreadEventExecutor.java:989)
	at io.netty.util.internal.ThreadExecutorMap$2.run(ThreadExecutorMap.java:74)
	at io.netty.util.concurrent.FastThreadLocalRunnable.run(FastThreadLocalRunnable.java:30)
	at java.base/java.lang.Thread.run(Thread.java:829)
2026-02-21 03:01:30.350 - [WARN ] - esl
org.freeswitch.esl.client.inbound.InboundConnectionException: Could not connect to /61.158.166.46:8021
	at org.freeswitch.esl.client.inbound.Client.connect(Client.java:134)
	at cn.psycall.ccmgt.util.FreeSwitchManage.monitor(FreeSwitchManage.java:86)
	at cn.psycall.ccmgt.util.FreeSwitchManage.run(FreeSwitchManage.java:42)
Caused by: io.netty.channel.AbstractChannel$AnnotatedConnectException: Connection refused: /61.158.166.46:8021
Caused by: java.net.ConnectException: Connection refused
	at java.base/sun.nio.ch.SocketChannelImpl.checkConnect(Native Method)
	at java.base/sun.nio.ch.SocketChannelImpl.finishConnect(SocketChannelImpl.java:777)
	at io.netty.channel.socket.nio.NioSocketChannel.doFinishConnect(NioSocketChannel.java:330)
	at io.netty.channel.nio.AbstractNioChannel$AbstractNioUnsafe.finishConnect(AbstractNioChannel.java:334)
	at io.netty.channel.nio.NioEventLoop.processSelectedKey(NioEventLoop.java:707)
	at io.netty.channel.nio.NioEventLoop.processSelectedKeysOptimized(NioEventLoop.java:655)
	at io.netty.channel.nio.NioEventLoop.processSelectedKeys(NioEventLoop.java:581)
	at io.netty.channel.nio.NioEventLoop.run(NioEventLoop.java:493)
	at io.netty.util.concurrent.SingleThreadEventExecutor$4.run(SingleThreadEventExecutor.java:989)
	at io.netty.util.internal.ThreadExecutorMap$2.run(ThreadExecutorMap.java:74)
	at io.netty.util.concurrent.FastThreadLocalRunnable.run(FastThreadLocalRunnable.java:30)
	at java.base/java.lang.Thread.run(Thread.java:829)
2026-02-21 03:01:31.432 - [WARN ] - esl
org.freeswitch.esl.client.inbound.InboundConnectionException: Could not connect to /61.158.166.46:8021
	at org.freeswitch.esl.client.inbound.Client.connect(Client.java:134)
	at cn.psycall.ccmgt.util.FreeSwitchManage.monitor(FreeSwitchManage.java:86)
	at cn.psycall.ccmgt.util.FreeSwitchManage.run(FreeSwitchManage.java:42)
Caused by: io.netty.channel.AbstractChannel$AnnotatedConnectException: Connection refused: /61.158.166.46:8021
Caused by: java.net.ConnectException: Connection refused
	at java.base/sun.nio.ch.SocketChannelImpl.checkConnect(Native Method)
	at java.base/sun.nio.ch.SocketChannelImpl.finishConnect(SocketChannelImpl.java:777)
	at io.netty.channel.socket.nio.NioSocketChannel.doFinishConnect(NioSocketChannel.java:330)
	at io.netty.channel.nio.AbstractNioChannel$AbstractNioUnsafe.finishConnect(AbstractNioChannel.java:334)
	at io.netty.channel.nio.NioEventLoop.processSelectedKey(NioEventLoop.java:707)
	at io.netty.channel.nio.NioEventLoop.processSelectedKeysOptimized(NioEventLoop.java:655)
	at io.netty.channel.nio.NioEventLoop.processSelectedKeys(NioEventLoop.java:581)
	at io.netty.channel.nio.NioEventLoop.run(NioEventLoop.java:493)
	at io.netty.util.concurrent.SingleThreadEventExecutor$4.run(SingleThreadEventExecutor.java:989)
	at io.netty.util.internal.ThreadExecutorMap$2.run(ThreadExecutorMap.java:74)
	at io.netty.util.concurrent.FastThreadLocalRunnable.run(FastThreadLocalRunnable.java:30)
	at java.base/java.lang.Thread.run(Thread.java:829)
2026-02-21 03:01:32.514 - [WARN ] - esl
org.freeswitch.esl.client.inbound.InboundConnectionException: Could not connect to /61.158.166.46:8021
	at org.freeswitch.esl.client.inbound.Client.connect(Client.java:134)
	at cn.psycall.ccmgt.util.FreeSwitchManage.monitor(FreeSwitchManage.java:86)
	at cn.psycall.ccmgt.util.FreeSwitchManage.run(FreeSwitchManage.java:42)
Caused by: io.netty.channel.AbstractChannel$AnnotatedConnectException: Connection refused: /61.158.166.46:8021
Caused by: java.net.ConnectException: Connection refused
	at java.base/sun.nio.ch.SocketChannelImpl.checkConnect(Native Method)
	at java.base/sun.nio.ch.SocketChannelImpl.finishConnect(SocketChannelImpl.java:777)
	at io.netty.channel.socket.nio.NioSocketChannel.doFinishConnect(NioSocketChannel.java:330)
	at io.netty.channel.nio.AbstractNioChannel$AbstractNioUnsafe.finishConnect(AbstractNioChannel.java:334)
	at io.netty.channel.nio.NioEventLoop.processSelectedKey(NioEventLoop.java:707)
	at io.netty.channel.nio.NioEventLoop.processSelectedKeysOptimized(NioEventLoop.java:655)
	at io.netty.channel.nio.NioEventLoop.processSelectedKeys(NioEventLoop.java:581)
	at io.netty.channel.nio.NioEventLoop.run(NioEventLoop.java:493)
	at io.netty.util.concurrent.SingleThreadEventExecutor$4.run(SingleThreadEventExecutor.java:989)
	at io.netty.util.internal.ThreadExecutorMap$2.run(ThreadExecutorMap.java:74)
	at io.netty.util.concurrent.FastThreadLocalRunnable.run(FastThreadLocalRunnable.java:30)
	at java.base/java.lang.Thread.run(Thread.java:829)
2026-02-21 03:01:33.603 - [WARN ] - esl
org.freeswitch.esl.client.inbound.InboundConnectionException: Could not connect to /61.158.166.46:8021
	at org.freeswitch.esl.client.inbound.Client.connect(Client.java:134)
	at cn.psycall.ccmgt.util.FreeSwitchManage.monitor(FreeSwitchManage.java:86)
	at cn.psycall.ccmgt.util.FreeSwitchManage.run(FreeSwitchManage.java:42)
Caused by: io.netty.channel.AbstractChannel$AnnotatedConnectException: Connection refused: /61.158.166.46:8021
Caused by: java.net.ConnectException: Connection refused
	at java.base/sun.nio.ch.SocketChannelImpl.checkConnect(Native Method)
	at java.base/sun.nio.ch.SocketChannelImpl.finishConnect(SocketChannelImpl.java:777)
	at io.netty.channel.socket.nio.NioSocketChannel.doFinishConnect(NioSocketChannel.java:330)
	at io.netty.channel.nio.AbstractNioChannel$AbstractNioUnsafe.finishConnect(AbstractNioChannel.java:334)
	at io.netty.channel.nio.NioEventLoop.processSelectedKey(NioEventLoop.java:707)
	at io.netty.channel.nio.NioEventLoop.processSelectedKeysOptimized(NioEventLoop.java:655)
	at io.netty.channel.nio.NioEventLoop.processSelectedKeys(NioEventLoop.java:581)
	at io.netty.channel.nio.NioEventLoop.run(NioEventLoop.java:493)
	at io.netty.util.concurrent.SingleThreadEventExecutor$4.run(SingleThreadEventExecutor.java:989)
	at io.netty.util.internal.ThreadExecutorMap$2.run(ThreadExecutorMap.java:74)
	at io.netty.util.concurrent.FastThreadLocalRunnable.run(FastThreadLocalRunnable.java:30)
	at java.base/java.lang.Thread.run(Thread.java:829)
2026-02-21 03:01:34.687 - [WARN ] - esl
org.freeswitch.esl.client.inbound.InboundConnectionException: Could not connect to /61.158.166.46:8021
	at org.freeswitch.esl.client.inbound.Client.connect(Client.java:134)
	at cn.psycall.ccmgt.util.FreeSwitchManage.monitor(FreeSwitchManage.java:86)
	at cn.psycall.ccmgt.util.FreeSwitchManage.run(FreeSwitchManage.java:42)
Caused by: io.netty.channel.AbstractChannel$AnnotatedConnectException: Connection refused: /61.158.166.46:8021
Caused by: java.net.ConnectException: Connection refused
	at java.base/sun.nio.ch.SocketChannelImpl.checkConnect(Native Method)
	at java.base/sun.nio.ch.SocketChannelImpl.finishConnect(SocketChannelImpl.java:777)
	at io.netty.channel.socket.nio.NioSocketChannel.doFinishConnect(NioSocketChannel.java:330)
	at io.netty.channel.nio.AbstractNioChannel$AbstractNioUnsafe.finishConnect(AbstractNioChannel.java:334)
	at io.netty.channel.nio.NioEventLoop.processSelectedKey(NioEventLoop.java:707)
	at io.netty.channel.nio.NioEventLoop.processSelectedKeysOptimized(NioEventLoop.java:655)
	at io.netty.channel.nio.NioEventLoop.processSelectedKeys(NioEventLoop.java:581)
	at io.netty.channel.nio.NioEventLoop.run(NioEventLoop.java:493)
	at io.netty.util.concurrent.SingleThreadEventExecutor$4.run(SingleThreadEventExecutor.java:989)
	at io.netty.util.internal.ThreadExecutorMap$2.run(ThreadExecutorMap.java:74)
	at io.netty.util.concurrent.FastThreadLocalRunnable.run(FastThreadLocalRunnable.java:30)
	at java.base/java.lang.Thread.run(Thread.java:829)
2026-02-21 03:01:35.782 - [WARN ] - esl
org.freeswitch.esl.client.inbound.InboundConnectionException: Could not connect to /61.158.166.46:8021
	at org.freeswitch.esl.client.inbound.Client.connect(Client.java:134)
	at cn.psycall.ccmgt.util.FreeSwitchManage.monitor(FreeSwitchManage.java:86)
	at cn.psycall.ccmgt.util.FreeSwitchManage.run(FreeSwitchManage.java:42)
Caused by: io.netty.channel.AbstractChannel$AnnotatedConnectException: Connection refused: /61.158.166.46:8021
Caused by: java.net.ConnectException: Connection refused
	at java.base/sun.nio.ch.SocketChannelImpl.checkConnect(Native Method)
	at java.base/sun.nio.ch.SocketChannelImpl.finishConnect(SocketChannelImpl.java:777)
	at io.netty.channel.socket.nio.NioSocketChannel.doFinishConnect(NioSocketChannel.java:330)
	at io.netty.channel.nio.AbstractNioChannel$AbstractNioUnsafe.finishConnect(AbstractNioChannel.java:334)
	at io.netty.channel.nio.NioEventLoop.processSelectedKey(NioEventLoop.java:707)
	at io.netty.channel.nio.NioEventLoop.processSelectedKeysOptimized(NioEventLoop.java:655)
	at io.netty.channel.nio.NioEventLoop.processSelectedKeys(NioEventLoop.java:581)
	at io.netty.channel.nio.NioEventLoop.run(NioEventLoop.java:493)
	at io.netty.util.concurrent.SingleThreadEventExecutor$4.run(SingleThreadEventExecutor.java:989)
	at io.netty.util.internal.ThreadExecutorMap$2.run(ThreadExecutorMap.java:74)
	at io.netty.util.concurrent.FastThreadLocalRunnable.run(FastThreadLocalRunnable.java:30)
	at java.base/java.lang.Thread.run(Thread.java:829)
2026-02-21 03:01:36.868 - [WARN ] - esl
org.freeswitch.esl.client.inbound.InboundConnectionException: Could not connect to /61.158.166.46:8021
	at org.freeswitch.esl.client.inbound.Client.connect(Client.java:134)
	at cn.psycall.ccmgt.util.FreeSwitchManage.monitor(FreeSwitchManage.java:86)
	at cn.psycall.ccmgt.util.FreeSwitchManage.run(FreeSwitchManage.java:42)
Caused by: io.netty.channel.AbstractChannel$AnnotatedConnectException: Connection refused: /61.158.166.46:8021
Caused by: java.net.ConnectException: Connection refused
	at java.base/sun.nio.ch.SocketChannelImpl.checkConnect(Native Method)
	at java.base/sun.nio.ch.SocketChannelImpl.finishConnect(SocketChannelImpl.java:777)
	at io.netty.channel.socket.nio.NioSocketChannel.doFinishConnect(NioSocketChannel.java:330)
	at io.netty.channel.nio.AbstractNioChannel$AbstractNioUnsafe.finishConnect(AbstractNioChannel.java:334)
	at io.netty.channel.nio.NioEventLoop.processSelectedKey(NioEventLoop.java:707)
	at io.netty.channel.nio.NioEventLoop.processSelectedKeysOptimized(NioEventLoop.java:655)
	at io.netty.channel.nio.NioEventLoop.processSelectedKeys(NioEventLoop.java:581)
	at io.netty.channel.nio.NioEventLoop.run(NioEventLoop.java:493)
	at io.netty.util.concurrent.SingleThreadEventExecutor$4.run(SingleThreadEventExecutor.java:989)
	at io.netty.util.internal.ThreadExecutorMap$2.run(ThreadExecutorMap.java:74)
	at io.netty.util.concurrent.FastThreadLocalRunnable.run(FastThreadLocalRunnable.java:30)
	at java.base/java.lang.Thread.run(Thread.java:829)
2026-02-21 03:01:37.954 - [WARN ] - esl
org.freeswitch.esl.client.inbound.InboundConnectionException: Could not connect to /61.158.166.46:8021
	at org.freeswitch.esl.client.inbound.Client.connect(Client.java:134)
	at cn.psycall.ccmgt.util.FreeSwitchManage.monitor(FreeSwitchManage.java:86)
	at cn.psycall.ccmgt.util.FreeSwitchManage.run(FreeSwitchManage.java:42)
Caused by: io.netty.channel.AbstractChannel$AnnotatedConnectException: Connection refused: /61.158.166.46:8021
Caused by: java.net.ConnectException: Connection refused
	at java.base/sun.nio.ch.SocketChannelImpl.checkConnect(Native Method)
	at java.base/sun.nio.ch.SocketChannelImpl.finishConnect(SocketChannelImpl.java:777)
	at io.netty.channel.socket.nio.NioSocketChannel.doFinishConnect(NioSocketChannel.java:330)
	at io.netty.channel.nio.AbstractNioChannel$AbstractNioUnsafe.finishConnect(AbstractNioChannel.java:334)
	at io.netty.channel.nio.NioEventLoop.processSelectedKey(NioEventLoop.java:707)
	at io.netty.channel.nio.NioEventLoop.processSelectedKeysOptimized(NioEventLoop.java:655)
	at io.netty.channel.nio.NioEventLoop.processSelectedKeys(NioEventLoop.java:581)
	at io.netty.channel.nio.NioEventLoop.run(NioEventLoop.java:493)
	at io.netty.util.concurrent.SingleThreadEventExecutor$4.run(SingleThreadEventExecutor.java:989)
	at io.netty.util.internal.ThreadExecutorMap$2.run(ThreadExecutorMap.java:74)
	at io.netty.util.concurrent.FastThreadLocalRunnable.run(FastThreadLocalRunnable.java:30)
	at java.base/java.lang.Thread.run(Thread.java:829)
2026-02-21 03:01:39.038 - [WARN ] - esl
org.freeswitch.esl.client.inbound.InboundConnectionException: Could not connect to /61.158.166.46:8021
	at org.freeswitch.esl.client.inbound.Client.connect(Client.java:134)
	at cn.psycall.ccmgt.util.FreeSwitchManage.monitor(FreeSwitchManage.java:86)
	at cn.psycall.ccmgt.util.FreeSwitchManage.run(FreeSwitchManage.java:42)
Caused by: io.netty.channel.AbstractChannel$AnnotatedConnectException: Connection refused: /61.158.166.46:8021
Caused by: java.net.ConnectException: Connection refused
	at java.base/sun.nio.ch.SocketChannelImpl.checkConnect(Native Method)
	at java.base/sun.nio.ch.SocketChannelImpl.finishConnect(SocketChannelImpl.java:777)
	at io.netty.channel.socket.nio.NioSocketChannel.doFinishConnect(NioSocketChannel.java:330)
	at io.netty.channel.nio.AbstractNioChannel$AbstractNioUnsafe.finishConnect(AbstractNioChannel.java:334)
	at io.netty.channel.nio.NioEventLoop.processSelectedKey(NioEventLoop.java:707)
	at io.netty.channel.nio.NioEventLoop.processSelectedKeysOptimized(NioEventLoop.java:655)
	at io.netty.channel.nio.NioEventLoop.processSelectedKeys(NioEventLoop.java:581)
	at io.netty.channel.nio.NioEventLoop.run(NioEventLoop.java:493)
	at io.netty.util.concurrent.SingleThreadEventExecutor$4.run(SingleThreadEventExecutor.java:989)
	at io.netty.util.internal.ThreadExecutorMap$2.run(ThreadExecutorMap.java:74)
	at io.netty.util.concurrent.FastThreadLocalRunnable.run(FastThreadLocalRunnable.java:30)
	at java.base/java.lang.Thread.run(Thread.java:829)
2026-02-21 03:01:40.124 - [WARN ] - esl
org.freeswitch.esl.client.inbound.InboundConnectionException: Could not connect to /61.158.166.46:8021
	at org.freeswitch.esl.client.inbound.Client.connect(Client.java:134)
	at cn.psycall.ccmgt.util.FreeSwitchManage.monitor(FreeSwitchManage.java:86)
	at cn.psycall.ccmgt.util.FreeSwitchManage.run(FreeSwitchManage.java:42)
Caused by: io.netty.channel.AbstractChannel$AnnotatedConnectException: Connection refused: /61.158.166.46:8021
Caused by: java.net.ConnectException: Connection refused
	at java.base/sun.nio.ch.SocketChannelImpl.checkConnect(Native Method)
	at java.base/sun.nio.ch.SocketChannelImpl.finishConnect(SocketChannelImpl.java:777)
	at io.netty.channel.socket.nio.NioSocketChannel.doFinishConnect(NioSocketChannel.java:330)
	at io.netty.channel.nio.AbstractNioChannel$AbstractNioUnsafe.finishConnect(AbstractNioChannel.java:334)
	at io.netty.channel.nio.NioEventLoop.processSelectedKey(NioEventLoop.java:707)
	at io.netty.channel.nio.NioEventLoop.processSelectedKeysOptimized(NioEventLoop.java:655)
	at io.netty.channel.nio.NioEventLoop.processSelectedKeys(NioEventLoop.java:581)
	at io.netty.channel.nio.NioEventLoop.run(NioEventLoop.java:493)
	at io.netty.util.concurrent.SingleThreadEventExecutor$4.run(SingleThreadEventExecutor.java:989)
	at io.netty.util.internal.ThreadExecutorMap$2.run(ThreadExecutorMap.java:74)
	at io.netty.util.concurrent.FastThreadLocalRunnable.run(FastThreadLocalRunnable.java:30)
	at java.base/java.lang.Thread.run(Thread.java:829)
2026-02-21 03:01:41.436 - [WARN ] - esl
org.freeswitch.esl.client.inbound.InboundConnectionException: Could not connect to /61.158.166.46:8021
	at org.freeswitch.esl.client.inbound.Client.connect(Client.java:134)
	at cn.psycall.ccmgt.util.FreeSwitchManage.monitor(FreeSwitchManage.java:86)
	at cn.psycall.ccmgt.util.FreeSwitchManage.run(FreeSwitchManage.java:42)
Caused by: io.netty.channel.AbstractChannel$AnnotatedConnectException: Connection refused: /61.158.166.46:8021
Caused by: java.net.ConnectException: Connection refused
	at java.base/sun.nio.ch.SocketChannelImpl.checkConnect(Native Method)
	at java.base/sun.nio.ch.SocketChannelImpl.finishConnect(SocketChannelImpl.java:777)
	at io.netty.channel.socket.nio.NioSocketChannel.doFinishConnect(NioSocketChannel.java:330)
	at io.netty.channel.nio.AbstractNioChannel$AbstractNioUnsafe.finishConnect(AbstractNioChannel.java:334)
	at io.netty.channel.nio.NioEventLoop.processSelectedKey(NioEventLoop.java:707)
	at io.netty.channel.nio.NioEventLoop.processSelectedKeysOptimized(NioEventLoop.java:655)
	at io.netty.channel.nio.NioEventLoop.processSelectedKeys(NioEventLoop.java:581)
	at io.netty.channel.nio.NioEventLoop.run(NioEventLoop.java:493)
	at io.netty.util.concurrent.SingleThreadEventExecutor$4.run(SingleThreadEventExecutor.java:989)
	at io.netty.util.internal.ThreadExecutorMap$2.run(ThreadExecutorMap.java:74)
	at io.netty.util.concurrent.FastThreadLocalRunnable.run(FastThreadLocalRunnable.java:30)
	at java.base/java.lang.Thread.run(Thread.java:829)
2026-02-21 03:01:42.518 - [WARN ] - esl
org.freeswitch.esl.client.inbound.InboundConnectionException: Could not connect to /61.158.166.46:8021
	at org.freeswitch.esl.client.inbound.Client.connect(Client.java:134)
	at cn.psycall.ccmgt.util.FreeSwitchManage.monitor(FreeSwitchManage.java:86)
	at cn.psycall.ccmgt.util.FreeSwitchManage.run(FreeSwitchManage.java:42)
Caused by: io.netty.channel.AbstractChannel$AnnotatedConnectException: Connection refused: /61.158.166.46:8021
Caused by: java.net.ConnectException: Connection refused
	at java.base/sun.nio.ch.SocketChannelImpl.checkConnect(Native Method)
	at java.base/sun.nio.ch.SocketChannelImpl.finishConnect(SocketChannelImpl.java:777)
	at io.netty.channel.socket.nio.NioSocketChannel.doFinishConnect(NioSocketChannel.java:330)
	at io.netty.channel.nio.AbstractNioChannel$AbstractNioUnsafe.finishConnect(AbstractNioChannel.java:334)
	at io.netty.channel.nio.NioEventLoop.processSelectedKey(NioEventLoop.java:707)
	at io.netty.channel.nio.NioEventLoop.processSelectedKeysOptimized(NioEventLoop.java:655)
	at io.netty.channel.nio.NioEventLoop.processSelectedKeys(NioEventLoop.java:581)
	at io.netty.channel.nio.NioEventLoop.run(NioEventLoop.java:493)
	at io.netty.util.concurrent.SingleThreadEventExecutor$4.run(SingleThreadEventExecutor.java:989)
	at io.netty.util.internal.ThreadExecutorMap$2.run(ThreadExecutorMap.java:74)
	at io.netty.util.concurrent.FastThreadLocalRunnable.run(FastThreadLocalRunnable.java:30)
	at java.base/java.lang.Thread.run(Thread.java:829)
2026-02-21 03:01:43.608 - [WARN ] - esl
org.freeswitch.esl.client.inbound.InboundConnectionException: Could not connect to /61.158.166.46:8021
	at org.freeswitch.esl.client.inbound.Client.connect(Client.java:134)
	at cn.psycall.ccmgt.util.FreeSwitchManage.monitor(FreeSwitchManage.java:86)
	at cn.psycall.ccmgt.util.FreeSwitchManage.run(FreeSwitchManage.java:42)
Caused by: io.netty.channel.AbstractChannel$AnnotatedConnectException: Connection refused: /61.158.166.46:8021
Caused by: java.net.ConnectException: Connection refused
	at java.base/sun.nio.ch.SocketChannelImpl.checkConnect(Native Method)
	at java.base/sun.nio.ch.SocketChannelImpl.finishConnect(SocketChannelImpl.java:777)
	at io.netty.channel.socket.nio.NioSocketChannel.doFinishConnect(NioSocketChannel.java:330)
	at io.netty.channel.nio.AbstractNioChannel$AbstractNioUnsafe.finishConnect(AbstractNioChannel.java:334)
	at io.netty.channel.nio.NioEventLoop.processSelectedKey(NioEventLoop.java:707)
	at io.netty.channel.nio.NioEventLoop.processSelectedKeysOptimized(NioEventLoop.java:655)
	at io.netty.channel.nio.NioEventLoop.processSelectedKeys(NioEventLoop.java:581)
	at io.netty.channel.nio.NioEventLoop.run(NioEventLoop.java:493)
	at io.netty.util.concurrent.SingleThreadEventExecutor$4.run(SingleThreadEventExecutor.java:989)
	at io.netty.util.internal.ThreadExecutorMap$2.run(ThreadExecutorMap.java:74)
	at io.netty.util.concurrent.FastThreadLocalRunnable.run(FastThreadLocalRunnable.java:30)
	at java.base/java.lang.Thread.run(Thread.java:829)
2026-02-21 03:01:44.696 - [WARN ] - esl
org.freeswitch.esl.client.inbound.InboundConnectionException: Could not connect to /61.158.166.46:8021
	at org.freeswitch.esl.client.inbound.Client.connect(Client.java:134)
	at cn.psycall.ccmgt.util.FreeSwitchManage.monitor(FreeSwitchManage.java:86)
	at cn.psycall.ccmgt.util.FreeSwitchManage.run(FreeSwitchManage.java:42)
Caused by: io.netty.channel.AbstractChannel$AnnotatedConnectException: Connection refused: /61.158.166.46:8021
Caused by: java.net.ConnectException: Connection refused
	at java.base/sun.nio.ch.SocketChannelImpl.checkConnect(Native Method)
	at java.base/sun.nio.ch.SocketChannelImpl.finishConnect(SocketChannelImpl.java:777)
	at io.netty.channel.socket.nio.NioSocketChannel.doFinishConnect(NioSocketChannel.java:330)
	at io.netty.channel.nio.AbstractNioChannel$AbstractNioUnsafe.finishConnect(AbstractNioChannel.java:334)
	at io.netty.channel.nio.NioEventLoop.processSelectedKey(NioEventLoop.java:707)
	at io.netty.channel.nio.NioEventLoop.processSelectedKeysOptimized(NioEventLoop.java:655)
	at io.netty.channel.nio.NioEventLoop.processSelectedKeys(NioEventLoop.java:581)
	at io.netty.channel.nio.NioEventLoop.run(NioEventLoop.java:493)
	at io.netty.util.concurrent.SingleThreadEventExecutor$4.run(SingleThreadEventExecutor.java:989)
	at io.netty.util.internal.ThreadExecutorMap$2.run(ThreadExecutorMap.java:74)
	at io.netty.util.concurrent.FastThreadLocalRunnable.run(FastThreadLocalRunnable.java:30)
	at java.base/java.lang.Thread.run(Thread.java:829)
2026-02-21 03:01:45.780 - [WARN ] - esl
org.freeswitch.esl.client.inbound.InboundConnectionException: Could not connect to /61.158.166.46:8021
	at org.freeswitch.esl.client.inbound.Client.connect(Client.java:134)
	at cn.psycall.ccmgt.util.FreeSwitchManage.monitor(FreeSwitchManage.java:86)
	at cn.psycall.ccmgt.util.FreeSwitchManage.run(FreeSwitchManage.java:42)
Caused by: io.netty.channel.AbstractChannel$AnnotatedConnectException: Connection refused: /61.158.166.46:8021
Caused by: java.net.ConnectException: Connection refused
	at java.base/sun.nio.ch.SocketChannelImpl.checkConnect(Native Method)
	at java.base/sun.nio.ch.SocketChannelImpl.finishConnect(SocketChannelImpl.java:777)
	at io.netty.channel.socket.nio.NioSocketChannel.doFinishConnect(NioSocketChannel.java:330)
	at io.netty.channel.nio.AbstractNioChannel$AbstractNioUnsafe.finishConnect(AbstractNioChannel.java:334)
	at io.netty.channel.nio.NioEventLoop.processSelectedKey(NioEventLoop.java:707)
	at io.netty.channel.nio.NioEventLoop.processSelectedKeysOptimized(NioEventLoop.java:655)
	at io.netty.channel.nio.NioEventLoop.processSelectedKeys(NioEventLoop.java:581)
	at io.netty.channel.nio.NioEventLoop.run(NioEventLoop.java:493)
	at io.netty.util.concurrent.SingleThreadEventExecutor$4.run(SingleThreadEventExecutor.java:989)
	at io.netty.util.internal.ThreadExecutorMap$2.run(ThreadExecutorMap.java:74)
	at io.netty.util.concurrent.FastThreadLocalRunnable.run(FastThreadLocalRunnable.java:30)
	at java.base/java.lang.Thread.run(Thread.java:829)
2026-02-21 03:01:46.868 - [WARN ] - esl
org.freeswitch.esl.client.inbound.InboundConnectionException: Could not connect to /61.158.166.46:8021
	at org.freeswitch.esl.client.inbound.Client.connect(Client.java:134)
	at cn.psycall.ccmgt.util.FreeSwitchManage.monitor(FreeSwitchManage.java:86)
	at cn.psycall.ccmgt.util.FreeSwitchManage.run(FreeSwitchManage.java:42)
Caused by: io.netty.channel.AbstractChannel$AnnotatedConnectException: Connection refused: /61.158.166.46:8021
Caused by: java.net.ConnectException: Connection refused
	at java.base/sun.nio.ch.SocketChannelImpl.checkConnect(Native Method)
	at java.base/sun.nio.ch.SocketChannelImpl.finishConnect(SocketChannelImpl.java:777)
	at io.netty.channel.socket.nio.NioSocketChannel.doFinishConnect(NioSocketChannel.java:330)
	at io.netty.channel.nio.AbstractNioChannel$AbstractNioUnsafe.finishConnect(AbstractNioChannel.java:334)
	at io.netty.channel.nio.NioEventLoop.processSelectedKey(NioEventLoop.java:707)
	at io.netty.channel.nio.NioEventLoop.processSelectedKeysOptimized(NioEventLoop.java:655)
	at io.netty.channel.nio.NioEventLoop.processSelectedKeys(NioEventLoop.java:581)
	at io.netty.channel.nio.NioEventLoop.run(NioEventLoop.java:493)
	at io.netty.util.concurrent.SingleThreadEventExecutor$4.run(SingleThreadEventExecutor.java:989)
	at io.netty.util.internal.ThreadExecutorMap$2.run(ThreadExecutorMap.java:74)
	at io.netty.util.concurrent.FastThreadLocalRunnable.run(FastThreadLocalRunnable.java:30)
	at java.base/java.lang.Thread.run(Thread.java:829)
2026-02-21 03:01:47.952 - [WARN ] - esl
org.freeswitch.esl.client.inbound.InboundConnectionException: Could not connect to /61.158.166.46:8021
	at org.freeswitch.esl.client.inbound.Client.connect(Client.java:134)
	at cn.psycall.ccmgt.util.FreeSwitchManage.monitor(FreeSwitchManage.java:86)
	at cn.psycall.ccmgt.util.FreeSwitchManage.run(FreeSwitchManage.java:42)
Caused by: io.netty.channel.AbstractChannel$AnnotatedConnectException: Connection refused: /61.158.166.46:8021
Caused by: java.net.ConnectException: Connection refused
	at java.base/sun.nio.ch.SocketChannelImpl.checkConnect(Native Method)
	at java.base/sun.nio.ch.SocketChannelImpl.finishConnect(SocketChannelImpl.java:777)
	at io.netty.channel.socket.nio.NioSocketChannel.doFinishConnect(NioSocketChannel.java:330)
	at io.netty.channel.nio.AbstractNioChannel$AbstractNioUnsafe.finishConnect(AbstractNioChannel.java:334)
	at io.netty.channel.nio.NioEventLoop.processSelectedKey(NioEventLoop.java:707)
	at io.netty.channel.nio.NioEventLoop.processSelectedKeysOptimized(NioEventLoop.java:655)
	at io.netty.channel.nio.NioEventLoop.processSelectedKeys(NioEventLoop.java:581)
	at io.netty.channel.nio.NioEventLoop.run(NioEventLoop.java:493)
	at io.netty.util.concurrent.SingleThreadEventExecutor$4.run(SingleThreadEventExecutor.java:989)
	at io.netty.util.internal.ThreadExecutorMap$2.run(ThreadExecutorMap.java:74)
	at io.netty.util.concurrent.FastThreadLocalRunnable.run(FastThreadLocalRunnable.java:30)
	at java.base/java.lang.Thread.run(Thread.java:829)
2026-02-21 03:01:49.015 - [WARN ] - esl
org.freeswitch.esl.client.inbound.InboundConnectionException: Could not connect to /61.158.166.46:8021
	at org.freeswitch.esl.client.inbound.Client.connect(Client.java:134)
	at cn.psycall.ccmgt.util.FreeSwitchManage.monitor(FreeSwitchManage.java:86)
	at cn.psycall.ccmgt.util.FreeSwitchManage.run(FreeSwitchManage.java:42)
Caused by: io.netty.channel.AbstractChannel$AnnotatedConnectException: Connection refused: /61.158.166.46:8021
Caused by: java.net.ConnectException: Connection refused
	at java.base/sun.nio.ch.SocketChannelImpl.checkConnect(Native Method)
	at java.base/sun.nio.ch.SocketChannelImpl.finishConnect(SocketChannelImpl.java:777)
	at io.netty.channel.socket.nio.NioSocketChannel.doFinishConnect(NioSocketChannel.java:330)
	at io.netty.channel.nio.AbstractNioChannel$AbstractNioUnsafe.finishConnect(AbstractNioChannel.java:334)
	at io.netty.channel.nio.NioEventLoop.processSelectedKey(NioEventLoop.java:707)
	at io.netty.channel.nio.NioEventLoop.processSelectedKeysOptimized(NioEventLoop.java:655)
	at io.netty.channel.nio.NioEventLoop.processSelectedKeys(NioEventLoop.java:581)
	at io.netty.channel.nio.NioEventLoop.run(NioEventLoop.java:493)
	at io.netty.util.concurrent.SingleThreadEventExecutor$4.run(SingleThreadEventExecutor.java:989)
	at io.netty.util.internal.ThreadExecutorMap$2.run(ThreadExecutorMap.java:74)
	at io.netty.util.concurrent.FastThreadLocalRunnable.run(FastThreadLocalRunnable.java:30)
	at java.base/java.lang.Thread.run(Thread.java:829)
2026-02-21 03:01:50.074 - [WARN ] - esl
org.freeswitch.esl.client.inbound.InboundConnectionException: Could not connect to /61.158.166.46:8021
	at org.freeswitch.esl.client.inbound.Client.connect(Client.java:134)
	at cn.psycall.ccmgt.util.FreeSwitchManage.monitor(FreeSwitchManage.java:86)
	at cn.psycall.ccmgt.util.FreeSwitchManage.run(FreeSwitchManage.java:42)
Caused by: io.netty.channel.AbstractChannel$AnnotatedConnectException: Connection refused: /61.158.166.46:8021
Caused by: java.net.ConnectException: Connection refused
	at java.base/sun.nio.ch.SocketChannelImpl.checkConnect(Native Method)
	at java.base/sun.nio.ch.SocketChannelImpl.finishConnect(SocketChannelImpl.java:777)
	at io.netty.channel.socket.nio.NioSocketChannel.doFinishConnect(NioSocketChannel.java:330)
	at io.netty.channel.nio.AbstractNioChannel$AbstractNioUnsafe.finishConnect(AbstractNioChannel.java:334)
	at io.netty.channel.nio.NioEventLoop.processSelectedKey(NioEventLoop.java:707)
	at io.netty.channel.nio.NioEventLoop.processSelectedKeysOptimized(NioEventLoop.java:655)
	at io.netty.channel.nio.NioEventLoop.processSelectedKeys(NioEventLoop.java:581)
	at io.netty.channel.nio.NioEventLoop.run(NioEventLoop.java:493)
	at io.netty.util.concurrent.SingleThreadEventExecutor$4.run(SingleThreadEventExecutor.java:989)
	at io.netty.util.internal.ThreadExecutorMap$2.run(ThreadExecutorMap.java:74)
	at io.netty.util.concurrent.FastThreadLocalRunnable.run(FastThreadLocalRunnable.java:30)
	at java.base/java.lang.Thread.run(Thread.java:829)
2026-02-21 03:01:51.165 - [WARN ] - esl
org.freeswitch.esl.client.inbound.InboundConnectionException: Could not connect to /61.158.166.46:8021
	at org.freeswitch.esl.client.inbound.Client.connect(Client.java:134)
	at cn.psycall.ccmgt.util.FreeSwitchManage.monitor(FreeSwitchManage.java:86)
	at cn.psycall.ccmgt.util.FreeSwitchManage.run(FreeSwitchManage.java:42)
Caused by: io.netty.channel.AbstractChannel$AnnotatedConnectException: Connection refused: /61.158.166.46:8021
Caused by: java.net.ConnectException: Connection refused
	at java.base/sun.nio.ch.SocketChannelImpl.checkConnect(Native Method)
	at java.base/sun.nio.ch.SocketChannelImpl.finishConnect(SocketChannelImpl.java:777)
	at io.netty.channel.socket.nio.NioSocketChannel.doFinishConnect(NioSocketChannel.java:330)
	at io.netty.channel.nio.AbstractNioChannel$AbstractNioUnsafe.finishConnect(AbstractNioChannel.java:334)
	at io.netty.channel.nio.NioEventLoop.processSelectedKey(NioEventLoop.java:707)
	at io.netty.channel.nio.NioEventLoop.processSelectedKeysOptimized(NioEventLoop.java:655)
	at io.netty.channel.nio.NioEventLoop.processSelectedKeys(NioEventLoop.java:581)
	at io.netty.channel.nio.NioEventLoop.run(NioEventLoop.java:493)
	at io.netty.util.concurrent.SingleThreadEventExecutor$4.run(SingleThreadEventExecutor.java:989)
	at io.netty.util.internal.ThreadExecutorMap$2.run(ThreadExecutorMap.java:74)
	at io.netty.util.concurrent.FastThreadLocalRunnable.run(FastThreadLocalRunnable.java:30)
	at java.base/java.lang.Thread.run(Thread.java:829)
2026-02-21 03:01:52.249 - [WARN ] - esl
org.freeswitch.esl.client.inbound.InboundConnectionException: Could not connect to /61.158.166.46:8021
	at org.freeswitch.esl.client.inbound.Client.connect(Client.java:134)
	at cn.psycall.ccmgt.util.FreeSwitchManage.monitor(FreeSwitchManage.java:86)
	at cn.psycall.ccmgt.util.FreeSwitchManage.run(FreeSwitchManage.java:42)
Caused by: io.netty.channel.AbstractChannel$AnnotatedConnectException: Connection refused: /61.158.166.46:8021
Caused by: java.net.ConnectException: Connection refused
	at java.base/sun.nio.ch.SocketChannelImpl.checkConnect(Native Method)
	at java.base/sun.nio.ch.SocketChannelImpl.finishConnect(SocketChannelImpl.java:777)
	at io.netty.channel.socket.nio.NioSocketChannel.doFinishConnect(NioSocketChannel.java:330)
	at io.netty.channel.nio.AbstractNioChannel$AbstractNioUnsafe.finishConnect(AbstractNioChannel.java:334)
	at io.netty.channel.nio.NioEventLoop.processSelectedKey(NioEventLoop.java:707)
	at io.netty.channel.nio.NioEventLoop.processSelectedKeysOptimized(NioEventLoop.java:655)
	at io.netty.channel.nio.NioEventLoop.processSelectedKeys(NioEventLoop.java:581)
	at io.netty.channel.nio.NioEventLoop.run(NioEventLoop.java:493)
	at io.netty.util.concurrent.SingleThreadEventExecutor$4.run(SingleThreadEventExecutor.java:989)
	at io.netty.util.internal.ThreadExecutorMap$2.run(ThreadExecutorMap.java:74)
	at io.netty.util.concurrent.FastThreadLocalRunnable.run(FastThreadLocalRunnable.java:30)
	at java.base/java.lang.Thread.run(Thread.java:829)
2026-02-21 03:01:53.332 - [WARN ] - esl
org.freeswitch.esl.client.inbound.InboundConnectionException: Could not connect to /61.158.166.46:8021
	at org.freeswitch.esl.client.inbound.Client.connect(Client.java:134)
	at cn.psycall.ccmgt.util.FreeSwitchManage.monitor(FreeSwitchManage.java:86)
	at cn.psycall.ccmgt.util.FreeSwitchManage.run(FreeSwitchManage.java:42)
Caused by: io.netty.channel.AbstractChannel$AnnotatedConnectException: Connection refused: /61.158.166.46:8021
Caused by: java.net.ConnectException: Connection refused
	at java.base/sun.nio.ch.SocketChannelImpl.checkConnect(Native Method)
	at java.base/sun.nio.ch.SocketChannelImpl.finishConnect(SocketChannelImpl.java:777)
	at io.netty.channel.socket.nio.NioSocketChannel.doFinishConnect(NioSocketChannel.java:330)
	at io.netty.channel.nio.AbstractNioChannel$AbstractNioUnsafe.finishConnect(AbstractNioChannel.java:334)
	at io.netty.channel.nio.NioEventLoop.processSelectedKey(NioEventLoop.java:707)
	at io.netty.channel.nio.NioEventLoop.processSelectedKeysOptimized(NioEventLoop.java:655)
	at io.netty.channel.nio.NioEventLoop.processSelectedKeys(NioEventLoop.java:581)
	at io.netty.channel.nio.NioEventLoop.run(NioEventLoop.java:493)
	at io.netty.util.concurrent.SingleThreadEventExecutor$4.run(SingleThreadEventExecutor.java:989)
	at io.netty.util.internal.ThreadExecutorMap$2.run(ThreadExecutorMap.java:74)
	at io.netty.util.concurrent.FastThreadLocalRunnable.run(FastThreadLocalRunnable.java:30)
	at java.base/java.lang.Thread.run(Thread.java:829)
2026-02-21 03:01:54.413 - [WARN ] - esl
org.freeswitch.esl.client.inbound.InboundConnectionException: Could not connect to /61.158.166.46:8021
	at org.freeswitch.esl.client.inbound.Client.connect(Client.java:134)
	at cn.psycall.ccmgt.util.FreeSwitchManage.monitor(FreeSwitchManage.java:86)
	at cn.psycall.ccmgt.util.FreeSwitchManage.run(FreeSwitchManage.java:42)
Caused by: io.netty.channel.AbstractChannel$AnnotatedConnectException: Connection refused: /61.158.166.46:8021
Caused by: java.net.ConnectException: Connection refused
	at java.base/sun.nio.ch.SocketChannelImpl.checkConnect(Native Method)
	at java.base/sun.nio.ch.SocketChannelImpl.finishConnect(SocketChannelImpl.java:777)
	at io.netty.channel.socket.nio.NioSocketChannel.doFinishConnect(NioSocketChannel.java:330)
	at io.netty.channel.nio.AbstractNioChannel$AbstractNioUnsafe.finishConnect(AbstractNioChannel.java:334)
	at io.netty.channel.nio.NioEventLoop.processSelectedKey(NioEventLoop.java:707)
	at io.netty.channel.nio.NioEventLoop.processSelectedKeysOptimized(NioEventLoop.java:655)
	at io.netty.channel.nio.NioEventLoop.processSelectedKeys(NioEventLoop.java:581)
	at io.netty.channel.nio.NioEventLoop.run(NioEventLoop.java:493)
	at io.netty.util.concurrent.SingleThreadEventExecutor$4.run(SingleThreadEventExecutor.java:989)
	at io.netty.util.internal.ThreadExecutorMap$2.run(ThreadExecutorMap.java:74)
	at io.netty.util.concurrent.FastThreadLocalRunnable.run(FastThreadLocalRunnable.java:30)
	at java.base/java.lang.Thread.run(Thread.java:829)
2026-02-21 03:01:55.496 - [WARN ] - esl
org.freeswitch.esl.client.inbound.InboundConnectionException: Could not connect to /61.158.166.46:8021
	at org.freeswitch.esl.client.inbound.Client.connect(Client.java:134)
	at cn.psycall.ccmgt.util.FreeSwitchManage.monitor(FreeSwitchManage.java:86)
	at cn.psycall.ccmgt.util.FreeSwitchManage.run(FreeSwitchManage.java:42)
Caused by: io.netty.channel.AbstractChannel$AnnotatedConnectException: Connection refused: /61.158.166.46:8021
Caused by: java.net.ConnectException: Connection refused
	at java.base/sun.nio.ch.SocketChannelImpl.checkConnect(Native Method)
	at java.base/sun.nio.ch.SocketChannelImpl.finishConnect(SocketChannelImpl.java:777)
	at io.netty.channel.socket.nio.NioSocketChannel.doFinishConnect(NioSocketChannel.java:330)
	at io.netty.channel.nio.AbstractNioChannel$AbstractNioUnsafe.finishConnect(AbstractNioChannel.java:334)
	at io.netty.channel.nio.NioEventLoop.processSelectedKey(NioEventLoop.java:707)
	at io.netty.channel.nio.NioEventLoop.processSelectedKeysOptimized(NioEventLoop.java:655)
	at io.netty.channel.nio.NioEventLoop.processSelectedKeys(NioEventLoop.java:581)
	at io.netty.channel.nio.NioEventLoop.run(NioEventLoop.java:493)
	at io.netty.util.concurrent.SingleThreadEventExecutor$4.run(SingleThreadEventExecutor.java:989)
	at io.netty.util.internal.ThreadExecutorMap$2.run(ThreadExecutorMap.java:74)
	at io.netty.util.concurrent.FastThreadLocalRunnable.run(FastThreadLocalRunnable.java:30)
	at java.base/java.lang.Thread.run(Thread.java:829)
2026-02-21 03:01:56.577 - [WARN ] - esl
org.freeswitch.esl.client.inbound.InboundConnectionException: Could not connect to /61.158.166.46:8021
	at org.freeswitch.esl.client.inbound.Client.connect(Client.java:134)
	at cn.psycall.ccmgt.util.FreeSwitchManage.monitor(FreeSwitchManage.java:86)
	at cn.psycall.ccmgt.util.FreeSwitchManage.run(FreeSwitchManage.java:42)
Caused by: io.netty.channel.AbstractChannel$AnnotatedConnectException: Connection refused: /61.158.166.46:8021
Caused by: java.net.ConnectException: Connection refused
	at java.base/sun.nio.ch.SocketChannelImpl.checkConnect(Native Method)
	at java.base/sun.nio.ch.SocketChannelImpl.finishConnect(SocketChannelImpl.java:777)
	at io.netty.channel.socket.nio.NioSocketChannel.doFinishConnect(NioSocketChannel.java:330)
	at io.netty.channel.nio.AbstractNioChannel$AbstractNioUnsafe.finishConnect(AbstractNioChannel.java:334)
	at io.netty.channel.nio.NioEventLoop.processSelectedKey(NioEventLoop.java:707)
	at io.netty.channel.nio.NioEventLoop.processSelectedKeysOptimized(NioEventLoop.java:655)
	at io.netty.channel.nio.NioEventLoop.processSelectedKeys(NioEventLoop.java:581)
	at io.netty.channel.nio.NioEventLoop.run(NioEventLoop.java:493)
	at io.netty.util.concurrent.SingleThreadEventExecutor$4.run(SingleThreadEventExecutor.java:989)
	at io.netty.util.internal.ThreadExecutorMap$2.run(ThreadExecutorMap.java:74)
	at io.netty.util.concurrent.FastThreadLocalRunnable.run(FastThreadLocalRunnable.java:30)
	at java.base/java.lang.Thread.run(Thread.java:829)
2026-02-21 03:01:57.664 - [WARN ] - esl
org.freeswitch.esl.client.inbound.InboundConnectionException: Could not connect to /61.158.166.46:8021
	at org.freeswitch.esl.client.inbound.Client.connect(Client.java:134)
	at cn.psycall.ccmgt.util.FreeSwitchManage.monitor(FreeSwitchManage.java:86)
	at cn.psycall.ccmgt.util.FreeSwitchManage.run(FreeSwitchManage.java:42)
Caused by: io.netty.channel.AbstractChannel$AnnotatedConnectException: Connection refused: /61.158.166.46:8021
Caused by: java.net.ConnectException: Connection refused
	at java.base/sun.nio.ch.SocketChannelImpl.checkConnect(Native Method)
	at java.base/sun.nio.ch.SocketChannelImpl.finishConnect(SocketChannelImpl.java:777)
	at io.netty.channel.socket.nio.NioSocketChannel.doFinishConnect(NioSocketChannel.java:330)
	at io.netty.channel.nio.AbstractNioChannel$AbstractNioUnsafe.finishConnect(AbstractNioChannel.java:334)
	at io.netty.channel.nio.NioEventLoop.processSelectedKey(NioEventLoop.java:707)
	at io.netty.channel.nio.NioEventLoop.processSelectedKeysOptimized(NioEventLoop.java:655)
	at io.netty.channel.nio.NioEventLoop.processSelectedKeys(NioEventLoop.java:581)
	at io.netty.channel.nio.NioEventLoop.run(NioEventLoop.java:493)
	at io.netty.util.concurrent.SingleThreadEventExecutor$4.run(SingleThreadEventExecutor.java:989)
	at io.netty.util.internal.ThreadExecutorMap$2.run(ThreadExecutorMap.java:74)
	at io.netty.util.concurrent.FastThreadLocalRunnable.run(FastThreadLocalRunnable.java:30)
	at java.base/java.lang.Thread.run(Thread.java:829)
2026-02-21 03:01:58.743 - [WARN ] - esl
org.freeswitch.esl.client.inbound.InboundConnectionException: Could not connect to /61.158.166.46:8021
	at org.freeswitch.esl.client.inbound.Client.connect(Client.java:134)
	at cn.psycall.ccmgt.util.FreeSwitchManage.monitor(FreeSwitchManage.java:86)
	at cn.psycall.ccmgt.util.FreeSwitchManage.run(FreeSwitchManage.java:42)
Caused by: io.netty.channel.AbstractChannel$AnnotatedConnectException: Connection refused: /61.158.166.46:8021
Caused by: java.net.ConnectException: Connection refused
	at java.base/sun.nio.ch.SocketChannelImpl.checkConnect(Native Method)
	at java.base/sun.nio.ch.SocketChannelImpl.finishConnect(SocketChannelImpl.java:777)
	at io.netty.channel.socket.nio.NioSocketChannel.doFinishConnect(NioSocketChannel.java:330)
	at io.netty.channel.nio.AbstractNioChannel$AbstractNioUnsafe.finishConnect(AbstractNioChannel.java:334)
	at io.netty.channel.nio.NioEventLoop.processSelectedKey(NioEventLoop.java:707)
	at io.netty.channel.nio.NioEventLoop.processSelectedKeysOptimized(NioEventLoop.java:655)
	at io.netty.channel.nio.NioEventLoop.processSelectedKeys(NioEventLoop.java:581)
	at io.netty.channel.nio.NioEventLoop.run(NioEventLoop.java:493)
	at io.netty.util.concurrent.SingleThreadEventExecutor$4.run(SingleThreadEventExecutor.java:989)
	at io.netty.util.internal.ThreadExecutorMap$2.run(ThreadExecutorMap.java:74)
	at io.netty.util.concurrent.FastThreadLocalRunnable.run(FastThreadLocalRunnable.java:30)
	at java.base/java.lang.Thread.run(Thread.java:829)
2026-02-21 03:01:59.826 - [WARN ] - esl
org.freeswitch.esl.client.inbound.InboundConnectionException: Could not connect to /61.158.166.46:8021
	at org.freeswitch.esl.client.inbound.Client.connect(Client.java:134)
	at cn.psycall.ccmgt.util.FreeSwitchManage.monitor(FreeSwitchManage.java:86)
	at cn.psycall.ccmgt.util.FreeSwitchManage.run(FreeSwitchManage.java:42)
Caused by: io.netty.channel.AbstractChannel$AnnotatedConnectException: Connection refused: /61.158.166.46:8021
Caused by: java.net.ConnectException: Connection refused
	at java.base/sun.nio.ch.SocketChannelImpl.checkConnect(Native Method)
	at java.base/sun.nio.ch.SocketChannelImpl.finishConnect(SocketChannelImpl.java:777)
	at io.netty.channel.socket.nio.NioSocketChannel.doFinishConnect(NioSocketChannel.java:330)
	at io.netty.channel.nio.AbstractNioChannel$AbstractNioUnsafe.finishConnect(AbstractNioChannel.java:334)
	at io.netty.channel.nio.NioEventLoop.processSelectedKey(NioEventLoop.java:707)
	at io.netty.channel.nio.NioEventLoop.processSelectedKeysOptimized(NioEventLoop.java:655)
	at io.netty.channel.nio.NioEventLoop.processSelectedKeys(NioEventLoop.java:581)
	at io.netty.channel.nio.NioEventLoop.run(NioEventLoop.java:493)
	at io.netty.util.concurrent.SingleThreadEventExecutor$4.run(SingleThreadEventExecutor.java:989)
	at io.netty.util.internal.ThreadExecutorMap$2.run(ThreadExecutorMap.java:74)
	at io.netty.util.concurrent.FastThreadLocalRunnable.run(FastThreadLocalRunnable.java:30)
	at java.base/java.lang.Thread.run(Thread.java:829)
2026-02-21 03:02:01.119 - [WARN ] - conn_rabbit_mq
org.springframework.web.client.ResourceAccessException: I/O error on POST request for "http://61.158.166.46:8888/command/conn_rabbit_mq": Connect to 61.158.166.46:8888 [/61.158.166.46] failed: Connection refused (Connection refused); nested exception is org.apache.http.conn.HttpHostConnectException: Connect to 61.158.166.46:8888 [/61.158.166.46] failed: Connection refused (Connection refused)
	at org.springframework.web.client.RestTemplate.doExecute(RestTemplate.java:791)
	at org.springframework.web.client.RestTemplate.execute(RestTemplate.java:717)
	at org.springframework.web.client.RestTemplate.exchange(RestTemplate.java:608)
	at cn.psycall.ccmgt.util.FreeSwitchManage.conn_rabbit_mq(FreeSwitchManage.java:272)
	at cn.psycall.ccmgt.util.FreeSwitchManage.monitor(FreeSwitchManage.java:89)
	at cn.psycall.ccmgt.util.FreeSwitchManage.run(FreeSwitchManage.java:42)
Caused by: org.apache.http.conn.HttpHostConnectException: Connect to 61.158.166.46:8888 [/61.158.166.46] failed: Connection refused (Connection refused)
	at org.apache.http.impl.conn.DefaultHttpClientConnectionOperator.connect(DefaultHttpClientConnectionOperator.java:156)
	at org.apache.http.impl.conn.PoolingHttpClientConnectionManager.connect(PoolingHttpClientConnectionManager.java:376)
	at org.apache.http.impl.execchain.MainClientExec.establishRoute(MainClientExec.java:393)
	at org.apache.http.impl.execchain.MainClientExec.execute(MainClientExec.java:236)
	at org.apache.http.impl.execchain.ProtocolExec.execute(ProtocolExec.java:186)
	at org.apache.http.impl.execchain.RetryExec.execute(RetryExec.java:89)
	at org.apache.http.impl.execchain.RedirectExec.execute(RedirectExec.java:110)
	at org.apache.http.impl.client.InternalHttpClient.doExecute(InternalHttpClient.java:185)
	at org.apache.http.impl.client.CloseableHttpClient.execute(CloseableHttpClient.java:83)
	at org.apache.http.impl.client.CloseableHttpClient.execute(CloseableHttpClient.java:56)
	at org.springframework.http.client.HttpComponentsClientHttpRequest.executeInternal(HttpComponentsClientHttpRequest.java:87)
	at org.springframework.http.client.AbstractBufferingClientHttpRequest.executeInternal(AbstractBufferingClientHttpRequest.java:48)
	at org.springframework.http.client.AbstractClientHttpRequest.execute(AbstractClientHttpRequest.java:66)
	at org.springframework.web.client.RestTemplate.doExecute(RestTemplate.java:782)
	... 5 common frames omitted
Caused by: java.net.ConnectException: Connection refused (Connection refused)
	at java.base/java.net.PlainSocketImpl.socketConnect(Native Method)
	at java.base/java.net.AbstractPlainSocketImpl.doConnect(AbstractPlainSocketImpl.java:412)
	at java.base/java.net.AbstractPlainSocketImpl.connectToAddress(AbstractPlainSocketImpl.java:255)
	at java.base/java.net.AbstractPlainSocketImpl.connect(AbstractPlainSocketImpl.java:237)
	at java.base/java.net.SocksSocketImpl.connect(SocksSocketImpl.java:392)
	at java.base/java.net.Socket.connect(Socket.java:609)
	at org.apache.http.conn.socket.PlainConnectionSocketFactory.connectSocket(PlainConnectionSocketFactory.java:75)
	at org.apache.http.impl.conn.DefaultHttpClientConnectionOperator.connect(DefaultHttpClientConnectionOperator.java:142)
	... 18 common frames omitted
2026-02-21 03:02:02.403 - [WARN ] - conn_rabbit_mq
org.springframework.web.client.ResourceAccessException: I/O error on POST request for "http://61.158.166.46:8888/command/conn_rabbit_mq": Connect to 61.158.166.46:8888 [/61.158.166.46] failed: Connection refused (Connection refused); nested exception is org.apache.http.conn.HttpHostConnectException: Connect to 61.158.166.46:8888 [/61.158.166.46] failed: Connection refused (Connection refused)
	at org.springframework.web.client.RestTemplate.doExecute(RestTemplate.java:791)
	at org.springframework.web.client.RestTemplate.execute(RestTemplate.java:717)
	at org.springframework.web.client.RestTemplate.exchange(RestTemplate.java:608)
	at cn.psycall.ccmgt.util.FreeSwitchManage.conn_rabbit_mq(FreeSwitchManage.java:272)
	at cn.psycall.ccmgt.util.FreeSwitchManage.monitor(FreeSwitchManage.java:89)
	at cn.psycall.ccmgt.util.FreeSwitchManage.run(FreeSwitchManage.java:42)
Caused by: org.apache.http.conn.HttpHostConnectException: Connect to 61.158.166.46:8888 [/61.158.166.46] failed: Connection refused (Connection refused)
	at org.apache.http.impl.conn.DefaultHttpClientConnectionOperator.connect(DefaultHttpClientConnectionOperator.java:156)
	at org.apache.http.impl.conn.PoolingHttpClientConnectionManager.connect(PoolingHttpClientConnectionManager.java:376)
	at org.apache.http.impl.execchain.MainClientExec.establishRoute(MainClientExec.java:393)
	at org.apache.http.impl.execchain.MainClientExec.execute(MainClientExec.java:236)
	at org.apache.http.impl.execchain.ProtocolExec.execute(ProtocolExec.java:186)
	at org.apache.http.impl.execchain.RetryExec.execute(RetryExec.java:89)
	at org.apache.http.impl.execchain.RedirectExec.execute(RedirectExec.java:110)
	at org.apache.http.impl.client.InternalHttpClient.doExecute(InternalHttpClient.java:185)
	at org.apache.http.impl.client.CloseableHttpClient.execute(CloseableHttpClient.java:83)
	at org.apache.http.impl.client.CloseableHttpClient.execute(CloseableHttpClient.java:56)
	at org.springframework.http.client.HttpComponentsClientHttpRequest.executeInternal(HttpComponentsClientHttpRequest.java:87)
	at org.springframework.http.client.AbstractBufferingClientHttpRequest.executeInternal(AbstractBufferingClientHttpRequest.java:48)
	at org.springframework.http.client.AbstractClientHttpRequest.execute(AbstractClientHttpRequest.java:66)
	at org.springframework.web.client.RestTemplate.doExecute(RestTemplate.java:782)
	... 5 common frames omitted
Caused by: java.net.ConnectException: Connection refused (Connection refused)
	at java.base/java.net.PlainSocketImpl.socketConnect(Native Method)
	at java.base/java.net.AbstractPlainSocketImpl.doConnect(AbstractPlainSocketImpl.java:412)
	at java.base/java.net.AbstractPlainSocketImpl.connectToAddress(AbstractPlainSocketImpl.java:255)
	at java.base/java.net.AbstractPlainSocketImpl.connect(AbstractPlainSocketImpl.java:237)
	at java.base/java.net.SocksSocketImpl.connect(SocksSocketImpl.java:392)
	at java.base/java.net.Socket.connect(Socket.java:609)
	at org.apache.http.conn.socket.PlainConnectionSocketFactory.connectSocket(PlainConnectionSocketFactory.java:75)
	at org.apache.http.impl.conn.DefaultHttpClientConnectionOperator.connect(DefaultHttpClientConnectionOperator.java:142)
	... 18 common frames omitted
2026-02-21 03:02:13.023 - [INFO ] - internal->61.158.166.46:5060
2026-02-21 03:02:13.024 - [INFO ] - ESL Client connected ..(61.158.166.46:8021[b4edf6db-471e-42e6-9578-5f7b22a4da87])
2026-02-21 03:02:13.762 - [INFO ] - internal_sip_port->5060
2026-02-21 03:02:13.763 - [INFO ] - external_sip_port->5080
2026-02-21 03:02:19.684 - [INFO ] - fs[b4edf6db-471e-42e6-9578-5f7b22a4da87] CallThread start
2026-02-21 03:03:29.088 - [INFO ] - Error parsing HTTP request header
 Note: further occurrences of HTTP request parsing errors will be logged at DEBUG level.
java.lang.IllegalArgumentException: Invalid character found in method name [0x160x030x010x000xee0x010x000x000xea0x030x0370xb50x84M0x8f0xc6Xi0xcb!0xf6L0x000xfc0xa50x1f0xf40xed=0xaeO70xd70x9fL@0xb10xb10xbc10x960xe8]. HTTP method names must be tokens
	at org.apache.coyote.http11.Http11InputBuffer.parseRequestLine(Http11InputBuffer.java:417)
	at org.apache.coyote.http11.Http11Processor.service(Http11Processor.java:261)
	at org.apache.coyote.AbstractProcessorLight.process(AbstractProcessorLight.java:65)
	at org.apache.coyote.AbstractProtocol$ConnectionHandler.process(AbstractProtocol.java:888)
	at org.apache.tomcat.util.net.NioEndpoint$SocketProcessor.doRun(NioEndpoint.java:1597)
	at org.apache.tomcat.util.net.SocketProcessorBase.run(SocketProcessorBase.java:49)
	at java.base/java.util.concurrent.ThreadPoolExecutor.runWorker(ThreadPoolExecutor.java:1128)
	at java.base/java.util.concurrent.ThreadPoolExecutor$Worker.run(ThreadPoolExecutor.java:628)
	at org.apache.tomcat.util.threads.TaskThread$WrappingRunnable.run(TaskThread.java:61)
	at java.base/java.lang.Thread.run(Thread.java:829)
2026-02-21 03:03:53.476 - [INFO ] - Error parsing HTTP request header
 Note: further occurrences of HTTP request parsing errors will be logged at DEBUG level.
java.lang.IllegalArgumentException: Invalid character found in method name [0x160x030x010x000xee0x010x000x000xea0x030x030xd30xdd0x850xea{%60xbe0xc20xef40x9aY0x9f[4F0xc40x890x010x910x06J%f7W0x8740x030xda(]. HTTP method names must be tokens
	at org.apache.coyote.http11.Http11InputBuffer.parseRequestLine(Http11InputBuffer.java:417)
	at org.apache.coyote.http11.Http11Processor.service(Http11Processor.java:261)
	at org.apache.coyote.AbstractProcessorLight.process(AbstractProcessorLight.java:65)
	at org.apache.coyote.AbstractProtocol$ConnectionHandler.process(AbstractProtocol.java:888)
	at org.apache.tomcat.util.net.NioEndpoint$SocketProcessor.doRun(NioEndpoint.java:1597)
	at org.apache.tomcat.util.net.SocketProcessorBase.run(SocketProcessorBase.java:49)
	at java.base/java.util.concurrent.ThreadPoolExecutor.runWorker(ThreadPoolExecutor.java:1128)
	at java.base/java.util.concurrent.ThreadPoolExecutor$Worker.run(ThreadPoolExecutor.java:628)
	at org.apache.tomcat.util.threads.TaskThread$WrappingRunnable.run(TaskThread.java:61)
	at java.base/java.lang.Thread.run(Thread.java:829)
2026-02-21 04:01:49.647 - [INFO ] - hikari-pool - Shutdown initiated...
2026-02-21 04:01:49.660 - [INFO ] - hikari-pool - Shutdown completed.
2026-02-21 04:04:06.969 - [INFO ] - Starting CcmgtApplication v1.0 using Java 11.0.29 on 142-0 with PID 4866 (/usr/local/cc/ccmgt-1.0.jar started by root in /usr/local/cc)
2026-02-21 04:04:07.003 - [INFO ] - No active profile set, falling back to default profiles: default
2026-02-21 04:04:16.308 - [INFO ] - Initializing ProtocolHandler ["http-nio-8020"]
2026-02-21 04:04:16.311 - [INFO ] - Starting service [Tomcat]
2026-02-21 04:04:16.312 - [INFO ] - Starting Servlet engine: [Apache Tomcat/9.0.41]
2026-02-21 04:04:16.636 - [INFO ] - Initializing Spring embedded WebApplicationContext
2026-02-21 04:04:23.818 - [INFO ] - Starting ProtocolHandler ["http-nio-8020"]
2026-02-21 04:04:24.083 - [INFO ] - Started CcmgtApplication in 21.917 seconds (JVM running for 26.35)
2026-02-21 04:04:24.144 - [INFO ] - ccmgt init
2026-02-21 04:04:24.717 - [INFO ] - hikari-pool - Starting...
2026-02-21 04:04:25.153 - [INFO ] - RabbitMQ connected!
2026-02-21 04:04:26.349 - [INFO ] - hikari-pool - Start completed.
2026-02-21 04:04:33.093 - [INFO ] - Initializing Spring DispatcherServlet 'dispatcherServlet'
2026-02-21 04:04:54.068 - [INFO ] - internal->61.158.166.43:5060
2026-02-21 04:04:54.070 - [INFO ] - ESL Client connected ..(61.158.166.43:8021[23dc2d50-ba17-4750-8ef8-8305fe8db683])
2026-02-21 04:04:54.129 - [INFO ] - internal_sip_port->5060
2026-02-21 04:04:54.129 - [INFO ] - external_sip_port->5080
2026-02-21 04:04:59.609 - [INFO ] - fs[23dc2d50-ba17-4750-8ef8-8305fe8db683] CallThread start
2026-02-21 04:04:59.948 - [INFO ] - internal->61.158.166.44:5060
2026-02-21 04:04:59.949 - [INFO ] - ESL Client connected ..(61.158.166.44:8021[83fd1317-9f8e-42b5-832b-13daf9fcc616])
2026-02-21 04:04:59.995 - [INFO ] - internal_sip_port->5060
2026-02-21 04:04:59.995 - [INFO ] - external_sip_port->5080
2026-02-21 04:05:05.491 - [INFO ] - fs[83fd1317-9f8e-42b5-832b-13daf9fcc616] CallThread start
2026-02-21 04:05:06.090 - [INFO ] - internal->61.158.166.45:5060
2026-02-21 04:05:06.091 - [INFO ] - ESL Client connected ..(61.158.166.45:8021[12555bd9-7acc-4603-b52c-2e211bfb5478])
2026-02-21 04:05:06.150 - [INFO ] - internal_sip_port->5060
2026-02-21 04:05:06.151 - [INFO ] - external_sip_port->5080
2026-02-21 04:05:11.693 - [INFO ] - fs[12555bd9-7acc-4603-b52c-2e211bfb5478] CallThread start
2026-02-21 04:05:12.018 - [INFO ] - internal->61.158.166.46:5060
2026-02-21 04:05:12.019 - [INFO ] - ESL Client connected ..(61.158.166.46:8021[b4edf6db-471e-42e6-9578-5f7b22a4da87])
2026-02-21 04:05:12.073 - [INFO ] - internal_sip_port->5060
2026-02-21 04:05:12.074 - [INFO ] - external_sip_port->5080
2026-02-21 04:05:17.557 - [INFO ] - fs[b4edf6db-471e-42e6-9578-5f7b22a4da87] CallThread start
2026-02-21 04:42:12.544 - [INFO ] - Error parsing HTTP request header
 Note: further occurrences of HTTP request parsing errors will be logged at DEBUG level.
java.lang.IllegalArgumentException: Invalid character found in method name [0x160x030x010x000xee0x010x000x000xea0x030x03I0x060xb20xf90xbc0x99i0xc0Y0xfb0xf80xbae-0x83Ud]0x0e0x8d0xb7b80xb4g0xc60xdd9dZ8f]. HTTP method names must be tokens
	at org.apache.coyote.http11.Http11InputBuffer.parseRequestLine(Http11InputBuffer.java:417)
	at org.apache.coyote.http11.Http11Processor.service(Http11Processor.java:261)
	at org.apache.coyote.AbstractProcessorLight.process(AbstractProcessorLight.java:65)
	at org.apache.coyote.AbstractProtocol$ConnectionHandler.process(AbstractProtocol.java:888)
	at org.apache.tomcat.util.net.NioEndpoint$SocketProcessor.doRun(NioEndpoint.java:1597)
	at org.apache.tomcat.util.net.SocketProcessorBase.run(SocketProcessorBase.java:49)
	at java.base/java.util.concurrent.ThreadPoolExecutor.runWorker(ThreadPoolExecutor.java:1128)
	at java.base/java.util.concurrent.ThreadPoolExecutor$Worker.run(ThreadPoolExecutor.java:628)
	at org.apache.tomcat.util.threads.TaskThread$WrappingRunnable.run(TaskThread.java:61)
	at java.base/java.lang.Thread.run(Thread.java:829)
2026-02-21 13:49:29.790 - [INFO ] - Error parsing HTTP request header
 Note: further occurrences of HTTP request parsing errors will be logged at DEBUG level.
java.lang.IllegalArgumentException: Invalid character found in method name [0x160x030x010x00{0x010x000x00w0x030x030xf40xeb0xc80xde2b0x05K_#0x140xda0xa10xc8,qq0xc20x89(|L0xf3Z-OJ/0x83>0xa0Z0x000x000x1a0xc0/0xc0+0xc00x110xc00x070xc00x130xc00x090xc00x140xc00x0a0x000x050x00/0x0050xc00x120x000x0a0x010x000x0040x000x050x000x050x010x000x000x000x000x000x0a0x000x080x000x060x000x170x000x180x000x190x000x0b0x000x020x010x000x000x0d0x000x100x000x0e0x040x010x040x030x020x010x020x030x040x010x050x010x060x010xff0x010x000x01...]. HTTP method names must be tokens
	at org.apache.coyote.http11.Http11InputBuffer.parseRequestLine(Http11InputBuffer.java:417)
	at org.apache.coyote.http11.Http11Processor.service(Http11Processor.java:261)
	at org.apache.coyote.AbstractProcessorLight.process(AbstractProcessorLight.java:65)
	at org.apache.coyote.AbstractProtocol$ConnectionHandler.process(AbstractProtocol.java:888)
	at org.apache.tomcat.util.net.NioEndpoint$SocketProcessor.doRun(NioEndpoint.java:1597)
	at org.apache.tomcat.util.net.SocketProcessorBase.run(SocketProcessorBase.java:49)
	at java.base/java.util.concurrent.ThreadPoolExecutor.runWorker(ThreadPoolExecutor.java:1128)
	at java.base/java.util.concurrent.ThreadPoolExecutor$Worker.run(ThreadPoolExecutor.java:628)
	at org.apache.tomcat.util.threads.TaskThread$WrappingRunnable.run(TaskThread.java:61)
	at java.base/java.lang.Thread.run(Thread.java:829)
2026-02-21 15:31:26.863 - [INFO ] - Error parsing HTTP request header
 Note: further occurrences of HTTP request parsing errors will be logged at DEBUG level.
java.lang.IllegalArgumentException: Invalid character found in method name [0x160x030x010x00{0x010x000x00w0x030x03>R0x880xa20x07y0xce0xaa0x03-Q0x190xdb0xd5N0x810x1c,+0xcbh0xf4#k0xc30x07Ed)0xe20xdc0x870x000x000x1a0xc0/0xc0+0xc00x110xc00x070xc00x130xc00x090xc00x140xc00x0a0x000x050x00/0x0050xc00x120x000x0a0x010x000x0040x000x050x000x050x010x000x000x000x000x000x0a0x000x080x000x060x000x170x000x180x000x190x000x0b0x000x020x010x000x000x0d0x000x100x000x0e0x040x010x040x030x020x010x020x030x040x010x050x010x060x010xff0x010x000x01...]. HTTP method names must be tokens
	at org.apache.coyote.http11.Http11InputBuffer.parseRequestLine(Http11InputBuffer.java:417)
	at org.apache.coyote.http11.Http11Processor.service(Http11Processor.java:261)
	at org.apache.coyote.AbstractProcessorLight.process(AbstractProcessorLight.java:65)
	at org.apache.coyote.AbstractProtocol$ConnectionHandler.process(AbstractProtocol.java:888)
	at org.apache.tomcat.util.net.NioEndpoint$SocketProcessor.doRun(NioEndpoint.java:1597)
	at org.apache.tomcat.util.net.SocketProcessorBase.run(SocketProcessorBase.java:49)
	at java.base/java.util.concurrent.ThreadPoolExecutor.runWorker(ThreadPoolExecutor.java:1128)
	at java.base/java.util.concurrent.ThreadPoolExecutor$Worker.run(ThreadPoolExecutor.java:628)
	at org.apache.tomcat.util.threads.TaskThread$WrappingRunnable.run(TaskThread.java:61)
	at java.base/java.lang.Thread.run(Thread.java:829)
2026-02-21 15:32:57.890 - [INFO ] - Error parsing HTTP request header
 Note: further occurrences of HTTP request parsing errors will be logged at DEBUG level.
java.lang.IllegalArgumentException: Invalid character found in method name [0x160x030x010x00{0x010x000x00w0x030x030x990xbf0xb70x970xc60xa30x900xd2S0x8c20x880xf8h0x06m!0x0en0x820xe8G0xec0x16Q0xc5W~}0xd30xef0x8d0x000x000x1a0xc0/0xc0+0xc00x110xc00x070xc00x130xc00x090xc00x140xc00x0a0x000x050x00/0x0050xc00x120x000x0a0x010x000x0040x000x050x000x050x010x000x000x000x000x000x0a0x000x080x000x060x000x170x000x180x000x190x000x0b0x000x020x010x000x000x0d0x000x100x000x0e0x040x010x040x030x020x010x020x030x040x010x050x010x060x010xff0x010x000x01...]. HTTP method names must be tokens
	at org.apache.coyote.http11.Http11InputBuffer.parseRequestLine(Http11InputBuffer.java:417)
	at org.apache.coyote.http11.Http11Processor.service(Http11Processor.java:261)
	at org.apache.coyote.AbstractProcessorLight.process(AbstractProcessorLight.java:65)
	at org.apache.coyote.AbstractProtocol$ConnectionHandler.process(AbstractProtocol.java:888)
	at org.apache.tomcat.util.net.NioEndpoint$SocketProcessor.doRun(NioEndpoint.java:1597)
	at org.apache.tomcat.util.net.SocketProcessorBase.run(SocketProcessorBase.java:49)
	at java.base/java.util.concurrent.ThreadPoolExecutor.runWorker(ThreadPoolExecutor.java:1128)
	at java.base/java.util.concurrent.ThreadPoolExecutor$Worker.run(ThreadPoolExecutor.java:628)
	at org.apache.tomcat.util.threads.TaskThread$WrappingRunnable.run(TaskThread.java:61)
	at java.base/java.lang.Thread.run(Thread.java:829)
