2026-02-25 00:01:02.626 - [INFO ] - hikari-pool - Shutdown initiated...
2026-02-25 00:01:02.649 - [INFO ] - hikari-pool - Shutdown completed.
2026-02-25 00:03:19.901 - [INFO ] - Starting CcmgtApplication v1.0 using Java 11.0.29 on 142-0 with PID 4812 (/usr/local/cc/ccmgt-1.0.jar started by root in /usr/local/cc)
2026-02-25 00:03:19.935 - [INFO ] - No active profile set, falling back to default profiles: default
2026-02-25 00:03:29.735 - [INFO ] - Initializing ProtocolHandler ["http-nio-8020"]
2026-02-25 00:03:29.738 - [INFO ] - Starting service [Tomcat]
2026-02-25 00:03:29.739 - [INFO ] - Starting Servlet engine: [Apache Tomcat/9.0.41]
2026-02-25 00:03:30.112 - [INFO ] - Initializing Spring embedded WebApplicationContext
2026-02-25 00:03:37.850 - [INFO ] - Starting ProtocolHandler ["http-nio-8020"]
2026-02-25 00:03:38.285 - [INFO ] - Started CcmgtApplication in 23.066 seconds (JVM running for 27.522)
2026-02-25 00:03:38.371 - [INFO ] - ccmgt init
2026-02-25 00:03:38.835 - [INFO ] - Initializing Spring DispatcherServlet 'dispatcherServlet'
2026-02-25 00:03:38.999 - [INFO ] - hikari-pool - Starting...
2026-02-25 00:03:39.471 - [INFO ] - RabbitMQ connected!
2026-02-25 00:03:41.631 - [INFO ] - hikari-pool - Start completed.
2026-02-25 00:03:43.366 - [WARN ] - fence->42.228.232.248
java.lang.NullPointerException: null
	at cn.psycall.ccmgt.util.Utils.fence(Utils.java:291)
	at cn.psycall.ccmgt.controller.Common.lambda$mailbox$4(Common.java:524)
	at java.base/java.util.concurrent.Executors$RunnableAdapter.call(Executors.java:515)
	at java.base/java.util.concurrent.FutureTask.run(FutureTask.java:264)
	at java.base/java.util.concurrent.ThreadPoolExecutor.runWorker(ThreadPoolExecutor.java:1128)
	at java.base/java.util.concurrent.ThreadPoolExecutor$Worker.run(ThreadPoolExecutor.java:628)
	at java.base/java.lang.Thread.run(Thread.java:829)
2026-02-25 00:03:43.974 - [WARN ] - fence->42.228.232.248
java.lang.NullPointerException: null
	at cn.psycall.ccmgt.util.Utils.fence(Utils.java:291)
	at cn.psycall.ccmgt.controller.Common.lambda$mailbox$4(Common.java:524)
	at java.base/java.util.concurrent.Executors$RunnableAdapter.call(Executors.java:515)
	at java.base/java.util.concurrent.FutureTask.run(FutureTask.java:264)
	at java.base/java.util.concurrent.ThreadPoolExecutor.runWorker(ThreadPoolExecutor.java:1128)
	at java.base/java.util.concurrent.ThreadPoolExecutor$Worker.run(ThreadPoolExecutor.java:628)
	at java.base/java.lang.Thread.run(Thread.java:829)
2026-02-25 00:03:44.092 - [WARN ] - fence->42.228.238.33
java.lang.NullPointerException: null
	at cn.psycall.ccmgt.util.Utils.fence(Utils.java:291)
	at cn.psycall.ccmgt.controller.Common.lambda$mailbox$4(Common.java:524)
	at java.base/java.util.concurrent.Executors$RunnableAdapter.call(Executors.java:515)
	at java.base/java.util.concurrent.FutureTask.run(FutureTask.java:264)
	at java.base/java.util.concurrent.ThreadPoolExecutor.runWorker(ThreadPoolExecutor.java:1128)
	at java.base/java.util.concurrent.ThreadPoolExecutor$Worker.run(ThreadPoolExecutor.java:628)
	at java.base/java.lang.Thread.run(Thread.java:829)
2026-02-25 00:04:10.453 - [INFO ] - internal->61.158.166.43:5060
2026-02-25 00:04:10.455 - [INFO ] - ESL Client connected ..(61.158.166.43:8021[b5b0da6f-cb6d-48e6-a5bb-5b62591b3d28])
2026-02-25 00:04:10.520 - [INFO ] - internal_sip_port->5060
2026-02-25 00:04:10.521 - [INFO ] - external_sip_port->5080
2026-02-25 00:04:16.040 - [INFO ] - fs[b5b0da6f-cb6d-48e6-a5bb-5b62591b3d28] CallThread start
2026-02-25 00:04:17.252 - [INFO ] - internal->61.158.166.44:5060
2026-02-25 00:04:17.253 - [INFO ] - ESL Client connected ..(61.158.166.44:8021[8017ad90-ce56-4f72-b4a2-f5bd3409f824])
2026-02-25 00:04:17.303 - [INFO ] - internal_sip_port->5060
2026-02-25 00:04:17.304 - [INFO ] - external_sip_port->5080
2026-02-25 00:04:22.819 - [INFO ] - fs[8017ad90-ce56-4f72-b4a2-f5bd3409f824] CallThread start
2026-02-25 00:04:23.204 - [INFO ] - internal->61.158.166.45:5060
2026-02-25 00:04:23.204 - [INFO ] - ESL Client connected ..(61.158.166.45:8021[23725a4f-ef02-41d9-8caa-68a371939e59])
2026-02-25 00:04:23.268 - [INFO ] - internal_sip_port->5060
2026-02-25 00:04:23.269 - [INFO ] - external_sip_port->5080
2026-02-25 00:04:28.814 - [INFO ] - fs[23725a4f-ef02-41d9-8caa-68a371939e59] CallThread start
2026-02-25 00:04:29.218 - [INFO ] - internal->61.158.166.46:5060
2026-02-25 00:04:29.219 - [INFO ] - ESL Client connected ..(61.158.166.46:8021[156ed2c4-e018-4c22-b302-e3cf0edec24c])
2026-02-25 00:04:29.316 - [INFO ] - internal_sip_port->5060
2026-02-25 00:04:29.317 - [INFO ] - external_sip_port->5080
2026-02-25 00:04:34.823 - [INFO ] - fs[156ed2c4-e018-4c22-b302-e3cf0edec24c] CallThread start
2026-02-25 02:00:00.040 - [INFO ] - Failed to access file: /usr/local/freeswitch/sounds - /usr/local/freeswitch/sounds
2026-02-25 02:00:00.088 - [INFO ] - earliest ->20251227
2026-02-25 02:00:00.089 - [INFO ] - drop table ->customer_cdr_20251227
2026-02-25 02:00:00.579 - [INFO ] - [delete from customer_cdr_20251228 where answered=1 and admin_id=6, delete from customer_cdr_20251229 where answered=1 and admin_id=6, delete from customer_cdr_20251230 where answered=1 and admin_id=6, delete from customer_cdr_20251231 where answered=1 and admin_id=6, delete from customer_cdr_20260101 where answered=1 and admin_id=6, delete from customer_cdr_20260102 where answered=1 and admin_id=6, delete from customer_cdr_20260103 where answered=1 and admin_id=6, delete from customer_cdr_20260104 where answered=1 and admin_id=6, delete from customer_cdr_20260105 where answered=1 and admin_id=6, delete from customer_cdr_20260106 where answered=1 and admin_id=6, delete from customer_cdr_20260107 where answered=1 and admin_id=6, delete from customer_cdr_20260108 where answered=1 and admin_id=6, delete from customer_cdr_20260109 where answered=1 and admin_id=6, delete from customer_cdr_20260110 where answered=1 and admin_id=6, delete from customer_cdr_20260111 where answered=1 and admin_id=6, delete from customer_cdr_20260112 where answered=1 and admin_id=6, delete from customer_cdr_20260113 where answered=1 and admin_id=6, delete from customer_cdr_20260114 where answered=1 and admin_id=6, delete from customer_cdr_20260115 where answered=1 and admin_id=6, delete from customer_cdr_20260116 where answered=1 and admin_id=6, delete from customer_cdr_20260117 where answered=1 and admin_id=6, delete from customer_cdr_20260118 where answered=1 and admin_id=6, delete from customer_cdr_20260119 where answered=1 and admin_id=6, delete from customer_cdr_20260120 where answered=1 and admin_id=6, delete from customer_cdr_20260121 where answered=1 and admin_id=6, delete from customer_cdr_20260122 where answered=1 and admin_id=6, delete from customer_cdr_20260123 where answered=1 and admin_id=6, delete from customer_cdr_20260124 where answered=1 and admin_id=6, delete from customer_cdr_20260125 where answered=1 and admin_id=6, delete from customer_cdr_20260126 where answered=1 and admin_id=6]
2026-02-25 02:00:00.580 - [INFO ] - start
2026-02-25 02:00:38.441 - [INFO ] - end
2026-02-25 02:00:38.445 - [INFO ] - [delete from customer_cdr_20251228 where answered=0 and admin_id=6, delete from customer_cdr_20251229 where answered=0 and admin_id=6, delete from customer_cdr_20251230 where answered=0 and admin_id=6, delete from customer_cdr_20251231 where answered=0 and admin_id=6, delete from customer_cdr_20260101 where answered=0 and admin_id=6, delete from customer_cdr_20260102 where answered=0 and admin_id=6, delete from customer_cdr_20260103 where answered=0 and admin_id=6, delete from customer_cdr_20260104 where answered=0 and admin_id=6, delete from customer_cdr_20260105 where answered=0 and admin_id=6, delete from customer_cdr_20260106 where answered=0 and admin_id=6, delete from customer_cdr_20260107 where answered=0 and admin_id=6, delete from customer_cdr_20260108 where answered=0 and admin_id=6, delete from customer_cdr_20260109 where answered=0 and admin_id=6, delete from customer_cdr_20260110 where answered=0 and admin_id=6, delete from customer_cdr_20260111 where answered=0 and admin_id=6, delete from customer_cdr_20260112 where answered=0 and admin_id=6, delete from customer_cdr_20260113 where answered=0 and admin_id=6, delete from customer_cdr_20260114 where answered=0 and admin_id=6, delete from customer_cdr_20260115 where answered=0 and admin_id=6, delete from customer_cdr_20260116 where answered=0 and admin_id=6, delete from customer_cdr_20260117 where answered=0 and admin_id=6, delete from customer_cdr_20260118 where answered=0 and admin_id=6, delete from customer_cdr_20260119 where answered=0 and admin_id=6, delete from customer_cdr_20260120 where answered=0 and admin_id=6, delete from customer_cdr_20260121 where answered=0 and admin_id=6, delete from customer_cdr_20260122 where answered=0 and admin_id=6, delete from customer_cdr_20260123 where answered=0 and admin_id=6, delete from customer_cdr_20260124 where answered=0 and admin_id=6, delete from customer_cdr_20260125 where answered=0 and admin_id=6, delete from customer_cdr_20260126 where answered=0 and admin_id=6]
2026-02-25 02:00:38.446 - [INFO ] - start
2026-02-25 02:03:56.901 - [INFO ] - end
2026-02-25 02:03:57.059 - [INFO ] - [delete from customer_cdr_20251228 where answered=1 and admin_id=7, delete from customer_cdr_20251229 where answered=1 and admin_id=7, delete from customer_cdr_20251230 where answered=1 and admin_id=7, delete from customer_cdr_20251231 where answered=1 and admin_id=7, delete from customer_cdr_20260101 where answered=1 and admin_id=7, delete from customer_cdr_20260102 where answered=1 and admin_id=7, delete from customer_cdr_20260103 where answered=1 and admin_id=7, delete from customer_cdr_20260104 where answered=1 and admin_id=7, delete from customer_cdr_20260105 where answered=1 and admin_id=7, delete from customer_cdr_20260106 where answered=1 and admin_id=7, delete from customer_cdr_20260107 where answered=1 and admin_id=7, delete from customer_cdr_20260108 where answered=1 and admin_id=7, delete from customer_cdr_20260109 where answered=1 and admin_id=7, delete from customer_cdr_20260110 where answered=1 and admin_id=7, delete from customer_cdr_20260111 where answered=1 and admin_id=7, delete from customer_cdr_20260112 where answered=1 and admin_id=7, delete from customer_cdr_20260113 where answered=1 and admin_id=7, delete from customer_cdr_20260114 where answered=1 and admin_id=7, delete from customer_cdr_20260115 where answered=1 and admin_id=7, delete from customer_cdr_20260116 where answered=1 and admin_id=7, delete from customer_cdr_20260117 where answered=1 and admin_id=7, delete from customer_cdr_20260118 where answered=1 and admin_id=7, delete from customer_cdr_20260119 where answered=1 and admin_id=7, delete from customer_cdr_20260120 where answered=1 and admin_id=7, delete from customer_cdr_20260121 where answered=1 and admin_id=7, delete from customer_cdr_20260122 where answered=1 and admin_id=7, delete from customer_cdr_20260123 where answered=1 and admin_id=7, delete from customer_cdr_20260124 where answered=1 and admin_id=7, delete from customer_cdr_20260125 where answered=1 and admin_id=7, delete from customer_cdr_20260126 where answered=1 and admin_id=7]
2026-02-25 02:03:57.060 - [INFO ] - start
2026-02-25 02:04:13.424 - [INFO ] - end
2026-02-25 02:04:13.428 - [INFO ] - [delete from customer_cdr_20251228 where answered=0 and admin_id=7, delete from customer_cdr_20251229 where answered=0 and admin_id=7, delete from customer_cdr_20251230 where answered=0 and admin_id=7, delete from customer_cdr_20251231 where answered=0 and admin_id=7, delete from customer_cdr_20260101 where answered=0 and admin_id=7, delete from customer_cdr_20260102 where answered=0 and admin_id=7, delete from customer_cdr_20260103 where answered=0 and admin_id=7, delete from customer_cdr_20260104 where answered=0 and admin_id=7, delete from customer_cdr_20260105 where answered=0 and admin_id=7, delete from customer_cdr_20260106 where answered=0 and admin_id=7, delete from customer_cdr_20260107 where answered=0 and admin_id=7, delete from customer_cdr_20260108 where answered=0 and admin_id=7, delete from customer_cdr_20260109 where answered=0 and admin_id=7, delete from customer_cdr_20260110 where answered=0 and admin_id=7, delete from customer_cdr_20260111 where answered=0 and admin_id=7, delete from customer_cdr_20260112 where answered=0 and admin_id=7, delete from customer_cdr_20260113 where answered=0 and admin_id=7, delete from customer_cdr_20260114 where answered=0 and admin_id=7, delete from customer_cdr_20260115 where answered=0 and admin_id=7, delete from customer_cdr_20260116 where answered=0 and admin_id=7, delete from customer_cdr_20260117 where answered=0 and admin_id=7, delete from customer_cdr_20260118 where answered=0 and admin_id=7, delete from customer_cdr_20260119 where answered=0 and admin_id=7, delete from customer_cdr_20260120 where answered=0 and admin_id=7, delete from customer_cdr_20260121 where answered=0 and admin_id=7, delete from customer_cdr_20260122 where answered=0 and admin_id=7, delete from customer_cdr_20260123 where answered=0 and admin_id=7, delete from customer_cdr_20260124 where answered=0 and admin_id=7, delete from customer_cdr_20260125 where answered=0 and admin_id=7, delete from customer_cdr_20260126 where answered=0 and admin_id=7]
2026-02-25 02:04:13.429 - [INFO ] - start
2026-02-25 02:07:33.513 - [INFO ] - end
2026-02-25 03:10:20.913 - [INFO ] - ESL Client Disconnect ..(61.158.166.43:8021)
2026-02-25 03:10:22.234 - [WARN ] - esl
org.freeswitch.esl.client.inbound.InboundConnectionException: Could not connect to /61.158.166.43:8021
	at org.freeswitch.esl.client.inbound.Client.connect(Client.java:134)
	at cn.psycall.ccmgt.util.FreeSwitchManage.monitor(FreeSwitchManage.java:86)
	at cn.psycall.ccmgt.util.FreeSwitchManage.run(FreeSwitchManage.java:42)
Caused by: io.netty.channel.AbstractChannel$AnnotatedConnectException: Connection refused: /61.158.166.43:8021
Caused by: java.net.ConnectException: Connection refused
	at java.base/sun.nio.ch.SocketChannelImpl.checkConnect(Native Method)
	at java.base/sun.nio.ch.SocketChannelImpl.finishConnect(SocketChannelImpl.java:777)
	at io.netty.channel.socket.nio.NioSocketChannel.doFinishConnect(NioSocketChannel.java:330)
	at io.netty.channel.nio.AbstractNioChannel$AbstractNioUnsafe.finishConnect(AbstractNioChannel.java:334)
	at io.netty.channel.nio.NioEventLoop.processSelectedKey(NioEventLoop.java:707)
	at io.netty.channel.nio.NioEventLoop.processSelectedKeysOptimized(NioEventLoop.java:655)
	at io.netty.channel.nio.NioEventLoop.processSelectedKeys(NioEventLoop.java:581)
	at io.netty.channel.nio.NioEventLoop.run(NioEventLoop.java:493)
	at io.netty.util.concurrent.SingleThreadEventExecutor$4.run(SingleThreadEventExecutor.java:989)
	at io.netty.util.internal.ThreadExecutorMap$2.run(ThreadExecutorMap.java:74)
	at io.netty.util.concurrent.FastThreadLocalRunnable.run(FastThreadLocalRunnable.java:30)
	at java.base/java.lang.Thread.run(Thread.java:829)
2026-02-25 03:10:23.364 - [WARN ] - esl
org.freeswitch.esl.client.inbound.InboundConnectionException: Could not connect to /61.158.166.43:8021
	at org.freeswitch.esl.client.inbound.Client.connect(Client.java:134)
	at cn.psycall.ccmgt.util.FreeSwitchManage.monitor(FreeSwitchManage.java:86)
	at cn.psycall.ccmgt.util.FreeSwitchManage.run(FreeSwitchManage.java:42)
Caused by: io.netty.channel.AbstractChannel$AnnotatedConnectException: Connection refused: /61.158.166.43:8021
Caused by: java.net.ConnectException: Connection refused
	at java.base/sun.nio.ch.SocketChannelImpl.checkConnect(Native Method)
	at java.base/sun.nio.ch.SocketChannelImpl.finishConnect(SocketChannelImpl.java:777)
	at io.netty.channel.socket.nio.NioSocketChannel.doFinishConnect(NioSocketChannel.java:330)
	at io.netty.channel.nio.AbstractNioChannel$AbstractNioUnsafe.finishConnect(AbstractNioChannel.java:334)
	at io.netty.channel.nio.NioEventLoop.processSelectedKey(NioEventLoop.java:707)
	at io.netty.channel.nio.NioEventLoop.processSelectedKeysOptimized(NioEventLoop.java:655)
	at io.netty.channel.nio.NioEventLoop.processSelectedKeys(NioEventLoop.java:581)
	at io.netty.channel.nio.NioEventLoop.run(NioEventLoop.java:493)
	at io.netty.util.concurrent.SingleThreadEventExecutor$4.run(SingleThreadEventExecutor.java:989)
	at io.netty.util.internal.ThreadExecutorMap$2.run(ThreadExecutorMap.java:74)
	at io.netty.util.concurrent.FastThreadLocalRunnable.run(FastThreadLocalRunnable.java:30)
	at java.base/java.lang.Thread.run(Thread.java:829)
2026-02-25 03:10:24.487 - [WARN ] - esl
org.freeswitch.esl.client.inbound.InboundConnectionException: Could not connect to /61.158.166.43:8021
	at org.freeswitch.esl.client.inbound.Client.connect(Client.java:134)
	at cn.psycall.ccmgt.util.FreeSwitchManage.monitor(FreeSwitchManage.java:86)
	at cn.psycall.ccmgt.util.FreeSwitchManage.run(FreeSwitchManage.java:42)
Caused by: io.netty.channel.AbstractChannel$AnnotatedConnectException: Connection refused: /61.158.166.43:8021
Caused by: java.net.ConnectException: Connection refused
	at java.base/sun.nio.ch.SocketChannelImpl.checkConnect(Native Method)
	at java.base/sun.nio.ch.SocketChannelImpl.finishConnect(SocketChannelImpl.java:777)
	at io.netty.channel.socket.nio.NioSocketChannel.doFinishConnect(NioSocketChannel.java:330)
	at io.netty.channel.nio.AbstractNioChannel$AbstractNioUnsafe.finishConnect(AbstractNioChannel.java:334)
	at io.netty.channel.nio.NioEventLoop.processSelectedKey(NioEventLoop.java:707)
	at io.netty.channel.nio.NioEventLoop.processSelectedKeysOptimized(NioEventLoop.java:655)
	at io.netty.channel.nio.NioEventLoop.processSelectedKeys(NioEventLoop.java:581)
	at io.netty.channel.nio.NioEventLoop.run(NioEventLoop.java:493)
	at io.netty.util.concurrent.SingleThreadEventExecutor$4.run(SingleThreadEventExecutor.java:989)
	at io.netty.util.internal.ThreadExecutorMap$2.run(ThreadExecutorMap.java:74)
	at io.netty.util.concurrent.FastThreadLocalRunnable.run(FastThreadLocalRunnable.java:30)
	at java.base/java.lang.Thread.run(Thread.java:829)
2026-02-25 03:10:25.591 - [WARN ] - esl
org.freeswitch.esl.client.inbound.InboundConnectionException: Could not connect to /61.158.166.43:8021
	at org.freeswitch.esl.client.inbound.Client.connect(Client.java:134)
	at cn.psycall.ccmgt.util.FreeSwitchManage.monitor(FreeSwitchManage.java:86)
	at cn.psycall.ccmgt.util.FreeSwitchManage.run(FreeSwitchManage.java:42)
Caused by: io.netty.channel.AbstractChannel$AnnotatedConnectException: Connection refused: /61.158.166.43:8021
Caused by: java.net.ConnectException: Connection refused
	at java.base/sun.nio.ch.SocketChannelImpl.checkConnect(Native Method)
	at java.base/sun.nio.ch.SocketChannelImpl.finishConnect(SocketChannelImpl.java:777)
	at io.netty.channel.socket.nio.NioSocketChannel.doFinishConnect(NioSocketChannel.java:330)
	at io.netty.channel.nio.AbstractNioChannel$AbstractNioUnsafe.finishConnect(AbstractNioChannel.java:334)
	at io.netty.channel.nio.NioEventLoop.processSelectedKey(NioEventLoop.java:707)
	at io.netty.channel.nio.NioEventLoop.processSelectedKeysOptimized(NioEventLoop.java:655)
	at io.netty.channel.nio.NioEventLoop.processSelectedKeys(NioEventLoop.java:581)
	at io.netty.channel.nio.NioEventLoop.run(NioEventLoop.java:493)
	at io.netty.util.concurrent.SingleThreadEventExecutor$4.run(SingleThreadEventExecutor.java:989)
	at io.netty.util.internal.ThreadExecutorMap$2.run(ThreadExecutorMap.java:74)
	at io.netty.util.concurrent.FastThreadLocalRunnable.run(FastThreadLocalRunnable.java:30)
	at java.base/java.lang.Thread.run(Thread.java:829)
2026-02-25 03:10:26.685 - [WARN ] - esl
org.freeswitch.esl.client.inbound.InboundConnectionException: Could not connect to /61.158.166.43:8021
	at org.freeswitch.esl.client.inbound.Client.connect(Client.java:134)
	at cn.psycall.ccmgt.util.FreeSwitchManage.monitor(FreeSwitchManage.java:86)
	at cn.psycall.ccmgt.util.FreeSwitchManage.run(FreeSwitchManage.java:42)
Caused by: io.netty.channel.AbstractChannel$AnnotatedConnectException: Connection refused: /61.158.166.43:8021
Caused by: java.net.ConnectException: Connection refused
	at java.base/sun.nio.ch.SocketChannelImpl.checkConnect(Native Method)
	at java.base/sun.nio.ch.SocketChannelImpl.finishConnect(SocketChannelImpl.java:777)
	at io.netty.channel.socket.nio.NioSocketChannel.doFinishConnect(NioSocketChannel.java:330)
	at io.netty.channel.nio.AbstractNioChannel$AbstractNioUnsafe.finishConnect(AbstractNioChannel.java:334)
	at io.netty.channel.nio.NioEventLoop.processSelectedKey(NioEventLoop.java:707)
	at io.netty.channel.nio.NioEventLoop.processSelectedKeysOptimized(NioEventLoop.java:655)
	at io.netty.channel.nio.NioEventLoop.processSelectedKeys(NioEventLoop.java:581)
	at io.netty.channel.nio.NioEventLoop.run(NioEventLoop.java:493)
	at io.netty.util.concurrent.SingleThreadEventExecutor$4.run(SingleThreadEventExecutor.java:989)
	at io.netty.util.internal.ThreadExecutorMap$2.run(ThreadExecutorMap.java:74)
	at io.netty.util.concurrent.FastThreadLocalRunnable.run(FastThreadLocalRunnable.java:30)
	at java.base/java.lang.Thread.run(Thread.java:829)
2026-02-25 03:10:27.774 - [WARN ] - esl
org.freeswitch.esl.client.inbound.InboundConnectionException: Could not connect to /61.158.166.43:8021
	at org.freeswitch.esl.client.inbound.Client.connect(Client.java:134)
	at cn.psycall.ccmgt.util.FreeSwitchManage.monitor(FreeSwitchManage.java:86)
	at cn.psycall.ccmgt.util.FreeSwitchManage.run(FreeSwitchManage.java:42)
Caused by: io.netty.channel.AbstractChannel$AnnotatedConnectException: Connection refused: /61.158.166.43:8021
Caused by: java.net.ConnectException: Connection refused
	at java.base/sun.nio.ch.SocketChannelImpl.checkConnect(Native Method)
	at java.base/sun.nio.ch.SocketChannelImpl.finishConnect(SocketChannelImpl.java:777)
	at io.netty.channel.socket.nio.NioSocketChannel.doFinishConnect(NioSocketChannel.java:330)
	at io.netty.channel.nio.AbstractNioChannel$AbstractNioUnsafe.finishConnect(AbstractNioChannel.java:334)
	at io.netty.channel.nio.NioEventLoop.processSelectedKey(NioEventLoop.java:707)
	at io.netty.channel.nio.NioEventLoop.processSelectedKeysOptimized(NioEventLoop.java:655)
	at io.netty.channel.nio.NioEventLoop.processSelectedKeys(NioEventLoop.java:581)
	at io.netty.channel.nio.NioEventLoop.run(NioEventLoop.java:493)
	at io.netty.util.concurrent.SingleThreadEventExecutor$4.run(SingleThreadEventExecutor.java:989)
	at io.netty.util.internal.ThreadExecutorMap$2.run(ThreadExecutorMap.java:74)
	at io.netty.util.concurrent.FastThreadLocalRunnable.run(FastThreadLocalRunnable.java:30)
	at java.base/java.lang.Thread.run(Thread.java:829)
2026-02-25 03:10:28.868 - [WARN ] - esl
org.freeswitch.esl.client.inbound.InboundConnectionException: Could not connect to /61.158.166.43:8021
	at org.freeswitch.esl.client.inbound.Client.connect(Client.java:134)
	at cn.psycall.ccmgt.util.FreeSwitchManage.monitor(FreeSwitchManage.java:86)
	at cn.psycall.ccmgt.util.FreeSwitchManage.run(FreeSwitchManage.java:42)
Caused by: io.netty.channel.AbstractChannel$AnnotatedConnectException: Connection refused: /61.158.166.43:8021
Caused by: java.net.ConnectException: Connection refused
	at java.base/sun.nio.ch.SocketChannelImpl.checkConnect(Native Method)
	at java.base/sun.nio.ch.SocketChannelImpl.finishConnect(SocketChannelImpl.java:777)
	at io.netty.channel.socket.nio.NioSocketChannel.doFinishConnect(NioSocketChannel.java:330)
	at io.netty.channel.nio.AbstractNioChannel$AbstractNioUnsafe.finishConnect(AbstractNioChannel.java:334)
	at io.netty.channel.nio.NioEventLoop.processSelectedKey(NioEventLoop.java:707)
	at io.netty.channel.nio.NioEventLoop.processSelectedKeysOptimized(NioEventLoop.java:655)
	at io.netty.channel.nio.NioEventLoop.processSelectedKeys(NioEventLoop.java:581)
	at io.netty.channel.nio.NioEventLoop.run(NioEventLoop.java:493)
	at io.netty.util.concurrent.SingleThreadEventExecutor$4.run(SingleThreadEventExecutor.java:989)
	at io.netty.util.internal.ThreadExecutorMap$2.run(ThreadExecutorMap.java:74)
	at io.netty.util.concurrent.FastThreadLocalRunnable.run(FastThreadLocalRunnable.java:30)
	at java.base/java.lang.Thread.run(Thread.java:829)
2026-02-25 03:10:29.968 - [WARN ] - esl
org.freeswitch.esl.client.inbound.InboundConnectionException: Could not connect to /61.158.166.43:8021
	at org.freeswitch.esl.client.inbound.Client.connect(Client.java:134)
	at cn.psycall.ccmgt.util.FreeSwitchManage.monitor(FreeSwitchManage.java:86)
	at cn.psycall.ccmgt.util.FreeSwitchManage.run(FreeSwitchManage.java:42)
Caused by: io.netty.channel.AbstractChannel$AnnotatedConnectException: Connection refused: /61.158.166.43:8021
Caused by: java.net.ConnectException: Connection refused
	at java.base/sun.nio.ch.SocketChannelImpl.checkConnect(Native Method)
	at java.base/sun.nio.ch.SocketChannelImpl.finishConnect(SocketChannelImpl.java:777)
	at io.netty.channel.socket.nio.NioSocketChannel.doFinishConnect(NioSocketChannel.java:330)
	at io.netty.channel.nio.AbstractNioChannel$AbstractNioUnsafe.finishConnect(AbstractNioChannel.java:334)
	at io.netty.channel.nio.NioEventLoop.processSelectedKey(NioEventLoop.java:707)
	at io.netty.channel.nio.NioEventLoop.processSelectedKeysOptimized(NioEventLoop.java:655)
	at io.netty.channel.nio.NioEventLoop.processSelectedKeys(NioEventLoop.java:581)
	at io.netty.channel.nio.NioEventLoop.run(NioEventLoop.java:493)
	at io.netty.util.concurrent.SingleThreadEventExecutor$4.run(SingleThreadEventExecutor.java:989)
	at io.netty.util.internal.ThreadExecutorMap$2.run(ThreadExecutorMap.java:74)
	at io.netty.util.concurrent.FastThreadLocalRunnable.run(FastThreadLocalRunnable.java:30)
	at java.base/java.lang.Thread.run(Thread.java:829)
2026-02-25 03:10:31.064 - [WARN ] - esl
org.freeswitch.esl.client.inbound.InboundConnectionException: Could not connect to /61.158.166.43:8021
	at org.freeswitch.esl.client.inbound.Client.connect(Client.java:134)
	at cn.psycall.ccmgt.util.FreeSwitchManage.monitor(FreeSwitchManage.java:86)
	at cn.psycall.ccmgt.util.FreeSwitchManage.run(FreeSwitchManage.java:42)
Caused by: io.netty.channel.AbstractChannel$AnnotatedConnectException: Connection refused: /61.158.166.43:8021
Caused by: java.net.ConnectException: Connection refused
	at java.base/sun.nio.ch.SocketChannelImpl.checkConnect(Native Method)
	at java.base/sun.nio.ch.SocketChannelImpl.finishConnect(SocketChannelImpl.java:777)
	at io.netty.channel.socket.nio.NioSocketChannel.doFinishConnect(NioSocketChannel.java:330)
	at io.netty.channel.nio.AbstractNioChannel$AbstractNioUnsafe.finishConnect(AbstractNioChannel.java:334)
	at io.netty.channel.nio.NioEventLoop.processSelectedKey(NioEventLoop.java:707)
	at io.netty.channel.nio.NioEventLoop.processSelectedKeysOptimized(NioEventLoop.java:655)
	at io.netty.channel.nio.NioEventLoop.processSelectedKeys(NioEventLoop.java:581)
	at io.netty.channel.nio.NioEventLoop.run(NioEventLoop.java:493)
	at io.netty.util.concurrent.SingleThreadEventExecutor$4.run(SingleThreadEventExecutor.java:989)
	at io.netty.util.internal.ThreadExecutorMap$2.run(ThreadExecutorMap.java:74)
	at io.netty.util.concurrent.FastThreadLocalRunnable.run(FastThreadLocalRunnable.java:30)
	at java.base/java.lang.Thread.run(Thread.java:829)
2026-02-25 03:10:32.158 - [WARN ] - esl
org.freeswitch.esl.client.inbound.InboundConnectionException: Could not connect to /61.158.166.43:8021
	at org.freeswitch.esl.client.inbound.Client.connect(Client.java:134)
	at cn.psycall.ccmgt.util.FreeSwitchManage.monitor(FreeSwitchManage.java:86)
	at cn.psycall.ccmgt.util.FreeSwitchManage.run(FreeSwitchManage.java:42)
Caused by: io.netty.channel.AbstractChannel$AnnotatedConnectException: Connection refused: /61.158.166.43:8021
Caused by: java.net.ConnectException: Connection refused
	at java.base/sun.nio.ch.SocketChannelImpl.checkConnect(Native Method)
	at java.base/sun.nio.ch.SocketChannelImpl.finishConnect(SocketChannelImpl.java:777)
	at io.netty.channel.socket.nio.NioSocketChannel.doFinishConnect(NioSocketChannel.java:330)
	at io.netty.channel.nio.AbstractNioChannel$AbstractNioUnsafe.finishConnect(AbstractNioChannel.java:334)
	at io.netty.channel.nio.NioEventLoop.processSelectedKey(NioEventLoop.java:707)
	at io.netty.channel.nio.NioEventLoop.processSelectedKeysOptimized(NioEventLoop.java:655)
	at io.netty.channel.nio.NioEventLoop.processSelectedKeys(NioEventLoop.java:581)
	at io.netty.channel.nio.NioEventLoop.run(NioEventLoop.java:493)
	at io.netty.util.concurrent.SingleThreadEventExecutor$4.run(SingleThreadEventExecutor.java:989)
	at io.netty.util.internal.ThreadExecutorMap$2.run(ThreadExecutorMap.java:74)
	at io.netty.util.concurrent.FastThreadLocalRunnable.run(FastThreadLocalRunnable.java:30)
	at java.base/java.lang.Thread.run(Thread.java:829)
2026-02-25 03:10:33.251 - [WARN ] - esl
org.freeswitch.esl.client.inbound.InboundConnectionException: Could not connect to /61.158.166.43:8021
	at org.freeswitch.esl.client.inbound.Client.connect(Client.java:134)
	at cn.psycall.ccmgt.util.FreeSwitchManage.monitor(FreeSwitchManage.java:86)
	at cn.psycall.ccmgt.util.FreeSwitchManage.run(FreeSwitchManage.java:42)
Caused by: io.netty.channel.AbstractChannel$AnnotatedConnectException: Connection refused: /61.158.166.43:8021
Caused by: java.net.ConnectException: Connection refused
	at java.base/sun.nio.ch.SocketChannelImpl.checkConnect(Native Method)
	at java.base/sun.nio.ch.SocketChannelImpl.finishConnect(SocketChannelImpl.java:777)
	at io.netty.channel.socket.nio.NioSocketChannel.doFinishConnect(NioSocketChannel.java:330)
	at io.netty.channel.nio.AbstractNioChannel$AbstractNioUnsafe.finishConnect(AbstractNioChannel.java:334)
	at io.netty.channel.nio.NioEventLoop.processSelectedKey(NioEventLoop.java:707)
	at io.netty.channel.nio.NioEventLoop.processSelectedKeysOptimized(NioEventLoop.java:655)
	at io.netty.channel.nio.NioEventLoop.processSelectedKeys(NioEventLoop.java:581)
	at io.netty.channel.nio.NioEventLoop.run(NioEventLoop.java:493)
	at io.netty.util.concurrent.SingleThreadEventExecutor$4.run(SingleThreadEventExecutor.java:989)
	at io.netty.util.internal.ThreadExecutorMap$2.run(ThreadExecutorMap.java:74)
	at io.netty.util.concurrent.FastThreadLocalRunnable.run(FastThreadLocalRunnable.java:30)
	at java.base/java.lang.Thread.run(Thread.java:829)
2026-02-25 03:10:34.347 - [WARN ] - esl
org.freeswitch.esl.client.inbound.InboundConnectionException: Could not connect to /61.158.166.43:8021
	at org.freeswitch.esl.client.inbound.Client.connect(Client.java:134)
	at cn.psycall.ccmgt.util.FreeSwitchManage.monitor(FreeSwitchManage.java:86)
	at cn.psycall.ccmgt.util.FreeSwitchManage.run(FreeSwitchManage.java:42)
Caused by: io.netty.channel.AbstractChannel$AnnotatedConnectException: Connection refused: /61.158.166.43:8021
Caused by: java.net.ConnectException: Connection refused
	at java.base/sun.nio.ch.SocketChannelImpl.checkConnect(Native Method)
	at java.base/sun.nio.ch.SocketChannelImpl.finishConnect(SocketChannelImpl.java:777)
	at io.netty.channel.socket.nio.NioSocketChannel.doFinishConnect(NioSocketChannel.java:330)
	at io.netty.channel.nio.AbstractNioChannel$AbstractNioUnsafe.finishConnect(AbstractNioChannel.java:334)
	at io.netty.channel.nio.NioEventLoop.processSelectedKey(NioEventLoop.java:707)
	at io.netty.channel.nio.NioEventLoop.processSelectedKeysOptimized(NioEventLoop.java:655)
	at io.netty.channel.nio.NioEventLoop.processSelectedKeys(NioEventLoop.java:581)
	at io.netty.channel.nio.NioEventLoop.run(NioEventLoop.java:493)
	at io.netty.util.concurrent.SingleThreadEventExecutor$4.run(SingleThreadEventExecutor.java:989)
	at io.netty.util.internal.ThreadExecutorMap$2.run(ThreadExecutorMap.java:74)
	at io.netty.util.concurrent.FastThreadLocalRunnable.run(FastThreadLocalRunnable.java:30)
	at java.base/java.lang.Thread.run(Thread.java:829)
2026-02-25 03:10:35.438 - [WARN ] - esl
org.freeswitch.esl.client.inbound.InboundConnectionException: Could not connect to /61.158.166.43:8021
	at org.freeswitch.esl.client.inbound.Client.connect(Client.java:134)
	at cn.psycall.ccmgt.util.FreeSwitchManage.monitor(FreeSwitchManage.java:86)
	at cn.psycall.ccmgt.util.FreeSwitchManage.run(FreeSwitchManage.java:42)
Caused by: io.netty.channel.AbstractChannel$AnnotatedConnectException: Connection refused: /61.158.166.43:8021
Caused by: java.net.ConnectException: Connection refused
	at java.base/sun.nio.ch.SocketChannelImpl.checkConnect(Native Method)
	at java.base/sun.nio.ch.SocketChannelImpl.finishConnect(SocketChannelImpl.java:777)
	at io.netty.channel.socket.nio.NioSocketChannel.doFinishConnect(NioSocketChannel.java:330)
	at io.netty.channel.nio.AbstractNioChannel$AbstractNioUnsafe.finishConnect(AbstractNioChannel.java:334)
	at io.netty.channel.nio.NioEventLoop.processSelectedKey(NioEventLoop.java:707)
	at io.netty.channel.nio.NioEventLoop.processSelectedKeysOptimized(NioEventLoop.java:655)
	at io.netty.channel.nio.NioEventLoop.processSelectedKeys(NioEventLoop.java:581)
	at io.netty.channel.nio.NioEventLoop.run(NioEventLoop.java:493)
	at io.netty.util.concurrent.SingleThreadEventExecutor$4.run(SingleThreadEventExecutor.java:989)
	at io.netty.util.internal.ThreadExecutorMap$2.run(ThreadExecutorMap.java:74)
	at io.netty.util.concurrent.FastThreadLocalRunnable.run(FastThreadLocalRunnable.java:30)
	at java.base/java.lang.Thread.run(Thread.java:829)
2026-02-25 03:10:36.536 - [WARN ] - esl
org.freeswitch.esl.client.inbound.InboundConnectionException: Could not connect to /61.158.166.43:8021
	at org.freeswitch.esl.client.inbound.Client.connect(Client.java:134)
	at cn.psycall.ccmgt.util.FreeSwitchManage.monitor(FreeSwitchManage.java:86)
	at cn.psycall.ccmgt.util.FreeSwitchManage.run(FreeSwitchManage.java:42)
Caused by: io.netty.channel.AbstractChannel$AnnotatedConnectException: Connection refused: /61.158.166.43:8021
Caused by: java.net.ConnectException: Connection refused
	at java.base/sun.nio.ch.SocketChannelImpl.checkConnect(Native Method)
	at java.base/sun.nio.ch.SocketChannelImpl.finishConnect(SocketChannelImpl.java:777)
	at io.netty.channel.socket.nio.NioSocketChannel.doFinishConnect(NioSocketChannel.java:330)
	at io.netty.channel.nio.AbstractNioChannel$AbstractNioUnsafe.finishConnect(AbstractNioChannel.java:334)
	at io.netty.channel.nio.NioEventLoop.processSelectedKey(NioEventLoop.java:707)
	at io.netty.channel.nio.NioEventLoop.processSelectedKeysOptimized(NioEventLoop.java:655)
	at io.netty.channel.nio.NioEventLoop.processSelectedKeys(NioEventLoop.java:581)
	at io.netty.channel.nio.NioEventLoop.run(NioEventLoop.java:493)
	at io.netty.util.concurrent.SingleThreadEventExecutor$4.run(SingleThreadEventExecutor.java:989)
	at io.netty.util.internal.ThreadExecutorMap$2.run(ThreadExecutorMap.java:74)
	at io.netty.util.concurrent.FastThreadLocalRunnable.run(FastThreadLocalRunnable.java:30)
	at java.base/java.lang.Thread.run(Thread.java:829)
2026-02-25 03:10:37.630 - [WARN ] - esl
org.freeswitch.esl.client.inbound.InboundConnectionException: Could not connect to /61.158.166.43:8021
	at org.freeswitch.esl.client.inbound.Client.connect(Client.java:134)
	at cn.psycall.ccmgt.util.FreeSwitchManage.monitor(FreeSwitchManage.java:86)
	at cn.psycall.ccmgt.util.FreeSwitchManage.run(FreeSwitchManage.java:42)
Caused by: io.netty.channel.AbstractChannel$AnnotatedConnectException: Connection refused: /61.158.166.43:8021
Caused by: java.net.ConnectException: Connection refused
	at java.base/sun.nio.ch.SocketChannelImpl.checkConnect(Native Method)
	at java.base/sun.nio.ch.SocketChannelImpl.finishConnect(SocketChannelImpl.java:777)
	at io.netty.channel.socket.nio.NioSocketChannel.doFinishConnect(NioSocketChannel.java:330)
	at io.netty.channel.nio.AbstractNioChannel$AbstractNioUnsafe.finishConnect(AbstractNioChannel.java:334)
	at io.netty.channel.nio.NioEventLoop.processSelectedKey(NioEventLoop.java:707)
	at io.netty.channel.nio.NioEventLoop.processSelectedKeysOptimized(NioEventLoop.java:655)
	at io.netty.channel.nio.NioEventLoop.processSelectedKeys(NioEventLoop.java:581)
	at io.netty.channel.nio.NioEventLoop.run(NioEventLoop.java:493)
	at io.netty.util.concurrent.SingleThreadEventExecutor$4.run(SingleThreadEventExecutor.java:989)
	at io.netty.util.internal.ThreadExecutorMap$2.run(ThreadExecutorMap.java:74)
	at io.netty.util.concurrent.FastThreadLocalRunnable.run(FastThreadLocalRunnable.java:30)
	at java.base/java.lang.Thread.run(Thread.java:829)
2026-02-25 03:10:38.719 - [WARN ] - esl
org.freeswitch.esl.client.inbound.InboundConnectionException: Could not connect to /61.158.166.43:8021
	at org.freeswitch.esl.client.inbound.Client.connect(Client.java:134)
	at cn.psycall.ccmgt.util.FreeSwitchManage.monitor(FreeSwitchManage.java:86)
	at cn.psycall.ccmgt.util.FreeSwitchManage.run(FreeSwitchManage.java:42)
Caused by: io.netty.channel.AbstractChannel$AnnotatedConnectException: Connection refused: /61.158.166.43:8021
Caused by: java.net.ConnectException: Connection refused
	at java.base/sun.nio.ch.SocketChannelImpl.checkConnect(Native Method)
	at java.base/sun.nio.ch.SocketChannelImpl.finishConnect(SocketChannelImpl.java:777)
	at io.netty.channel.socket.nio.NioSocketChannel.doFinishConnect(NioSocketChannel.java:330)
	at io.netty.channel.nio.AbstractNioChannel$AbstractNioUnsafe.finishConnect(AbstractNioChannel.java:334)
	at io.netty.channel.nio.NioEventLoop.processSelectedKey(NioEventLoop.java:707)
	at io.netty.channel.nio.NioEventLoop.processSelectedKeysOptimized(NioEventLoop.java:655)
	at io.netty.channel.nio.NioEventLoop.processSelectedKeys(NioEventLoop.java:581)
	at io.netty.channel.nio.NioEventLoop.run(NioEventLoop.java:493)
	at io.netty.util.concurrent.SingleThreadEventExecutor$4.run(SingleThreadEventExecutor.java:989)
	at io.netty.util.internal.ThreadExecutorMap$2.run(ThreadExecutorMap.java:74)
	at io.netty.util.concurrent.FastThreadLocalRunnable.run(FastThreadLocalRunnable.java:30)
	at java.base/java.lang.Thread.run(Thread.java:829)
2026-02-25 03:10:39.813 - [WARN ] - esl
org.freeswitch.esl.client.inbound.InboundConnectionException: Could not connect to /61.158.166.43:8021
	at org.freeswitch.esl.client.inbound.Client.connect(Client.java:134)
	at cn.psycall.ccmgt.util.FreeSwitchManage.monitor(FreeSwitchManage.java:86)
	at cn.psycall.ccmgt.util.FreeSwitchManage.run(FreeSwitchManage.java:42)
Caused by: io.netty.channel.AbstractChannel$AnnotatedConnectException: Connection refused: /61.158.166.43:8021
Caused by: java.net.ConnectException: Connection refused
	at java.base/sun.nio.ch.SocketChannelImpl.checkConnect(Native Method)
	at java.base/sun.nio.ch.SocketChannelImpl.finishConnect(SocketChannelImpl.java:777)
	at io.netty.channel.socket.nio.NioSocketChannel.doFinishConnect(NioSocketChannel.java:330)
	at io.netty.channel.nio.AbstractNioChannel$AbstractNioUnsafe.finishConnect(AbstractNioChannel.java:334)
	at io.netty.channel.nio.NioEventLoop.processSelectedKey(NioEventLoop.java:707)
	at io.netty.channel.nio.NioEventLoop.processSelectedKeysOptimized(NioEventLoop.java:655)
	at io.netty.channel.nio.NioEventLoop.processSelectedKeys(NioEventLoop.java:581)
	at io.netty.channel.nio.NioEventLoop.run(NioEventLoop.java:493)
	at io.netty.util.concurrent.SingleThreadEventExecutor$4.run(SingleThreadEventExecutor.java:989)
	at io.netty.util.internal.ThreadExecutorMap$2.run(ThreadExecutorMap.java:74)
	at io.netty.util.concurrent.FastThreadLocalRunnable.run(FastThreadLocalRunnable.java:30)
	at java.base/java.lang.Thread.run(Thread.java:829)
2026-02-25 03:10:40.912 - [WARN ] - esl
org.freeswitch.esl.client.inbound.InboundConnectionException: Could not connect to /61.158.166.43:8021
	at org.freeswitch.esl.client.inbound.Client.connect(Client.java:134)
	at cn.psycall.ccmgt.util.FreeSwitchManage.monitor(FreeSwitchManage.java:86)
	at cn.psycall.ccmgt.util.FreeSwitchManage.run(FreeSwitchManage.java:42)
Caused by: io.netty.channel.AbstractChannel$AnnotatedConnectException: Connection refused: /61.158.166.43:8021
Caused by: java.net.ConnectException: Connection refused
	at java.base/sun.nio.ch.SocketChannelImpl.checkConnect(Native Method)
	at java.base/sun.nio.ch.SocketChannelImpl.finishConnect(SocketChannelImpl.java:777)
	at io.netty.channel.socket.nio.NioSocketChannel.doFinishConnect(NioSocketChannel.java:330)
	at io.netty.channel.nio.AbstractNioChannel$AbstractNioUnsafe.finishConnect(AbstractNioChannel.java:334)
	at io.netty.channel.nio.NioEventLoop.processSelectedKey(NioEventLoop.java:707)
	at io.netty.channel.nio.NioEventLoop.processSelectedKeysOptimized(NioEventLoop.java:655)
	at io.netty.channel.nio.NioEventLoop.processSelectedKeys(NioEventLoop.java:581)
	at io.netty.channel.nio.NioEventLoop.run(NioEventLoop.java:493)
	at io.netty.util.concurrent.SingleThreadEventExecutor$4.run(SingleThreadEventExecutor.java:989)
	at io.netty.util.internal.ThreadExecutorMap$2.run(ThreadExecutorMap.java:74)
	at io.netty.util.concurrent.FastThreadLocalRunnable.run(FastThreadLocalRunnable.java:30)
	at java.base/java.lang.Thread.run(Thread.java:829)
2026-02-25 03:10:42.008 - [WARN ] - esl
org.freeswitch.esl.client.inbound.InboundConnectionException: Could not connect to /61.158.166.43:8021
	at org.freeswitch.esl.client.inbound.Client.connect(Client.java:134)
	at cn.psycall.ccmgt.util.FreeSwitchManage.monitor(FreeSwitchManage.java:86)
	at cn.psycall.ccmgt.util.FreeSwitchManage.run(FreeSwitchManage.java:42)
Caused by: io.netty.channel.AbstractChannel$AnnotatedConnectException: Connection refused: /61.158.166.43:8021
Caused by: java.net.ConnectException: Connection refused
	at java.base/sun.nio.ch.SocketChannelImpl.checkConnect(Native Method)
	at java.base/sun.nio.ch.SocketChannelImpl.finishConnect(SocketChannelImpl.java:777)
	at io.netty.channel.socket.nio.NioSocketChannel.doFinishConnect(NioSocketChannel.java:330)
	at io.netty.channel.nio.AbstractNioChannel$AbstractNioUnsafe.finishConnect(AbstractNioChannel.java:334)
	at io.netty.channel.nio.NioEventLoop.processSelectedKey(NioEventLoop.java:707)
	at io.netty.channel.nio.NioEventLoop.processSelectedKeysOptimized(NioEventLoop.java:655)
	at io.netty.channel.nio.NioEventLoop.processSelectedKeys(NioEventLoop.java:581)
	at io.netty.channel.nio.NioEventLoop.run(NioEventLoop.java:493)
	at io.netty.util.concurrent.SingleThreadEventExecutor$4.run(SingleThreadEventExecutor.java:989)
	at io.netty.util.internal.ThreadExecutorMap$2.run(ThreadExecutorMap.java:74)
	at io.netty.util.concurrent.FastThreadLocalRunnable.run(FastThreadLocalRunnable.java:30)
	at java.base/java.lang.Thread.run(Thread.java:829)
2026-02-25 03:10:43.127 - [WARN ] - esl
org.freeswitch.esl.client.inbound.InboundConnectionException: Could not connect to /61.158.166.43:8021
	at org.freeswitch.esl.client.inbound.Client.connect(Client.java:134)
	at cn.psycall.ccmgt.util.FreeSwitchManage.monitor(FreeSwitchManage.java:86)
	at cn.psycall.ccmgt.util.FreeSwitchManage.run(FreeSwitchManage.java:42)
Caused by: io.netty.channel.AbstractChannel$AnnotatedConnectException: Connection refused: /61.158.166.43:8021
Caused by: java.net.ConnectException: Connection refused
	at java.base/sun.nio.ch.SocketChannelImpl.checkConnect(Native Method)
	at java.base/sun.nio.ch.SocketChannelImpl.finishConnect(SocketChannelImpl.java:777)
	at io.netty.channel.socket.nio.NioSocketChannel.doFinishConnect(NioSocketChannel.java:330)
	at io.netty.channel.nio.AbstractNioChannel$AbstractNioUnsafe.finishConnect(AbstractNioChannel.java:334)
	at io.netty.channel.nio.NioEventLoop.processSelectedKey(NioEventLoop.java:707)
	at io.netty.channel.nio.NioEventLoop.processSelectedKeysOptimized(NioEventLoop.java:655)
	at io.netty.channel.nio.NioEventLoop.processSelectedKeys(NioEventLoop.java:581)
	at io.netty.channel.nio.NioEventLoop.run(NioEventLoop.java:493)
	at io.netty.util.concurrent.SingleThreadEventExecutor$4.run(SingleThreadEventExecutor.java:989)
	at io.netty.util.internal.ThreadExecutorMap$2.run(ThreadExecutorMap.java:74)
	at io.netty.util.concurrent.FastThreadLocalRunnable.run(FastThreadLocalRunnable.java:30)
	at java.base/java.lang.Thread.run(Thread.java:829)
2026-02-25 03:10:50.455 - [WARN ] - esl
org.freeswitch.esl.client.inbound.InboundConnectionException: Could not connect to /61.158.166.43:8021
	at org.freeswitch.esl.client.inbound.Client.connect(Client.java:134)
	at cn.psycall.ccmgt.util.FreeSwitchManage.monitor(FreeSwitchManage.java:86)
	at cn.psycall.ccmgt.util.FreeSwitchManage.run(FreeSwitchManage.java:42)
Caused by: io.netty.channel.AbstractChannel$AnnotatedConnectException: Connection refused: /61.158.166.43:8021
Caused by: java.net.ConnectException: Connection refused
	at java.base/sun.nio.ch.SocketChannelImpl.checkConnect(Native Method)
	at java.base/sun.nio.ch.SocketChannelImpl.finishConnect(SocketChannelImpl.java:777)
	at io.netty.channel.socket.nio.NioSocketChannel.doFinishConnect(NioSocketChannel.java:330)
	at io.netty.channel.nio.AbstractNioChannel$AbstractNioUnsafe.finishConnect(AbstractNioChannel.java:334)
	at io.netty.channel.nio.NioEventLoop.processSelectedKey(NioEventLoop.java:707)
	at io.netty.channel.nio.NioEventLoop.processSelectedKeysOptimized(NioEventLoop.java:655)
	at io.netty.channel.nio.NioEventLoop.processSelectedKeys(NioEventLoop.java:581)
	at io.netty.channel.nio.NioEventLoop.run(NioEventLoop.java:493)
	at io.netty.util.concurrent.SingleThreadEventExecutor$4.run(SingleThreadEventExecutor.java:989)
	at io.netty.util.internal.ThreadExecutorMap$2.run(ThreadExecutorMap.java:74)
	at io.netty.util.concurrent.FastThreadLocalRunnable.run(FastThreadLocalRunnable.java:30)
	at java.base/java.lang.Thread.run(Thread.java:829)
2026-02-25 03:10:51.562 - [WARN ] - esl
org.freeswitch.esl.client.inbound.InboundConnectionException: Could not connect to /61.158.166.43:8021
	at org.freeswitch.esl.client.inbound.Client.connect(Client.java:134)
	at cn.psycall.ccmgt.util.FreeSwitchManage.monitor(FreeSwitchManage.java:86)
	at cn.psycall.ccmgt.util.FreeSwitchManage.run(FreeSwitchManage.java:42)
Caused by: io.netty.channel.AbstractChannel$AnnotatedConnectException: Connection refused: /61.158.166.43:8021
Caused by: java.net.ConnectException: Connection refused
	at java.base/sun.nio.ch.SocketChannelImpl.checkConnect(Native Method)
	at java.base/sun.nio.ch.SocketChannelImpl.finishConnect(SocketChannelImpl.java:777)
	at io.netty.channel.socket.nio.NioSocketChannel.doFinishConnect(NioSocketChannel.java:330)
	at io.netty.channel.nio.AbstractNioChannel$AbstractNioUnsafe.finishConnect(AbstractNioChannel.java:334)
	at io.netty.channel.nio.NioEventLoop.processSelectedKey(NioEventLoop.java:707)
	at io.netty.channel.nio.NioEventLoop.processSelectedKeysOptimized(NioEventLoop.java:655)
	at io.netty.channel.nio.NioEventLoop.processSelectedKeys(NioEventLoop.java:581)
	at io.netty.channel.nio.NioEventLoop.run(NioEventLoop.java:493)
	at io.netty.util.concurrent.SingleThreadEventExecutor$4.run(SingleThreadEventExecutor.java:989)
	at io.netty.util.internal.ThreadExecutorMap$2.run(ThreadExecutorMap.java:74)
	at io.netty.util.concurrent.FastThreadLocalRunnable.run(FastThreadLocalRunnable.java:30)
	at java.base/java.lang.Thread.run(Thread.java:829)
2026-02-25 03:10:52.652 - [WARN ] - esl
org.freeswitch.esl.client.inbound.InboundConnectionException: Could not connect to /61.158.166.43:8021
	at org.freeswitch.esl.client.inbound.Client.connect(Client.java:134)
	at cn.psycall.ccmgt.util.FreeSwitchManage.monitor(FreeSwitchManage.java:86)
	at cn.psycall.ccmgt.util.FreeSwitchManage.run(FreeSwitchManage.java:42)
Caused by: io.netty.channel.AbstractChannel$AnnotatedConnectException: Connection refused: /61.158.166.43:8021
Caused by: java.net.ConnectException: Connection refused
	at java.base/sun.nio.ch.SocketChannelImpl.checkConnect(Native Method)
	at java.base/sun.nio.ch.SocketChannelImpl.finishConnect(SocketChannelImpl.java:777)
	at io.netty.channel.socket.nio.NioSocketChannel.doFinishConnect(NioSocketChannel.java:330)
	at io.netty.channel.nio.AbstractNioChannel$AbstractNioUnsafe.finishConnect(AbstractNioChannel.java:334)
	at io.netty.channel.nio.NioEventLoop.processSelectedKey(NioEventLoop.java:707)
	at io.netty.channel.nio.NioEventLoop.processSelectedKeysOptimized(NioEventLoop.java:655)
	at io.netty.channel.nio.NioEventLoop.processSelectedKeys(NioEventLoop.java:581)
	at io.netty.channel.nio.NioEventLoop.run(NioEventLoop.java:493)
	at io.netty.util.concurrent.SingleThreadEventExecutor$4.run(SingleThreadEventExecutor.java:989)
	at io.netty.util.internal.ThreadExecutorMap$2.run(ThreadExecutorMap.java:74)
	at io.netty.util.concurrent.FastThreadLocalRunnable.run(FastThreadLocalRunnable.java:30)
	at java.base/java.lang.Thread.run(Thread.java:829)
2026-02-25 03:10:53.739 - [WARN ] - esl
org.freeswitch.esl.client.inbound.InboundConnectionException: Could not connect to /61.158.166.43:8021
	at org.freeswitch.esl.client.inbound.Client.connect(Client.java:134)
	at cn.psycall.ccmgt.util.FreeSwitchManage.monitor(FreeSwitchManage.java:86)
	at cn.psycall.ccmgt.util.FreeSwitchManage.run(FreeSwitchManage.java:42)
Caused by: io.netty.channel.AbstractChannel$AnnotatedConnectException: Connection refused: /61.158.166.43:8021
Caused by: java.net.ConnectException: Connection refused
	at java.base/sun.nio.ch.SocketChannelImpl.checkConnect(Native Method)
	at java.base/sun.nio.ch.SocketChannelImpl.finishConnect(SocketChannelImpl.java:777)
	at io.netty.channel.socket.nio.NioSocketChannel.doFinishConnect(NioSocketChannel.java:330)
	at io.netty.channel.nio.AbstractNioChannel$AbstractNioUnsafe.finishConnect(AbstractNioChannel.java:334)
	at io.netty.channel.nio.NioEventLoop.processSelectedKey(NioEventLoop.java:707)
	at io.netty.channel.nio.NioEventLoop.processSelectedKeysOptimized(NioEventLoop.java:655)
	at io.netty.channel.nio.NioEventLoop.processSelectedKeys(NioEventLoop.java:581)
	at io.netty.channel.nio.NioEventLoop.run(NioEventLoop.java:493)
	at io.netty.util.concurrent.SingleThreadEventExecutor$4.run(SingleThreadEventExecutor.java:989)
	at io.netty.util.internal.ThreadExecutorMap$2.run(ThreadExecutorMap.java:74)
	at io.netty.util.concurrent.FastThreadLocalRunnable.run(FastThreadLocalRunnable.java:30)
	at java.base/java.lang.Thread.run(Thread.java:829)
2026-02-25 03:10:54.829 - [WARN ] - esl
org.freeswitch.esl.client.inbound.InboundConnectionException: Could not connect to /61.158.166.43:8021
	at org.freeswitch.esl.client.inbound.Client.connect(Client.java:134)
	at cn.psycall.ccmgt.util.FreeSwitchManage.monitor(FreeSwitchManage.java:86)
	at cn.psycall.ccmgt.util.FreeSwitchManage.run(FreeSwitchManage.java:42)
Caused by: io.netty.channel.AbstractChannel$AnnotatedConnectException: Connection refused: /61.158.166.43:8021
Caused by: java.net.ConnectException: Connection refused
	at java.base/sun.nio.ch.SocketChannelImpl.checkConnect(Native Method)
	at java.base/sun.nio.ch.SocketChannelImpl.finishConnect(SocketChannelImpl.java:777)
	at io.netty.channel.socket.nio.NioSocketChannel.doFinishConnect(NioSocketChannel.java:330)
	at io.netty.channel.nio.AbstractNioChannel$AbstractNioUnsafe.finishConnect(AbstractNioChannel.java:334)
	at io.netty.channel.nio.NioEventLoop.processSelectedKey(NioEventLoop.java:707)
	at io.netty.channel.nio.NioEventLoop.processSelectedKeysOptimized(NioEventLoop.java:655)
	at io.netty.channel.nio.NioEventLoop.processSelectedKeys(NioEventLoop.java:581)
	at io.netty.channel.nio.NioEventLoop.run(NioEventLoop.java:493)
	at io.netty.util.concurrent.SingleThreadEventExecutor$4.run(SingleThreadEventExecutor.java:989)
	at io.netty.util.internal.ThreadExecutorMap$2.run(ThreadExecutorMap.java:74)
	at io.netty.util.concurrent.FastThreadLocalRunnable.run(FastThreadLocalRunnable.java:30)
	at java.base/java.lang.Thread.run(Thread.java:829)
2026-02-25 03:10:55.921 - [WARN ] - esl
org.freeswitch.esl.client.inbound.InboundConnectionException: Could not connect to /61.158.166.43:8021
	at org.freeswitch.esl.client.inbound.Client.connect(Client.java:134)
	at cn.psycall.ccmgt.util.FreeSwitchManage.monitor(FreeSwitchManage.java:86)
	at cn.psycall.ccmgt.util.FreeSwitchManage.run(FreeSwitchManage.java:42)
Caused by: io.netty.channel.AbstractChannel$AnnotatedConnectException: Connection refused: /61.158.166.43:8021
Caused by: java.net.ConnectException: Connection refused
	at java.base/sun.nio.ch.SocketChannelImpl.checkConnect(Native Method)
	at java.base/sun.nio.ch.SocketChannelImpl.finishConnect(SocketChannelImpl.java:777)
	at io.netty.channel.socket.nio.NioSocketChannel.doFinishConnect(NioSocketChannel.java:330)
	at io.netty.channel.nio.AbstractNioChannel$AbstractNioUnsafe.finishConnect(AbstractNioChannel.java:334)
	at io.netty.channel.nio.NioEventLoop.processSelectedKey(NioEventLoop.java:707)
	at io.netty.channel.nio.NioEventLoop.processSelectedKeysOptimized(NioEventLoop.java:655)
	at io.netty.channel.nio.NioEventLoop.processSelectedKeys(NioEventLoop.java:581)
	at io.netty.channel.nio.NioEventLoop.run(NioEventLoop.java:493)
	at io.netty.util.concurrent.SingleThreadEventExecutor$4.run(SingleThreadEventExecutor.java:989)
	at io.netty.util.internal.ThreadExecutorMap$2.run(ThreadExecutorMap.java:74)
	at io.netty.util.concurrent.FastThreadLocalRunnable.run(FastThreadLocalRunnable.java:30)
	at java.base/java.lang.Thread.run(Thread.java:829)
2026-02-25 03:10:57.018 - [WARN ] - esl
org.freeswitch.esl.client.inbound.InboundConnectionException: Could not connect to /61.158.166.43:8021
	at org.freeswitch.esl.client.inbound.Client.connect(Client.java:134)
	at cn.psycall.ccmgt.util.FreeSwitchManage.monitor(FreeSwitchManage.java:86)
	at cn.psycall.ccmgt.util.FreeSwitchManage.run(FreeSwitchManage.java:42)
Caused by: io.netty.channel.AbstractChannel$AnnotatedConnectException: Connection refused: /61.158.166.43:8021
Caused by: java.net.ConnectException: Connection refused
	at java.base/sun.nio.ch.SocketChannelImpl.checkConnect(Native Method)
	at java.base/sun.nio.ch.SocketChannelImpl.finishConnect(SocketChannelImpl.java:777)
	at io.netty.channel.socket.nio.NioSocketChannel.doFinishConnect(NioSocketChannel.java:330)
	at io.netty.channel.nio.AbstractNioChannel$AbstractNioUnsafe.finishConnect(AbstractNioChannel.java:334)
	at io.netty.channel.nio.NioEventLoop.processSelectedKey(NioEventLoop.java:707)
	at io.netty.channel.nio.NioEventLoop.processSelectedKeysOptimized(NioEventLoop.java:655)
	at io.netty.channel.nio.NioEventLoop.processSelectedKeys(NioEventLoop.java:581)
	at io.netty.channel.nio.NioEventLoop.run(NioEventLoop.java:493)
	at io.netty.util.concurrent.SingleThreadEventExecutor$4.run(SingleThreadEventExecutor.java:989)
	at io.netty.util.internal.ThreadExecutorMap$2.run(ThreadExecutorMap.java:74)
	at io.netty.util.concurrent.FastThreadLocalRunnable.run(FastThreadLocalRunnable.java:30)
	at java.base/java.lang.Thread.run(Thread.java:829)
2026-02-25 03:10:58.113 - [WARN ] - esl
org.freeswitch.esl.client.inbound.InboundConnectionException: Could not connect to /61.158.166.43:8021
	at org.freeswitch.esl.client.inbound.Client.connect(Client.java:134)
	at cn.psycall.ccmgt.util.FreeSwitchManage.monitor(FreeSwitchManage.java:86)
	at cn.psycall.ccmgt.util.FreeSwitchManage.run(FreeSwitchManage.java:42)
Caused by: io.netty.channel.AbstractChannel$AnnotatedConnectException: Connection refused: /61.158.166.43:8021
Caused by: java.net.ConnectException: Connection refused
	at java.base/sun.nio.ch.SocketChannelImpl.checkConnect(Native Method)
	at java.base/sun.nio.ch.SocketChannelImpl.finishConnect(SocketChannelImpl.java:777)
	at io.netty.channel.socket.nio.NioSocketChannel.doFinishConnect(NioSocketChannel.java:330)
	at io.netty.channel.nio.AbstractNioChannel$AbstractNioUnsafe.finishConnect(AbstractNioChannel.java:334)
	at io.netty.channel.nio.NioEventLoop.processSelectedKey(NioEventLoop.java:707)
	at io.netty.channel.nio.NioEventLoop.processSelectedKeysOptimized(NioEventLoop.java:655)
	at io.netty.channel.nio.NioEventLoop.processSelectedKeys(NioEventLoop.java:581)
	at io.netty.channel.nio.NioEventLoop.run(NioEventLoop.java:493)
	at io.netty.util.concurrent.SingleThreadEventExecutor$4.run(SingleThreadEventExecutor.java:989)
	at io.netty.util.internal.ThreadExecutorMap$2.run(ThreadExecutorMap.java:74)
	at io.netty.util.concurrent.FastThreadLocalRunnable.run(FastThreadLocalRunnable.java:30)
	at java.base/java.lang.Thread.run(Thread.java:829)
2026-02-25 03:10:59.206 - [WARN ] - esl
org.freeswitch.esl.client.inbound.InboundConnectionException: Could not connect to /61.158.166.43:8021
	at org.freeswitch.esl.client.inbound.Client.connect(Client.java:134)
	at cn.psycall.ccmgt.util.FreeSwitchManage.monitor(FreeSwitchManage.java:86)
	at cn.psycall.ccmgt.util.FreeSwitchManage.run(FreeSwitchManage.java:42)
Caused by: io.netty.channel.AbstractChannel$AnnotatedConnectException: Connection refused: /61.158.166.43:8021
Caused by: java.net.ConnectException: Connection refused
	at java.base/sun.nio.ch.SocketChannelImpl.checkConnect(Native Method)
	at java.base/sun.nio.ch.SocketChannelImpl.finishConnect(SocketChannelImpl.java:777)
	at io.netty.channel.socket.nio.NioSocketChannel.doFinishConnect(NioSocketChannel.java:330)
	at io.netty.channel.nio.AbstractNioChannel$AbstractNioUnsafe.finishConnect(AbstractNioChannel.java:334)
	at io.netty.channel.nio.NioEventLoop.processSelectedKey(NioEventLoop.java:707)
	at io.netty.channel.nio.NioEventLoop.processSelectedKeysOptimized(NioEventLoop.java:655)
	at io.netty.channel.nio.NioEventLoop.processSelectedKeys(NioEventLoop.java:581)
	at io.netty.channel.nio.NioEventLoop.run(NioEventLoop.java:493)
	at io.netty.util.concurrent.SingleThreadEventExecutor$4.run(SingleThreadEventExecutor.java:989)
	at io.netty.util.internal.ThreadExecutorMap$2.run(ThreadExecutorMap.java:74)
	at io.netty.util.concurrent.FastThreadLocalRunnable.run(FastThreadLocalRunnable.java:30)
	at java.base/java.lang.Thread.run(Thread.java:829)
2026-02-25 03:11:00.303 - [WARN ] - esl
org.freeswitch.esl.client.inbound.InboundConnectionException: Could not connect to /61.158.166.43:8021
	at org.freeswitch.esl.client.inbound.Client.connect(Client.java:134)
	at cn.psycall.ccmgt.util.FreeSwitchManage.monitor(FreeSwitchManage.java:86)
	at cn.psycall.ccmgt.util.FreeSwitchManage.run(FreeSwitchManage.java:42)
Caused by: io.netty.channel.AbstractChannel$AnnotatedConnectException: Connection refused: /61.158.166.43:8021
Caused by: java.net.ConnectException: Connection refused
	at java.base/sun.nio.ch.SocketChannelImpl.checkConnect(Native Method)
	at java.base/sun.nio.ch.SocketChannelImpl.finishConnect(SocketChannelImpl.java:777)
	at io.netty.channel.socket.nio.NioSocketChannel.doFinishConnect(NioSocketChannel.java:330)
	at io.netty.channel.nio.AbstractNioChannel$AbstractNioUnsafe.finishConnect(AbstractNioChannel.java:334)
	at io.netty.channel.nio.NioEventLoop.processSelectedKey(NioEventLoop.java:707)
	at io.netty.channel.nio.NioEventLoop.processSelectedKeysOptimized(NioEventLoop.java:655)
	at io.netty.channel.nio.NioEventLoop.processSelectedKeys(NioEventLoop.java:581)
	at io.netty.channel.nio.NioEventLoop.run(NioEventLoop.java:493)
	at io.netty.util.concurrent.SingleThreadEventExecutor$4.run(SingleThreadEventExecutor.java:989)
	at io.netty.util.internal.ThreadExecutorMap$2.run(ThreadExecutorMap.java:74)
	at io.netty.util.concurrent.FastThreadLocalRunnable.run(FastThreadLocalRunnable.java:30)
	at java.base/java.lang.Thread.run(Thread.java:829)
2026-02-25 03:11:01.412 - [WARN ] - esl
org.freeswitch.esl.client.inbound.InboundConnectionException: Could not connect to /61.158.166.43:8021
	at org.freeswitch.esl.client.inbound.Client.connect(Client.java:134)
	at cn.psycall.ccmgt.util.FreeSwitchManage.monitor(FreeSwitchManage.java:86)
	at cn.psycall.ccmgt.util.FreeSwitchManage.run(FreeSwitchManage.java:42)
Caused by: io.netty.channel.AbstractChannel$AnnotatedConnectException: Connection refused: /61.158.166.43:8021
Caused by: java.net.ConnectException: Connection refused
	at java.base/sun.nio.ch.SocketChannelImpl.checkConnect(Native Method)
	at java.base/sun.nio.ch.SocketChannelImpl.finishConnect(SocketChannelImpl.java:777)
	at io.netty.channel.socket.nio.NioSocketChannel.doFinishConnect(NioSocketChannel.java:330)
	at io.netty.channel.nio.AbstractNioChannel$AbstractNioUnsafe.finishConnect(AbstractNioChannel.java:334)
	at io.netty.channel.nio.NioEventLoop.processSelectedKey(NioEventLoop.java:707)
	at io.netty.channel.nio.NioEventLoop.processSelectedKeysOptimized(NioEventLoop.java:655)
	at io.netty.channel.nio.NioEventLoop.processSelectedKeys(NioEventLoop.java:581)
	at io.netty.channel.nio.NioEventLoop.run(NioEventLoop.java:493)
	at io.netty.util.concurrent.SingleThreadEventExecutor$4.run(SingleThreadEventExecutor.java:989)
	at io.netty.util.internal.ThreadExecutorMap$2.run(ThreadExecutorMap.java:74)
	at io.netty.util.concurrent.FastThreadLocalRunnable.run(FastThreadLocalRunnable.java:30)
	at java.base/java.lang.Thread.run(Thread.java:829)
2026-02-25 03:11:02.510 - [WARN ] - esl
org.freeswitch.esl.client.inbound.InboundConnectionException: Could not connect to /61.158.166.43:8021
	at org.freeswitch.esl.client.inbound.Client.connect(Client.java:134)
	at cn.psycall.ccmgt.util.FreeSwitchManage.monitor(FreeSwitchManage.java:86)
	at cn.psycall.ccmgt.util.FreeSwitchManage.run(FreeSwitchManage.java:42)
Caused by: io.netty.channel.AbstractChannel$AnnotatedConnectException: Connection refused: /61.158.166.43:8021
Caused by: java.net.ConnectException: Connection refused
	at java.base/sun.nio.ch.SocketChannelImpl.checkConnect(Native Method)
	at java.base/sun.nio.ch.SocketChannelImpl.finishConnect(SocketChannelImpl.java:777)
	at io.netty.channel.socket.nio.NioSocketChannel.doFinishConnect(NioSocketChannel.java:330)
	at io.netty.channel.nio.AbstractNioChannel$AbstractNioUnsafe.finishConnect(AbstractNioChannel.java:334)
	at io.netty.channel.nio.NioEventLoop.processSelectedKey(NioEventLoop.java:707)
	at io.netty.channel.nio.NioEventLoop.processSelectedKeysOptimized(NioEventLoop.java:655)
	at io.netty.channel.nio.NioEventLoop.processSelectedKeys(NioEventLoop.java:581)
	at io.netty.channel.nio.NioEventLoop.run(NioEventLoop.java:493)
	at io.netty.util.concurrent.SingleThreadEventExecutor$4.run(SingleThreadEventExecutor.java:989)
	at io.netty.util.internal.ThreadExecutorMap$2.run(ThreadExecutorMap.java:74)
	at io.netty.util.concurrent.FastThreadLocalRunnable.run(FastThreadLocalRunnable.java:30)
	at java.base/java.lang.Thread.run(Thread.java:829)
2026-02-25 03:11:03.605 - [WARN ] - esl
org.freeswitch.esl.client.inbound.InboundConnectionException: Could not connect to /61.158.166.43:8021
	at org.freeswitch.esl.client.inbound.Client.connect(Client.java:134)
	at cn.psycall.ccmgt.util.FreeSwitchManage.monitor(FreeSwitchManage.java:86)
	at cn.psycall.ccmgt.util.FreeSwitchManage.run(FreeSwitchManage.java:42)
Caused by: io.netty.channel.AbstractChannel$AnnotatedConnectException: Connection refused: /61.158.166.43:8021
Caused by: java.net.ConnectException: Connection refused
	at java.base/sun.nio.ch.SocketChannelImpl.checkConnect(Native Method)
	at java.base/sun.nio.ch.SocketChannelImpl.finishConnect(SocketChannelImpl.java:777)
	at io.netty.channel.socket.nio.NioSocketChannel.doFinishConnect(NioSocketChannel.java:330)
	at io.netty.channel.nio.AbstractNioChannel$AbstractNioUnsafe.finishConnect(AbstractNioChannel.java:334)
	at io.netty.channel.nio.NioEventLoop.processSelectedKey(NioEventLoop.java:707)
	at io.netty.channel.nio.NioEventLoop.processSelectedKeysOptimized(NioEventLoop.java:655)
	at io.netty.channel.nio.NioEventLoop.processSelectedKeys(NioEventLoop.java:581)
	at io.netty.channel.nio.NioEventLoop.run(NioEventLoop.java:493)
	at io.netty.util.concurrent.SingleThreadEventExecutor$4.run(SingleThreadEventExecutor.java:989)
	at io.netty.util.internal.ThreadExecutorMap$2.run(ThreadExecutorMap.java:74)
	at io.netty.util.concurrent.FastThreadLocalRunnable.run(FastThreadLocalRunnable.java:30)
	at java.base/java.lang.Thread.run(Thread.java:829)
2026-02-25 03:11:04.702 - [WARN ] - esl
org.freeswitch.esl.client.inbound.InboundConnectionException: Could not connect to /61.158.166.43:8021
	at org.freeswitch.esl.client.inbound.Client.connect(Client.java:134)
	at cn.psycall.ccmgt.util.FreeSwitchManage.monitor(FreeSwitchManage.java:86)
	at cn.psycall.ccmgt.util.FreeSwitchManage.run(FreeSwitchManage.java:42)
Caused by: io.netty.channel.AbstractChannel$AnnotatedConnectException: Connection refused: /61.158.166.43:8021
Caused by: java.net.ConnectException: Connection refused
	at java.base/sun.nio.ch.SocketChannelImpl.checkConnect(Native Method)
	at java.base/sun.nio.ch.SocketChannelImpl.finishConnect(SocketChannelImpl.java:777)
	at io.netty.channel.socket.nio.NioSocketChannel.doFinishConnect(NioSocketChannel.java:330)
	at io.netty.channel.nio.AbstractNioChannel$AbstractNioUnsafe.finishConnect(AbstractNioChannel.java:334)
	at io.netty.channel.nio.NioEventLoop.processSelectedKey(NioEventLoop.java:707)
	at io.netty.channel.nio.NioEventLoop.processSelectedKeysOptimized(NioEventLoop.java:655)
	at io.netty.channel.nio.NioEventLoop.processSelectedKeys(NioEventLoop.java:581)
	at io.netty.channel.nio.NioEventLoop.run(NioEventLoop.java:493)
	at io.netty.util.concurrent.SingleThreadEventExecutor$4.run(SingleThreadEventExecutor.java:989)
	at io.netty.util.internal.ThreadExecutorMap$2.run(ThreadExecutorMap.java:74)
	at io.netty.util.concurrent.FastThreadLocalRunnable.run(FastThreadLocalRunnable.java:30)
	at java.base/java.lang.Thread.run(Thread.java:829)
2026-02-25 03:11:05.799 - [WARN ] - esl
org.freeswitch.esl.client.inbound.InboundConnectionException: Could not connect to /61.158.166.43:8021
	at org.freeswitch.esl.client.inbound.Client.connect(Client.java:134)
	at cn.psycall.ccmgt.util.FreeSwitchManage.monitor(FreeSwitchManage.java:86)
	at cn.psycall.ccmgt.util.FreeSwitchManage.run(FreeSwitchManage.java:42)
Caused by: io.netty.channel.AbstractChannel$AnnotatedConnectException: Connection refused: /61.158.166.43:8021
Caused by: java.net.ConnectException: Connection refused
	at java.base/sun.nio.ch.SocketChannelImpl.checkConnect(Native Method)
	at java.base/sun.nio.ch.SocketChannelImpl.finishConnect(SocketChannelImpl.java:777)
	at io.netty.channel.socket.nio.NioSocketChannel.doFinishConnect(NioSocketChannel.java:330)
	at io.netty.channel.nio.AbstractNioChannel$AbstractNioUnsafe.finishConnect(AbstractNioChannel.java:334)
	at io.netty.channel.nio.NioEventLoop.processSelectedKey(NioEventLoop.java:707)
	at io.netty.channel.nio.NioEventLoop.processSelectedKeysOptimized(NioEventLoop.java:655)
	at io.netty.channel.nio.NioEventLoop.processSelectedKeys(NioEventLoop.java:581)
	at io.netty.channel.nio.NioEventLoop.run(NioEventLoop.java:493)
	at io.netty.util.concurrent.SingleThreadEventExecutor$4.run(SingleThreadEventExecutor.java:989)
	at io.netty.util.internal.ThreadExecutorMap$2.run(ThreadExecutorMap.java:74)
	at io.netty.util.concurrent.FastThreadLocalRunnable.run(FastThreadLocalRunnable.java:30)
	at java.base/java.lang.Thread.run(Thread.java:829)
2026-02-25 03:11:06.918 - [WARN ] - esl
org.freeswitch.esl.client.inbound.InboundConnectionException: Could not connect to /61.158.166.43:8021
	at org.freeswitch.esl.client.inbound.Client.connect(Client.java:134)
	at cn.psycall.ccmgt.util.FreeSwitchManage.monitor(FreeSwitchManage.java:86)
	at cn.psycall.ccmgt.util.FreeSwitchManage.run(FreeSwitchManage.java:42)
Caused by: io.netty.channel.AbstractChannel$AnnotatedConnectException: Connection refused: /61.158.166.43:8021
Caused by: java.net.ConnectException: Connection refused
	at java.base/sun.nio.ch.SocketChannelImpl.checkConnect(Native Method)
	at java.base/sun.nio.ch.SocketChannelImpl.finishConnect(SocketChannelImpl.java:777)
	at io.netty.channel.socket.nio.NioSocketChannel.doFinishConnect(NioSocketChannel.java:330)
	at io.netty.channel.nio.AbstractNioChannel$AbstractNioUnsafe.finishConnect(AbstractNioChannel.java:334)
	at io.netty.channel.nio.NioEventLoop.processSelectedKey(NioEventLoop.java:707)
	at io.netty.channel.nio.NioEventLoop.processSelectedKeysOptimized(NioEventLoop.java:655)
	at io.netty.channel.nio.NioEventLoop.processSelectedKeys(NioEventLoop.java:581)
	at io.netty.channel.nio.NioEventLoop.run(NioEventLoop.java:493)
	at io.netty.util.concurrent.SingleThreadEventExecutor$4.run(SingleThreadEventExecutor.java:989)
	at io.netty.util.internal.ThreadExecutorMap$2.run(ThreadExecutorMap.java:74)
	at io.netty.util.concurrent.FastThreadLocalRunnable.run(FastThreadLocalRunnable.java:30)
	at java.base/java.lang.Thread.run(Thread.java:829)
2026-02-25 03:11:08.018 - [WARN ] - esl
org.freeswitch.esl.client.inbound.InboundConnectionException: Could not connect to /61.158.166.43:8021
	at org.freeswitch.esl.client.inbound.Client.connect(Client.java:134)
	at cn.psycall.ccmgt.util.FreeSwitchManage.monitor(FreeSwitchManage.java:86)
	at cn.psycall.ccmgt.util.FreeSwitchManage.run(FreeSwitchManage.java:42)
Caused by: io.netty.channel.AbstractChannel$AnnotatedConnectException: Connection refused: /61.158.166.43:8021
Caused by: java.net.ConnectException: Connection refused
	at java.base/sun.nio.ch.SocketChannelImpl.checkConnect(Native Method)
	at java.base/sun.nio.ch.SocketChannelImpl.finishConnect(SocketChannelImpl.java:777)
	at io.netty.channel.socket.nio.NioSocketChannel.doFinishConnect(NioSocketChannel.java:330)
	at io.netty.channel.nio.AbstractNioChannel$AbstractNioUnsafe.finishConnect(AbstractNioChannel.java:334)
	at io.netty.channel.nio.NioEventLoop.processSelectedKey(NioEventLoop.java:707)
	at io.netty.channel.nio.NioEventLoop.processSelectedKeysOptimized(NioEventLoop.java:655)
	at io.netty.channel.nio.NioEventLoop.processSelectedKeys(NioEventLoop.java:581)
	at io.netty.channel.nio.NioEventLoop.run(NioEventLoop.java:493)
	at io.netty.util.concurrent.SingleThreadEventExecutor$4.run(SingleThreadEventExecutor.java:989)
	at io.netty.util.internal.ThreadExecutorMap$2.run(ThreadExecutorMap.java:74)
	at io.netty.util.concurrent.FastThreadLocalRunnable.run(FastThreadLocalRunnable.java:30)
	at java.base/java.lang.Thread.run(Thread.java:829)
2026-02-25 03:11:09.129 - [WARN ] - esl
org.freeswitch.esl.client.inbound.InboundConnectionException: Could not connect to /61.158.166.43:8021
	at org.freeswitch.esl.client.inbound.Client.connect(Client.java:134)
	at cn.psycall.ccmgt.util.FreeSwitchManage.monitor(FreeSwitchManage.java:86)
	at cn.psycall.ccmgt.util.FreeSwitchManage.run(FreeSwitchManage.java:42)
Caused by: io.netty.channel.AbstractChannel$AnnotatedConnectException: Connection refused: /61.158.166.43:8021
Caused by: java.net.ConnectException: Connection refused
	at java.base/sun.nio.ch.SocketChannelImpl.checkConnect(Native Method)
	at java.base/sun.nio.ch.SocketChannelImpl.finishConnect(SocketChannelImpl.java:777)
	at io.netty.channel.socket.nio.NioSocketChannel.doFinishConnect(NioSocketChannel.java:330)
	at io.netty.channel.nio.AbstractNioChannel$AbstractNioUnsafe.finishConnect(AbstractNioChannel.java:334)
	at io.netty.channel.nio.NioEventLoop.processSelectedKey(NioEventLoop.java:707)
	at io.netty.channel.nio.NioEventLoop.processSelectedKeysOptimized(NioEventLoop.java:655)
	at io.netty.channel.nio.NioEventLoop.processSelectedKeys(NioEventLoop.java:581)
	at io.netty.channel.nio.NioEventLoop.run(NioEventLoop.java:493)
	at io.netty.util.concurrent.SingleThreadEventExecutor$4.run(SingleThreadEventExecutor.java:989)
	at io.netty.util.internal.ThreadExecutorMap$2.run(ThreadExecutorMap.java:74)
	at io.netty.util.concurrent.FastThreadLocalRunnable.run(FastThreadLocalRunnable.java:30)
	at java.base/java.lang.Thread.run(Thread.java:829)
2026-02-25 03:11:10.243 - [WARN ] - esl
org.freeswitch.esl.client.inbound.InboundConnectionException: Could not connect to /61.158.166.43:8021
	at org.freeswitch.esl.client.inbound.Client.connect(Client.java:134)
	at cn.psycall.ccmgt.util.FreeSwitchManage.monitor(FreeSwitchManage.java:86)
	at cn.psycall.ccmgt.util.FreeSwitchManage.run(FreeSwitchManage.java:42)
Caused by: io.netty.channel.AbstractChannel$AnnotatedConnectException: Connection refused: /61.158.166.43:8021
Caused by: java.net.ConnectException: Connection refused
	at java.base/sun.nio.ch.SocketChannelImpl.checkConnect(Native Method)
	at java.base/sun.nio.ch.SocketChannelImpl.finishConnect(SocketChannelImpl.java:777)
	at io.netty.channel.socket.nio.NioSocketChannel.doFinishConnect(NioSocketChannel.java:330)
	at io.netty.channel.nio.AbstractNioChannel$AbstractNioUnsafe.finishConnect(AbstractNioChannel.java:334)
	at io.netty.channel.nio.NioEventLoop.processSelectedKey(NioEventLoop.java:707)
	at io.netty.channel.nio.NioEventLoop.processSelectedKeysOptimized(NioEventLoop.java:655)
	at io.netty.channel.nio.NioEventLoop.processSelectedKeys(NioEventLoop.java:581)
	at io.netty.channel.nio.NioEventLoop.run(NioEventLoop.java:493)
	at io.netty.util.concurrent.SingleThreadEventExecutor$4.run(SingleThreadEventExecutor.java:989)
	at io.netty.util.internal.ThreadExecutorMap$2.run(ThreadExecutorMap.java:74)
	at io.netty.util.concurrent.FastThreadLocalRunnable.run(FastThreadLocalRunnable.java:30)
	at java.base/java.lang.Thread.run(Thread.java:829)
2026-02-25 03:11:11.341 - [WARN ] - esl
org.freeswitch.esl.client.inbound.InboundConnectionException: Could not connect to /61.158.166.43:8021
	at org.freeswitch.esl.client.inbound.Client.connect(Client.java:134)
	at cn.psycall.ccmgt.util.FreeSwitchManage.monitor(FreeSwitchManage.java:86)
	at cn.psycall.ccmgt.util.FreeSwitchManage.run(FreeSwitchManage.java:42)
Caused by: io.netty.channel.AbstractChannel$AnnotatedConnectException: Connection refused: /61.158.166.43:8021
Caused by: java.net.ConnectException: Connection refused
	at java.base/sun.nio.ch.SocketChannelImpl.checkConnect(Native Method)
	at java.base/sun.nio.ch.SocketChannelImpl.finishConnect(SocketChannelImpl.java:777)
	at io.netty.channel.socket.nio.NioSocketChannel.doFinishConnect(NioSocketChannel.java:330)
	at io.netty.channel.nio.AbstractNioChannel$AbstractNioUnsafe.finishConnect(AbstractNioChannel.java:334)
	at io.netty.channel.nio.NioEventLoop.processSelectedKey(NioEventLoop.java:707)
	at io.netty.channel.nio.NioEventLoop.processSelectedKeysOptimized(NioEventLoop.java:655)
	at io.netty.channel.nio.NioEventLoop.processSelectedKeys(NioEventLoop.java:581)
	at io.netty.channel.nio.NioEventLoop.run(NioEventLoop.java:493)
	at io.netty.util.concurrent.SingleThreadEventExecutor$4.run(SingleThreadEventExecutor.java:989)
	at io.netty.util.internal.ThreadExecutorMap$2.run(ThreadExecutorMap.java:74)
	at io.netty.util.concurrent.FastThreadLocalRunnable.run(FastThreadLocalRunnable.java:30)
	at java.base/java.lang.Thread.run(Thread.java:829)
2026-02-25 03:11:12.428 - [WARN ] - esl
org.freeswitch.esl.client.inbound.InboundConnectionException: Could not connect to /61.158.166.43:8021
	at org.freeswitch.esl.client.inbound.Client.connect(Client.java:134)
	at cn.psycall.ccmgt.util.FreeSwitchManage.monitor(FreeSwitchManage.java:86)
	at cn.psycall.ccmgt.util.FreeSwitchManage.run(FreeSwitchManage.java:42)
Caused by: io.netty.channel.AbstractChannel$AnnotatedConnectException: Connection refused: /61.158.166.43:8021
Caused by: java.net.ConnectException: Connection refused
	at java.base/sun.nio.ch.SocketChannelImpl.checkConnect(Native Method)
	at java.base/sun.nio.ch.SocketChannelImpl.finishConnect(SocketChannelImpl.java:777)
	at io.netty.channel.socket.nio.NioSocketChannel.doFinishConnect(NioSocketChannel.java:330)
	at io.netty.channel.nio.AbstractNioChannel$AbstractNioUnsafe.finishConnect(AbstractNioChannel.java:334)
	at io.netty.channel.nio.NioEventLoop.processSelectedKey(NioEventLoop.java:707)
	at io.netty.channel.nio.NioEventLoop.processSelectedKeysOptimized(NioEventLoop.java:655)
	at io.netty.channel.nio.NioEventLoop.processSelectedKeys(NioEventLoop.java:581)
	at io.netty.channel.nio.NioEventLoop.run(NioEventLoop.java:493)
	at io.netty.util.concurrent.SingleThreadEventExecutor$4.run(SingleThreadEventExecutor.java:989)
	at io.netty.util.internal.ThreadExecutorMap$2.run(ThreadExecutorMap.java:74)
	at io.netty.util.concurrent.FastThreadLocalRunnable.run(FastThreadLocalRunnable.java:30)
	at java.base/java.lang.Thread.run(Thread.java:829)
2026-02-25 03:11:13.524 - [WARN ] - esl
org.freeswitch.esl.client.inbound.InboundConnectionException: Could not connect to /61.158.166.43:8021
	at org.freeswitch.esl.client.inbound.Client.connect(Client.java:134)
	at cn.psycall.ccmgt.util.FreeSwitchManage.monitor(FreeSwitchManage.java:86)
	at cn.psycall.ccmgt.util.FreeSwitchManage.run(FreeSwitchManage.java:42)
Caused by: io.netty.channel.AbstractChannel$AnnotatedConnectException: Connection refused: /61.158.166.43:8021
Caused by: java.net.ConnectException: Connection refused
	at java.base/sun.nio.ch.SocketChannelImpl.checkConnect(Native Method)
	at java.base/sun.nio.ch.SocketChannelImpl.finishConnect(SocketChannelImpl.java:777)
	at io.netty.channel.socket.nio.NioSocketChannel.doFinishConnect(NioSocketChannel.java:330)
	at io.netty.channel.nio.AbstractNioChannel$AbstractNioUnsafe.finishConnect(AbstractNioChannel.java:334)
	at io.netty.channel.nio.NioEventLoop.processSelectedKey(NioEventLoop.java:707)
	at io.netty.channel.nio.NioEventLoop.processSelectedKeysOptimized(NioEventLoop.java:655)
	at io.netty.channel.nio.NioEventLoop.processSelectedKeys(NioEventLoop.java:581)
	at io.netty.channel.nio.NioEventLoop.run(NioEventLoop.java:493)
	at io.netty.util.concurrent.SingleThreadEventExecutor$4.run(SingleThreadEventExecutor.java:989)
	at io.netty.util.internal.ThreadExecutorMap$2.run(ThreadExecutorMap.java:74)
	at io.netty.util.concurrent.FastThreadLocalRunnable.run(FastThreadLocalRunnable.java:30)
	at java.base/java.lang.Thread.run(Thread.java:829)
2026-02-25 03:11:14.622 - [WARN ] - esl
org.freeswitch.esl.client.inbound.InboundConnectionException: Could not connect to /61.158.166.43:8021
	at org.freeswitch.esl.client.inbound.Client.connect(Client.java:134)
	at cn.psycall.ccmgt.util.FreeSwitchManage.monitor(FreeSwitchManage.java:86)
	at cn.psycall.ccmgt.util.FreeSwitchManage.run(FreeSwitchManage.java:42)
Caused by: io.netty.channel.AbstractChannel$AnnotatedConnectException: Connection refused: /61.158.166.43:8021
Caused by: java.net.ConnectException: Connection refused
	at java.base/sun.nio.ch.SocketChannelImpl.checkConnect(Native Method)
	at java.base/sun.nio.ch.SocketChannelImpl.finishConnect(SocketChannelImpl.java:777)
	at io.netty.channel.socket.nio.NioSocketChannel.doFinishConnect(NioSocketChannel.java:330)
	at io.netty.channel.nio.AbstractNioChannel$AbstractNioUnsafe.finishConnect(AbstractNioChannel.java:334)
	at io.netty.channel.nio.NioEventLoop.processSelectedKey(NioEventLoop.java:707)
	at io.netty.channel.nio.NioEventLoop.processSelectedKeysOptimized(NioEventLoop.java:655)
	at io.netty.channel.nio.NioEventLoop.processSelectedKeys(NioEventLoop.java:581)
	at io.netty.channel.nio.NioEventLoop.run(NioEventLoop.java:493)
	at io.netty.util.concurrent.SingleThreadEventExecutor$4.run(SingleThreadEventExecutor.java:989)
	at io.netty.util.internal.ThreadExecutorMap$2.run(ThreadExecutorMap.java:74)
	at io.netty.util.concurrent.FastThreadLocalRunnable.run(FastThreadLocalRunnable.java:30)
	at java.base/java.lang.Thread.run(Thread.java:829)
2026-02-25 03:11:15.718 - [WARN ] - esl
org.freeswitch.esl.client.inbound.InboundConnectionException: Could not connect to /61.158.166.43:8021
	at org.freeswitch.esl.client.inbound.Client.connect(Client.java:134)
	at cn.psycall.ccmgt.util.FreeSwitchManage.monitor(FreeSwitchManage.java:86)
	at cn.psycall.ccmgt.util.FreeSwitchManage.run(FreeSwitchManage.java:42)
Caused by: io.netty.channel.AbstractChannel$AnnotatedConnectException: Connection refused: /61.158.166.43:8021
Caused by: java.net.ConnectException: Connection refused
	at java.base/sun.nio.ch.SocketChannelImpl.checkConnect(Native Method)
	at java.base/sun.nio.ch.SocketChannelImpl.finishConnect(SocketChannelImpl.java:777)
	at io.netty.channel.socket.nio.NioSocketChannel.doFinishConnect(NioSocketChannel.java:330)
	at io.netty.channel.nio.AbstractNioChannel$AbstractNioUnsafe.finishConnect(AbstractNioChannel.java:334)
	at io.netty.channel.nio.NioEventLoop.processSelectedKey(NioEventLoop.java:707)
	at io.netty.channel.nio.NioEventLoop.processSelectedKeysOptimized(NioEventLoop.java:655)
	at io.netty.channel.nio.NioEventLoop.processSelectedKeys(NioEventLoop.java:581)
	at io.netty.channel.nio.NioEventLoop.run(NioEventLoop.java:493)
	at io.netty.util.concurrent.SingleThreadEventExecutor$4.run(SingleThreadEventExecutor.java:989)
	at io.netty.util.internal.ThreadExecutorMap$2.run(ThreadExecutorMap.java:74)
	at io.netty.util.concurrent.FastThreadLocalRunnable.run(FastThreadLocalRunnable.java:30)
	at java.base/java.lang.Thread.run(Thread.java:829)
2026-02-25 03:11:16.817 - [WARN ] - esl
org.freeswitch.esl.client.inbound.InboundConnectionException: Could not connect to /61.158.166.43:8021
	at org.freeswitch.esl.client.inbound.Client.connect(Client.java:134)
	at cn.psycall.ccmgt.util.FreeSwitchManage.monitor(FreeSwitchManage.java:86)
	at cn.psycall.ccmgt.util.FreeSwitchManage.run(FreeSwitchManage.java:42)
Caused by: io.netty.channel.AbstractChannel$AnnotatedConnectException: Connection refused: /61.158.166.43:8021
Caused by: java.net.ConnectException: Connection refused
	at java.base/sun.nio.ch.SocketChannelImpl.checkConnect(Native Method)
	at java.base/sun.nio.ch.SocketChannelImpl.finishConnect(SocketChannelImpl.java:777)
	at io.netty.channel.socket.nio.NioSocketChannel.doFinishConnect(NioSocketChannel.java:330)
	at io.netty.channel.nio.AbstractNioChannel$AbstractNioUnsafe.finishConnect(AbstractNioChannel.java:334)
	at io.netty.channel.nio.NioEventLoop.processSelectedKey(NioEventLoop.java:707)
	at io.netty.channel.nio.NioEventLoop.processSelectedKeysOptimized(NioEventLoop.java:655)
	at io.netty.channel.nio.NioEventLoop.processSelectedKeys(NioEventLoop.java:581)
	at io.netty.channel.nio.NioEventLoop.run(NioEventLoop.java:493)
	at io.netty.util.concurrent.SingleThreadEventExecutor$4.run(SingleThreadEventExecutor.java:989)
	at io.netty.util.internal.ThreadExecutorMap$2.run(ThreadExecutorMap.java:74)
	at io.netty.util.concurrent.FastThreadLocalRunnable.run(FastThreadLocalRunnable.java:30)
	at java.base/java.lang.Thread.run(Thread.java:829)
2026-02-25 03:11:17.906 - [WARN ] - esl
org.freeswitch.esl.client.inbound.InboundConnectionException: Could not connect to /61.158.166.43:8021
	at org.freeswitch.esl.client.inbound.Client.connect(Client.java:134)
	at cn.psycall.ccmgt.util.FreeSwitchManage.monitor(FreeSwitchManage.java:86)
	at cn.psycall.ccmgt.util.FreeSwitchManage.run(FreeSwitchManage.java:42)
Caused by: io.netty.channel.AbstractChannel$AnnotatedConnectException: Connection refused: /61.158.166.43:8021
Caused by: java.net.ConnectException: Connection refused
	at java.base/sun.nio.ch.SocketChannelImpl.checkConnect(Native Method)
	at java.base/sun.nio.ch.SocketChannelImpl.finishConnect(SocketChannelImpl.java:777)
	at io.netty.channel.socket.nio.NioSocketChannel.doFinishConnect(NioSocketChannel.java:330)
	at io.netty.channel.nio.AbstractNioChannel$AbstractNioUnsafe.finishConnect(AbstractNioChannel.java:334)
	at io.netty.channel.nio.NioEventLoop.processSelectedKey(NioEventLoop.java:707)
	at io.netty.channel.nio.NioEventLoop.processSelectedKeysOptimized(NioEventLoop.java:655)
	at io.netty.channel.nio.NioEventLoop.processSelectedKeys(NioEventLoop.java:581)
	at io.netty.channel.nio.NioEventLoop.run(NioEventLoop.java:493)
	at io.netty.util.concurrent.SingleThreadEventExecutor$4.run(SingleThreadEventExecutor.java:989)
	at io.netty.util.internal.ThreadExecutorMap$2.run(ThreadExecutorMap.java:74)
	at io.netty.util.concurrent.FastThreadLocalRunnable.run(FastThreadLocalRunnable.java:30)
	at java.base/java.lang.Thread.run(Thread.java:829)
2026-02-25 03:11:19.005 - [WARN ] - esl
org.freeswitch.esl.client.inbound.InboundConnectionException: Could not connect to /61.158.166.43:8021
	at org.freeswitch.esl.client.inbound.Client.connect(Client.java:134)
	at cn.psycall.ccmgt.util.FreeSwitchManage.monitor(FreeSwitchManage.java:86)
	at cn.psycall.ccmgt.util.FreeSwitchManage.run(FreeSwitchManage.java:42)
Caused by: io.netty.channel.AbstractChannel$AnnotatedConnectException: Connection refused: /61.158.166.43:8021
Caused by: java.net.ConnectException: Connection refused
	at java.base/sun.nio.ch.SocketChannelImpl.checkConnect(Native Method)
	at java.base/sun.nio.ch.SocketChannelImpl.finishConnect(SocketChannelImpl.java:777)
	at io.netty.channel.socket.nio.NioSocketChannel.doFinishConnect(NioSocketChannel.java:330)
	at io.netty.channel.nio.AbstractNioChannel$AbstractNioUnsafe.finishConnect(AbstractNioChannel.java:334)
	at io.netty.channel.nio.NioEventLoop.processSelectedKey(NioEventLoop.java:707)
	at io.netty.channel.nio.NioEventLoop.processSelectedKeysOptimized(NioEventLoop.java:655)
	at io.netty.channel.nio.NioEventLoop.processSelectedKeys(NioEventLoop.java:581)
	at io.netty.channel.nio.NioEventLoop.run(NioEventLoop.java:493)
	at io.netty.util.concurrent.SingleThreadEventExecutor$4.run(SingleThreadEventExecutor.java:989)
	at io.netty.util.internal.ThreadExecutorMap$2.run(ThreadExecutorMap.java:74)
	at io.netty.util.concurrent.FastThreadLocalRunnable.run(FastThreadLocalRunnable.java:30)
	at java.base/java.lang.Thread.run(Thread.java:829)
2026-02-25 03:11:20.103 - [WARN ] - esl
org.freeswitch.esl.client.inbound.InboundConnectionException: Could not connect to /61.158.166.43:8021
	at org.freeswitch.esl.client.inbound.Client.connect(Client.java:134)
	at cn.psycall.ccmgt.util.FreeSwitchManage.monitor(FreeSwitchManage.java:86)
	at cn.psycall.ccmgt.util.FreeSwitchManage.run(FreeSwitchManage.java:42)
Caused by: io.netty.channel.AbstractChannel$AnnotatedConnectException: Connection refused: /61.158.166.43:8021
Caused by: java.net.ConnectException: Connection refused
	at java.base/sun.nio.ch.SocketChannelImpl.checkConnect(Native Method)
	at java.base/sun.nio.ch.SocketChannelImpl.finishConnect(SocketChannelImpl.java:777)
	at io.netty.channel.socket.nio.NioSocketChannel.doFinishConnect(NioSocketChannel.java:330)
	at io.netty.channel.nio.AbstractNioChannel$AbstractNioUnsafe.finishConnect(AbstractNioChannel.java:334)
	at io.netty.channel.nio.NioEventLoop.processSelectedKey(NioEventLoop.java:707)
	at io.netty.channel.nio.NioEventLoop.processSelectedKeysOptimized(NioEventLoop.java:655)
	at io.netty.channel.nio.NioEventLoop.processSelectedKeys(NioEventLoop.java:581)
	at io.netty.channel.nio.NioEventLoop.run(NioEventLoop.java:493)
	at io.netty.util.concurrent.SingleThreadEventExecutor$4.run(SingleThreadEventExecutor.java:989)
	at io.netty.util.internal.ThreadExecutorMap$2.run(ThreadExecutorMap.java:74)
	at io.netty.util.concurrent.FastThreadLocalRunnable.run(FastThreadLocalRunnable.java:30)
	at java.base/java.lang.Thread.run(Thread.java:829)
2026-02-25 03:11:21.196 - [WARN ] - esl
org.freeswitch.esl.client.inbound.InboundConnectionException: Could not connect to /61.158.166.43:8021
	at org.freeswitch.esl.client.inbound.Client.connect(Client.java:134)
	at cn.psycall.ccmgt.util.FreeSwitchManage.monitor(FreeSwitchManage.java:86)
	at cn.psycall.ccmgt.util.FreeSwitchManage.run(FreeSwitchManage.java:42)
Caused by: io.netty.channel.AbstractChannel$AnnotatedConnectException: Connection refused: /61.158.166.43:8021
Caused by: java.net.ConnectException: Connection refused
	at java.base/sun.nio.ch.SocketChannelImpl.checkConnect(Native Method)
	at java.base/sun.nio.ch.SocketChannelImpl.finishConnect(SocketChannelImpl.java:777)
	at io.netty.channel.socket.nio.NioSocketChannel.doFinishConnect(NioSocketChannel.java:330)
	at io.netty.channel.nio.AbstractNioChannel$AbstractNioUnsafe.finishConnect(AbstractNioChannel.java:334)
	at io.netty.channel.nio.NioEventLoop.processSelectedKey(NioEventLoop.java:707)
	at io.netty.channel.nio.NioEventLoop.processSelectedKeysOptimized(NioEventLoop.java:655)
	at io.netty.channel.nio.NioEventLoop.processSelectedKeys(NioEventLoop.java:581)
	at io.netty.channel.nio.NioEventLoop.run(NioEventLoop.java:493)
	at io.netty.util.concurrent.SingleThreadEventExecutor$4.run(SingleThreadEventExecutor.java:989)
	at io.netty.util.internal.ThreadExecutorMap$2.run(ThreadExecutorMap.java:74)
	at io.netty.util.concurrent.FastThreadLocalRunnable.run(FastThreadLocalRunnable.java:30)
	at java.base/java.lang.Thread.run(Thread.java:829)
2026-02-25 03:11:21.207 - [INFO ] - ESL Client Disconnect ..(61.158.166.44:8021)
2026-02-25 03:11:22.444 - [WARN ] - esl
org.freeswitch.esl.client.inbound.InboundConnectionException: Could not connect to /61.158.166.43:8021
	at org.freeswitch.esl.client.inbound.Client.connect(Client.java:134)
	at cn.psycall.ccmgt.util.FreeSwitchManage.monitor(FreeSwitchManage.java:86)
	at cn.psycall.ccmgt.util.FreeSwitchManage.run(FreeSwitchManage.java:42)
Caused by: io.netty.channel.AbstractChannel$AnnotatedConnectException: Connection refused: /61.158.166.43:8021
Caused by: java.net.ConnectException: Connection refused
	at java.base/sun.nio.ch.SocketChannelImpl.checkConnect(Native Method)
	at java.base/sun.nio.ch.SocketChannelImpl.finishConnect(SocketChannelImpl.java:777)
	at io.netty.channel.socket.nio.NioSocketChannel.doFinishConnect(NioSocketChannel.java:330)
	at io.netty.channel.nio.AbstractNioChannel$AbstractNioUnsafe.finishConnect(AbstractNioChannel.java:334)
	at io.netty.channel.nio.NioEventLoop.processSelectedKey(NioEventLoop.java:707)
	at io.netty.channel.nio.NioEventLoop.processSelectedKeysOptimized(NioEventLoop.java:655)
	at io.netty.channel.nio.NioEventLoop.processSelectedKeys(NioEventLoop.java:581)
	at io.netty.channel.nio.NioEventLoop.run(NioEventLoop.java:493)
	at io.netty.util.concurrent.SingleThreadEventExecutor$4.run(SingleThreadEventExecutor.java:989)
	at io.netty.util.internal.ThreadExecutorMap$2.run(ThreadExecutorMap.java:74)
	at io.netty.util.concurrent.FastThreadLocalRunnable.run(FastThreadLocalRunnable.java:30)
	at java.base/java.lang.Thread.run(Thread.java:829)
2026-02-25 03:11:22.558 - [WARN ] - esl
org.freeswitch.esl.client.inbound.InboundConnectionException: Could not connect to /61.158.166.44:8021
	at org.freeswitch.esl.client.inbound.Client.connect(Client.java:134)
	at cn.psycall.ccmgt.util.FreeSwitchManage.monitor(FreeSwitchManage.java:86)
	at cn.psycall.ccmgt.util.FreeSwitchManage.run(FreeSwitchManage.java:42)
Caused by: io.netty.channel.AbstractChannel$AnnotatedConnectException: Connection refused: /61.158.166.44:8021
Caused by: java.net.ConnectException: Connection refused
	at java.base/sun.nio.ch.SocketChannelImpl.checkConnect(Native Method)
	at java.base/sun.nio.ch.SocketChannelImpl.finishConnect(SocketChannelImpl.java:777)
	at io.netty.channel.socket.nio.NioSocketChannel.doFinishConnect(NioSocketChannel.java:330)
	at io.netty.channel.nio.AbstractNioChannel$AbstractNioUnsafe.finishConnect(AbstractNioChannel.java:334)
	at io.netty.channel.nio.NioEventLoop.processSelectedKey(NioEventLoop.java:707)
	at io.netty.channel.nio.NioEventLoop.processSelectedKeysOptimized(NioEventLoop.java:655)
	at io.netty.channel.nio.NioEventLoop.processSelectedKeys(NioEventLoop.java:581)
	at io.netty.channel.nio.NioEventLoop.run(NioEventLoop.java:493)
	at io.netty.util.concurrent.SingleThreadEventExecutor$4.run(SingleThreadEventExecutor.java:989)
	at io.netty.util.internal.ThreadExecutorMap$2.run(ThreadExecutorMap.java:74)
	at io.netty.util.concurrent.FastThreadLocalRunnable.run(FastThreadLocalRunnable.java:30)
	at java.base/java.lang.Thread.run(Thread.java:829)
2026-02-25 03:11:23.652 - [WARN ] - esl
org.freeswitch.esl.client.inbound.InboundConnectionException: Could not connect to /61.158.166.43:8021
	at org.freeswitch.esl.client.inbound.Client.connect(Client.java:134)
	at cn.psycall.ccmgt.util.FreeSwitchManage.monitor(FreeSwitchManage.java:86)
	at cn.psycall.ccmgt.util.FreeSwitchManage.run(FreeSwitchManage.java:42)
Caused by: io.netty.channel.AbstractChannel$AnnotatedConnectException: Connection refused: /61.158.166.43:8021
Caused by: java.net.ConnectException: Connection refused
	at java.base/sun.nio.ch.SocketChannelImpl.checkConnect(Native Method)
	at java.base/sun.nio.ch.SocketChannelImpl.finishConnect(SocketChannelImpl.java:777)
	at io.netty.channel.socket.nio.NioSocketChannel.doFinishConnect(NioSocketChannel.java:330)
	at io.netty.channel.nio.AbstractNioChannel$AbstractNioUnsafe.finishConnect(AbstractNioChannel.java:334)
	at io.netty.channel.nio.NioEventLoop.processSelectedKey(NioEventLoop.java:707)
	at io.netty.channel.nio.NioEventLoop.processSelectedKeysOptimized(NioEventLoop.java:655)
	at io.netty.channel.nio.NioEventLoop.processSelectedKeys(NioEventLoop.java:581)
	at io.netty.channel.nio.NioEventLoop.run(NioEventLoop.java:493)
	at io.netty.util.concurrent.SingleThreadEventExecutor$4.run(SingleThreadEventExecutor.java:989)
	at io.netty.util.internal.ThreadExecutorMap$2.run(ThreadExecutorMap.java:74)
	at io.netty.util.concurrent.FastThreadLocalRunnable.run(FastThreadLocalRunnable.java:30)
	at java.base/java.lang.Thread.run(Thread.java:829)
2026-02-25 03:11:23.787 - [WARN ] - esl
org.freeswitch.esl.client.inbound.InboundConnectionException: Could not connect to /61.158.166.44:8021
	at org.freeswitch.esl.client.inbound.Client.connect(Client.java:134)
	at cn.psycall.ccmgt.util.FreeSwitchManage.monitor(FreeSwitchManage.java:86)
	at cn.psycall.ccmgt.util.FreeSwitchManage.run(FreeSwitchManage.java:42)
Caused by: io.netty.channel.AbstractChannel$AnnotatedConnectException: Connection refused: /61.158.166.44:8021
Caused by: java.net.ConnectException: Connection refused
	at java.base/sun.nio.ch.SocketChannelImpl.checkConnect(Native Method)
	at java.base/sun.nio.ch.SocketChannelImpl.finishConnect(SocketChannelImpl.java:777)
	at io.netty.channel.socket.nio.NioSocketChannel.doFinishConnect(NioSocketChannel.java:330)
	at io.netty.channel.nio.AbstractNioChannel$AbstractNioUnsafe.finishConnect(AbstractNioChannel.java:334)
	at io.netty.channel.nio.NioEventLoop.processSelectedKey(NioEventLoop.java:707)
	at io.netty.channel.nio.NioEventLoop.processSelectedKeysOptimized(NioEventLoop.java:655)
	at io.netty.channel.nio.NioEventLoop.processSelectedKeys(NioEventLoop.java:581)
	at io.netty.channel.nio.NioEventLoop.run(NioEventLoop.java:493)
	at io.netty.util.concurrent.SingleThreadEventExecutor$4.run(SingleThreadEventExecutor.java:989)
	at io.netty.util.internal.ThreadExecutorMap$2.run(ThreadExecutorMap.java:74)
	at io.netty.util.concurrent.FastThreadLocalRunnable.run(FastThreadLocalRunnable.java:30)
	at java.base/java.lang.Thread.run(Thread.java:829)
2026-02-25 03:11:24.889 - [WARN ] - esl
org.freeswitch.esl.client.inbound.InboundConnectionException: Could not connect to /61.158.166.43:8021
	at org.freeswitch.esl.client.inbound.Client.connect(Client.java:134)
	at cn.psycall.ccmgt.util.FreeSwitchManage.monitor(FreeSwitchManage.java:86)
	at cn.psycall.ccmgt.util.FreeSwitchManage.run(FreeSwitchManage.java:42)
Caused by: io.netty.channel.AbstractChannel$AnnotatedConnectException: Connection refused: /61.158.166.43:8021
Caused by: java.net.ConnectException: Connection refused
	at java.base/sun.nio.ch.SocketChannelImpl.checkConnect(Native Method)
	at java.base/sun.nio.ch.SocketChannelImpl.finishConnect(SocketChannelImpl.java:777)
	at io.netty.channel.socket.nio.NioSocketChannel.doFinishConnect(NioSocketChannel.java:330)
	at io.netty.channel.nio.AbstractNioChannel$AbstractNioUnsafe.finishConnect(AbstractNioChannel.java:334)
	at io.netty.channel.nio.NioEventLoop.processSelectedKey(NioEventLoop.java:707)
	at io.netty.channel.nio.NioEventLoop.processSelectedKeysOptimized(NioEventLoop.java:655)
	at io.netty.channel.nio.NioEventLoop.processSelectedKeys(NioEventLoop.java:581)
	at io.netty.channel.nio.NioEventLoop.run(NioEventLoop.java:493)
	at io.netty.util.concurrent.SingleThreadEventExecutor$4.run(SingleThreadEventExecutor.java:989)
	at io.netty.util.internal.ThreadExecutorMap$2.run(ThreadExecutorMap.java:74)
	at io.netty.util.concurrent.FastThreadLocalRunnable.run(FastThreadLocalRunnable.java:30)
	at java.base/java.lang.Thread.run(Thread.java:829)
2026-02-25 03:11:24.988 - [WARN ] - esl
org.freeswitch.esl.client.inbound.InboundConnectionException: Could not connect to /61.158.166.44:8021
	at org.freeswitch.esl.client.inbound.Client.connect(Client.java:134)
	at cn.psycall.ccmgt.util.FreeSwitchManage.monitor(FreeSwitchManage.java:86)
	at cn.psycall.ccmgt.util.FreeSwitchManage.run(FreeSwitchManage.java:42)
Caused by: io.netty.channel.AbstractChannel$AnnotatedConnectException: Connection refused: /61.158.166.44:8021
Caused by: java.net.ConnectException: Connection refused
	at java.base/sun.nio.ch.SocketChannelImpl.checkConnect(Native Method)
	at java.base/sun.nio.ch.SocketChannelImpl.finishConnect(SocketChannelImpl.java:777)
	at io.netty.channel.socket.nio.NioSocketChannel.doFinishConnect(NioSocketChannel.java:330)
	at io.netty.channel.nio.AbstractNioChannel$AbstractNioUnsafe.finishConnect(AbstractNioChannel.java:334)
	at io.netty.channel.nio.NioEventLoop.processSelectedKey(NioEventLoop.java:707)
	at io.netty.channel.nio.NioEventLoop.processSelectedKeysOptimized(NioEventLoop.java:655)
	at io.netty.channel.nio.NioEventLoop.processSelectedKeys(NioEventLoop.java:581)
	at io.netty.channel.nio.NioEventLoop.run(NioEventLoop.java:493)
	at io.netty.util.concurrent.SingleThreadEventExecutor$4.run(SingleThreadEventExecutor.java:989)
	at io.netty.util.internal.ThreadExecutorMap$2.run(ThreadExecutorMap.java:74)
	at io.netty.util.concurrent.FastThreadLocalRunnable.run(FastThreadLocalRunnable.java:30)
	at java.base/java.lang.Thread.run(Thread.java:829)
2026-02-25 03:11:26.080 - [WARN ] - esl
org.freeswitch.esl.client.inbound.InboundConnectionException: Could not connect to /61.158.166.43:8021
	at org.freeswitch.esl.client.inbound.Client.connect(Client.java:134)
	at cn.psycall.ccmgt.util.FreeSwitchManage.monitor(FreeSwitchManage.java:86)
	at cn.psycall.ccmgt.util.FreeSwitchManage.run(FreeSwitchManage.java:42)
Caused by: io.netty.channel.AbstractChannel$AnnotatedConnectException: Connection refused: /61.158.166.43:8021
Caused by: java.net.ConnectException: Connection refused
	at java.base/sun.nio.ch.SocketChannelImpl.checkConnect(Native Method)
	at java.base/sun.nio.ch.SocketChannelImpl.finishConnect(SocketChannelImpl.java:777)
	at io.netty.channel.socket.nio.NioSocketChannel.doFinishConnect(NioSocketChannel.java:330)
	at io.netty.channel.nio.AbstractNioChannel$AbstractNioUnsafe.finishConnect(AbstractNioChannel.java:334)
	at io.netty.channel.nio.NioEventLoop.processSelectedKey(NioEventLoop.java:707)
	at io.netty.channel.nio.NioEventLoop.processSelectedKeysOptimized(NioEventLoop.java:655)
	at io.netty.channel.nio.NioEventLoop.processSelectedKeys(NioEventLoop.java:581)
	at io.netty.channel.nio.NioEventLoop.run(NioEventLoop.java:493)
	at io.netty.util.concurrent.SingleThreadEventExecutor$4.run(SingleThreadEventExecutor.java:989)
	at io.netty.util.internal.ThreadExecutorMap$2.run(ThreadExecutorMap.java:74)
	at io.netty.util.concurrent.FastThreadLocalRunnable.run(FastThreadLocalRunnable.java:30)
	at java.base/java.lang.Thread.run(Thread.java:829)
2026-02-25 03:11:26.207 - [WARN ] - esl
org.freeswitch.esl.client.inbound.InboundConnectionException: Could not connect to /61.158.166.44:8021
	at org.freeswitch.esl.client.inbound.Client.connect(Client.java:134)
	at cn.psycall.ccmgt.util.FreeSwitchManage.monitor(FreeSwitchManage.java:86)
	at cn.psycall.ccmgt.util.FreeSwitchManage.run(FreeSwitchManage.java:42)
Caused by: io.netty.channel.AbstractChannel$AnnotatedConnectException: Connection refused: /61.158.166.44:8021
Caused by: java.net.ConnectException: Connection refused
	at java.base/sun.nio.ch.SocketChannelImpl.checkConnect(Native Method)
	at java.base/sun.nio.ch.SocketChannelImpl.finishConnect(SocketChannelImpl.java:777)
	at io.netty.channel.socket.nio.NioSocketChannel.doFinishConnect(NioSocketChannel.java:330)
	at io.netty.channel.nio.AbstractNioChannel$AbstractNioUnsafe.finishConnect(AbstractNioChannel.java:334)
	at io.netty.channel.nio.NioEventLoop.processSelectedKey(NioEventLoop.java:707)
	at io.netty.channel.nio.NioEventLoop.processSelectedKeysOptimized(NioEventLoop.java:655)
	at io.netty.channel.nio.NioEventLoop.processSelectedKeys(NioEventLoop.java:581)
	at io.netty.channel.nio.NioEventLoop.run(NioEventLoop.java:493)
	at io.netty.util.concurrent.SingleThreadEventExecutor$4.run(SingleThreadEventExecutor.java:989)
	at io.netty.util.internal.ThreadExecutorMap$2.run(ThreadExecutorMap.java:74)
	at io.netty.util.concurrent.FastThreadLocalRunnable.run(FastThreadLocalRunnable.java:30)
	at java.base/java.lang.Thread.run(Thread.java:829)
2026-02-25 03:11:27.306 - [WARN ] - esl
org.freeswitch.esl.client.inbound.InboundConnectionException: Could not connect to /61.158.166.43:8021
	at org.freeswitch.esl.client.inbound.Client.connect(Client.java:134)
	at cn.psycall.ccmgt.util.FreeSwitchManage.monitor(FreeSwitchManage.java:86)
	at cn.psycall.ccmgt.util.FreeSwitchManage.run(FreeSwitchManage.java:42)
Caused by: io.netty.channel.AbstractChannel$AnnotatedConnectException: Connection refused: /61.158.166.43:8021
Caused by: java.net.ConnectException: Connection refused
	at java.base/sun.nio.ch.SocketChannelImpl.checkConnect(Native Method)
	at java.base/sun.nio.ch.SocketChannelImpl.finishConnect(SocketChannelImpl.java:777)
	at io.netty.channel.socket.nio.NioSocketChannel.doFinishConnect(NioSocketChannel.java:330)
	at io.netty.channel.nio.AbstractNioChannel$AbstractNioUnsafe.finishConnect(AbstractNioChannel.java:334)
	at io.netty.channel.nio.NioEventLoop.processSelectedKey(NioEventLoop.java:707)
	at io.netty.channel.nio.NioEventLoop.processSelectedKeysOptimized(NioEventLoop.java:655)
	at io.netty.channel.nio.NioEventLoop.processSelectedKeys(NioEventLoop.java:581)
	at io.netty.channel.nio.NioEventLoop.run(NioEventLoop.java:493)
	at io.netty.util.concurrent.SingleThreadEventExecutor$4.run(SingleThreadEventExecutor.java:989)
	at io.netty.util.internal.ThreadExecutorMap$2.run(ThreadExecutorMap.java:74)
	at io.netty.util.concurrent.FastThreadLocalRunnable.run(FastThreadLocalRunnable.java:30)
	at java.base/java.lang.Thread.run(Thread.java:829)
2026-02-25 03:11:27.410 - [WARN ] - esl
org.freeswitch.esl.client.inbound.InboundConnectionException: Could not connect to /61.158.166.44:8021
	at org.freeswitch.esl.client.inbound.Client.connect(Client.java:134)
	at cn.psycall.ccmgt.util.FreeSwitchManage.monitor(FreeSwitchManage.java:86)
	at cn.psycall.ccmgt.util.FreeSwitchManage.run(FreeSwitchManage.java:42)
Caused by: io.netty.channel.AbstractChannel$AnnotatedConnectException: Connection refused: /61.158.166.44:8021
Caused by: java.net.ConnectException: Connection refused
	at java.base/sun.nio.ch.SocketChannelImpl.checkConnect(Native Method)
	at java.base/sun.nio.ch.SocketChannelImpl.finishConnect(SocketChannelImpl.java:777)
	at io.netty.channel.socket.nio.NioSocketChannel.doFinishConnect(NioSocketChannel.java:330)
	at io.netty.channel.nio.AbstractNioChannel$AbstractNioUnsafe.finishConnect(AbstractNioChannel.java:334)
	at io.netty.channel.nio.NioEventLoop.processSelectedKey(NioEventLoop.java:707)
	at io.netty.channel.nio.NioEventLoop.processSelectedKeysOptimized(NioEventLoop.java:655)
	at io.netty.channel.nio.NioEventLoop.processSelectedKeys(NioEventLoop.java:581)
	at io.netty.channel.nio.NioEventLoop.run(NioEventLoop.java:493)
	at io.netty.util.concurrent.SingleThreadEventExecutor$4.run(SingleThreadEventExecutor.java:989)
	at io.netty.util.internal.ThreadExecutorMap$2.run(ThreadExecutorMap.java:74)
	at io.netty.util.concurrent.FastThreadLocalRunnable.run(FastThreadLocalRunnable.java:30)
	at java.base/java.lang.Thread.run(Thread.java:829)
2026-02-25 03:11:28.509 - [WARN ] - esl
org.freeswitch.esl.client.inbound.InboundConnectionException: Could not connect to /61.158.166.43:8021
	at org.freeswitch.esl.client.inbound.Client.connect(Client.java:134)
	at cn.psycall.ccmgt.util.FreeSwitchManage.monitor(FreeSwitchManage.java:86)
	at cn.psycall.ccmgt.util.FreeSwitchManage.run(FreeSwitchManage.java:42)
Caused by: io.netty.channel.AbstractChannel$AnnotatedConnectException: Connection refused: /61.158.166.43:8021
Caused by: java.net.ConnectException: Connection refused
	at java.base/sun.nio.ch.SocketChannelImpl.checkConnect(Native Method)
	at java.base/sun.nio.ch.SocketChannelImpl.finishConnect(SocketChannelImpl.java:777)
	at io.netty.channel.socket.nio.NioSocketChannel.doFinishConnect(NioSocketChannel.java:330)
	at io.netty.channel.nio.AbstractNioChannel$AbstractNioUnsafe.finishConnect(AbstractNioChannel.java:334)
	at io.netty.channel.nio.NioEventLoop.processSelectedKey(NioEventLoop.java:707)
	at io.netty.channel.nio.NioEventLoop.processSelectedKeysOptimized(NioEventLoop.java:655)
	at io.netty.channel.nio.NioEventLoop.processSelectedKeys(NioEventLoop.java:581)
	at io.netty.channel.nio.NioEventLoop.run(NioEventLoop.java:493)
	at io.netty.util.concurrent.SingleThreadEventExecutor$4.run(SingleThreadEventExecutor.java:989)
	at io.netty.util.internal.ThreadExecutorMap$2.run(ThreadExecutorMap.java:74)
	at io.netty.util.concurrent.FastThreadLocalRunnable.run(FastThreadLocalRunnable.java:30)
	at java.base/java.lang.Thread.run(Thread.java:829)
2026-02-25 03:11:28.593 - [WARN ] - esl
org.freeswitch.esl.client.inbound.InboundConnectionException: Could not connect to /61.158.166.44:8021
	at org.freeswitch.esl.client.inbound.Client.connect(Client.java:134)
	at cn.psycall.ccmgt.util.FreeSwitchManage.monitor(FreeSwitchManage.java:86)
	at cn.psycall.ccmgt.util.FreeSwitchManage.run(FreeSwitchManage.java:42)
Caused by: io.netty.channel.AbstractChannel$AnnotatedConnectException: Connection refused: /61.158.166.44:8021
Caused by: java.net.ConnectException: Connection refused
	at java.base/sun.nio.ch.SocketChannelImpl.checkConnect(Native Method)
	at java.base/sun.nio.ch.SocketChannelImpl.finishConnect(SocketChannelImpl.java:777)
	at io.netty.channel.socket.nio.NioSocketChannel.doFinishConnect(NioSocketChannel.java:330)
	at io.netty.channel.nio.AbstractNioChannel$AbstractNioUnsafe.finishConnect(AbstractNioChannel.java:334)
	at io.netty.channel.nio.NioEventLoop.processSelectedKey(NioEventLoop.java:707)
	at io.netty.channel.nio.NioEventLoop.processSelectedKeysOptimized(NioEventLoop.java:655)
	at io.netty.channel.nio.NioEventLoop.processSelectedKeys(NioEventLoop.java:581)
	at io.netty.channel.nio.NioEventLoop.run(NioEventLoop.java:493)
	at io.netty.util.concurrent.SingleThreadEventExecutor$4.run(SingleThreadEventExecutor.java:989)
	at io.netty.util.internal.ThreadExecutorMap$2.run(ThreadExecutorMap.java:74)
	at io.netty.util.concurrent.FastThreadLocalRunnable.run(FastThreadLocalRunnable.java:30)
	at java.base/java.lang.Thread.run(Thread.java:829)
2026-02-25 03:11:29.693 - [WARN ] - esl
org.freeswitch.esl.client.inbound.InboundConnectionException: Could not connect to /61.158.166.43:8021
	at org.freeswitch.esl.client.inbound.Client.connect(Client.java:134)
	at cn.psycall.ccmgt.util.FreeSwitchManage.monitor(FreeSwitchManage.java:86)
	at cn.psycall.ccmgt.util.FreeSwitchManage.run(FreeSwitchManage.java:42)
Caused by: io.netty.channel.AbstractChannel$AnnotatedConnectException: Connection refused: /61.158.166.43:8021
Caused by: java.net.ConnectException: Connection refused
	at java.base/sun.nio.ch.SocketChannelImpl.checkConnect(Native Method)
	at java.base/sun.nio.ch.SocketChannelImpl.finishConnect(SocketChannelImpl.java:777)
	at io.netty.channel.socket.nio.NioSocketChannel.doFinishConnect(NioSocketChannel.java:330)
	at io.netty.channel.nio.AbstractNioChannel$AbstractNioUnsafe.finishConnect(AbstractNioChannel.java:334)
	at io.netty.channel.nio.NioEventLoop.processSelectedKey(NioEventLoop.java:707)
	at io.netty.channel.nio.NioEventLoop.processSelectedKeysOptimized(NioEventLoop.java:655)
	at io.netty.channel.nio.NioEventLoop.processSelectedKeys(NioEventLoop.java:581)
	at io.netty.channel.nio.NioEventLoop.run(NioEventLoop.java:493)
	at io.netty.util.concurrent.SingleThreadEventExecutor$4.run(SingleThreadEventExecutor.java:989)
	at io.netty.util.internal.ThreadExecutorMap$2.run(ThreadExecutorMap.java:74)
	at io.netty.util.concurrent.FastThreadLocalRunnable.run(FastThreadLocalRunnable.java:30)
	at java.base/java.lang.Thread.run(Thread.java:829)
2026-02-25 03:11:29.781 - [WARN ] - esl
org.freeswitch.esl.client.inbound.InboundConnectionException: Could not connect to /61.158.166.44:8021
	at org.freeswitch.esl.client.inbound.Client.connect(Client.java:134)
	at cn.psycall.ccmgt.util.FreeSwitchManage.monitor(FreeSwitchManage.java:86)
	at cn.psycall.ccmgt.util.FreeSwitchManage.run(FreeSwitchManage.java:42)
Caused by: io.netty.channel.AbstractChannel$AnnotatedConnectException: Connection refused: /61.158.166.44:8021
Caused by: java.net.ConnectException: Connection refused
	at java.base/sun.nio.ch.SocketChannelImpl.checkConnect(Native Method)
	at java.base/sun.nio.ch.SocketChannelImpl.finishConnect(SocketChannelImpl.java:777)
	at io.netty.channel.socket.nio.NioSocketChannel.doFinishConnect(NioSocketChannel.java:330)
	at io.netty.channel.nio.AbstractNioChannel$AbstractNioUnsafe.finishConnect(AbstractNioChannel.java:334)
	at io.netty.channel.nio.NioEventLoop.processSelectedKey(NioEventLoop.java:707)
	at io.netty.channel.nio.NioEventLoop.processSelectedKeysOptimized(NioEventLoop.java:655)
	at io.netty.channel.nio.NioEventLoop.processSelectedKeys(NioEventLoop.java:581)
	at io.netty.channel.nio.NioEventLoop.run(NioEventLoop.java:493)
	at io.netty.util.concurrent.SingleThreadEventExecutor$4.run(SingleThreadEventExecutor.java:989)
	at io.netty.util.internal.ThreadExecutorMap$2.run(ThreadExecutorMap.java:74)
	at io.netty.util.concurrent.FastThreadLocalRunnable.run(FastThreadLocalRunnable.java:30)
	at java.base/java.lang.Thread.run(Thread.java:829)
2026-02-25 03:11:30.877 - [WARN ] - esl
org.freeswitch.esl.client.inbound.InboundConnectionException: Could not connect to /61.158.166.43:8021
	at org.freeswitch.esl.client.inbound.Client.connect(Client.java:134)
	at cn.psycall.ccmgt.util.FreeSwitchManage.monitor(FreeSwitchManage.java:86)
	at cn.psycall.ccmgt.util.FreeSwitchManage.run(FreeSwitchManage.java:42)
Caused by: io.netty.channel.AbstractChannel$AnnotatedConnectException: Connection refused: /61.158.166.43:8021
Caused by: java.net.ConnectException: Connection refused
	at java.base/sun.nio.ch.SocketChannelImpl.checkConnect(Native Method)
	at java.base/sun.nio.ch.SocketChannelImpl.finishConnect(SocketChannelImpl.java:777)
	at io.netty.channel.socket.nio.NioSocketChannel.doFinishConnect(NioSocketChannel.java:330)
	at io.netty.channel.nio.AbstractNioChannel$AbstractNioUnsafe.finishConnect(AbstractNioChannel.java:334)
	at io.netty.channel.nio.NioEventLoop.processSelectedKey(NioEventLoop.java:707)
	at io.netty.channel.nio.NioEventLoop.processSelectedKeysOptimized(NioEventLoop.java:655)
	at io.netty.channel.nio.NioEventLoop.processSelectedKeys(NioEventLoop.java:581)
	at io.netty.channel.nio.NioEventLoop.run(NioEventLoop.java:493)
	at io.netty.util.concurrent.SingleThreadEventExecutor$4.run(SingleThreadEventExecutor.java:989)
	at io.netty.util.internal.ThreadExecutorMap$2.run(ThreadExecutorMap.java:74)
	at io.netty.util.concurrent.FastThreadLocalRunnable.run(FastThreadLocalRunnable.java:30)
	at java.base/java.lang.Thread.run(Thread.java:829)
2026-02-25 03:11:30.966 - [WARN ] - esl
org.freeswitch.esl.client.inbound.InboundConnectionException: Could not connect to /61.158.166.44:8021
	at org.freeswitch.esl.client.inbound.Client.connect(Client.java:134)
	at cn.psycall.ccmgt.util.FreeSwitchManage.monitor(FreeSwitchManage.java:86)
	at cn.psycall.ccmgt.util.FreeSwitchManage.run(FreeSwitchManage.java:42)
Caused by: io.netty.channel.AbstractChannel$AnnotatedConnectException: Connection refused: /61.158.166.44:8021
Caused by: java.net.ConnectException: Connection refused
	at java.base/sun.nio.ch.SocketChannelImpl.checkConnect(Native Method)
	at java.base/sun.nio.ch.SocketChannelImpl.finishConnect(SocketChannelImpl.java:777)
	at io.netty.channel.socket.nio.NioSocketChannel.doFinishConnect(NioSocketChannel.java:330)
	at io.netty.channel.nio.AbstractNioChannel$AbstractNioUnsafe.finishConnect(AbstractNioChannel.java:334)
	at io.netty.channel.nio.NioEventLoop.processSelectedKey(NioEventLoop.java:707)
	at io.netty.channel.nio.NioEventLoop.processSelectedKeysOptimized(NioEventLoop.java:655)
	at io.netty.channel.nio.NioEventLoop.processSelectedKeys(NioEventLoop.java:581)
	at io.netty.channel.nio.NioEventLoop.run(NioEventLoop.java:493)
	at io.netty.util.concurrent.SingleThreadEventExecutor$4.run(SingleThreadEventExecutor.java:989)
	at io.netty.util.internal.ThreadExecutorMap$2.run(ThreadExecutorMap.java:74)
	at io.netty.util.concurrent.FastThreadLocalRunnable.run(FastThreadLocalRunnable.java:30)
	at java.base/java.lang.Thread.run(Thread.java:829)
2026-02-25 03:11:32.064 - [WARN ] - esl
org.freeswitch.esl.client.inbound.InboundConnectionException: Could not connect to /61.158.166.43:8021
	at org.freeswitch.esl.client.inbound.Client.connect(Client.java:134)
	at cn.psycall.ccmgt.util.FreeSwitchManage.monitor(FreeSwitchManage.java:86)
	at cn.psycall.ccmgt.util.FreeSwitchManage.run(FreeSwitchManage.java:42)
Caused by: io.netty.channel.AbstractChannel$AnnotatedConnectException: Connection refused: /61.158.166.43:8021
Caused by: java.net.ConnectException: Connection refused
	at java.base/sun.nio.ch.SocketChannelImpl.checkConnect(Native Method)
	at java.base/sun.nio.ch.SocketChannelImpl.finishConnect(SocketChannelImpl.java:777)
	at io.netty.channel.socket.nio.NioSocketChannel.doFinishConnect(NioSocketChannel.java:330)
	at io.netty.channel.nio.AbstractNioChannel$AbstractNioUnsafe.finishConnect(AbstractNioChannel.java:334)
	at io.netty.channel.nio.NioEventLoop.processSelectedKey(NioEventLoop.java:707)
	at io.netty.channel.nio.NioEventLoop.processSelectedKeysOptimized(NioEventLoop.java:655)
	at io.netty.channel.nio.NioEventLoop.processSelectedKeys(NioEventLoop.java:581)
	at io.netty.channel.nio.NioEventLoop.run(NioEventLoop.java:493)
	at io.netty.util.concurrent.SingleThreadEventExecutor$4.run(SingleThreadEventExecutor.java:989)
	at io.netty.util.internal.ThreadExecutorMap$2.run(ThreadExecutorMap.java:74)
	at io.netty.util.concurrent.FastThreadLocalRunnable.run(FastThreadLocalRunnable.java:30)
	at java.base/java.lang.Thread.run(Thread.java:829)
2026-02-25 03:11:32.150 - [WARN ] - esl
org.freeswitch.esl.client.inbound.InboundConnectionException: Could not connect to /61.158.166.44:8021
	at org.freeswitch.esl.client.inbound.Client.connect(Client.java:134)
	at cn.psycall.ccmgt.util.FreeSwitchManage.monitor(FreeSwitchManage.java:86)
	at cn.psycall.ccmgt.util.FreeSwitchManage.run(FreeSwitchManage.java:42)
Caused by: io.netty.channel.AbstractChannel$AnnotatedConnectException: Connection refused: /61.158.166.44:8021
Caused by: java.net.ConnectException: Connection refused
	at java.base/sun.nio.ch.SocketChannelImpl.checkConnect(Native Method)
	at java.base/sun.nio.ch.SocketChannelImpl.finishConnect(SocketChannelImpl.java:777)
	at io.netty.channel.socket.nio.NioSocketChannel.doFinishConnect(NioSocketChannel.java:330)
	at io.netty.channel.nio.AbstractNioChannel$AbstractNioUnsafe.finishConnect(AbstractNioChannel.java:334)
	at io.netty.channel.nio.NioEventLoop.processSelectedKey(NioEventLoop.java:707)
	at io.netty.channel.nio.NioEventLoop.processSelectedKeysOptimized(NioEventLoop.java:655)
	at io.netty.channel.nio.NioEventLoop.processSelectedKeys(NioEventLoop.java:581)
	at io.netty.channel.nio.NioEventLoop.run(NioEventLoop.java:493)
	at io.netty.util.concurrent.SingleThreadEventExecutor$4.run(SingleThreadEventExecutor.java:989)
	at io.netty.util.internal.ThreadExecutorMap$2.run(ThreadExecutorMap.java:74)
	at io.netty.util.concurrent.FastThreadLocalRunnable.run(FastThreadLocalRunnable.java:30)
	at java.base/java.lang.Thread.run(Thread.java:829)
2026-02-25 03:11:33.250 - [WARN ] - esl
org.freeswitch.esl.client.inbound.InboundConnectionException: Could not connect to /61.158.166.43:8021
	at org.freeswitch.esl.client.inbound.Client.connect(Client.java:134)
	at cn.psycall.ccmgt.util.FreeSwitchManage.monitor(FreeSwitchManage.java:86)
	at cn.psycall.ccmgt.util.FreeSwitchManage.run(FreeSwitchManage.java:42)
Caused by: io.netty.channel.AbstractChannel$AnnotatedConnectException: Connection refused: /61.158.166.43:8021
Caused by: java.net.ConnectException: Connection refused
	at java.base/sun.nio.ch.SocketChannelImpl.checkConnect(Native Method)
	at java.base/sun.nio.ch.SocketChannelImpl.finishConnect(SocketChannelImpl.java:777)
	at io.netty.channel.socket.nio.NioSocketChannel.doFinishConnect(NioSocketChannel.java:330)
	at io.netty.channel.nio.AbstractNioChannel$AbstractNioUnsafe.finishConnect(AbstractNioChannel.java:334)
	at io.netty.channel.nio.NioEventLoop.processSelectedKey(NioEventLoop.java:707)
	at io.netty.channel.nio.NioEventLoop.processSelectedKeysOptimized(NioEventLoop.java:655)
	at io.netty.channel.nio.NioEventLoop.processSelectedKeys(NioEventLoop.java:581)
	at io.netty.channel.nio.NioEventLoop.run(NioEventLoop.java:493)
	at io.netty.util.concurrent.SingleThreadEventExecutor$4.run(SingleThreadEventExecutor.java:989)
	at io.netty.util.internal.ThreadExecutorMap$2.run(ThreadExecutorMap.java:74)
	at io.netty.util.concurrent.FastThreadLocalRunnable.run(FastThreadLocalRunnable.java:30)
	at java.base/java.lang.Thread.run(Thread.java:829)
2026-02-25 03:11:33.422 - [WARN ] - esl
org.freeswitch.esl.client.inbound.InboundConnectionException: Could not connect to /61.158.166.44:8021
	at org.freeswitch.esl.client.inbound.Client.connect(Client.java:134)
	at cn.psycall.ccmgt.util.FreeSwitchManage.monitor(FreeSwitchManage.java:86)
	at cn.psycall.ccmgt.util.FreeSwitchManage.run(FreeSwitchManage.java:42)
Caused by: io.netty.channel.AbstractChannel$AnnotatedConnectException: Connection refused: /61.158.166.44:8021
Caused by: java.net.ConnectException: Connection refused
	at java.base/sun.nio.ch.SocketChannelImpl.checkConnect(Native Method)
	at java.base/sun.nio.ch.SocketChannelImpl.finishConnect(SocketChannelImpl.java:777)
	at io.netty.channel.socket.nio.NioSocketChannel.doFinishConnect(NioSocketChannel.java:330)
	at io.netty.channel.nio.AbstractNioChannel$AbstractNioUnsafe.finishConnect(AbstractNioChannel.java:334)
	at io.netty.channel.nio.NioEventLoop.processSelectedKey(NioEventLoop.java:707)
	at io.netty.channel.nio.NioEventLoop.processSelectedKeysOptimized(NioEventLoop.java:655)
	at io.netty.channel.nio.NioEventLoop.processSelectedKeys(NioEventLoop.java:581)
	at io.netty.channel.nio.NioEventLoop.run(NioEventLoop.java:493)
	at io.netty.util.concurrent.SingleThreadEventExecutor$4.run(SingleThreadEventExecutor.java:989)
	at io.netty.util.internal.ThreadExecutorMap$2.run(ThreadExecutorMap.java:74)
	at io.netty.util.concurrent.FastThreadLocalRunnable.run(FastThreadLocalRunnable.java:30)
	at java.base/java.lang.Thread.run(Thread.java:829)
2026-02-25 03:11:34.525 - [WARN ] - esl
org.freeswitch.esl.client.inbound.InboundConnectionException: Could not connect to /61.158.166.43:8021
	at org.freeswitch.esl.client.inbound.Client.connect(Client.java:134)
	at cn.psycall.ccmgt.util.FreeSwitchManage.monitor(FreeSwitchManage.java:86)
	at cn.psycall.ccmgt.util.FreeSwitchManage.run(FreeSwitchManage.java:42)
Caused by: io.netty.channel.AbstractChannel$AnnotatedConnectException: Connection refused: /61.158.166.43:8021
Caused by: java.net.ConnectException: Connection refused
	at java.base/sun.nio.ch.SocketChannelImpl.checkConnect(Native Method)
	at java.base/sun.nio.ch.SocketChannelImpl.finishConnect(SocketChannelImpl.java:777)
	at io.netty.channel.socket.nio.NioSocketChannel.doFinishConnect(NioSocketChannel.java:330)
	at io.netty.channel.nio.AbstractNioChannel$AbstractNioUnsafe.finishConnect(AbstractNioChannel.java:334)
	at io.netty.channel.nio.NioEventLoop.processSelectedKey(NioEventLoop.java:707)
	at io.netty.channel.nio.NioEventLoop.processSelectedKeysOptimized(NioEventLoop.java:655)
	at io.netty.channel.nio.NioEventLoop.processSelectedKeys(NioEventLoop.java:581)
	at io.netty.channel.nio.NioEventLoop.run(NioEventLoop.java:493)
	at io.netty.util.concurrent.SingleThreadEventExecutor$4.run(SingleThreadEventExecutor.java:989)
	at io.netty.util.internal.ThreadExecutorMap$2.run(ThreadExecutorMap.java:74)
	at io.netty.util.concurrent.FastThreadLocalRunnable.run(FastThreadLocalRunnable.java:30)
	at java.base/java.lang.Thread.run(Thread.java:829)
2026-02-25 03:11:34.628 - [WARN ] - esl
org.freeswitch.esl.client.inbound.InboundConnectionException: Could not connect to /61.158.166.44:8021
	at org.freeswitch.esl.client.inbound.Client.connect(Client.java:134)
	at cn.psycall.ccmgt.util.FreeSwitchManage.monitor(FreeSwitchManage.java:86)
	at cn.psycall.ccmgt.util.FreeSwitchManage.run(FreeSwitchManage.java:42)
Caused by: io.netty.channel.AbstractChannel$AnnotatedConnectException: Connection refused: /61.158.166.44:8021
Caused by: java.net.ConnectException: Connection refused
	at java.base/sun.nio.ch.SocketChannelImpl.checkConnect(Native Method)
	at java.base/sun.nio.ch.SocketChannelImpl.finishConnect(SocketChannelImpl.java:777)
	at io.netty.channel.socket.nio.NioSocketChannel.doFinishConnect(NioSocketChannel.java:330)
	at io.netty.channel.nio.AbstractNioChannel$AbstractNioUnsafe.finishConnect(AbstractNioChannel.java:334)
	at io.netty.channel.nio.NioEventLoop.processSelectedKey(NioEventLoop.java:707)
	at io.netty.channel.nio.NioEventLoop.processSelectedKeysOptimized(NioEventLoop.java:655)
	at io.netty.channel.nio.NioEventLoop.processSelectedKeys(NioEventLoop.java:581)
	at io.netty.channel.nio.NioEventLoop.run(NioEventLoop.java:493)
	at io.netty.util.concurrent.SingleThreadEventExecutor$4.run(SingleThreadEventExecutor.java:989)
	at io.netty.util.internal.ThreadExecutorMap$2.run(ThreadExecutorMap.java:74)
	at io.netty.util.concurrent.FastThreadLocalRunnable.run(FastThreadLocalRunnable.java:30)
	at java.base/java.lang.Thread.run(Thread.java:829)
2026-02-25 03:11:35.731 - [WARN ] - esl
org.freeswitch.esl.client.inbound.InboundConnectionException: Could not connect to /61.158.166.43:8021
	at org.freeswitch.esl.client.inbound.Client.connect(Client.java:134)
	at cn.psycall.ccmgt.util.FreeSwitchManage.monitor(FreeSwitchManage.java:86)
	at cn.psycall.ccmgt.util.FreeSwitchManage.run(FreeSwitchManage.java:42)
Caused by: io.netty.channel.AbstractChannel$AnnotatedConnectException: Connection refused: /61.158.166.43:8021
Caused by: java.net.ConnectException: Connection refused
	at java.base/sun.nio.ch.SocketChannelImpl.checkConnect(Native Method)
	at java.base/sun.nio.ch.SocketChannelImpl.finishConnect(SocketChannelImpl.java:777)
	at io.netty.channel.socket.nio.NioSocketChannel.doFinishConnect(NioSocketChannel.java:330)
	at io.netty.channel.nio.AbstractNioChannel$AbstractNioUnsafe.finishConnect(AbstractNioChannel.java:334)
	at io.netty.channel.nio.NioEventLoop.processSelectedKey(NioEventLoop.java:707)
	at io.netty.channel.nio.NioEventLoop.processSelectedKeysOptimized(NioEventLoop.java:655)
	at io.netty.channel.nio.NioEventLoop.processSelectedKeys(NioEventLoop.java:581)
	at io.netty.channel.nio.NioEventLoop.run(NioEventLoop.java:493)
	at io.netty.util.concurrent.SingleThreadEventExecutor$4.run(SingleThreadEventExecutor.java:989)
	at io.netty.util.internal.ThreadExecutorMap$2.run(ThreadExecutorMap.java:74)
	at io.netty.util.concurrent.FastThreadLocalRunnable.run(FastThreadLocalRunnable.java:30)
	at java.base/java.lang.Thread.run(Thread.java:829)
2026-02-25 03:11:35.866 - [WARN ] - esl
org.freeswitch.esl.client.inbound.InboundConnectionException: Could not connect to /61.158.166.44:8021
	at org.freeswitch.esl.client.inbound.Client.connect(Client.java:134)
	at cn.psycall.ccmgt.util.FreeSwitchManage.monitor(FreeSwitchManage.java:86)
	at cn.psycall.ccmgt.util.FreeSwitchManage.run(FreeSwitchManage.java:42)
Caused by: io.netty.channel.AbstractChannel$AnnotatedConnectException: Connection refused: /61.158.166.44:8021
Caused by: java.net.ConnectException: Connection refused
	at java.base/sun.nio.ch.SocketChannelImpl.checkConnect(Native Method)
	at java.base/sun.nio.ch.SocketChannelImpl.finishConnect(SocketChannelImpl.java:777)
	at io.netty.channel.socket.nio.NioSocketChannel.doFinishConnect(NioSocketChannel.java:330)
	at io.netty.channel.nio.AbstractNioChannel$AbstractNioUnsafe.finishConnect(AbstractNioChannel.java:334)
	at io.netty.channel.nio.NioEventLoop.processSelectedKey(NioEventLoop.java:707)
	at io.netty.channel.nio.NioEventLoop.processSelectedKeysOptimized(NioEventLoop.java:655)
	at io.netty.channel.nio.NioEventLoop.processSelectedKeys(NioEventLoop.java:581)
	at io.netty.channel.nio.NioEventLoop.run(NioEventLoop.java:493)
	at io.netty.util.concurrent.SingleThreadEventExecutor$4.run(SingleThreadEventExecutor.java:989)
	at io.netty.util.internal.ThreadExecutorMap$2.run(ThreadExecutorMap.java:74)
	at io.netty.util.concurrent.FastThreadLocalRunnable.run(FastThreadLocalRunnable.java:30)
	at java.base/java.lang.Thread.run(Thread.java:829)
2026-02-25 03:11:36.969 - [WARN ] - esl
org.freeswitch.esl.client.inbound.InboundConnectionException: Could not connect to /61.158.166.43:8021
	at org.freeswitch.esl.client.inbound.Client.connect(Client.java:134)
	at cn.psycall.ccmgt.util.FreeSwitchManage.monitor(FreeSwitchManage.java:86)
	at cn.psycall.ccmgt.util.FreeSwitchManage.run(FreeSwitchManage.java:42)
Caused by: io.netty.channel.AbstractChannel$AnnotatedConnectException: Connection refused: /61.158.166.43:8021
Caused by: java.net.ConnectException: Connection refused
	at java.base/sun.nio.ch.SocketChannelImpl.checkConnect(Native Method)
	at java.base/sun.nio.ch.SocketChannelImpl.finishConnect(SocketChannelImpl.java:777)
	at io.netty.channel.socket.nio.NioSocketChannel.doFinishConnect(NioSocketChannel.java:330)
	at io.netty.channel.nio.AbstractNioChannel$AbstractNioUnsafe.finishConnect(AbstractNioChannel.java:334)
	at io.netty.channel.nio.NioEventLoop.processSelectedKey(NioEventLoop.java:707)
	at io.netty.channel.nio.NioEventLoop.processSelectedKeysOptimized(NioEventLoop.java:655)
	at io.netty.channel.nio.NioEventLoop.processSelectedKeys(NioEventLoop.java:581)
	at io.netty.channel.nio.NioEventLoop.run(NioEventLoop.java:493)
	at io.netty.util.concurrent.SingleThreadEventExecutor$4.run(SingleThreadEventExecutor.java:989)
	at io.netty.util.internal.ThreadExecutorMap$2.run(ThreadExecutorMap.java:74)
	at io.netty.util.concurrent.FastThreadLocalRunnable.run(FastThreadLocalRunnable.java:30)
	at java.base/java.lang.Thread.run(Thread.java:829)
2026-02-25 03:11:37.061 - [WARN ] - esl
org.freeswitch.esl.client.inbound.InboundConnectionException: Could not connect to /61.158.166.44:8021
	at org.freeswitch.esl.client.inbound.Client.connect(Client.java:134)
	at cn.psycall.ccmgt.util.FreeSwitchManage.monitor(FreeSwitchManage.java:86)
	at cn.psycall.ccmgt.util.FreeSwitchManage.run(FreeSwitchManage.java:42)
Caused by: io.netty.channel.AbstractChannel$AnnotatedConnectException: Connection refused: /61.158.166.44:8021
Caused by: java.net.ConnectException: Connection refused
	at java.base/sun.nio.ch.SocketChannelImpl.checkConnect(Native Method)
	at java.base/sun.nio.ch.SocketChannelImpl.finishConnect(SocketChannelImpl.java:777)
	at io.netty.channel.socket.nio.NioSocketChannel.doFinishConnect(NioSocketChannel.java:330)
	at io.netty.channel.nio.AbstractNioChannel$AbstractNioUnsafe.finishConnect(AbstractNioChannel.java:334)
	at io.netty.channel.nio.NioEventLoop.processSelectedKey(NioEventLoop.java:707)
	at io.netty.channel.nio.NioEventLoop.processSelectedKeysOptimized(NioEventLoop.java:655)
	at io.netty.channel.nio.NioEventLoop.processSelectedKeys(NioEventLoop.java:581)
	at io.netty.channel.nio.NioEventLoop.run(NioEventLoop.java:493)
	at io.netty.util.concurrent.SingleThreadEventExecutor$4.run(SingleThreadEventExecutor.java:989)
	at io.netty.util.internal.ThreadExecutorMap$2.run(ThreadExecutorMap.java:74)
	at io.netty.util.concurrent.FastThreadLocalRunnable.run(FastThreadLocalRunnable.java:30)
	at java.base/java.lang.Thread.run(Thread.java:829)
2026-02-25 03:11:38.160 - [WARN ] - esl
org.freeswitch.esl.client.inbound.InboundConnectionException: Could not connect to /61.158.166.43:8021
	at org.freeswitch.esl.client.inbound.Client.connect(Client.java:134)
	at cn.psycall.ccmgt.util.FreeSwitchManage.monitor(FreeSwitchManage.java:86)
	at cn.psycall.ccmgt.util.FreeSwitchManage.run(FreeSwitchManage.java:42)
Caused by: io.netty.channel.AbstractChannel$AnnotatedConnectException: Connection refused: /61.158.166.43:8021
Caused by: java.net.ConnectException: Connection refused
	at java.base/sun.nio.ch.SocketChannelImpl.checkConnect(Native Method)
	at java.base/sun.nio.ch.SocketChannelImpl.finishConnect(SocketChannelImpl.java:777)
	at io.netty.channel.socket.nio.NioSocketChannel.doFinishConnect(NioSocketChannel.java:330)
	at io.netty.channel.nio.AbstractNioChannel$AbstractNioUnsafe.finishConnect(AbstractNioChannel.java:334)
	at io.netty.channel.nio.NioEventLoop.processSelectedKey(NioEventLoop.java:707)
	at io.netty.channel.nio.NioEventLoop.processSelectedKeysOptimized(NioEventLoop.java:655)
	at io.netty.channel.nio.NioEventLoop.processSelectedKeys(NioEventLoop.java:581)
	at io.netty.channel.nio.NioEventLoop.run(NioEventLoop.java:493)
	at io.netty.util.concurrent.SingleThreadEventExecutor$4.run(SingleThreadEventExecutor.java:989)
	at io.netty.util.internal.ThreadExecutorMap$2.run(ThreadExecutorMap.java:74)
	at io.netty.util.concurrent.FastThreadLocalRunnable.run(FastThreadLocalRunnable.java:30)
	at java.base/java.lang.Thread.run(Thread.java:829)
2026-02-25 03:11:38.297 - [WARN ] - esl
org.freeswitch.esl.client.inbound.InboundConnectionException: Could not connect to /61.158.166.44:8021
	at org.freeswitch.esl.client.inbound.Client.connect(Client.java:134)
	at cn.psycall.ccmgt.util.FreeSwitchManage.monitor(FreeSwitchManage.java:86)
	at cn.psycall.ccmgt.util.FreeSwitchManage.run(FreeSwitchManage.java:42)
Caused by: io.netty.channel.AbstractChannel$AnnotatedConnectException: Connection refused: /61.158.166.44:8021
Caused by: java.net.ConnectException: Connection refused
	at java.base/sun.nio.ch.SocketChannelImpl.checkConnect(Native Method)
	at java.base/sun.nio.ch.SocketChannelImpl.finishConnect(SocketChannelImpl.java:777)
	at io.netty.channel.socket.nio.NioSocketChannel.doFinishConnect(NioSocketChannel.java:330)
	at io.netty.channel.nio.AbstractNioChannel$AbstractNioUnsafe.finishConnect(AbstractNioChannel.java:334)
	at io.netty.channel.nio.NioEventLoop.processSelectedKey(NioEventLoop.java:707)
	at io.netty.channel.nio.NioEventLoop.processSelectedKeysOptimized(NioEventLoop.java:655)
	at io.netty.channel.nio.NioEventLoop.processSelectedKeys(NioEventLoop.java:581)
	at io.netty.channel.nio.NioEventLoop.run(NioEventLoop.java:493)
	at io.netty.util.concurrent.SingleThreadEventExecutor$4.run(SingleThreadEventExecutor.java:989)
	at io.netty.util.internal.ThreadExecutorMap$2.run(ThreadExecutorMap.java:74)
	at io.netty.util.concurrent.FastThreadLocalRunnable.run(FastThreadLocalRunnable.java:30)
	at java.base/java.lang.Thread.run(Thread.java:829)
2026-02-25 03:11:39.390 - [WARN ] - esl
org.freeswitch.esl.client.inbound.InboundConnectionException: Could not connect to /61.158.166.43:8021
	at org.freeswitch.esl.client.inbound.Client.connect(Client.java:134)
	at cn.psycall.ccmgt.util.FreeSwitchManage.monitor(FreeSwitchManage.java:86)
	at cn.psycall.ccmgt.util.FreeSwitchManage.run(FreeSwitchManage.java:42)
Caused by: io.netty.channel.AbstractChannel$AnnotatedConnectException: Connection refused: /61.158.166.43:8021
Caused by: java.net.ConnectException: Connection refused
	at java.base/sun.nio.ch.SocketChannelImpl.checkConnect(Native Method)
	at java.base/sun.nio.ch.SocketChannelImpl.finishConnect(SocketChannelImpl.java:777)
	at io.netty.channel.socket.nio.NioSocketChannel.doFinishConnect(NioSocketChannel.java:330)
	at io.netty.channel.nio.AbstractNioChannel$AbstractNioUnsafe.finishConnect(AbstractNioChannel.java:334)
	at io.netty.channel.nio.NioEventLoop.processSelectedKey(NioEventLoop.java:707)
	at io.netty.channel.nio.NioEventLoop.processSelectedKeysOptimized(NioEventLoop.java:655)
	at io.netty.channel.nio.NioEventLoop.processSelectedKeys(NioEventLoop.java:581)
	at io.netty.channel.nio.NioEventLoop.run(NioEventLoop.java:493)
	at io.netty.util.concurrent.SingleThreadEventExecutor$4.run(SingleThreadEventExecutor.java:989)
	at io.netty.util.internal.ThreadExecutorMap$2.run(ThreadExecutorMap.java:74)
	at io.netty.util.concurrent.FastThreadLocalRunnable.run(FastThreadLocalRunnable.java:30)
	at java.base/java.lang.Thread.run(Thread.java:829)
2026-02-25 03:11:39.486 - [WARN ] - esl
org.freeswitch.esl.client.inbound.InboundConnectionException: Could not connect to /61.158.166.44:8021
	at org.freeswitch.esl.client.inbound.Client.connect(Client.java:134)
	at cn.psycall.ccmgt.util.FreeSwitchManage.monitor(FreeSwitchManage.java:86)
	at cn.psycall.ccmgt.util.FreeSwitchManage.run(FreeSwitchManage.java:42)
Caused by: io.netty.channel.AbstractChannel$AnnotatedConnectException: Connection refused: /61.158.166.44:8021
Caused by: java.net.ConnectException: Connection refused
	at java.base/sun.nio.ch.SocketChannelImpl.checkConnect(Native Method)
	at java.base/sun.nio.ch.SocketChannelImpl.finishConnect(SocketChannelImpl.java:777)
	at io.netty.channel.socket.nio.NioSocketChannel.doFinishConnect(NioSocketChannel.java:330)
	at io.netty.channel.nio.AbstractNioChannel$AbstractNioUnsafe.finishConnect(AbstractNioChannel.java:334)
	at io.netty.channel.nio.NioEventLoop.processSelectedKey(NioEventLoop.java:707)
	at io.netty.channel.nio.NioEventLoop.processSelectedKeysOptimized(NioEventLoop.java:655)
	at io.netty.channel.nio.NioEventLoop.processSelectedKeys(NioEventLoop.java:581)
	at io.netty.channel.nio.NioEventLoop.run(NioEventLoop.java:493)
	at io.netty.util.concurrent.SingleThreadEventExecutor$4.run(SingleThreadEventExecutor.java:989)
	at io.netty.util.internal.ThreadExecutorMap$2.run(ThreadExecutorMap.java:74)
	at io.netty.util.concurrent.FastThreadLocalRunnable.run(FastThreadLocalRunnable.java:30)
	at java.base/java.lang.Thread.run(Thread.java:829)
2026-02-25 03:11:40.566 - [WARN ] - esl
org.freeswitch.esl.client.inbound.InboundConnectionException: Could not connect to /61.158.166.43:8021
	at org.freeswitch.esl.client.inbound.Client.connect(Client.java:134)
	at cn.psycall.ccmgt.util.FreeSwitchManage.monitor(FreeSwitchManage.java:86)
	at cn.psycall.ccmgt.util.FreeSwitchManage.run(FreeSwitchManage.java:42)
Caused by: io.netty.channel.AbstractChannel$AnnotatedConnectException: Connection refused: /61.158.166.43:8021
Caused by: java.net.ConnectException: Connection refused
	at java.base/sun.nio.ch.SocketChannelImpl.checkConnect(Native Method)
	at java.base/sun.nio.ch.SocketChannelImpl.finishConnect(SocketChannelImpl.java:777)
	at io.netty.channel.socket.nio.NioSocketChannel.doFinishConnect(NioSocketChannel.java:330)
	at io.netty.channel.nio.AbstractNioChannel$AbstractNioUnsafe.finishConnect(AbstractNioChannel.java:334)
	at io.netty.channel.nio.NioEventLoop.processSelectedKey(NioEventLoop.java:707)
	at io.netty.channel.nio.NioEventLoop.processSelectedKeysOptimized(NioEventLoop.java:655)
	at io.netty.channel.nio.NioEventLoop.processSelectedKeys(NioEventLoop.java:581)
	at io.netty.channel.nio.NioEventLoop.run(NioEventLoop.java:493)
	at io.netty.util.concurrent.SingleThreadEventExecutor$4.run(SingleThreadEventExecutor.java:989)
	at io.netty.util.internal.ThreadExecutorMap$2.run(ThreadExecutorMap.java:74)
	at io.netty.util.concurrent.FastThreadLocalRunnable.run(FastThreadLocalRunnable.java:30)
	at java.base/java.lang.Thread.run(Thread.java:829)
2026-02-25 03:11:40.649 - [WARN ] - esl
org.freeswitch.esl.client.inbound.InboundConnectionException: Could not connect to /61.158.166.44:8021
	at org.freeswitch.esl.client.inbound.Client.connect(Client.java:134)
	at cn.psycall.ccmgt.util.FreeSwitchManage.monitor(FreeSwitchManage.java:86)
	at cn.psycall.ccmgt.util.FreeSwitchManage.run(FreeSwitchManage.java:42)
Caused by: io.netty.channel.AbstractChannel$AnnotatedConnectException: Connection refused: /61.158.166.44:8021
Caused by: java.net.ConnectException: Connection refused
	at java.base/sun.nio.ch.SocketChannelImpl.checkConnect(Native Method)
	at java.base/sun.nio.ch.SocketChannelImpl.finishConnect(SocketChannelImpl.java:777)
	at io.netty.channel.socket.nio.NioSocketChannel.doFinishConnect(NioSocketChannel.java:330)
	at io.netty.channel.nio.AbstractNioChannel$AbstractNioUnsafe.finishConnect(AbstractNioChannel.java:334)
	at io.netty.channel.nio.NioEventLoop.processSelectedKey(NioEventLoop.java:707)
	at io.netty.channel.nio.NioEventLoop.processSelectedKeysOptimized(NioEventLoop.java:655)
	at io.netty.channel.nio.NioEventLoop.processSelectedKeys(NioEventLoop.java:581)
	at io.netty.channel.nio.NioEventLoop.run(NioEventLoop.java:493)
	at io.netty.util.concurrent.SingleThreadEventExecutor$4.run(SingleThreadEventExecutor.java:989)
	at io.netty.util.internal.ThreadExecutorMap$2.run(ThreadExecutorMap.java:74)
	at io.netty.util.concurrent.FastThreadLocalRunnable.run(FastThreadLocalRunnable.java:30)
	at java.base/java.lang.Thread.run(Thread.java:829)
2026-02-25 03:11:41.726 - [WARN ] - esl
org.freeswitch.esl.client.inbound.InboundConnectionException: Could not connect to /61.158.166.43:8021
	at org.freeswitch.esl.client.inbound.Client.connect(Client.java:134)
	at cn.psycall.ccmgt.util.FreeSwitchManage.monitor(FreeSwitchManage.java:86)
	at cn.psycall.ccmgt.util.FreeSwitchManage.run(FreeSwitchManage.java:42)
Caused by: io.netty.channel.AbstractChannel$AnnotatedConnectException: Connection refused: /61.158.166.43:8021
Caused by: java.net.ConnectException: Connection refused
	at java.base/sun.nio.ch.SocketChannelImpl.checkConnect(Native Method)
	at java.base/sun.nio.ch.SocketChannelImpl.finishConnect(SocketChannelImpl.java:777)
	at io.netty.channel.socket.nio.NioSocketChannel.doFinishConnect(NioSocketChannel.java:330)
	at io.netty.channel.nio.AbstractNioChannel$AbstractNioUnsafe.finishConnect(AbstractNioChannel.java:334)
	at io.netty.channel.nio.NioEventLoop.processSelectedKey(NioEventLoop.java:707)
	at io.netty.channel.nio.NioEventLoop.processSelectedKeysOptimized(NioEventLoop.java:655)
	at io.netty.channel.nio.NioEventLoop.processSelectedKeys(NioEventLoop.java:581)
	at io.netty.channel.nio.NioEventLoop.run(NioEventLoop.java:493)
	at io.netty.util.concurrent.SingleThreadEventExecutor$4.run(SingleThreadEventExecutor.java:989)
	at io.netty.util.internal.ThreadExecutorMap$2.run(ThreadExecutorMap.java:74)
	at io.netty.util.concurrent.FastThreadLocalRunnable.run(FastThreadLocalRunnable.java:30)
	at java.base/java.lang.Thread.run(Thread.java:829)
2026-02-25 03:11:41.809 - [WARN ] - esl
org.freeswitch.esl.client.inbound.InboundConnectionException: Could not connect to /61.158.166.44:8021
	at org.freeswitch.esl.client.inbound.Client.connect(Client.java:134)
	at cn.psycall.ccmgt.util.FreeSwitchManage.monitor(FreeSwitchManage.java:86)
	at cn.psycall.ccmgt.util.FreeSwitchManage.run(FreeSwitchManage.java:42)
Caused by: io.netty.channel.AbstractChannel$AnnotatedConnectException: Connection refused: /61.158.166.44:8021
Caused by: java.net.ConnectException: Connection refused
	at java.base/sun.nio.ch.SocketChannelImpl.checkConnect(Native Method)
	at java.base/sun.nio.ch.SocketChannelImpl.finishConnect(SocketChannelImpl.java:777)
	at io.netty.channel.socket.nio.NioSocketChannel.doFinishConnect(NioSocketChannel.java:330)
	at io.netty.channel.nio.AbstractNioChannel$AbstractNioUnsafe.finishConnect(AbstractNioChannel.java:334)
	at io.netty.channel.nio.NioEventLoop.processSelectedKey(NioEventLoop.java:707)
	at io.netty.channel.nio.NioEventLoop.processSelectedKeysOptimized(NioEventLoop.java:655)
	at io.netty.channel.nio.NioEventLoop.processSelectedKeys(NioEventLoop.java:581)
	at io.netty.channel.nio.NioEventLoop.run(NioEventLoop.java:493)
	at io.netty.util.concurrent.SingleThreadEventExecutor$4.run(SingleThreadEventExecutor.java:989)
	at io.netty.util.internal.ThreadExecutorMap$2.run(ThreadExecutorMap.java:74)
	at io.netty.util.concurrent.FastThreadLocalRunnable.run(FastThreadLocalRunnable.java:30)
	at java.base/java.lang.Thread.run(Thread.java:829)
2026-02-25 03:11:42.892 - [WARN ] - esl
org.freeswitch.esl.client.inbound.InboundConnectionException: Could not connect to /61.158.166.43:8021
	at org.freeswitch.esl.client.inbound.Client.connect(Client.java:134)
	at cn.psycall.ccmgt.util.FreeSwitchManage.monitor(FreeSwitchManage.java:86)
	at cn.psycall.ccmgt.util.FreeSwitchManage.run(FreeSwitchManage.java:42)
Caused by: io.netty.channel.AbstractChannel$AnnotatedConnectException: Connection refused: /61.158.166.43:8021
Caused by: java.net.ConnectException: Connection refused
	at java.base/sun.nio.ch.SocketChannelImpl.checkConnect(Native Method)
	at java.base/sun.nio.ch.SocketChannelImpl.finishConnect(SocketChannelImpl.java:777)
	at io.netty.channel.socket.nio.NioSocketChannel.doFinishConnect(NioSocketChannel.java:330)
	at io.netty.channel.nio.AbstractNioChannel$AbstractNioUnsafe.finishConnect(AbstractNioChannel.java:334)
	at io.netty.channel.nio.NioEventLoop.processSelectedKey(NioEventLoop.java:707)
	at io.netty.channel.nio.NioEventLoop.processSelectedKeysOptimized(NioEventLoop.java:655)
	at io.netty.channel.nio.NioEventLoop.processSelectedKeys(NioEventLoop.java:581)
	at io.netty.channel.nio.NioEventLoop.run(NioEventLoop.java:493)
	at io.netty.util.concurrent.SingleThreadEventExecutor$4.run(SingleThreadEventExecutor.java:989)
	at io.netty.util.internal.ThreadExecutorMap$2.run(ThreadExecutorMap.java:74)
	at io.netty.util.concurrent.FastThreadLocalRunnable.run(FastThreadLocalRunnable.java:30)
	at java.base/java.lang.Thread.run(Thread.java:829)
2026-02-25 03:11:42.972 - [WARN ] - esl
org.freeswitch.esl.client.inbound.InboundConnectionException: Could not connect to /61.158.166.44:8021
	at org.freeswitch.esl.client.inbound.Client.connect(Client.java:134)
	at cn.psycall.ccmgt.util.FreeSwitchManage.monitor(FreeSwitchManage.java:86)
	at cn.psycall.ccmgt.util.FreeSwitchManage.run(FreeSwitchManage.java:42)
Caused by: io.netty.channel.AbstractChannel$AnnotatedConnectException: Connection refused: /61.158.166.44:8021
Caused by: java.net.ConnectException: Connection refused
	at java.base/sun.nio.ch.SocketChannelImpl.checkConnect(Native Method)
	at java.base/sun.nio.ch.SocketChannelImpl.finishConnect(SocketChannelImpl.java:777)
	at io.netty.channel.socket.nio.NioSocketChannel.doFinishConnect(NioSocketChannel.java:330)
	at io.netty.channel.nio.AbstractNioChannel$AbstractNioUnsafe.finishConnect(AbstractNioChannel.java:334)
	at io.netty.channel.nio.NioEventLoop.processSelectedKey(NioEventLoop.java:707)
	at io.netty.channel.nio.NioEventLoop.processSelectedKeysOptimized(NioEventLoop.java:655)
	at io.netty.channel.nio.NioEventLoop.processSelectedKeys(NioEventLoop.java:581)
	at io.netty.channel.nio.NioEventLoop.run(NioEventLoop.java:493)
	at io.netty.util.concurrent.SingleThreadEventExecutor$4.run(SingleThreadEventExecutor.java:989)
	at io.netty.util.internal.ThreadExecutorMap$2.run(ThreadExecutorMap.java:74)
	at io.netty.util.concurrent.FastThreadLocalRunnable.run(FastThreadLocalRunnable.java:30)
	at java.base/java.lang.Thread.run(Thread.java:829)
2026-02-25 03:11:44.057 - [WARN ] - esl
org.freeswitch.esl.client.inbound.InboundConnectionException: Could not connect to /61.158.166.43:8021
	at org.freeswitch.esl.client.inbound.Client.connect(Client.java:134)
	at cn.psycall.ccmgt.util.FreeSwitchManage.monitor(FreeSwitchManage.java:86)
	at cn.psycall.ccmgt.util.FreeSwitchManage.run(FreeSwitchManage.java:42)
Caused by: io.netty.channel.AbstractChannel$AnnotatedConnectException: Connection refused: /61.158.166.43:8021
Caused by: java.net.ConnectException: Connection refused
	at java.base/sun.nio.ch.SocketChannelImpl.checkConnect(Native Method)
	at java.base/sun.nio.ch.SocketChannelImpl.finishConnect(SocketChannelImpl.java:777)
	at io.netty.channel.socket.nio.NioSocketChannel.doFinishConnect(NioSocketChannel.java:330)
	at io.netty.channel.nio.AbstractNioChannel$AbstractNioUnsafe.finishConnect(AbstractNioChannel.java:334)
	at io.netty.channel.nio.NioEventLoop.processSelectedKey(NioEventLoop.java:707)
	at io.netty.channel.nio.NioEventLoop.processSelectedKeysOptimized(NioEventLoop.java:655)
	at io.netty.channel.nio.NioEventLoop.processSelectedKeys(NioEventLoop.java:581)
	at io.netty.channel.nio.NioEventLoop.run(NioEventLoop.java:493)
	at io.netty.util.concurrent.SingleThreadEventExecutor$4.run(SingleThreadEventExecutor.java:989)
	at io.netty.util.internal.ThreadExecutorMap$2.run(ThreadExecutorMap.java:74)
	at io.netty.util.concurrent.FastThreadLocalRunnable.run(FastThreadLocalRunnable.java:30)
	at java.base/java.lang.Thread.run(Thread.java:829)
2026-02-25 03:11:44.141 - [WARN ] - esl
org.freeswitch.esl.client.inbound.InboundConnectionException: Could not connect to /61.158.166.44:8021
	at org.freeswitch.esl.client.inbound.Client.connect(Client.java:134)
	at cn.psycall.ccmgt.util.FreeSwitchManage.monitor(FreeSwitchManage.java:86)
	at cn.psycall.ccmgt.util.FreeSwitchManage.run(FreeSwitchManage.java:42)
Caused by: io.netty.channel.AbstractChannel$AnnotatedConnectException: Connection refused: /61.158.166.44:8021
Caused by: java.net.ConnectException: Connection refused
	at java.base/sun.nio.ch.SocketChannelImpl.checkConnect(Native Method)
	at java.base/sun.nio.ch.SocketChannelImpl.finishConnect(SocketChannelImpl.java:777)
	at io.netty.channel.socket.nio.NioSocketChannel.doFinishConnect(NioSocketChannel.java:330)
	at io.netty.channel.nio.AbstractNioChannel$AbstractNioUnsafe.finishConnect(AbstractNioChannel.java:334)
	at io.netty.channel.nio.NioEventLoop.processSelectedKey(NioEventLoop.java:707)
	at io.netty.channel.nio.NioEventLoop.processSelectedKeysOptimized(NioEventLoop.java:655)
	at io.netty.channel.nio.NioEventLoop.processSelectedKeys(NioEventLoop.java:581)
	at io.netty.channel.nio.NioEventLoop.run(NioEventLoop.java:493)
	at io.netty.util.concurrent.SingleThreadEventExecutor$4.run(SingleThreadEventExecutor.java:989)
	at io.netty.util.internal.ThreadExecutorMap$2.run(ThreadExecutorMap.java:74)
	at io.netty.util.concurrent.FastThreadLocalRunnable.run(FastThreadLocalRunnable.java:30)
	at java.base/java.lang.Thread.run(Thread.java:829)
2026-02-25 03:11:45.220 - [WARN ] - esl
org.freeswitch.esl.client.inbound.InboundConnectionException: Could not connect to /61.158.166.43:8021
	at org.freeswitch.esl.client.inbound.Client.connect(Client.java:134)
	at cn.psycall.ccmgt.util.FreeSwitchManage.monitor(FreeSwitchManage.java:86)
	at cn.psycall.ccmgt.util.FreeSwitchManage.run(FreeSwitchManage.java:42)
Caused by: io.netty.channel.AbstractChannel$AnnotatedConnectException: Connection refused: /61.158.166.43:8021
Caused by: java.net.ConnectException: Connection refused
	at java.base/sun.nio.ch.SocketChannelImpl.checkConnect(Native Method)
	at java.base/sun.nio.ch.SocketChannelImpl.finishConnect(SocketChannelImpl.java:777)
	at io.netty.channel.socket.nio.NioSocketChannel.doFinishConnect(NioSocketChannel.java:330)
	at io.netty.channel.nio.AbstractNioChannel$AbstractNioUnsafe.finishConnect(AbstractNioChannel.java:334)
	at io.netty.channel.nio.NioEventLoop.processSelectedKey(NioEventLoop.java:707)
	at io.netty.channel.nio.NioEventLoop.processSelectedKeysOptimized(NioEventLoop.java:655)
	at io.netty.channel.nio.NioEventLoop.processSelectedKeys(NioEventLoop.java:581)
	at io.netty.channel.nio.NioEventLoop.run(NioEventLoop.java:493)
	at io.netty.util.concurrent.SingleThreadEventExecutor$4.run(SingleThreadEventExecutor.java:989)
	at io.netty.util.internal.ThreadExecutorMap$2.run(ThreadExecutorMap.java:74)
	at io.netty.util.concurrent.FastThreadLocalRunnable.run(FastThreadLocalRunnable.java:30)
	at java.base/java.lang.Thread.run(Thread.java:829)
2026-02-25 03:11:51.106 - [WARN ] - esl
org.freeswitch.esl.client.inbound.InboundConnectionException: Could not connect to /61.158.166.44:8021
	at org.freeswitch.esl.client.inbound.Client.connect(Client.java:134)
	at cn.psycall.ccmgt.util.FreeSwitchManage.monitor(FreeSwitchManage.java:86)
	at cn.psycall.ccmgt.util.FreeSwitchManage.run(FreeSwitchManage.java:42)
Caused by: io.netty.channel.AbstractChannel$AnnotatedConnectException: Connection refused: /61.158.166.44:8021
Caused by: java.net.ConnectException: Connection refused
	at java.base/sun.nio.ch.SocketChannelImpl.checkConnect(Native Method)
	at java.base/sun.nio.ch.SocketChannelImpl.finishConnect(SocketChannelImpl.java:777)
	at io.netty.channel.socket.nio.NioSocketChannel.doFinishConnect(NioSocketChannel.java:330)
	at io.netty.channel.nio.AbstractNioChannel$AbstractNioUnsafe.finishConnect(AbstractNioChannel.java:334)
	at io.netty.channel.nio.NioEventLoop.processSelectedKey(NioEventLoop.java:707)
	at io.netty.channel.nio.NioEventLoop.processSelectedKeysOptimized(NioEventLoop.java:655)
	at io.netty.channel.nio.NioEventLoop.processSelectedKeys(NioEventLoop.java:581)
	at io.netty.channel.nio.NioEventLoop.run(NioEventLoop.java:493)
	at io.netty.util.concurrent.SingleThreadEventExecutor$4.run(SingleThreadEventExecutor.java:989)
	at io.netty.util.internal.ThreadExecutorMap$2.run(ThreadExecutorMap.java:74)
	at io.netty.util.concurrent.FastThreadLocalRunnable.run(FastThreadLocalRunnable.java:30)
	at java.base/java.lang.Thread.run(Thread.java:829)
2026-02-25 03:11:52.192 - [WARN ] - esl
org.freeswitch.esl.client.inbound.InboundConnectionException: Could not connect to /61.158.166.43:8021
	at org.freeswitch.esl.client.inbound.Client.connect(Client.java:134)
	at cn.psycall.ccmgt.util.FreeSwitchManage.monitor(FreeSwitchManage.java:86)
	at cn.psycall.ccmgt.util.FreeSwitchManage.run(FreeSwitchManage.java:42)
Caused by: io.netty.channel.AbstractChannel$AnnotatedConnectException: Connection refused: /61.158.166.43:8021
Caused by: java.net.ConnectException: Connection refused
	at java.base/sun.nio.ch.SocketChannelImpl.checkConnect(Native Method)
	at java.base/sun.nio.ch.SocketChannelImpl.finishConnect(SocketChannelImpl.java:777)
	at io.netty.channel.socket.nio.NioSocketChannel.doFinishConnect(NioSocketChannel.java:330)
	at io.netty.channel.nio.AbstractNioChannel$AbstractNioUnsafe.finishConnect(AbstractNioChannel.java:334)
	at io.netty.channel.nio.NioEventLoop.processSelectedKey(NioEventLoop.java:707)
	at io.netty.channel.nio.NioEventLoop.processSelectedKeysOptimized(NioEventLoop.java:655)
	at io.netty.channel.nio.NioEventLoop.processSelectedKeys(NioEventLoop.java:581)
	at io.netty.channel.nio.NioEventLoop.run(NioEventLoop.java:493)
	at io.netty.util.concurrent.SingleThreadEventExecutor$4.run(SingleThreadEventExecutor.java:989)
	at io.netty.util.internal.ThreadExecutorMap$2.run(ThreadExecutorMap.java:74)
	at io.netty.util.concurrent.FastThreadLocalRunnable.run(FastThreadLocalRunnable.java:30)
	at java.base/java.lang.Thread.run(Thread.java:829)
2026-02-25 03:11:52.286 - [WARN ] - esl
org.freeswitch.esl.client.inbound.InboundConnectionException: Could not connect to /61.158.166.44:8021
	at org.freeswitch.esl.client.inbound.Client.connect(Client.java:134)
	at cn.psycall.ccmgt.util.FreeSwitchManage.monitor(FreeSwitchManage.java:86)
	at cn.psycall.ccmgt.util.FreeSwitchManage.run(FreeSwitchManage.java:42)
Caused by: io.netty.channel.AbstractChannel$AnnotatedConnectException: Connection refused: /61.158.166.44:8021
Caused by: java.net.ConnectException: Connection refused
	at java.base/sun.nio.ch.SocketChannelImpl.checkConnect(Native Method)
	at java.base/sun.nio.ch.SocketChannelImpl.finishConnect(SocketChannelImpl.java:777)
	at io.netty.channel.socket.nio.NioSocketChannel.doFinishConnect(NioSocketChannel.java:330)
	at io.netty.channel.nio.AbstractNioChannel$AbstractNioUnsafe.finishConnect(AbstractNioChannel.java:334)
	at io.netty.channel.nio.NioEventLoop.processSelectedKey(NioEventLoop.java:707)
	at io.netty.channel.nio.NioEventLoop.processSelectedKeysOptimized(NioEventLoop.java:655)
	at io.netty.channel.nio.NioEventLoop.processSelectedKeys(NioEventLoop.java:581)
	at io.netty.channel.nio.NioEventLoop.run(NioEventLoop.java:493)
	at io.netty.util.concurrent.SingleThreadEventExecutor$4.run(SingleThreadEventExecutor.java:989)
	at io.netty.util.internal.ThreadExecutorMap$2.run(ThreadExecutorMap.java:74)
	at io.netty.util.concurrent.FastThreadLocalRunnable.run(FastThreadLocalRunnable.java:30)
	at java.base/java.lang.Thread.run(Thread.java:829)
2026-02-25 03:11:53.598 - [WARN ] - conn_rabbit_mq
org.springframework.web.client.ResourceAccessException: I/O error on POST request for "http://61.158.166.43:8888/command/conn_rabbit_mq": Connect to 61.158.166.43:8888 [/61.158.166.43] failed: Connection refused (Connection refused); nested exception is org.apache.http.conn.HttpHostConnectException: Connect to 61.158.166.43:8888 [/61.158.166.43] failed: Connection refused (Connection refused)
	at org.springframework.web.client.RestTemplate.doExecute(RestTemplate.java:791)
	at org.springframework.web.client.RestTemplate.execute(RestTemplate.java:717)
	at org.springframework.web.client.RestTemplate.exchange(RestTemplate.java:608)
	at cn.psycall.ccmgt.util.FreeSwitchManage.conn_rabbit_mq(FreeSwitchManage.java:272)
	at cn.psycall.ccmgt.util.FreeSwitchManage.monitor(FreeSwitchManage.java:89)
	at cn.psycall.ccmgt.util.FreeSwitchManage.run(FreeSwitchManage.java:42)
Caused by: org.apache.http.conn.HttpHostConnectException: Connect to 61.158.166.43:8888 [/61.158.166.43] failed: Connection refused (Connection refused)
	at org.apache.http.impl.conn.DefaultHttpClientConnectionOperator.connect(DefaultHttpClientConnectionOperator.java:156)
	at org.apache.http.impl.conn.PoolingHttpClientConnectionManager.connect(PoolingHttpClientConnectionManager.java:376)
	at org.apache.http.impl.execchain.MainClientExec.establishRoute(MainClientExec.java:393)
	at org.apache.http.impl.execchain.MainClientExec.execute(MainClientExec.java:236)
	at org.apache.http.impl.execchain.ProtocolExec.execute(ProtocolExec.java:186)
	at org.apache.http.impl.execchain.RetryExec.execute(RetryExec.java:89)
	at org.apache.http.impl.execchain.RedirectExec.execute(RedirectExec.java:110)
	at org.apache.http.impl.client.InternalHttpClient.doExecute(InternalHttpClient.java:185)
	at org.apache.http.impl.client.CloseableHttpClient.execute(CloseableHttpClient.java:83)
	at org.apache.http.impl.client.CloseableHttpClient.execute(CloseableHttpClient.java:56)
	at org.springframework.http.client.HttpComponentsClientHttpRequest.executeInternal(HttpComponentsClientHttpRequest.java:87)
	at org.springframework.http.client.AbstractBufferingClientHttpRequest.executeInternal(AbstractBufferingClientHttpRequest.java:48)
	at org.springframework.http.client.AbstractClientHttpRequest.execute(AbstractClientHttpRequest.java:66)
	at org.springframework.web.client.RestTemplate.doExecute(RestTemplate.java:782)
	... 5 common frames omitted
Caused by: java.net.ConnectException: Connection refused (Connection refused)
	at java.base/java.net.PlainSocketImpl.socketConnect(Native Method)
	at java.base/java.net.AbstractPlainSocketImpl.doConnect(AbstractPlainSocketImpl.java:412)
	at java.base/java.net.AbstractPlainSocketImpl.connectToAddress(AbstractPlainSocketImpl.java:255)
	at java.base/java.net.AbstractPlainSocketImpl.connect(AbstractPlainSocketImpl.java:237)
	at java.base/java.net.SocksSocketImpl.connect(SocksSocketImpl.java:392)
	at java.base/java.net.Socket.connect(Socket.java:609)
	at org.apache.http.conn.socket.PlainConnectionSocketFactory.connectSocket(PlainConnectionSocketFactory.java:75)
	at org.apache.http.impl.conn.DefaultHttpClientConnectionOperator.connect(DefaultHttpClientConnectionOperator.java:142)
	... 18 common frames omitted
2026-02-25 03:11:53.683 - [WARN ] - esl
org.freeswitch.esl.client.inbound.InboundConnectionException: Could not connect to /61.158.166.44:8021
	at org.freeswitch.esl.client.inbound.Client.connect(Client.java:134)
	at cn.psycall.ccmgt.util.FreeSwitchManage.monitor(FreeSwitchManage.java:86)
	at cn.psycall.ccmgt.util.FreeSwitchManage.run(FreeSwitchManage.java:42)
Caused by: io.netty.channel.AbstractChannel$AnnotatedConnectException: Connection refused: /61.158.166.44:8021
Caused by: java.net.ConnectException: Connection refused
	at java.base/sun.nio.ch.SocketChannelImpl.checkConnect(Native Method)
	at java.base/sun.nio.ch.SocketChannelImpl.finishConnect(SocketChannelImpl.java:777)
	at io.netty.channel.socket.nio.NioSocketChannel.doFinishConnect(NioSocketChannel.java:330)
	at io.netty.channel.nio.AbstractNioChannel$AbstractNioUnsafe.finishConnect(AbstractNioChannel.java:334)
	at io.netty.channel.nio.NioEventLoop.processSelectedKey(NioEventLoop.java:707)
	at io.netty.channel.nio.NioEventLoop.processSelectedKeysOptimized(NioEventLoop.java:655)
	at io.netty.channel.nio.NioEventLoop.processSelectedKeys(NioEventLoop.java:581)
	at io.netty.channel.nio.NioEventLoop.run(NioEventLoop.java:493)
	at io.netty.util.concurrent.SingleThreadEventExecutor$4.run(SingleThreadEventExecutor.java:989)
	at io.netty.util.internal.ThreadExecutorMap$2.run(ThreadExecutorMap.java:74)
	at io.netty.util.concurrent.FastThreadLocalRunnable.run(FastThreadLocalRunnable.java:30)
	at java.base/java.lang.Thread.run(Thread.java:829)
2026-02-25 03:11:55.229 - [WARN ] - esl
org.freeswitch.esl.client.inbound.InboundConnectionException: Could not connect to /61.158.166.44:8021
	at org.freeswitch.esl.client.inbound.Client.connect(Client.java:134)
	at cn.psycall.ccmgt.util.FreeSwitchManage.monitor(FreeSwitchManage.java:86)
	at cn.psycall.ccmgt.util.FreeSwitchManage.run(FreeSwitchManage.java:42)
Caused by: io.netty.channel.AbstractChannel$AnnotatedConnectException: Connection refused: /61.158.166.44:8021
Caused by: java.net.ConnectException: Connection refused
	at java.base/sun.nio.ch.SocketChannelImpl.checkConnect(Native Method)
	at java.base/sun.nio.ch.SocketChannelImpl.finishConnect(SocketChannelImpl.java:777)
	at io.netty.channel.socket.nio.NioSocketChannel.doFinishConnect(NioSocketChannel.java:330)
	at io.netty.channel.nio.AbstractNioChannel$AbstractNioUnsafe.finishConnect(AbstractNioChannel.java:334)
	at io.netty.channel.nio.NioEventLoop.processSelectedKey(NioEventLoop.java:707)
	at io.netty.channel.nio.NioEventLoop.processSelectedKeysOptimized(NioEventLoop.java:655)
	at io.netty.channel.nio.NioEventLoop.processSelectedKeys(NioEventLoop.java:581)
	at io.netty.channel.nio.NioEventLoop.run(NioEventLoop.java:493)
	at io.netty.util.concurrent.SingleThreadEventExecutor$4.run(SingleThreadEventExecutor.java:989)
	at io.netty.util.internal.ThreadExecutorMap$2.run(ThreadExecutorMap.java:74)
	at io.netty.util.concurrent.FastThreadLocalRunnable.run(FastThreadLocalRunnable.java:30)
	at java.base/java.lang.Thread.run(Thread.java:829)
2026-02-25 03:11:56.653 - [WARN ] - esl
org.freeswitch.esl.client.inbound.InboundConnectionException: Could not connect to /61.158.166.44:8021
	at org.freeswitch.esl.client.inbound.Client.connect(Client.java:134)
	at cn.psycall.ccmgt.util.FreeSwitchManage.monitor(FreeSwitchManage.java:86)
	at cn.psycall.ccmgt.util.FreeSwitchManage.run(FreeSwitchManage.java:42)
Caused by: io.netty.channel.AbstractChannel$AnnotatedConnectException: Connection refused: /61.158.166.44:8021
Caused by: java.net.ConnectException: Connection refused
	at java.base/sun.nio.ch.SocketChannelImpl.checkConnect(Native Method)
	at java.base/sun.nio.ch.SocketChannelImpl.finishConnect(SocketChannelImpl.java:777)
	at io.netty.channel.socket.nio.NioSocketChannel.doFinishConnect(NioSocketChannel.java:330)
	at io.netty.channel.nio.AbstractNioChannel$AbstractNioUnsafe.finishConnect(AbstractNioChannel.java:334)
	at io.netty.channel.nio.NioEventLoop.processSelectedKey(NioEventLoop.java:707)
	at io.netty.channel.nio.NioEventLoop.processSelectedKeysOptimized(NioEventLoop.java:655)
	at io.netty.channel.nio.NioEventLoop.processSelectedKeys(NioEventLoop.java:581)
	at io.netty.channel.nio.NioEventLoop.run(NioEventLoop.java:493)
	at io.netty.util.concurrent.SingleThreadEventExecutor$4.run(SingleThreadEventExecutor.java:989)
	at io.netty.util.internal.ThreadExecutorMap$2.run(ThreadExecutorMap.java:74)
	at io.netty.util.concurrent.FastThreadLocalRunnable.run(FastThreadLocalRunnable.java:30)
	at java.base/java.lang.Thread.run(Thread.java:829)
2026-02-25 03:11:58.033 - [WARN ] - esl
org.freeswitch.esl.client.inbound.InboundConnectionException: Could not connect to /61.158.166.44:8021
	at org.freeswitch.esl.client.inbound.Client.connect(Client.java:134)
	at cn.psycall.ccmgt.util.FreeSwitchManage.monitor(FreeSwitchManage.java:86)
	at cn.psycall.ccmgt.util.FreeSwitchManage.run(FreeSwitchManage.java:42)
Caused by: io.netty.channel.AbstractChannel$AnnotatedConnectException: Connection refused: /61.158.166.44:8021
Caused by: java.net.ConnectException: Connection refused
	at java.base/sun.nio.ch.SocketChannelImpl.checkConnect(Native Method)
	at java.base/sun.nio.ch.SocketChannelImpl.finishConnect(SocketChannelImpl.java:777)
	at io.netty.channel.socket.nio.NioSocketChannel.doFinishConnect(NioSocketChannel.java:330)
	at io.netty.channel.nio.AbstractNioChannel$AbstractNioUnsafe.finishConnect(AbstractNioChannel.java:334)
	at io.netty.channel.nio.NioEventLoop.processSelectedKey(NioEventLoop.java:707)
	at io.netty.channel.nio.NioEventLoop.processSelectedKeysOptimized(NioEventLoop.java:655)
	at io.netty.channel.nio.NioEventLoop.processSelectedKeys(NioEventLoop.java:581)
	at io.netty.channel.nio.NioEventLoop.run(NioEventLoop.java:493)
	at io.netty.util.concurrent.SingleThreadEventExecutor$4.run(SingleThreadEventExecutor.java:989)
	at io.netty.util.internal.ThreadExecutorMap$2.run(ThreadExecutorMap.java:74)
	at io.netty.util.concurrent.FastThreadLocalRunnable.run(FastThreadLocalRunnable.java:30)
	at java.base/java.lang.Thread.run(Thread.java:829)
2026-02-25 03:11:59.399 - [WARN ] - esl
org.freeswitch.esl.client.inbound.InboundConnectionException: Could not connect to /61.158.166.44:8021
	at org.freeswitch.esl.client.inbound.Client.connect(Client.java:134)
	at cn.psycall.ccmgt.util.FreeSwitchManage.monitor(FreeSwitchManage.java:86)
	at cn.psycall.ccmgt.util.FreeSwitchManage.run(FreeSwitchManage.java:42)
Caused by: io.netty.channel.AbstractChannel$AnnotatedConnectException: Connection refused: /61.158.166.44:8021
Caused by: java.net.ConnectException: Connection refused
	at java.base/sun.nio.ch.SocketChannelImpl.checkConnect(Native Method)
	at java.base/sun.nio.ch.SocketChannelImpl.finishConnect(SocketChannelImpl.java:777)
	at io.netty.channel.socket.nio.NioSocketChannel.doFinishConnect(NioSocketChannel.java:330)
	at io.netty.channel.nio.AbstractNioChannel$AbstractNioUnsafe.finishConnect(AbstractNioChannel.java:334)
	at io.netty.channel.nio.NioEventLoop.processSelectedKey(NioEventLoop.java:707)
	at io.netty.channel.nio.NioEventLoop.processSelectedKeysOptimized(NioEventLoop.java:655)
	at io.netty.channel.nio.NioEventLoop.processSelectedKeys(NioEventLoop.java:581)
	at io.netty.channel.nio.NioEventLoop.run(NioEventLoop.java:493)
	at io.netty.util.concurrent.SingleThreadEventExecutor$4.run(SingleThreadEventExecutor.java:989)
	at io.netty.util.internal.ThreadExecutorMap$2.run(ThreadExecutorMap.java:74)
	at io.netty.util.concurrent.FastThreadLocalRunnable.run(FastThreadLocalRunnable.java:30)
	at java.base/java.lang.Thread.run(Thread.java:829)
2026-02-25 03:12:00.767 - [WARN ] - esl
org.freeswitch.esl.client.inbound.InboundConnectionException: Could not connect to /61.158.166.44:8021
	at org.freeswitch.esl.client.inbound.Client.connect(Client.java:134)
	at cn.psycall.ccmgt.util.FreeSwitchManage.monitor(FreeSwitchManage.java:86)
	at cn.psycall.ccmgt.util.FreeSwitchManage.run(FreeSwitchManage.java:42)
Caused by: io.netty.channel.AbstractChannel$AnnotatedConnectException: Connection refused: /61.158.166.44:8021
Caused by: java.net.ConnectException: Connection refused
	at java.base/sun.nio.ch.SocketChannelImpl.checkConnect(Native Method)
	at java.base/sun.nio.ch.SocketChannelImpl.finishConnect(SocketChannelImpl.java:777)
	at io.netty.channel.socket.nio.NioSocketChannel.doFinishConnect(NioSocketChannel.java:330)
	at io.netty.channel.nio.AbstractNioChannel$AbstractNioUnsafe.finishConnect(AbstractNioChannel.java:334)
	at io.netty.channel.nio.NioEventLoop.processSelectedKey(NioEventLoop.java:707)
	at io.netty.channel.nio.NioEventLoop.processSelectedKeysOptimized(NioEventLoop.java:655)
	at io.netty.channel.nio.NioEventLoop.processSelectedKeys(NioEventLoop.java:581)
	at io.netty.channel.nio.NioEventLoop.run(NioEventLoop.java:493)
	at io.netty.util.concurrent.SingleThreadEventExecutor$4.run(SingleThreadEventExecutor.java:989)
	at io.netty.util.internal.ThreadExecutorMap$2.run(ThreadExecutorMap.java:74)
	at io.netty.util.concurrent.FastThreadLocalRunnable.run(FastThreadLocalRunnable.java:30)
	at java.base/java.lang.Thread.run(Thread.java:829)
2026-02-25 03:12:02.149 - [WARN ] - esl
org.freeswitch.esl.client.inbound.InboundConnectionException: Could not connect to /61.158.166.44:8021
	at org.freeswitch.esl.client.inbound.Client.connect(Client.java:134)
	at cn.psycall.ccmgt.util.FreeSwitchManage.monitor(FreeSwitchManage.java:86)
	at cn.psycall.ccmgt.util.FreeSwitchManage.run(FreeSwitchManage.java:42)
Caused by: io.netty.channel.AbstractChannel$AnnotatedConnectException: Connection refused: /61.158.166.44:8021
Caused by: java.net.ConnectException: Connection refused
	at java.base/sun.nio.ch.SocketChannelImpl.checkConnect(Native Method)
	at java.base/sun.nio.ch.SocketChannelImpl.finishConnect(SocketChannelImpl.java:777)
	at io.netty.channel.socket.nio.NioSocketChannel.doFinishConnect(NioSocketChannel.java:330)
	at io.netty.channel.nio.AbstractNioChannel$AbstractNioUnsafe.finishConnect(AbstractNioChannel.java:334)
	at io.netty.channel.nio.NioEventLoop.processSelectedKey(NioEventLoop.java:707)
	at io.netty.channel.nio.NioEventLoop.processSelectedKeysOptimized(NioEventLoop.java:655)
	at io.netty.channel.nio.NioEventLoop.processSelectedKeys(NioEventLoop.java:581)
	at io.netty.channel.nio.NioEventLoop.run(NioEventLoop.java:493)
	at io.netty.util.concurrent.SingleThreadEventExecutor$4.run(SingleThreadEventExecutor.java:989)
	at io.netty.util.internal.ThreadExecutorMap$2.run(ThreadExecutorMap.java:74)
	at io.netty.util.concurrent.FastThreadLocalRunnable.run(FastThreadLocalRunnable.java:30)
	at java.base/java.lang.Thread.run(Thread.java:829)
2026-02-25 03:12:03.529 - [WARN ] - esl
org.freeswitch.esl.client.inbound.InboundConnectionException: Could not connect to /61.158.166.44:8021
	at org.freeswitch.esl.client.inbound.Client.connect(Client.java:134)
	at cn.psycall.ccmgt.util.FreeSwitchManage.monitor(FreeSwitchManage.java:86)
	at cn.psycall.ccmgt.util.FreeSwitchManage.run(FreeSwitchManage.java:42)
Caused by: io.netty.channel.AbstractChannel$AnnotatedConnectException: Connection refused: /61.158.166.44:8021
Caused by: java.net.ConnectException: Connection refused
	at java.base/sun.nio.ch.SocketChannelImpl.checkConnect(Native Method)
	at java.base/sun.nio.ch.SocketChannelImpl.finishConnect(SocketChannelImpl.java:777)
	at io.netty.channel.socket.nio.NioSocketChannel.doFinishConnect(NioSocketChannel.java:330)
	at io.netty.channel.nio.AbstractNioChannel$AbstractNioUnsafe.finishConnect(AbstractNioChannel.java:334)
	at io.netty.channel.nio.NioEventLoop.processSelectedKey(NioEventLoop.java:707)
	at io.netty.channel.nio.NioEventLoop.processSelectedKeysOptimized(NioEventLoop.java:655)
	at io.netty.channel.nio.NioEventLoop.processSelectedKeys(NioEventLoop.java:581)
	at io.netty.channel.nio.NioEventLoop.run(NioEventLoop.java:493)
	at io.netty.util.concurrent.SingleThreadEventExecutor$4.run(SingleThreadEventExecutor.java:989)
	at io.netty.util.internal.ThreadExecutorMap$2.run(ThreadExecutorMap.java:74)
	at io.netty.util.concurrent.FastThreadLocalRunnable.run(FastThreadLocalRunnable.java:30)
	at java.base/java.lang.Thread.run(Thread.java:829)
2026-02-25 03:12:04.933 - [INFO ] - internal->61.158.166.43:5060
2026-02-25 03:12:04.933 - [INFO ] - ESL Client connected ..(61.158.166.43:8021[0e756ddc-0f73-4f16-a9c5-093fe36345e1])
2026-02-25 03:12:05.673 - [INFO ] - internal_sip_port->5060
2026-02-25 03:12:05.674 - [INFO ] - external_sip_port->5080
2026-02-25 03:12:11.167 - [INFO ] - fs[0e756ddc-0f73-4f16-a9c5-093fe36345e1] CallThread start
2026-02-25 03:12:11.244 - [WARN ] - esl
org.freeswitch.esl.client.inbound.InboundConnectionException: Could not connect to /61.158.166.44:8021
	at org.freeswitch.esl.client.inbound.Client.connect(Client.java:134)
	at cn.psycall.ccmgt.util.FreeSwitchManage.monitor(FreeSwitchManage.java:86)
	at cn.psycall.ccmgt.util.FreeSwitchManage.run(FreeSwitchManage.java:42)
Caused by: io.netty.channel.AbstractChannel$AnnotatedConnectException: Connection refused: /61.158.166.44:8021
Caused by: java.net.ConnectException: Connection refused
	at java.base/sun.nio.ch.SocketChannelImpl.checkConnect(Native Method)
	at java.base/sun.nio.ch.SocketChannelImpl.finishConnect(SocketChannelImpl.java:777)
	at io.netty.channel.socket.nio.NioSocketChannel.doFinishConnect(NioSocketChannel.java:330)
	at io.netty.channel.nio.AbstractNioChannel$AbstractNioUnsafe.finishConnect(AbstractNioChannel.java:334)
	at io.netty.channel.nio.NioEventLoop.processSelectedKey(NioEventLoop.java:707)
	at io.netty.channel.nio.NioEventLoop.processSelectedKeysOptimized(NioEventLoop.java:655)
	at io.netty.channel.nio.NioEventLoop.processSelectedKeys(NioEventLoop.java:581)
	at io.netty.channel.nio.NioEventLoop.run(NioEventLoop.java:493)
	at io.netty.util.concurrent.SingleThreadEventExecutor$4.run(SingleThreadEventExecutor.java:989)
	at io.netty.util.internal.ThreadExecutorMap$2.run(ThreadExecutorMap.java:74)
	at io.netty.util.concurrent.FastThreadLocalRunnable.run(FastThreadLocalRunnable.java:30)
	at java.base/java.lang.Thread.run(Thread.java:829)
2026-02-25 03:12:12.328 - [WARN ] - esl
org.freeswitch.esl.client.inbound.InboundConnectionException: Could not connect to /61.158.166.44:8021
	at org.freeswitch.esl.client.inbound.Client.connect(Client.java:134)
	at cn.psycall.ccmgt.util.FreeSwitchManage.monitor(FreeSwitchManage.java:86)
	at cn.psycall.ccmgt.util.FreeSwitchManage.run(FreeSwitchManage.java:42)
Caused by: io.netty.channel.AbstractChannel$AnnotatedConnectException: Connection refused: /61.158.166.44:8021
Caused by: java.net.ConnectException: Connection refused
	at java.base/sun.nio.ch.SocketChannelImpl.checkConnect(Native Method)
	at java.base/sun.nio.ch.SocketChannelImpl.finishConnect(SocketChannelImpl.java:777)
	at io.netty.channel.socket.nio.NioSocketChannel.doFinishConnect(NioSocketChannel.java:330)
	at io.netty.channel.nio.AbstractNioChannel$AbstractNioUnsafe.finishConnect(AbstractNioChannel.java:334)
	at io.netty.channel.nio.NioEventLoop.processSelectedKey(NioEventLoop.java:707)
	at io.netty.channel.nio.NioEventLoop.processSelectedKeysOptimized(NioEventLoop.java:655)
	at io.netty.channel.nio.NioEventLoop.processSelectedKeys(NioEventLoop.java:581)
	at io.netty.channel.nio.NioEventLoop.run(NioEventLoop.java:493)
	at io.netty.util.concurrent.SingleThreadEventExecutor$4.run(SingleThreadEventExecutor.java:989)
	at io.netty.util.internal.ThreadExecutorMap$2.run(ThreadExecutorMap.java:74)
	at io.netty.util.concurrent.FastThreadLocalRunnable.run(FastThreadLocalRunnable.java:30)
	at java.base/java.lang.Thread.run(Thread.java:829)
2026-02-25 03:12:13.420 - [WARN ] - esl
org.freeswitch.esl.client.inbound.InboundConnectionException: Could not connect to /61.158.166.44:8021
	at org.freeswitch.esl.client.inbound.Client.connect(Client.java:134)
	at cn.psycall.ccmgt.util.FreeSwitchManage.monitor(FreeSwitchManage.java:86)
	at cn.psycall.ccmgt.util.FreeSwitchManage.run(FreeSwitchManage.java:42)
Caused by: io.netty.channel.AbstractChannel$AnnotatedConnectException: Connection refused: /61.158.166.44:8021
Caused by: java.net.ConnectException: Connection refused
	at java.base/sun.nio.ch.SocketChannelImpl.checkConnect(Native Method)
	at java.base/sun.nio.ch.SocketChannelImpl.finishConnect(SocketChannelImpl.java:777)
	at io.netty.channel.socket.nio.NioSocketChannel.doFinishConnect(NioSocketChannel.java:330)
	at io.netty.channel.nio.AbstractNioChannel$AbstractNioUnsafe.finishConnect(AbstractNioChannel.java:334)
	at io.netty.channel.nio.NioEventLoop.processSelectedKey(NioEventLoop.java:707)
	at io.netty.channel.nio.NioEventLoop.processSelectedKeysOptimized(NioEventLoop.java:655)
	at io.netty.channel.nio.NioEventLoop.processSelectedKeys(NioEventLoop.java:581)
	at io.netty.channel.nio.NioEventLoop.run(NioEventLoop.java:493)
	at io.netty.util.concurrent.SingleThreadEventExecutor$4.run(SingleThreadEventExecutor.java:989)
	at io.netty.util.internal.ThreadExecutorMap$2.run(ThreadExecutorMap.java:74)
	at io.netty.util.concurrent.FastThreadLocalRunnable.run(FastThreadLocalRunnable.java:30)
	at java.base/java.lang.Thread.run(Thread.java:829)
2026-02-25 03:12:14.504 - [WARN ] - esl
org.freeswitch.esl.client.inbound.InboundConnectionException: Could not connect to /61.158.166.44:8021
	at org.freeswitch.esl.client.inbound.Client.connect(Client.java:134)
	at cn.psycall.ccmgt.util.FreeSwitchManage.monitor(FreeSwitchManage.java:86)
	at cn.psycall.ccmgt.util.FreeSwitchManage.run(FreeSwitchManage.java:42)
Caused by: io.netty.channel.AbstractChannel$AnnotatedConnectException: Connection refused: /61.158.166.44:8021
Caused by: java.net.ConnectException: Connection refused
	at java.base/sun.nio.ch.SocketChannelImpl.checkConnect(Native Method)
	at java.base/sun.nio.ch.SocketChannelImpl.finishConnect(SocketChannelImpl.java:777)
	at io.netty.channel.socket.nio.NioSocketChannel.doFinishConnect(NioSocketChannel.java:330)
	at io.netty.channel.nio.AbstractNioChannel$AbstractNioUnsafe.finishConnect(AbstractNioChannel.java:334)
	at io.netty.channel.nio.NioEventLoop.processSelectedKey(NioEventLoop.java:707)
	at io.netty.channel.nio.NioEventLoop.processSelectedKeysOptimized(NioEventLoop.java:655)
	at io.netty.channel.nio.NioEventLoop.processSelectedKeys(NioEventLoop.java:581)
	at io.netty.channel.nio.NioEventLoop.run(NioEventLoop.java:493)
	at io.netty.util.concurrent.SingleThreadEventExecutor$4.run(SingleThreadEventExecutor.java:989)
	at io.netty.util.internal.ThreadExecutorMap$2.run(ThreadExecutorMap.java:74)
	at io.netty.util.concurrent.FastThreadLocalRunnable.run(FastThreadLocalRunnable.java:30)
	at java.base/java.lang.Thread.run(Thread.java:829)
2026-02-25 03:12:15.591 - [WARN ] - esl
org.freeswitch.esl.client.inbound.InboundConnectionException: Could not connect to /61.158.166.44:8021
	at org.freeswitch.esl.client.inbound.Client.connect(Client.java:134)
	at cn.psycall.ccmgt.util.FreeSwitchManage.monitor(FreeSwitchManage.java:86)
	at cn.psycall.ccmgt.util.FreeSwitchManage.run(FreeSwitchManage.java:42)
Caused by: io.netty.channel.AbstractChannel$AnnotatedConnectException: Connection refused: /61.158.166.44:8021
Caused by: java.net.ConnectException: Connection refused
	at java.base/sun.nio.ch.SocketChannelImpl.checkConnect(Native Method)
	at java.base/sun.nio.ch.SocketChannelImpl.finishConnect(SocketChannelImpl.java:777)
	at io.netty.channel.socket.nio.NioSocketChannel.doFinishConnect(NioSocketChannel.java:330)
	at io.netty.channel.nio.AbstractNioChannel$AbstractNioUnsafe.finishConnect(AbstractNioChannel.java:334)
	at io.netty.channel.nio.NioEventLoop.processSelectedKey(NioEventLoop.java:707)
	at io.netty.channel.nio.NioEventLoop.processSelectedKeysOptimized(NioEventLoop.java:655)
	at io.netty.channel.nio.NioEventLoop.processSelectedKeys(NioEventLoop.java:581)
	at io.netty.channel.nio.NioEventLoop.run(NioEventLoop.java:493)
	at io.netty.util.concurrent.SingleThreadEventExecutor$4.run(SingleThreadEventExecutor.java:989)
	at io.netty.util.internal.ThreadExecutorMap$2.run(ThreadExecutorMap.java:74)
	at io.netty.util.concurrent.FastThreadLocalRunnable.run(FastThreadLocalRunnable.java:30)
	at java.base/java.lang.Thread.run(Thread.java:829)
2026-02-25 03:12:16.677 - [WARN ] - esl
org.freeswitch.esl.client.inbound.InboundConnectionException: Could not connect to /61.158.166.44:8021
	at org.freeswitch.esl.client.inbound.Client.connect(Client.java:134)
	at cn.psycall.ccmgt.util.FreeSwitchManage.monitor(FreeSwitchManage.java:86)
	at cn.psycall.ccmgt.util.FreeSwitchManage.run(FreeSwitchManage.java:42)
Caused by: io.netty.channel.AbstractChannel$AnnotatedConnectException: Connection refused: /61.158.166.44:8021
Caused by: java.net.ConnectException: Connection refused
	at java.base/sun.nio.ch.SocketChannelImpl.checkConnect(Native Method)
	at java.base/sun.nio.ch.SocketChannelImpl.finishConnect(SocketChannelImpl.java:777)
	at io.netty.channel.socket.nio.NioSocketChannel.doFinishConnect(NioSocketChannel.java:330)
	at io.netty.channel.nio.AbstractNioChannel$AbstractNioUnsafe.finishConnect(AbstractNioChannel.java:334)
	at io.netty.channel.nio.NioEventLoop.processSelectedKey(NioEventLoop.java:707)
	at io.netty.channel.nio.NioEventLoop.processSelectedKeysOptimized(NioEventLoop.java:655)
	at io.netty.channel.nio.NioEventLoop.processSelectedKeys(NioEventLoop.java:581)
	at io.netty.channel.nio.NioEventLoop.run(NioEventLoop.java:493)
	at io.netty.util.concurrent.SingleThreadEventExecutor$4.run(SingleThreadEventExecutor.java:989)
	at io.netty.util.internal.ThreadExecutorMap$2.run(ThreadExecutorMap.java:74)
	at io.netty.util.concurrent.FastThreadLocalRunnable.run(FastThreadLocalRunnable.java:30)
	at java.base/java.lang.Thread.run(Thread.java:829)
2026-02-25 03:12:17.760 - [WARN ] - esl
org.freeswitch.esl.client.inbound.InboundConnectionException: Could not connect to /61.158.166.44:8021
	at org.freeswitch.esl.client.inbound.Client.connect(Client.java:134)
	at cn.psycall.ccmgt.util.FreeSwitchManage.monitor(FreeSwitchManage.java:86)
	at cn.psycall.ccmgt.util.FreeSwitchManage.run(FreeSwitchManage.java:42)
Caused by: io.netty.channel.AbstractChannel$AnnotatedConnectException: Connection refused: /61.158.166.44:8021
Caused by: java.net.ConnectException: Connection refused
	at java.base/sun.nio.ch.SocketChannelImpl.checkConnect(Native Method)
	at java.base/sun.nio.ch.SocketChannelImpl.finishConnect(SocketChannelImpl.java:777)
	at io.netty.channel.socket.nio.NioSocketChannel.doFinishConnect(NioSocketChannel.java:330)
	at io.netty.channel.nio.AbstractNioChannel$AbstractNioUnsafe.finishConnect(AbstractNioChannel.java:334)
	at io.netty.channel.nio.NioEventLoop.processSelectedKey(NioEventLoop.java:707)
	at io.netty.channel.nio.NioEventLoop.processSelectedKeysOptimized(NioEventLoop.java:655)
	at io.netty.channel.nio.NioEventLoop.processSelectedKeys(NioEventLoop.java:581)
	at io.netty.channel.nio.NioEventLoop.run(NioEventLoop.java:493)
	at io.netty.util.concurrent.SingleThreadEventExecutor$4.run(SingleThreadEventExecutor.java:989)
	at io.netty.util.internal.ThreadExecutorMap$2.run(ThreadExecutorMap.java:74)
	at io.netty.util.concurrent.FastThreadLocalRunnable.run(FastThreadLocalRunnable.java:30)
	at java.base/java.lang.Thread.run(Thread.java:829)
2026-02-25 03:12:18.847 - [WARN ] - esl
org.freeswitch.esl.client.inbound.InboundConnectionException: Could not connect to /61.158.166.44:8021
	at org.freeswitch.esl.client.inbound.Client.connect(Client.java:134)
	at cn.psycall.ccmgt.util.FreeSwitchManage.monitor(FreeSwitchManage.java:86)
	at cn.psycall.ccmgt.util.FreeSwitchManage.run(FreeSwitchManage.java:42)
Caused by: io.netty.channel.AbstractChannel$AnnotatedConnectException: Connection refused: /61.158.166.44:8021
Caused by: java.net.ConnectException: Connection refused
	at java.base/sun.nio.ch.SocketChannelImpl.checkConnect(Native Method)
	at java.base/sun.nio.ch.SocketChannelImpl.finishConnect(SocketChannelImpl.java:777)
	at io.netty.channel.socket.nio.NioSocketChannel.doFinishConnect(NioSocketChannel.java:330)
	at io.netty.channel.nio.AbstractNioChannel$AbstractNioUnsafe.finishConnect(AbstractNioChannel.java:334)
	at io.netty.channel.nio.NioEventLoop.processSelectedKey(NioEventLoop.java:707)
	at io.netty.channel.nio.NioEventLoop.processSelectedKeysOptimized(NioEventLoop.java:655)
	at io.netty.channel.nio.NioEventLoop.processSelectedKeys(NioEventLoop.java:581)
	at io.netty.channel.nio.NioEventLoop.run(NioEventLoop.java:493)
	at io.netty.util.concurrent.SingleThreadEventExecutor$4.run(SingleThreadEventExecutor.java:989)
	at io.netty.util.internal.ThreadExecutorMap$2.run(ThreadExecutorMap.java:74)
	at io.netty.util.concurrent.FastThreadLocalRunnable.run(FastThreadLocalRunnable.java:30)
	at java.base/java.lang.Thread.run(Thread.java:829)
2026-02-25 03:12:19.929 - [WARN ] - esl
org.freeswitch.esl.client.inbound.InboundConnectionException: Could not connect to /61.158.166.44:8021
	at org.freeswitch.esl.client.inbound.Client.connect(Client.java:134)
	at cn.psycall.ccmgt.util.FreeSwitchManage.monitor(FreeSwitchManage.java:86)
	at cn.psycall.ccmgt.util.FreeSwitchManage.run(FreeSwitchManage.java:42)
Caused by: io.netty.channel.AbstractChannel$AnnotatedConnectException: Connection refused: /61.158.166.44:8021
Caused by: java.net.ConnectException: Connection refused
	at java.base/sun.nio.ch.SocketChannelImpl.checkConnect(Native Method)
	at java.base/sun.nio.ch.SocketChannelImpl.finishConnect(SocketChannelImpl.java:777)
	at io.netty.channel.socket.nio.NioSocketChannel.doFinishConnect(NioSocketChannel.java:330)
	at io.netty.channel.nio.AbstractNioChannel$AbstractNioUnsafe.finishConnect(AbstractNioChannel.java:334)
	at io.netty.channel.nio.NioEventLoop.processSelectedKey(NioEventLoop.java:707)
	at io.netty.channel.nio.NioEventLoop.processSelectedKeysOptimized(NioEventLoop.java:655)
	at io.netty.channel.nio.NioEventLoop.processSelectedKeys(NioEventLoop.java:581)
	at io.netty.channel.nio.NioEventLoop.run(NioEventLoop.java:493)
	at io.netty.util.concurrent.SingleThreadEventExecutor$4.run(SingleThreadEventExecutor.java:989)
	at io.netty.util.internal.ThreadExecutorMap$2.run(ThreadExecutorMap.java:74)
	at io.netty.util.concurrent.FastThreadLocalRunnable.run(FastThreadLocalRunnable.java:30)
	at java.base/java.lang.Thread.run(Thread.java:829)
2026-02-25 03:12:21.013 - [WARN ] - esl
org.freeswitch.esl.client.inbound.InboundConnectionException: Could not connect to /61.158.166.44:8021
	at org.freeswitch.esl.client.inbound.Client.connect(Client.java:134)
	at cn.psycall.ccmgt.util.FreeSwitchManage.monitor(FreeSwitchManage.java:86)
	at cn.psycall.ccmgt.util.FreeSwitchManage.run(FreeSwitchManage.java:42)
Caused by: io.netty.channel.AbstractChannel$AnnotatedConnectException: Connection refused: /61.158.166.44:8021
Caused by: java.net.ConnectException: Connection refused
	at java.base/sun.nio.ch.SocketChannelImpl.checkConnect(Native Method)
	at java.base/sun.nio.ch.SocketChannelImpl.finishConnect(SocketChannelImpl.java:777)
	at io.netty.channel.socket.nio.NioSocketChannel.doFinishConnect(NioSocketChannel.java:330)
	at io.netty.channel.nio.AbstractNioChannel$AbstractNioUnsafe.finishConnect(AbstractNioChannel.java:334)
	at io.netty.channel.nio.NioEventLoop.processSelectedKey(NioEventLoop.java:707)
	at io.netty.channel.nio.NioEventLoop.processSelectedKeysOptimized(NioEventLoop.java:655)
	at io.netty.channel.nio.NioEventLoop.processSelectedKeys(NioEventLoop.java:581)
	at io.netty.channel.nio.NioEventLoop.run(NioEventLoop.java:493)
	at io.netty.util.concurrent.SingleThreadEventExecutor$4.run(SingleThreadEventExecutor.java:989)
	at io.netty.util.internal.ThreadExecutorMap$2.run(ThreadExecutorMap.java:74)
	at io.netty.util.concurrent.FastThreadLocalRunnable.run(FastThreadLocalRunnable.java:30)
	at java.base/java.lang.Thread.run(Thread.java:829)
2026-02-25 03:12:22.092 - [WARN ] - esl
org.freeswitch.esl.client.inbound.InboundConnectionException: Could not connect to /61.158.166.44:8021
	at org.freeswitch.esl.client.inbound.Client.connect(Client.java:134)
	at cn.psycall.ccmgt.util.FreeSwitchManage.monitor(FreeSwitchManage.java:86)
	at cn.psycall.ccmgt.util.FreeSwitchManage.run(FreeSwitchManage.java:42)
Caused by: io.netty.channel.AbstractChannel$AnnotatedConnectException: Connection refused: /61.158.166.44:8021
Caused by: java.net.ConnectException: Connection refused
	at java.base/sun.nio.ch.SocketChannelImpl.checkConnect(Native Method)
	at java.base/sun.nio.ch.SocketChannelImpl.finishConnect(SocketChannelImpl.java:777)
	at io.netty.channel.socket.nio.NioSocketChannel.doFinishConnect(NioSocketChannel.java:330)
	at io.netty.channel.nio.AbstractNioChannel$AbstractNioUnsafe.finishConnect(AbstractNioChannel.java:334)
	at io.netty.channel.nio.NioEventLoop.processSelectedKey(NioEventLoop.java:707)
	at io.netty.channel.nio.NioEventLoop.processSelectedKeysOptimized(NioEventLoop.java:655)
	at io.netty.channel.nio.NioEventLoop.processSelectedKeys(NioEventLoop.java:581)
	at io.netty.channel.nio.NioEventLoop.run(NioEventLoop.java:493)
	at io.netty.util.concurrent.SingleThreadEventExecutor$4.run(SingleThreadEventExecutor.java:989)
	at io.netty.util.internal.ThreadExecutorMap$2.run(ThreadExecutorMap.java:74)
	at io.netty.util.concurrent.FastThreadLocalRunnable.run(FastThreadLocalRunnable.java:30)
	at java.base/java.lang.Thread.run(Thread.java:829)
2026-02-25 03:12:22.099 - [INFO ] - ESL Client Disconnect ..(61.158.166.45:8021)
2026-02-25 03:12:23.414 - [WARN ] - esl
org.freeswitch.esl.client.inbound.InboundConnectionException: Could not connect to /61.158.166.44:8021
	at org.freeswitch.esl.client.inbound.Client.connect(Client.java:134)
	at cn.psycall.ccmgt.util.FreeSwitchManage.monitor(FreeSwitchManage.java:86)
	at cn.psycall.ccmgt.util.FreeSwitchManage.run(FreeSwitchManage.java:42)
Caused by: io.netty.channel.AbstractChannel$AnnotatedConnectException: Connection refused: /61.158.166.44:8021
Caused by: java.net.ConnectException: Connection refused
	at java.base/sun.nio.ch.SocketChannelImpl.checkConnect(Native Method)
	at java.base/sun.nio.ch.SocketChannelImpl.finishConnect(SocketChannelImpl.java:777)
	at io.netty.channel.socket.nio.NioSocketChannel.doFinishConnect(NioSocketChannel.java:330)
	at io.netty.channel.nio.AbstractNioChannel$AbstractNioUnsafe.finishConnect(AbstractNioChannel.java:334)
	at io.netty.channel.nio.NioEventLoop.processSelectedKey(NioEventLoop.java:707)
	at io.netty.channel.nio.NioEventLoop.processSelectedKeysOptimized(NioEventLoop.java:655)
	at io.netty.channel.nio.NioEventLoop.processSelectedKeys(NioEventLoop.java:581)
	at io.netty.channel.nio.NioEventLoop.run(NioEventLoop.java:493)
	at io.netty.util.concurrent.SingleThreadEventExecutor$4.run(SingleThreadEventExecutor.java:989)
	at io.netty.util.internal.ThreadExecutorMap$2.run(ThreadExecutorMap.java:74)
	at io.netty.util.concurrent.FastThreadLocalRunnable.run(FastThreadLocalRunnable.java:30)
	at java.base/java.lang.Thread.run(Thread.java:829)
2026-02-25 03:12:23.498 - [WARN ] - esl
org.freeswitch.esl.client.inbound.InboundConnectionException: Could not connect to /61.158.166.45:8021
	at org.freeswitch.esl.client.inbound.Client.connect(Client.java:134)
	at cn.psycall.ccmgt.util.FreeSwitchManage.monitor(FreeSwitchManage.java:86)
	at cn.psycall.ccmgt.util.FreeSwitchManage.run(FreeSwitchManage.java:42)
Caused by: io.netty.channel.AbstractChannel$AnnotatedConnectException: Connection refused: /61.158.166.45:8021
Caused by: java.net.ConnectException: Connection refused
	at java.base/sun.nio.ch.SocketChannelImpl.checkConnect(Native Method)
	at java.base/sun.nio.ch.SocketChannelImpl.finishConnect(SocketChannelImpl.java:777)
	at io.netty.channel.socket.nio.NioSocketChannel.doFinishConnect(NioSocketChannel.java:330)
	at io.netty.channel.nio.AbstractNioChannel$AbstractNioUnsafe.finishConnect(AbstractNioChannel.java:334)
	at io.netty.channel.nio.NioEventLoop.processSelectedKey(NioEventLoop.java:707)
	at io.netty.channel.nio.NioEventLoop.processSelectedKeysOptimized(NioEventLoop.java:655)
	at io.netty.channel.nio.NioEventLoop.processSelectedKeys(NioEventLoop.java:581)
	at io.netty.channel.nio.NioEventLoop.run(NioEventLoop.java:493)
	at io.netty.util.concurrent.SingleThreadEventExecutor$4.run(SingleThreadEventExecutor.java:989)
	at io.netty.util.internal.ThreadExecutorMap$2.run(ThreadExecutorMap.java:74)
	at io.netty.util.concurrent.FastThreadLocalRunnable.run(FastThreadLocalRunnable.java:30)
	at java.base/java.lang.Thread.run(Thread.java:829)
2026-02-25 03:12:24.580 - [WARN ] - esl
org.freeswitch.esl.client.inbound.InboundConnectionException: Could not connect to /61.158.166.44:8021
	at org.freeswitch.esl.client.inbound.Client.connect(Client.java:134)
	at cn.psycall.ccmgt.util.FreeSwitchManage.monitor(FreeSwitchManage.java:86)
	at cn.psycall.ccmgt.util.FreeSwitchManage.run(FreeSwitchManage.java:42)
Caused by: io.netty.channel.AbstractChannel$AnnotatedConnectException: Connection refused: /61.158.166.44:8021
Caused by: java.net.ConnectException: Connection refused
	at java.base/sun.nio.ch.SocketChannelImpl.checkConnect(Native Method)
	at java.base/sun.nio.ch.SocketChannelImpl.finishConnect(SocketChannelImpl.java:777)
	at io.netty.channel.socket.nio.NioSocketChannel.doFinishConnect(NioSocketChannel.java:330)
	at io.netty.channel.nio.AbstractNioChannel$AbstractNioUnsafe.finishConnect(AbstractNioChannel.java:334)
	at io.netty.channel.nio.NioEventLoop.processSelectedKey(NioEventLoop.java:707)
	at io.netty.channel.nio.NioEventLoop.processSelectedKeysOptimized(NioEventLoop.java:655)
	at io.netty.channel.nio.NioEventLoop.processSelectedKeys(NioEventLoop.java:581)
	at io.netty.channel.nio.NioEventLoop.run(NioEventLoop.java:493)
	at io.netty.util.concurrent.SingleThreadEventExecutor$4.run(SingleThreadEventExecutor.java:989)
	at io.netty.util.internal.ThreadExecutorMap$2.run(ThreadExecutorMap.java:74)
	at io.netty.util.concurrent.FastThreadLocalRunnable.run(FastThreadLocalRunnable.java:30)
	at java.base/java.lang.Thread.run(Thread.java:829)
2026-02-25 03:12:24.695 - [WARN ] - esl
org.freeswitch.esl.client.inbound.InboundConnectionException: Could not connect to /61.158.166.45:8021
	at org.freeswitch.esl.client.inbound.Client.connect(Client.java:134)
	at cn.psycall.ccmgt.util.FreeSwitchManage.monitor(FreeSwitchManage.java:86)
	at cn.psycall.ccmgt.util.FreeSwitchManage.run(FreeSwitchManage.java:42)
Caused by: io.netty.channel.AbstractChannel$AnnotatedConnectException: Connection refused: /61.158.166.45:8021
Caused by: java.net.ConnectException: Connection refused
	at java.base/sun.nio.ch.SocketChannelImpl.checkConnect(Native Method)
	at java.base/sun.nio.ch.SocketChannelImpl.finishConnect(SocketChannelImpl.java:777)
	at io.netty.channel.socket.nio.NioSocketChannel.doFinishConnect(NioSocketChannel.java:330)
	at io.netty.channel.nio.AbstractNioChannel$AbstractNioUnsafe.finishConnect(AbstractNioChannel.java:334)
	at io.netty.channel.nio.NioEventLoop.processSelectedKey(NioEventLoop.java:707)
	at io.netty.channel.nio.NioEventLoop.processSelectedKeysOptimized(NioEventLoop.java:655)
	at io.netty.channel.nio.NioEventLoop.processSelectedKeys(NioEventLoop.java:581)
	at io.netty.channel.nio.NioEventLoop.run(NioEventLoop.java:493)
	at io.netty.util.concurrent.SingleThreadEventExecutor$4.run(SingleThreadEventExecutor.java:989)
	at io.netty.util.internal.ThreadExecutorMap$2.run(ThreadExecutorMap.java:74)
	at io.netty.util.concurrent.FastThreadLocalRunnable.run(FastThreadLocalRunnable.java:30)
	at java.base/java.lang.Thread.run(Thread.java:829)
2026-02-25 03:12:25.788 - [WARN ] - esl
org.freeswitch.esl.client.inbound.InboundConnectionException: Could not connect to /61.158.166.44:8021
	at org.freeswitch.esl.client.inbound.Client.connect(Client.java:134)
	at cn.psycall.ccmgt.util.FreeSwitchManage.monitor(FreeSwitchManage.java:86)
	at cn.psycall.ccmgt.util.FreeSwitchManage.run(FreeSwitchManage.java:42)
Caused by: io.netty.channel.AbstractChannel$AnnotatedConnectException: Connection refused: /61.158.166.44:8021
Caused by: java.net.ConnectException: Connection refused
	at java.base/sun.nio.ch.SocketChannelImpl.checkConnect(Native Method)
	at java.base/sun.nio.ch.SocketChannelImpl.finishConnect(SocketChannelImpl.java:777)
	at io.netty.channel.socket.nio.NioSocketChannel.doFinishConnect(NioSocketChannel.java:330)
	at io.netty.channel.nio.AbstractNioChannel$AbstractNioUnsafe.finishConnect(AbstractNioChannel.java:334)
	at io.netty.channel.nio.NioEventLoop.processSelectedKey(NioEventLoop.java:707)
	at io.netty.channel.nio.NioEventLoop.processSelectedKeysOptimized(NioEventLoop.java:655)
	at io.netty.channel.nio.NioEventLoop.processSelectedKeys(NioEventLoop.java:581)
	at io.netty.channel.nio.NioEventLoop.run(NioEventLoop.java:493)
	at io.netty.util.concurrent.SingleThreadEventExecutor$4.run(SingleThreadEventExecutor.java:989)
	at io.netty.util.internal.ThreadExecutorMap$2.run(ThreadExecutorMap.java:74)
	at io.netty.util.concurrent.FastThreadLocalRunnable.run(FastThreadLocalRunnable.java:30)
	at java.base/java.lang.Thread.run(Thread.java:829)
2026-02-25 03:12:25.886 - [WARN ] - esl
org.freeswitch.esl.client.inbound.InboundConnectionException: Could not connect to /61.158.166.45:8021
	at org.freeswitch.esl.client.inbound.Client.connect(Client.java:134)
	at cn.psycall.ccmgt.util.FreeSwitchManage.monitor(FreeSwitchManage.java:86)
	at cn.psycall.ccmgt.util.FreeSwitchManage.run(FreeSwitchManage.java:42)
Caused by: io.netty.channel.AbstractChannel$AnnotatedConnectException: Connection refused: /61.158.166.45:8021
Caused by: java.net.ConnectException: Connection refused
	at java.base/sun.nio.ch.SocketChannelImpl.checkConnect(Native Method)
	at java.base/sun.nio.ch.SocketChannelImpl.finishConnect(SocketChannelImpl.java:777)
	at io.netty.channel.socket.nio.NioSocketChannel.doFinishConnect(NioSocketChannel.java:330)
	at io.netty.channel.nio.AbstractNioChannel$AbstractNioUnsafe.finishConnect(AbstractNioChannel.java:334)
	at io.netty.channel.nio.NioEventLoop.processSelectedKey(NioEventLoop.java:707)
	at io.netty.channel.nio.NioEventLoop.processSelectedKeysOptimized(NioEventLoop.java:655)
	at io.netty.channel.nio.NioEventLoop.processSelectedKeys(NioEventLoop.java:581)
	at io.netty.channel.nio.NioEventLoop.run(NioEventLoop.java:493)
	at io.netty.util.concurrent.SingleThreadEventExecutor$4.run(SingleThreadEventExecutor.java:989)
	at io.netty.util.internal.ThreadExecutorMap$2.run(ThreadExecutorMap.java:74)
	at io.netty.util.concurrent.FastThreadLocalRunnable.run(FastThreadLocalRunnable.java:30)
	at java.base/java.lang.Thread.run(Thread.java:829)
2026-02-25 03:12:26.983 - [WARN ] - esl
org.freeswitch.esl.client.inbound.InboundConnectionException: Could not connect to /61.158.166.44:8021
	at org.freeswitch.esl.client.inbound.Client.connect(Client.java:134)
	at cn.psycall.ccmgt.util.FreeSwitchManage.monitor(FreeSwitchManage.java:86)
	at cn.psycall.ccmgt.util.FreeSwitchManage.run(FreeSwitchManage.java:42)
Caused by: io.netty.channel.AbstractChannel$AnnotatedConnectException: Connection refused: /61.158.166.44:8021
Caused by: java.net.ConnectException: Connection refused
	at java.base/sun.nio.ch.SocketChannelImpl.checkConnect(Native Method)
	at java.base/sun.nio.ch.SocketChannelImpl.finishConnect(SocketChannelImpl.java:777)
	at io.netty.channel.socket.nio.NioSocketChannel.doFinishConnect(NioSocketChannel.java:330)
	at io.netty.channel.nio.AbstractNioChannel$AbstractNioUnsafe.finishConnect(AbstractNioChannel.java:334)
	at io.netty.channel.nio.NioEventLoop.processSelectedKey(NioEventLoop.java:707)
	at io.netty.channel.nio.NioEventLoop.processSelectedKeysOptimized(NioEventLoop.java:655)
	at io.netty.channel.nio.NioEventLoop.processSelectedKeys(NioEventLoop.java:581)
	at io.netty.channel.nio.NioEventLoop.run(NioEventLoop.java:493)
	at io.netty.util.concurrent.SingleThreadEventExecutor$4.run(SingleThreadEventExecutor.java:989)
	at io.netty.util.internal.ThreadExecutorMap$2.run(ThreadExecutorMap.java:74)
	at io.netty.util.concurrent.FastThreadLocalRunnable.run(FastThreadLocalRunnable.java:30)
	at java.base/java.lang.Thread.run(Thread.java:829)
2026-02-25 03:12:27.066 - [WARN ] - esl
org.freeswitch.esl.client.inbound.InboundConnectionException: Could not connect to /61.158.166.45:8021
	at org.freeswitch.esl.client.inbound.Client.connect(Client.java:134)
	at cn.psycall.ccmgt.util.FreeSwitchManage.monitor(FreeSwitchManage.java:86)
	at cn.psycall.ccmgt.util.FreeSwitchManage.run(FreeSwitchManage.java:42)
Caused by: io.netty.channel.AbstractChannel$AnnotatedConnectException: Connection refused: /61.158.166.45:8021
Caused by: java.net.ConnectException: Connection refused
	at java.base/sun.nio.ch.SocketChannelImpl.checkConnect(Native Method)
	at java.base/sun.nio.ch.SocketChannelImpl.finishConnect(SocketChannelImpl.java:777)
	at io.netty.channel.socket.nio.NioSocketChannel.doFinishConnect(NioSocketChannel.java:330)
	at io.netty.channel.nio.AbstractNioChannel$AbstractNioUnsafe.finishConnect(AbstractNioChannel.java:334)
	at io.netty.channel.nio.NioEventLoop.processSelectedKey(NioEventLoop.java:707)
	at io.netty.channel.nio.NioEventLoop.processSelectedKeysOptimized(NioEventLoop.java:655)
	at io.netty.channel.nio.NioEventLoop.processSelectedKeys(NioEventLoop.java:581)
	at io.netty.channel.nio.NioEventLoop.run(NioEventLoop.java:493)
	at io.netty.util.concurrent.SingleThreadEventExecutor$4.run(SingleThreadEventExecutor.java:989)
	at io.netty.util.internal.ThreadExecutorMap$2.run(ThreadExecutorMap.java:74)
	at io.netty.util.concurrent.FastThreadLocalRunnable.run(FastThreadLocalRunnable.java:30)
	at java.base/java.lang.Thread.run(Thread.java:829)
2026-02-25 03:12:28.143 - [WARN ] - esl
org.freeswitch.esl.client.inbound.InboundConnectionException: Could not connect to /61.158.166.44:8021
	at org.freeswitch.esl.client.inbound.Client.connect(Client.java:134)
	at cn.psycall.ccmgt.util.FreeSwitchManage.monitor(FreeSwitchManage.java:86)
	at cn.psycall.ccmgt.util.FreeSwitchManage.run(FreeSwitchManage.java:42)
Caused by: io.netty.channel.AbstractChannel$AnnotatedConnectException: Connection refused: /61.158.166.44:8021
Caused by: java.net.ConnectException: Connection refused
	at java.base/sun.nio.ch.SocketChannelImpl.checkConnect(Native Method)
	at java.base/sun.nio.ch.SocketChannelImpl.finishConnect(SocketChannelImpl.java:777)
	at io.netty.channel.socket.nio.NioSocketChannel.doFinishConnect(NioSocketChannel.java:330)
	at io.netty.channel.nio.AbstractNioChannel$AbstractNioUnsafe.finishConnect(AbstractNioChannel.java:334)
	at io.netty.channel.nio.NioEventLoop.processSelectedKey(NioEventLoop.java:707)
	at io.netty.channel.nio.NioEventLoop.processSelectedKeysOptimized(NioEventLoop.java:655)
	at io.netty.channel.nio.NioEventLoop.processSelectedKeys(NioEventLoop.java:581)
	at io.netty.channel.nio.NioEventLoop.run(NioEventLoop.java:493)
	at io.netty.util.concurrent.SingleThreadEventExecutor$4.run(SingleThreadEventExecutor.java:989)
	at io.netty.util.internal.ThreadExecutorMap$2.run(ThreadExecutorMap.java:74)
	at io.netty.util.concurrent.FastThreadLocalRunnable.run(FastThreadLocalRunnable.java:30)
	at java.base/java.lang.Thread.run(Thread.java:829)
2026-02-25 03:12:28.223 - [WARN ] - esl
org.freeswitch.esl.client.inbound.InboundConnectionException: Could not connect to /61.158.166.45:8021
	at org.freeswitch.esl.client.inbound.Client.connect(Client.java:134)
	at cn.psycall.ccmgt.util.FreeSwitchManage.monitor(FreeSwitchManage.java:86)
	at cn.psycall.ccmgt.util.FreeSwitchManage.run(FreeSwitchManage.java:42)
Caused by: io.netty.channel.AbstractChannel$AnnotatedConnectException: Connection refused: /61.158.166.45:8021
Caused by: java.net.ConnectException: Connection refused
	at java.base/sun.nio.ch.SocketChannelImpl.checkConnect(Native Method)
	at java.base/sun.nio.ch.SocketChannelImpl.finishConnect(SocketChannelImpl.java:777)
	at io.netty.channel.socket.nio.NioSocketChannel.doFinishConnect(NioSocketChannel.java:330)
	at io.netty.channel.nio.AbstractNioChannel$AbstractNioUnsafe.finishConnect(AbstractNioChannel.java:334)
	at io.netty.channel.nio.NioEventLoop.processSelectedKey(NioEventLoop.java:707)
	at io.netty.channel.nio.NioEventLoop.processSelectedKeysOptimized(NioEventLoop.java:655)
	at io.netty.channel.nio.NioEventLoop.processSelectedKeys(NioEventLoop.java:581)
	at io.netty.channel.nio.NioEventLoop.run(NioEventLoop.java:493)
	at io.netty.util.concurrent.SingleThreadEventExecutor$4.run(SingleThreadEventExecutor.java:989)
	at io.netty.util.internal.ThreadExecutorMap$2.run(ThreadExecutorMap.java:74)
	at io.netty.util.concurrent.FastThreadLocalRunnable.run(FastThreadLocalRunnable.java:30)
	at java.base/java.lang.Thread.run(Thread.java:829)
2026-02-25 03:12:29.302 - [WARN ] - esl
org.freeswitch.esl.client.inbound.InboundConnectionException: Could not connect to /61.158.166.44:8021
	at org.freeswitch.esl.client.inbound.Client.connect(Client.java:134)
	at cn.psycall.ccmgt.util.FreeSwitchManage.monitor(FreeSwitchManage.java:86)
	at cn.psycall.ccmgt.util.FreeSwitchManage.run(FreeSwitchManage.java:42)
Caused by: io.netty.channel.AbstractChannel$AnnotatedConnectException: Connection refused: /61.158.166.44:8021
Caused by: java.net.ConnectException: Connection refused
	at java.base/sun.nio.ch.SocketChannelImpl.checkConnect(Native Method)
	at java.base/sun.nio.ch.SocketChannelImpl.finishConnect(SocketChannelImpl.java:777)
	at io.netty.channel.socket.nio.NioSocketChannel.doFinishConnect(NioSocketChannel.java:330)
	at io.netty.channel.nio.AbstractNioChannel$AbstractNioUnsafe.finishConnect(AbstractNioChannel.java:334)
	at io.netty.channel.nio.NioEventLoop.processSelectedKey(NioEventLoop.java:707)
	at io.netty.channel.nio.NioEventLoop.processSelectedKeysOptimized(NioEventLoop.java:655)
	at io.netty.channel.nio.NioEventLoop.processSelectedKeys(NioEventLoop.java:581)
	at io.netty.channel.nio.NioEventLoop.run(NioEventLoop.java:493)
	at io.netty.util.concurrent.SingleThreadEventExecutor$4.run(SingleThreadEventExecutor.java:989)
	at io.netty.util.internal.ThreadExecutorMap$2.run(ThreadExecutorMap.java:74)
	at io.netty.util.concurrent.FastThreadLocalRunnable.run(FastThreadLocalRunnable.java:30)
	at java.base/java.lang.Thread.run(Thread.java:829)
2026-02-25 03:12:29.376 - [WARN ] - esl
org.freeswitch.esl.client.inbound.InboundConnectionException: Could not connect to /61.158.166.45:8021
	at org.freeswitch.esl.client.inbound.Client.connect(Client.java:134)
	at cn.psycall.ccmgt.util.FreeSwitchManage.monitor(FreeSwitchManage.java:86)
	at cn.psycall.ccmgt.util.FreeSwitchManage.run(FreeSwitchManage.java:42)
Caused by: io.netty.channel.AbstractChannel$AnnotatedConnectException: Connection refused: /61.158.166.45:8021
Caused by: java.net.ConnectException: Connection refused
	at java.base/sun.nio.ch.SocketChannelImpl.checkConnect(Native Method)
	at java.base/sun.nio.ch.SocketChannelImpl.finishConnect(SocketChannelImpl.java:777)
	at io.netty.channel.socket.nio.NioSocketChannel.doFinishConnect(NioSocketChannel.java:330)
	at io.netty.channel.nio.AbstractNioChannel$AbstractNioUnsafe.finishConnect(AbstractNioChannel.java:334)
	at io.netty.channel.nio.NioEventLoop.processSelectedKey(NioEventLoop.java:707)
	at io.netty.channel.nio.NioEventLoop.processSelectedKeysOptimized(NioEventLoop.java:655)
	at io.netty.channel.nio.NioEventLoop.processSelectedKeys(NioEventLoop.java:581)
	at io.netty.channel.nio.NioEventLoop.run(NioEventLoop.java:493)
	at io.netty.util.concurrent.SingleThreadEventExecutor$4.run(SingleThreadEventExecutor.java:989)
	at io.netty.util.internal.ThreadExecutorMap$2.run(ThreadExecutorMap.java:74)
	at io.netty.util.concurrent.FastThreadLocalRunnable.run(FastThreadLocalRunnable.java:30)
	at java.base/java.lang.Thread.run(Thread.java:829)
2026-02-25 03:12:30.456 - [WARN ] - esl
org.freeswitch.esl.client.inbound.InboundConnectionException: Could not connect to /61.158.166.44:8021
	at org.freeswitch.esl.client.inbound.Client.connect(Client.java:134)
	at cn.psycall.ccmgt.util.FreeSwitchManage.monitor(FreeSwitchManage.java:86)
	at cn.psycall.ccmgt.util.FreeSwitchManage.run(FreeSwitchManage.java:42)
Caused by: io.netty.channel.AbstractChannel$AnnotatedConnectException: Connection refused: /61.158.166.44:8021
Caused by: java.net.ConnectException: Connection refused
	at java.base/sun.nio.ch.SocketChannelImpl.checkConnect(Native Method)
	at java.base/sun.nio.ch.SocketChannelImpl.finishConnect(SocketChannelImpl.java:777)
	at io.netty.channel.socket.nio.NioSocketChannel.doFinishConnect(NioSocketChannel.java:330)
	at io.netty.channel.nio.AbstractNioChannel$AbstractNioUnsafe.finishConnect(AbstractNioChannel.java:334)
	at io.netty.channel.nio.NioEventLoop.processSelectedKey(NioEventLoop.java:707)
	at io.netty.channel.nio.NioEventLoop.processSelectedKeysOptimized(NioEventLoop.java:655)
	at io.netty.channel.nio.NioEventLoop.processSelectedKeys(NioEventLoop.java:581)
	at io.netty.channel.nio.NioEventLoop.run(NioEventLoop.java:493)
	at io.netty.util.concurrent.SingleThreadEventExecutor$4.run(SingleThreadEventExecutor.java:989)
	at io.netty.util.internal.ThreadExecutorMap$2.run(ThreadExecutorMap.java:74)
	at io.netty.util.concurrent.FastThreadLocalRunnable.run(FastThreadLocalRunnable.java:30)
	at java.base/java.lang.Thread.run(Thread.java:829)
2026-02-25 03:12:30.539 - [WARN ] - esl
org.freeswitch.esl.client.inbound.InboundConnectionException: Could not connect to /61.158.166.45:8021
	at org.freeswitch.esl.client.inbound.Client.connect(Client.java:134)
	at cn.psycall.ccmgt.util.FreeSwitchManage.monitor(FreeSwitchManage.java:86)
	at cn.psycall.ccmgt.util.FreeSwitchManage.run(FreeSwitchManage.java:42)
Caused by: io.netty.channel.AbstractChannel$AnnotatedConnectException: Connection refused: /61.158.166.45:8021
Caused by: java.net.ConnectException: Connection refused
	at java.base/sun.nio.ch.SocketChannelImpl.checkConnect(Native Method)
	at java.base/sun.nio.ch.SocketChannelImpl.finishConnect(SocketChannelImpl.java:777)
	at io.netty.channel.socket.nio.NioSocketChannel.doFinishConnect(NioSocketChannel.java:330)
	at io.netty.channel.nio.AbstractNioChannel$AbstractNioUnsafe.finishConnect(AbstractNioChannel.java:334)
	at io.netty.channel.nio.NioEventLoop.processSelectedKey(NioEventLoop.java:707)
	at io.netty.channel.nio.NioEventLoop.processSelectedKeysOptimized(NioEventLoop.java:655)
	at io.netty.channel.nio.NioEventLoop.processSelectedKeys(NioEventLoop.java:581)
	at io.netty.channel.nio.NioEventLoop.run(NioEventLoop.java:493)
	at io.netty.util.concurrent.SingleThreadEventExecutor$4.run(SingleThreadEventExecutor.java:989)
	at io.netty.util.internal.ThreadExecutorMap$2.run(ThreadExecutorMap.java:74)
	at io.netty.util.concurrent.FastThreadLocalRunnable.run(FastThreadLocalRunnable.java:30)
	at java.base/java.lang.Thread.run(Thread.java:829)
2026-02-25 03:12:31.634 - [WARN ] - esl
org.freeswitch.esl.client.inbound.InboundConnectionException: Could not connect to /61.158.166.44:8021
	at org.freeswitch.esl.client.inbound.Client.connect(Client.java:134)
	at cn.psycall.ccmgt.util.FreeSwitchManage.monitor(FreeSwitchManage.java:86)
	at cn.psycall.ccmgt.util.FreeSwitchManage.run(FreeSwitchManage.java:42)
Caused by: io.netty.channel.AbstractChannel$AnnotatedConnectException: Connection refused: /61.158.166.44:8021
Caused by: java.net.ConnectException: Connection refused
	at java.base/sun.nio.ch.SocketChannelImpl.checkConnect(Native Method)
	at java.base/sun.nio.ch.SocketChannelImpl.finishConnect(SocketChannelImpl.java:777)
	at io.netty.channel.socket.nio.NioSocketChannel.doFinishConnect(NioSocketChannel.java:330)
	at io.netty.channel.nio.AbstractNioChannel$AbstractNioUnsafe.finishConnect(AbstractNioChannel.java:334)
	at io.netty.channel.nio.NioEventLoop.processSelectedKey(NioEventLoop.java:707)
	at io.netty.channel.nio.NioEventLoop.processSelectedKeysOptimized(NioEventLoop.java:655)
	at io.netty.channel.nio.NioEventLoop.processSelectedKeys(NioEventLoop.java:581)
	at io.netty.channel.nio.NioEventLoop.run(NioEventLoop.java:493)
	at io.netty.util.concurrent.SingleThreadEventExecutor$4.run(SingleThreadEventExecutor.java:989)
	at io.netty.util.internal.ThreadExecutorMap$2.run(ThreadExecutorMap.java:74)
	at io.netty.util.concurrent.FastThreadLocalRunnable.run(FastThreadLocalRunnable.java:30)
	at java.base/java.lang.Thread.run(Thread.java:829)
2026-02-25 03:12:31.720 - [WARN ] - esl
org.freeswitch.esl.client.inbound.InboundConnectionException: Could not connect to /61.158.166.45:8021
	at org.freeswitch.esl.client.inbound.Client.connect(Client.java:134)
	at cn.psycall.ccmgt.util.FreeSwitchManage.monitor(FreeSwitchManage.java:86)
	at cn.psycall.ccmgt.util.FreeSwitchManage.run(FreeSwitchManage.java:42)
Caused by: io.netty.channel.AbstractChannel$AnnotatedConnectException: Connection refused: /61.158.166.45:8021
Caused by: java.net.ConnectException: Connection refused
	at java.base/sun.nio.ch.SocketChannelImpl.checkConnect(Native Method)
	at java.base/sun.nio.ch.SocketChannelImpl.finishConnect(SocketChannelImpl.java:777)
	at io.netty.channel.socket.nio.NioSocketChannel.doFinishConnect(NioSocketChannel.java:330)
	at io.netty.channel.nio.AbstractNioChannel$AbstractNioUnsafe.finishConnect(AbstractNioChannel.java:334)
	at io.netty.channel.nio.NioEventLoop.processSelectedKey(NioEventLoop.java:707)
	at io.netty.channel.nio.NioEventLoop.processSelectedKeysOptimized(NioEventLoop.java:655)
	at io.netty.channel.nio.NioEventLoop.processSelectedKeys(NioEventLoop.java:581)
	at io.netty.channel.nio.NioEventLoop.run(NioEventLoop.java:493)
	at io.netty.util.concurrent.SingleThreadEventExecutor$4.run(SingleThreadEventExecutor.java:989)
	at io.netty.util.internal.ThreadExecutorMap$2.run(ThreadExecutorMap.java:74)
	at io.netty.util.concurrent.FastThreadLocalRunnable.run(FastThreadLocalRunnable.java:30)
	at java.base/java.lang.Thread.run(Thread.java:829)
2026-02-25 03:12:32.807 - [WARN ] - esl
org.freeswitch.esl.client.inbound.InboundConnectionException: Could not connect to /61.158.166.44:8021
	at org.freeswitch.esl.client.inbound.Client.connect(Client.java:134)
	at cn.psycall.ccmgt.util.FreeSwitchManage.monitor(FreeSwitchManage.java:86)
	at cn.psycall.ccmgt.util.FreeSwitchManage.run(FreeSwitchManage.java:42)
Caused by: io.netty.channel.AbstractChannel$AnnotatedConnectException: Connection refused: /61.158.166.44:8021
Caused by: java.net.ConnectException: Connection refused
	at java.base/sun.nio.ch.SocketChannelImpl.checkConnect(Native Method)
	at java.base/sun.nio.ch.SocketChannelImpl.finishConnect(SocketChannelImpl.java:777)
	at io.netty.channel.socket.nio.NioSocketChannel.doFinishConnect(NioSocketChannel.java:330)
	at io.netty.channel.nio.AbstractNioChannel$AbstractNioUnsafe.finishConnect(AbstractNioChannel.java:334)
	at io.netty.channel.nio.NioEventLoop.processSelectedKey(NioEventLoop.java:707)
	at io.netty.channel.nio.NioEventLoop.processSelectedKeysOptimized(NioEventLoop.java:655)
	at io.netty.channel.nio.NioEventLoop.processSelectedKeys(NioEventLoop.java:581)
	at io.netty.channel.nio.NioEventLoop.run(NioEventLoop.java:493)
	at io.netty.util.concurrent.SingleThreadEventExecutor$4.run(SingleThreadEventExecutor.java:989)
	at io.netty.util.internal.ThreadExecutorMap$2.run(ThreadExecutorMap.java:74)
	at io.netty.util.concurrent.FastThreadLocalRunnable.run(FastThreadLocalRunnable.java:30)
	at java.base/java.lang.Thread.run(Thread.java:829)
2026-02-25 03:12:32.893 - [WARN ] - esl
org.freeswitch.esl.client.inbound.InboundConnectionException: Could not connect to /61.158.166.45:8021
	at org.freeswitch.esl.client.inbound.Client.connect(Client.java:134)
	at cn.psycall.ccmgt.util.FreeSwitchManage.monitor(FreeSwitchManage.java:86)
	at cn.psycall.ccmgt.util.FreeSwitchManage.run(FreeSwitchManage.java:42)
Caused by: io.netty.channel.AbstractChannel$AnnotatedConnectException: Connection refused: /61.158.166.45:8021
Caused by: java.net.ConnectException: Connection refused
	at java.base/sun.nio.ch.SocketChannelImpl.checkConnect(Native Method)
	at java.base/sun.nio.ch.SocketChannelImpl.finishConnect(SocketChannelImpl.java:777)
	at io.netty.channel.socket.nio.NioSocketChannel.doFinishConnect(NioSocketChannel.java:330)
	at io.netty.channel.nio.AbstractNioChannel$AbstractNioUnsafe.finishConnect(AbstractNioChannel.java:334)
	at io.netty.channel.nio.NioEventLoop.processSelectedKey(NioEventLoop.java:707)
	at io.netty.channel.nio.NioEventLoop.processSelectedKeysOptimized(NioEventLoop.java:655)
	at io.netty.channel.nio.NioEventLoop.processSelectedKeys(NioEventLoop.java:581)
	at io.netty.channel.nio.NioEventLoop.run(NioEventLoop.java:493)
	at io.netty.util.concurrent.SingleThreadEventExecutor$4.run(SingleThreadEventExecutor.java:989)
	at io.netty.util.internal.ThreadExecutorMap$2.run(ThreadExecutorMap.java:74)
	at io.netty.util.concurrent.FastThreadLocalRunnable.run(FastThreadLocalRunnable.java:30)
	at java.base/java.lang.Thread.run(Thread.java:829)
2026-02-25 03:12:33.982 - [WARN ] - esl
org.freeswitch.esl.client.inbound.InboundConnectionException: Could not connect to /61.158.166.44:8021
	at org.freeswitch.esl.client.inbound.Client.connect(Client.java:134)
	at cn.psycall.ccmgt.util.FreeSwitchManage.monitor(FreeSwitchManage.java:86)
	at cn.psycall.ccmgt.util.FreeSwitchManage.run(FreeSwitchManage.java:42)
Caused by: io.netty.channel.AbstractChannel$AnnotatedConnectException: Connection refused: /61.158.166.44:8021
Caused by: java.net.ConnectException: Connection refused
	at java.base/sun.nio.ch.SocketChannelImpl.checkConnect(Native Method)
	at java.base/sun.nio.ch.SocketChannelImpl.finishConnect(SocketChannelImpl.java:777)
	at io.netty.channel.socket.nio.NioSocketChannel.doFinishConnect(NioSocketChannel.java:330)
	at io.netty.channel.nio.AbstractNioChannel$AbstractNioUnsafe.finishConnect(AbstractNioChannel.java:334)
	at io.netty.channel.nio.NioEventLoop.processSelectedKey(NioEventLoop.java:707)
	at io.netty.channel.nio.NioEventLoop.processSelectedKeysOptimized(NioEventLoop.java:655)
	at io.netty.channel.nio.NioEventLoop.processSelectedKeys(NioEventLoop.java:581)
	at io.netty.channel.nio.NioEventLoop.run(NioEventLoop.java:493)
	at io.netty.util.concurrent.SingleThreadEventExecutor$4.run(SingleThreadEventExecutor.java:989)
	at io.netty.util.internal.ThreadExecutorMap$2.run(ThreadExecutorMap.java:74)
	at io.netty.util.concurrent.FastThreadLocalRunnable.run(FastThreadLocalRunnable.java:30)
	at java.base/java.lang.Thread.run(Thread.java:829)
2026-02-25 03:12:34.078 - [WARN ] - esl
org.freeswitch.esl.client.inbound.InboundConnectionException: Could not connect to /61.158.166.45:8021
	at org.freeswitch.esl.client.inbound.Client.connect(Client.java:134)
	at cn.psycall.ccmgt.util.FreeSwitchManage.monitor(FreeSwitchManage.java:86)
	at cn.psycall.ccmgt.util.FreeSwitchManage.run(FreeSwitchManage.java:42)
Caused by: io.netty.channel.AbstractChannel$AnnotatedConnectException: Connection refused: /61.158.166.45:8021
Caused by: java.net.ConnectException: Connection refused
	at java.base/sun.nio.ch.SocketChannelImpl.checkConnect(Native Method)
	at java.base/sun.nio.ch.SocketChannelImpl.finishConnect(SocketChannelImpl.java:777)
	at io.netty.channel.socket.nio.NioSocketChannel.doFinishConnect(NioSocketChannel.java:330)
	at io.netty.channel.nio.AbstractNioChannel$AbstractNioUnsafe.finishConnect(AbstractNioChannel.java:334)
	at io.netty.channel.nio.NioEventLoop.processSelectedKey(NioEventLoop.java:707)
	at io.netty.channel.nio.NioEventLoop.processSelectedKeysOptimized(NioEventLoop.java:655)
	at io.netty.channel.nio.NioEventLoop.processSelectedKeys(NioEventLoop.java:581)
	at io.netty.channel.nio.NioEventLoop.run(NioEventLoop.java:493)
	at io.netty.util.concurrent.SingleThreadEventExecutor$4.run(SingleThreadEventExecutor.java:989)
	at io.netty.util.internal.ThreadExecutorMap$2.run(ThreadExecutorMap.java:74)
	at io.netty.util.concurrent.FastThreadLocalRunnable.run(FastThreadLocalRunnable.java:30)
	at java.base/java.lang.Thread.run(Thread.java:829)
2026-02-25 03:12:35.166 - [WARN ] - esl
org.freeswitch.esl.client.inbound.InboundConnectionException: Could not connect to /61.158.166.44:8021
	at org.freeswitch.esl.client.inbound.Client.connect(Client.java:134)
	at cn.psycall.ccmgt.util.FreeSwitchManage.monitor(FreeSwitchManage.java:86)
	at cn.psycall.ccmgt.util.FreeSwitchManage.run(FreeSwitchManage.java:42)
Caused by: io.netty.channel.AbstractChannel$AnnotatedConnectException: Connection refused: /61.158.166.44:8021
Caused by: java.net.ConnectException: Connection refused
	at java.base/sun.nio.ch.SocketChannelImpl.checkConnect(Native Method)
	at java.base/sun.nio.ch.SocketChannelImpl.finishConnect(SocketChannelImpl.java:777)
	at io.netty.channel.socket.nio.NioSocketChannel.doFinishConnect(NioSocketChannel.java:330)
	at io.netty.channel.nio.AbstractNioChannel$AbstractNioUnsafe.finishConnect(AbstractNioChannel.java:334)
	at io.netty.channel.nio.NioEventLoop.processSelectedKey(NioEventLoop.java:707)
	at io.netty.channel.nio.NioEventLoop.processSelectedKeysOptimized(NioEventLoop.java:655)
	at io.netty.channel.nio.NioEventLoop.processSelectedKeys(NioEventLoop.java:581)
	at io.netty.channel.nio.NioEventLoop.run(NioEventLoop.java:493)
	at io.netty.util.concurrent.SingleThreadEventExecutor$4.run(SingleThreadEventExecutor.java:989)
	at io.netty.util.internal.ThreadExecutorMap$2.run(ThreadExecutorMap.java:74)
	at io.netty.util.concurrent.FastThreadLocalRunnable.run(FastThreadLocalRunnable.java:30)
	at java.base/java.lang.Thread.run(Thread.java:829)
2026-02-25 03:12:35.255 - [WARN ] - esl
org.freeswitch.esl.client.inbound.InboundConnectionException: Could not connect to /61.158.166.45:8021
	at org.freeswitch.esl.client.inbound.Client.connect(Client.java:134)
	at cn.psycall.ccmgt.util.FreeSwitchManage.monitor(FreeSwitchManage.java:86)
	at cn.psycall.ccmgt.util.FreeSwitchManage.run(FreeSwitchManage.java:42)
Caused by: io.netty.channel.AbstractChannel$AnnotatedConnectException: Connection refused: /61.158.166.45:8021
Caused by: java.net.ConnectException: Connection refused
	at java.base/sun.nio.ch.SocketChannelImpl.checkConnect(Native Method)
	at java.base/sun.nio.ch.SocketChannelImpl.finishConnect(SocketChannelImpl.java:777)
	at io.netty.channel.socket.nio.NioSocketChannel.doFinishConnect(NioSocketChannel.java:330)
	at io.netty.channel.nio.AbstractNioChannel$AbstractNioUnsafe.finishConnect(AbstractNioChannel.java:334)
	at io.netty.channel.nio.NioEventLoop.processSelectedKey(NioEventLoop.java:707)
	at io.netty.channel.nio.NioEventLoop.processSelectedKeysOptimized(NioEventLoop.java:655)
	at io.netty.channel.nio.NioEventLoop.processSelectedKeys(NioEventLoop.java:581)
	at io.netty.channel.nio.NioEventLoop.run(NioEventLoop.java:493)
	at io.netty.util.concurrent.SingleThreadEventExecutor$4.run(SingleThreadEventExecutor.java:989)
	at io.netty.util.internal.ThreadExecutorMap$2.run(ThreadExecutorMap.java:74)
	at io.netty.util.concurrent.FastThreadLocalRunnable.run(FastThreadLocalRunnable.java:30)
	at java.base/java.lang.Thread.run(Thread.java:829)
2026-02-25 03:12:36.337 - [WARN ] - esl
org.freeswitch.esl.client.inbound.InboundConnectionException: Could not connect to /61.158.166.44:8021
	at org.freeswitch.esl.client.inbound.Client.connect(Client.java:134)
	at cn.psycall.ccmgt.util.FreeSwitchManage.monitor(FreeSwitchManage.java:86)
	at cn.psycall.ccmgt.util.FreeSwitchManage.run(FreeSwitchManage.java:42)
Caused by: io.netty.channel.AbstractChannel$AnnotatedConnectException: Connection refused: /61.158.166.44:8021
Caused by: java.net.ConnectException: Connection refused
	at java.base/sun.nio.ch.SocketChannelImpl.checkConnect(Native Method)
	at java.base/sun.nio.ch.SocketChannelImpl.finishConnect(SocketChannelImpl.java:777)
	at io.netty.channel.socket.nio.NioSocketChannel.doFinishConnect(NioSocketChannel.java:330)
	at io.netty.channel.nio.AbstractNioChannel$AbstractNioUnsafe.finishConnect(AbstractNioChannel.java:334)
	at io.netty.channel.nio.NioEventLoop.processSelectedKey(NioEventLoop.java:707)
	at io.netty.channel.nio.NioEventLoop.processSelectedKeysOptimized(NioEventLoop.java:655)
	at io.netty.channel.nio.NioEventLoop.processSelectedKeys(NioEventLoop.java:581)
	at io.netty.channel.nio.NioEventLoop.run(NioEventLoop.java:493)
	at io.netty.util.concurrent.SingleThreadEventExecutor$4.run(SingleThreadEventExecutor.java:989)
	at io.netty.util.internal.ThreadExecutorMap$2.run(ThreadExecutorMap.java:74)
	at io.netty.util.concurrent.FastThreadLocalRunnable.run(FastThreadLocalRunnable.java:30)
	at java.base/java.lang.Thread.run(Thread.java:829)
2026-02-25 03:12:36.415 - [WARN ] - esl
org.freeswitch.esl.client.inbound.InboundConnectionException: Could not connect to /61.158.166.45:8021
	at org.freeswitch.esl.client.inbound.Client.connect(Client.java:134)
	at cn.psycall.ccmgt.util.FreeSwitchManage.monitor(FreeSwitchManage.java:86)
	at cn.psycall.ccmgt.util.FreeSwitchManage.run(FreeSwitchManage.java:42)
Caused by: io.netty.channel.AbstractChannel$AnnotatedConnectException: Connection refused: /61.158.166.45:8021
Caused by: java.net.ConnectException: Connection refused
	at java.base/sun.nio.ch.SocketChannelImpl.checkConnect(Native Method)
	at java.base/sun.nio.ch.SocketChannelImpl.finishConnect(SocketChannelImpl.java:777)
	at io.netty.channel.socket.nio.NioSocketChannel.doFinishConnect(NioSocketChannel.java:330)
	at io.netty.channel.nio.AbstractNioChannel$AbstractNioUnsafe.finishConnect(AbstractNioChannel.java:334)
	at io.netty.channel.nio.NioEventLoop.processSelectedKey(NioEventLoop.java:707)
	at io.netty.channel.nio.NioEventLoop.processSelectedKeysOptimized(NioEventLoop.java:655)
	at io.netty.channel.nio.NioEventLoop.processSelectedKeys(NioEventLoop.java:581)
	at io.netty.channel.nio.NioEventLoop.run(NioEventLoop.java:493)
	at io.netty.util.concurrent.SingleThreadEventExecutor$4.run(SingleThreadEventExecutor.java:989)
	at io.netty.util.internal.ThreadExecutorMap$2.run(ThreadExecutorMap.java:74)
	at io.netty.util.concurrent.FastThreadLocalRunnable.run(FastThreadLocalRunnable.java:30)
	at java.base/java.lang.Thread.run(Thread.java:829)
2026-02-25 03:12:37.507 - [WARN ] - esl
org.freeswitch.esl.client.inbound.InboundConnectionException: Could not connect to /61.158.166.44:8021
	at org.freeswitch.esl.client.inbound.Client.connect(Client.java:134)
	at cn.psycall.ccmgt.util.FreeSwitchManage.monitor(FreeSwitchManage.java:86)
	at cn.psycall.ccmgt.util.FreeSwitchManage.run(FreeSwitchManage.java:42)
Caused by: io.netty.channel.AbstractChannel$AnnotatedConnectException: Connection refused: /61.158.166.44:8021
Caused by: java.net.ConnectException: Connection refused
	at java.base/sun.nio.ch.SocketChannelImpl.checkConnect(Native Method)
	at java.base/sun.nio.ch.SocketChannelImpl.finishConnect(SocketChannelImpl.java:777)
	at io.netty.channel.socket.nio.NioSocketChannel.doFinishConnect(NioSocketChannel.java:330)
	at io.netty.channel.nio.AbstractNioChannel$AbstractNioUnsafe.finishConnect(AbstractNioChannel.java:334)
	at io.netty.channel.nio.NioEventLoop.processSelectedKey(NioEventLoop.java:707)
	at io.netty.channel.nio.NioEventLoop.processSelectedKeysOptimized(NioEventLoop.java:655)
	at io.netty.channel.nio.NioEventLoop.processSelectedKeys(NioEventLoop.java:581)
	at io.netty.channel.nio.NioEventLoop.run(NioEventLoop.java:493)
	at io.netty.util.concurrent.SingleThreadEventExecutor$4.run(SingleThreadEventExecutor.java:989)
	at io.netty.util.internal.ThreadExecutorMap$2.run(ThreadExecutorMap.java:74)
	at io.netty.util.concurrent.FastThreadLocalRunnable.run(FastThreadLocalRunnable.java:30)
	at java.base/java.lang.Thread.run(Thread.java:829)
2026-02-25 03:12:37.591 - [WARN ] - esl
org.freeswitch.esl.client.inbound.InboundConnectionException: Could not connect to /61.158.166.45:8021
	at org.freeswitch.esl.client.inbound.Client.connect(Client.java:134)
	at cn.psycall.ccmgt.util.FreeSwitchManage.monitor(FreeSwitchManage.java:86)
	at cn.psycall.ccmgt.util.FreeSwitchManage.run(FreeSwitchManage.java:42)
Caused by: io.netty.channel.AbstractChannel$AnnotatedConnectException: Connection refused: /61.158.166.45:8021
Caused by: java.net.ConnectException: Connection refused
	at java.base/sun.nio.ch.SocketChannelImpl.checkConnect(Native Method)
	at java.base/sun.nio.ch.SocketChannelImpl.finishConnect(SocketChannelImpl.java:777)
	at io.netty.channel.socket.nio.NioSocketChannel.doFinishConnect(NioSocketChannel.java:330)
	at io.netty.channel.nio.AbstractNioChannel$AbstractNioUnsafe.finishConnect(AbstractNioChannel.java:334)
	at io.netty.channel.nio.NioEventLoop.processSelectedKey(NioEventLoop.java:707)
	at io.netty.channel.nio.NioEventLoop.processSelectedKeysOptimized(NioEventLoop.java:655)
	at io.netty.channel.nio.NioEventLoop.processSelectedKeys(NioEventLoop.java:581)
	at io.netty.channel.nio.NioEventLoop.run(NioEventLoop.java:493)
	at io.netty.util.concurrent.SingleThreadEventExecutor$4.run(SingleThreadEventExecutor.java:989)
	at io.netty.util.internal.ThreadExecutorMap$2.run(ThreadExecutorMap.java:74)
	at io.netty.util.concurrent.FastThreadLocalRunnable.run(FastThreadLocalRunnable.java:30)
	at java.base/java.lang.Thread.run(Thread.java:829)
2026-02-25 03:12:38.670 - [WARN ] - esl
org.freeswitch.esl.client.inbound.InboundConnectionException: Could not connect to /61.158.166.44:8021
	at org.freeswitch.esl.client.inbound.Client.connect(Client.java:134)
	at cn.psycall.ccmgt.util.FreeSwitchManage.monitor(FreeSwitchManage.java:86)
	at cn.psycall.ccmgt.util.FreeSwitchManage.run(FreeSwitchManage.java:42)
Caused by: io.netty.channel.AbstractChannel$AnnotatedConnectException: Connection refused: /61.158.166.44:8021
Caused by: java.net.ConnectException: Connection refused
	at java.base/sun.nio.ch.SocketChannelImpl.checkConnect(Native Method)
	at java.base/sun.nio.ch.SocketChannelImpl.finishConnect(SocketChannelImpl.java:777)
	at io.netty.channel.socket.nio.NioSocketChannel.doFinishConnect(NioSocketChannel.java:330)
	at io.netty.channel.nio.AbstractNioChannel$AbstractNioUnsafe.finishConnect(AbstractNioChannel.java:334)
	at io.netty.channel.nio.NioEventLoop.processSelectedKey(NioEventLoop.java:707)
	at io.netty.channel.nio.NioEventLoop.processSelectedKeysOptimized(NioEventLoop.java:655)
	at io.netty.channel.nio.NioEventLoop.processSelectedKeys(NioEventLoop.java:581)
	at io.netty.channel.nio.NioEventLoop.run(NioEventLoop.java:493)
	at io.netty.util.concurrent.SingleThreadEventExecutor$4.run(SingleThreadEventExecutor.java:989)
	at io.netty.util.internal.ThreadExecutorMap$2.run(ThreadExecutorMap.java:74)
	at io.netty.util.concurrent.FastThreadLocalRunnable.run(FastThreadLocalRunnable.java:30)
	at java.base/java.lang.Thread.run(Thread.java:829)
2026-02-25 03:12:38.750 - [WARN ] - esl
org.freeswitch.esl.client.inbound.InboundConnectionException: Could not connect to /61.158.166.45:8021
	at org.freeswitch.esl.client.inbound.Client.connect(Client.java:134)
	at cn.psycall.ccmgt.util.FreeSwitchManage.monitor(FreeSwitchManage.java:86)
	at cn.psycall.ccmgt.util.FreeSwitchManage.run(FreeSwitchManage.java:42)
Caused by: io.netty.channel.AbstractChannel$AnnotatedConnectException: Connection refused: /61.158.166.45:8021
Caused by: java.net.ConnectException: Connection refused
	at java.base/sun.nio.ch.SocketChannelImpl.checkConnect(Native Method)
	at java.base/sun.nio.ch.SocketChannelImpl.finishConnect(SocketChannelImpl.java:777)
	at io.netty.channel.socket.nio.NioSocketChannel.doFinishConnect(NioSocketChannel.java:330)
	at io.netty.channel.nio.AbstractNioChannel$AbstractNioUnsafe.finishConnect(AbstractNioChannel.java:334)
	at io.netty.channel.nio.NioEventLoop.processSelectedKey(NioEventLoop.java:707)
	at io.netty.channel.nio.NioEventLoop.processSelectedKeysOptimized(NioEventLoop.java:655)
	at io.netty.channel.nio.NioEventLoop.processSelectedKeys(NioEventLoop.java:581)
	at io.netty.channel.nio.NioEventLoop.run(NioEventLoop.java:493)
	at io.netty.util.concurrent.SingleThreadEventExecutor$4.run(SingleThreadEventExecutor.java:989)
	at io.netty.util.internal.ThreadExecutorMap$2.run(ThreadExecutorMap.java:74)
	at io.netty.util.concurrent.FastThreadLocalRunnable.run(FastThreadLocalRunnable.java:30)
	at java.base/java.lang.Thread.run(Thread.java:829)
2026-02-25 03:12:39.836 - [WARN ] - esl
org.freeswitch.esl.client.inbound.InboundConnectionException: Could not connect to /61.158.166.44:8021
	at org.freeswitch.esl.client.inbound.Client.connect(Client.java:134)
	at cn.psycall.ccmgt.util.FreeSwitchManage.monitor(FreeSwitchManage.java:86)
	at cn.psycall.ccmgt.util.FreeSwitchManage.run(FreeSwitchManage.java:42)
Caused by: io.netty.channel.AbstractChannel$AnnotatedConnectException: Connection refused: /61.158.166.44:8021
Caused by: java.net.ConnectException: Connection refused
	at java.base/sun.nio.ch.SocketChannelImpl.checkConnect(Native Method)
	at java.base/sun.nio.ch.SocketChannelImpl.finishConnect(SocketChannelImpl.java:777)
	at io.netty.channel.socket.nio.NioSocketChannel.doFinishConnect(NioSocketChannel.java:330)
	at io.netty.channel.nio.AbstractNioChannel$AbstractNioUnsafe.finishConnect(AbstractNioChannel.java:334)
	at io.netty.channel.nio.NioEventLoop.processSelectedKey(NioEventLoop.java:707)
	at io.netty.channel.nio.NioEventLoop.processSelectedKeysOptimized(NioEventLoop.java:655)
	at io.netty.channel.nio.NioEventLoop.processSelectedKeys(NioEventLoop.java:581)
	at io.netty.channel.nio.NioEventLoop.run(NioEventLoop.java:493)
	at io.netty.util.concurrent.SingleThreadEventExecutor$4.run(SingleThreadEventExecutor.java:989)
	at io.netty.util.internal.ThreadExecutorMap$2.run(ThreadExecutorMap.java:74)
	at io.netty.util.concurrent.FastThreadLocalRunnable.run(FastThreadLocalRunnable.java:30)
	at java.base/java.lang.Thread.run(Thread.java:829)
2026-02-25 03:12:39.916 - [WARN ] - esl
org.freeswitch.esl.client.inbound.InboundConnectionException: Could not connect to /61.158.166.45:8021
	at org.freeswitch.esl.client.inbound.Client.connect(Client.java:134)
	at cn.psycall.ccmgt.util.FreeSwitchManage.monitor(FreeSwitchManage.java:86)
	at cn.psycall.ccmgt.util.FreeSwitchManage.run(FreeSwitchManage.java:42)
Caused by: io.netty.channel.AbstractChannel$AnnotatedConnectException: Connection refused: /61.158.166.45:8021
Caused by: java.net.ConnectException: Connection refused
	at java.base/sun.nio.ch.SocketChannelImpl.checkConnect(Native Method)
	at java.base/sun.nio.ch.SocketChannelImpl.finishConnect(SocketChannelImpl.java:777)
	at io.netty.channel.socket.nio.NioSocketChannel.doFinishConnect(NioSocketChannel.java:330)
	at io.netty.channel.nio.AbstractNioChannel$AbstractNioUnsafe.finishConnect(AbstractNioChannel.java:334)
	at io.netty.channel.nio.NioEventLoop.processSelectedKey(NioEventLoop.java:707)
	at io.netty.channel.nio.NioEventLoop.processSelectedKeysOptimized(NioEventLoop.java:655)
	at io.netty.channel.nio.NioEventLoop.processSelectedKeys(NioEventLoop.java:581)
	at io.netty.channel.nio.NioEventLoop.run(NioEventLoop.java:493)
	at io.netty.util.concurrent.SingleThreadEventExecutor$4.run(SingleThreadEventExecutor.java:989)
	at io.netty.util.internal.ThreadExecutorMap$2.run(ThreadExecutorMap.java:74)
	at io.netty.util.concurrent.FastThreadLocalRunnable.run(FastThreadLocalRunnable.java:30)
	at java.base/java.lang.Thread.run(Thread.java:829)
2026-02-25 03:12:41.002 - [WARN ] - esl
org.freeswitch.esl.client.inbound.InboundConnectionException: Could not connect to /61.158.166.44:8021
	at org.freeswitch.esl.client.inbound.Client.connect(Client.java:134)
	at cn.psycall.ccmgt.util.FreeSwitchManage.monitor(FreeSwitchManage.java:86)
	at cn.psycall.ccmgt.util.FreeSwitchManage.run(FreeSwitchManage.java:42)
Caused by: io.netty.channel.AbstractChannel$AnnotatedConnectException: Connection refused: /61.158.166.44:8021
Caused by: java.net.ConnectException: Connection refused
	at java.base/sun.nio.ch.SocketChannelImpl.checkConnect(Native Method)
	at java.base/sun.nio.ch.SocketChannelImpl.finishConnect(SocketChannelImpl.java:777)
	at io.netty.channel.socket.nio.NioSocketChannel.doFinishConnect(NioSocketChannel.java:330)
	at io.netty.channel.nio.AbstractNioChannel$AbstractNioUnsafe.finishConnect(AbstractNioChannel.java:334)
	at io.netty.channel.nio.NioEventLoop.processSelectedKey(NioEventLoop.java:707)
	at io.netty.channel.nio.NioEventLoop.processSelectedKeysOptimized(NioEventLoop.java:655)
	at io.netty.channel.nio.NioEventLoop.processSelectedKeys(NioEventLoop.java:581)
	at io.netty.channel.nio.NioEventLoop.run(NioEventLoop.java:493)
	at io.netty.util.concurrent.SingleThreadEventExecutor$4.run(SingleThreadEventExecutor.java:989)
	at io.netty.util.internal.ThreadExecutorMap$2.run(ThreadExecutorMap.java:74)
	at io.netty.util.concurrent.FastThreadLocalRunnable.run(FastThreadLocalRunnable.java:30)
	at java.base/java.lang.Thread.run(Thread.java:829)
2026-02-25 03:12:41.085 - [WARN ] - esl
org.freeswitch.esl.client.inbound.InboundConnectionException: Could not connect to /61.158.166.45:8021
	at org.freeswitch.esl.client.inbound.Client.connect(Client.java:134)
	at cn.psycall.ccmgt.util.FreeSwitchManage.monitor(FreeSwitchManage.java:86)
	at cn.psycall.ccmgt.util.FreeSwitchManage.run(FreeSwitchManage.java:42)
Caused by: io.netty.channel.AbstractChannel$AnnotatedConnectException: Connection refused: /61.158.166.45:8021
Caused by: java.net.ConnectException: Connection refused
	at java.base/sun.nio.ch.SocketChannelImpl.checkConnect(Native Method)
	at java.base/sun.nio.ch.SocketChannelImpl.finishConnect(SocketChannelImpl.java:777)
	at io.netty.channel.socket.nio.NioSocketChannel.doFinishConnect(NioSocketChannel.java:330)
	at io.netty.channel.nio.AbstractNioChannel$AbstractNioUnsafe.finishConnect(AbstractNioChannel.java:334)
	at io.netty.channel.nio.NioEventLoop.processSelectedKey(NioEventLoop.java:707)
	at io.netty.channel.nio.NioEventLoop.processSelectedKeysOptimized(NioEventLoop.java:655)
	at io.netty.channel.nio.NioEventLoop.processSelectedKeys(NioEventLoop.java:581)
	at io.netty.channel.nio.NioEventLoop.run(NioEventLoop.java:493)
	at io.netty.util.concurrent.SingleThreadEventExecutor$4.run(SingleThreadEventExecutor.java:989)
	at io.netty.util.internal.ThreadExecutorMap$2.run(ThreadExecutorMap.java:74)
	at io.netty.util.concurrent.FastThreadLocalRunnable.run(FastThreadLocalRunnable.java:30)
	at java.base/java.lang.Thread.run(Thread.java:829)
2026-02-25 03:12:42.171 - [WARN ] - esl
org.freeswitch.esl.client.inbound.InboundConnectionException: Could not connect to /61.158.166.44:8021
	at org.freeswitch.esl.client.inbound.Client.connect(Client.java:134)
	at cn.psycall.ccmgt.util.FreeSwitchManage.monitor(FreeSwitchManage.java:86)
	at cn.psycall.ccmgt.util.FreeSwitchManage.run(FreeSwitchManage.java:42)
Caused by: io.netty.channel.AbstractChannel$AnnotatedConnectException: Connection refused: /61.158.166.44:8021
Caused by: java.net.ConnectException: Connection refused
	at java.base/sun.nio.ch.SocketChannelImpl.checkConnect(Native Method)
	at java.base/sun.nio.ch.SocketChannelImpl.finishConnect(SocketChannelImpl.java:777)
	at io.netty.channel.socket.nio.NioSocketChannel.doFinishConnect(NioSocketChannel.java:330)
	at io.netty.channel.nio.AbstractNioChannel$AbstractNioUnsafe.finishConnect(AbstractNioChannel.java:334)
	at io.netty.channel.nio.NioEventLoop.processSelectedKey(NioEventLoop.java:707)
	at io.netty.channel.nio.NioEventLoop.processSelectedKeysOptimized(NioEventLoop.java:655)
	at io.netty.channel.nio.NioEventLoop.processSelectedKeys(NioEventLoop.java:581)
	at io.netty.channel.nio.NioEventLoop.run(NioEventLoop.java:493)
	at io.netty.util.concurrent.SingleThreadEventExecutor$4.run(SingleThreadEventExecutor.java:989)
	at io.netty.util.internal.ThreadExecutorMap$2.run(ThreadExecutorMap.java:74)
	at io.netty.util.concurrent.FastThreadLocalRunnable.run(FastThreadLocalRunnable.java:30)
	at java.base/java.lang.Thread.run(Thread.java:829)
2026-02-25 03:12:42.264 - [WARN ] - esl
org.freeswitch.esl.client.inbound.InboundConnectionException: Could not connect to /61.158.166.45:8021
	at org.freeswitch.esl.client.inbound.Client.connect(Client.java:134)
	at cn.psycall.ccmgt.util.FreeSwitchManage.monitor(FreeSwitchManage.java:86)
	at cn.psycall.ccmgt.util.FreeSwitchManage.run(FreeSwitchManage.java:42)
Caused by: io.netty.channel.AbstractChannel$AnnotatedConnectException: Connection refused: /61.158.166.45:8021
Caused by: java.net.ConnectException: Connection refused
	at java.base/sun.nio.ch.SocketChannelImpl.checkConnect(Native Method)
	at java.base/sun.nio.ch.SocketChannelImpl.finishConnect(SocketChannelImpl.java:777)
	at io.netty.channel.socket.nio.NioSocketChannel.doFinishConnect(NioSocketChannel.java:330)
	at io.netty.channel.nio.AbstractNioChannel$AbstractNioUnsafe.finishConnect(AbstractNioChannel.java:334)
	at io.netty.channel.nio.NioEventLoop.processSelectedKey(NioEventLoop.java:707)
	at io.netty.channel.nio.NioEventLoop.processSelectedKeysOptimized(NioEventLoop.java:655)
	at io.netty.channel.nio.NioEventLoop.processSelectedKeys(NioEventLoop.java:581)
	at io.netty.channel.nio.NioEventLoop.run(NioEventLoop.java:493)
	at io.netty.util.concurrent.SingleThreadEventExecutor$4.run(SingleThreadEventExecutor.java:989)
	at io.netty.util.internal.ThreadExecutorMap$2.run(ThreadExecutorMap.java:74)
	at io.netty.util.concurrent.FastThreadLocalRunnable.run(FastThreadLocalRunnable.java:30)
	at java.base/java.lang.Thread.run(Thread.java:829)
2026-02-25 03:12:43.338 - [WARN ] - esl
org.freeswitch.esl.client.inbound.InboundConnectionException: Could not connect to /61.158.166.44:8021
	at org.freeswitch.esl.client.inbound.Client.connect(Client.java:134)
	at cn.psycall.ccmgt.util.FreeSwitchManage.monitor(FreeSwitchManage.java:86)
	at cn.psycall.ccmgt.util.FreeSwitchManage.run(FreeSwitchManage.java:42)
Caused by: io.netty.channel.AbstractChannel$AnnotatedConnectException: Connection refused: /61.158.166.44:8021
Caused by: java.net.ConnectException: Connection refused
	at java.base/sun.nio.ch.SocketChannelImpl.checkConnect(Native Method)
	at java.base/sun.nio.ch.SocketChannelImpl.finishConnect(SocketChannelImpl.java:777)
	at io.netty.channel.socket.nio.NioSocketChannel.doFinishConnect(NioSocketChannel.java:330)
	at io.netty.channel.nio.AbstractNioChannel$AbstractNioUnsafe.finishConnect(AbstractNioChannel.java:334)
	at io.netty.channel.nio.NioEventLoop.processSelectedKey(NioEventLoop.java:707)
	at io.netty.channel.nio.NioEventLoop.processSelectedKeysOptimized(NioEventLoop.java:655)
	at io.netty.channel.nio.NioEventLoop.processSelectedKeys(NioEventLoop.java:581)
	at io.netty.channel.nio.NioEventLoop.run(NioEventLoop.java:493)
	at io.netty.util.concurrent.SingleThreadEventExecutor$4.run(SingleThreadEventExecutor.java:989)
	at io.netty.util.internal.ThreadExecutorMap$2.run(ThreadExecutorMap.java:74)
	at io.netty.util.concurrent.FastThreadLocalRunnable.run(FastThreadLocalRunnable.java:30)
	at java.base/java.lang.Thread.run(Thread.java:829)
2026-02-25 03:12:43.414 - [WARN ] - esl
org.freeswitch.esl.client.inbound.InboundConnectionException: Could not connect to /61.158.166.45:8021
	at org.freeswitch.esl.client.inbound.Client.connect(Client.java:134)
	at cn.psycall.ccmgt.util.FreeSwitchManage.monitor(FreeSwitchManage.java:86)
	at cn.psycall.ccmgt.util.FreeSwitchManage.run(FreeSwitchManage.java:42)
Caused by: io.netty.channel.AbstractChannel$AnnotatedConnectException: Connection refused: /61.158.166.45:8021
Caused by: java.net.ConnectException: Connection refused
	at java.base/sun.nio.ch.SocketChannelImpl.checkConnect(Native Method)
	at java.base/sun.nio.ch.SocketChannelImpl.finishConnect(SocketChannelImpl.java:777)
	at io.netty.channel.socket.nio.NioSocketChannel.doFinishConnect(NioSocketChannel.java:330)
	at io.netty.channel.nio.AbstractNioChannel$AbstractNioUnsafe.finishConnect(AbstractNioChannel.java:334)
	at io.netty.channel.nio.NioEventLoop.processSelectedKey(NioEventLoop.java:707)
	at io.netty.channel.nio.NioEventLoop.processSelectedKeysOptimized(NioEventLoop.java:655)
	at io.netty.channel.nio.NioEventLoop.processSelectedKeys(NioEventLoop.java:581)
	at io.netty.channel.nio.NioEventLoop.run(NioEventLoop.java:493)
	at io.netty.util.concurrent.SingleThreadEventExecutor$4.run(SingleThreadEventExecutor.java:989)
	at io.netty.util.internal.ThreadExecutorMap$2.run(ThreadExecutorMap.java:74)
	at io.netty.util.concurrent.FastThreadLocalRunnable.run(FastThreadLocalRunnable.java:30)
	at java.base/java.lang.Thread.run(Thread.java:829)
2026-02-25 03:12:44.494 - [WARN ] - esl
org.freeswitch.esl.client.inbound.InboundConnectionException: Could not connect to /61.158.166.44:8021
	at org.freeswitch.esl.client.inbound.Client.connect(Client.java:134)
	at cn.psycall.ccmgt.util.FreeSwitchManage.monitor(FreeSwitchManage.java:86)
	at cn.psycall.ccmgt.util.FreeSwitchManage.run(FreeSwitchManage.java:42)
Caused by: io.netty.channel.AbstractChannel$AnnotatedConnectException: Connection refused: /61.158.166.44:8021
Caused by: java.net.ConnectException: Connection refused
	at java.base/sun.nio.ch.SocketChannelImpl.checkConnect(Native Method)
	at java.base/sun.nio.ch.SocketChannelImpl.finishConnect(SocketChannelImpl.java:777)
	at io.netty.channel.socket.nio.NioSocketChannel.doFinishConnect(NioSocketChannel.java:330)
	at io.netty.channel.nio.AbstractNioChannel$AbstractNioUnsafe.finishConnect(AbstractNioChannel.java:334)
	at io.netty.channel.nio.NioEventLoop.processSelectedKey(NioEventLoop.java:707)
	at io.netty.channel.nio.NioEventLoop.processSelectedKeysOptimized(NioEventLoop.java:655)
	at io.netty.channel.nio.NioEventLoop.processSelectedKeys(NioEventLoop.java:581)
	at io.netty.channel.nio.NioEventLoop.run(NioEventLoop.java:493)
	at io.netty.util.concurrent.SingleThreadEventExecutor$4.run(SingleThreadEventExecutor.java:989)
	at io.netty.util.internal.ThreadExecutorMap$2.run(ThreadExecutorMap.java:74)
	at io.netty.util.concurrent.FastThreadLocalRunnable.run(FastThreadLocalRunnable.java:30)
	at java.base/java.lang.Thread.run(Thread.java:829)
2026-02-25 03:12:50.971 - [WARN ] - esl
org.freeswitch.esl.client.inbound.InboundConnectionException: Could not connect to /61.158.166.45:8021
	at org.freeswitch.esl.client.inbound.Client.connect(Client.java:134)
	at cn.psycall.ccmgt.util.FreeSwitchManage.monitor(FreeSwitchManage.java:86)
	at cn.psycall.ccmgt.util.FreeSwitchManage.run(FreeSwitchManage.java:42)
Caused by: io.netty.channel.AbstractChannel$AnnotatedConnectException: Connection refused: /61.158.166.45:8021
Caused by: java.net.ConnectException: Connection refused
	at java.base/sun.nio.ch.SocketChannelImpl.checkConnect(Native Method)
	at java.base/sun.nio.ch.SocketChannelImpl.finishConnect(SocketChannelImpl.java:777)
	at io.netty.channel.socket.nio.NioSocketChannel.doFinishConnect(NioSocketChannel.java:330)
	at io.netty.channel.nio.AbstractNioChannel$AbstractNioUnsafe.finishConnect(AbstractNioChannel.java:334)
	at io.netty.channel.nio.NioEventLoop.processSelectedKey(NioEventLoop.java:707)
	at io.netty.channel.nio.NioEventLoop.processSelectedKeysOptimized(NioEventLoop.java:655)
	at io.netty.channel.nio.NioEventLoop.processSelectedKeys(NioEventLoop.java:581)
	at io.netty.channel.nio.NioEventLoop.run(NioEventLoop.java:493)
	at io.netty.util.concurrent.SingleThreadEventExecutor$4.run(SingleThreadEventExecutor.java:989)
	at io.netty.util.internal.ThreadExecutorMap$2.run(ThreadExecutorMap.java:74)
	at io.netty.util.concurrent.FastThreadLocalRunnable.run(FastThreadLocalRunnable.java:30)
	at java.base/java.lang.Thread.run(Thread.java:829)
2026-02-25 03:12:52.059 - [WARN ] - esl
org.freeswitch.esl.client.inbound.InboundConnectionException: Could not connect to /61.158.166.44:8021
	at org.freeswitch.esl.client.inbound.Client.connect(Client.java:134)
	at cn.psycall.ccmgt.util.FreeSwitchManage.monitor(FreeSwitchManage.java:86)
	at cn.psycall.ccmgt.util.FreeSwitchManage.run(FreeSwitchManage.java:42)
Caused by: io.netty.channel.AbstractChannel$AnnotatedConnectException: Connection refused: /61.158.166.44:8021
Caused by: java.net.ConnectException: Connection refused
	at java.base/sun.nio.ch.SocketChannelImpl.checkConnect(Native Method)
	at java.base/sun.nio.ch.SocketChannelImpl.finishConnect(SocketChannelImpl.java:777)
	at io.netty.channel.socket.nio.NioSocketChannel.doFinishConnect(NioSocketChannel.java:330)
	at io.netty.channel.nio.AbstractNioChannel$AbstractNioUnsafe.finishConnect(AbstractNioChannel.java:334)
	at io.netty.channel.nio.NioEventLoop.processSelectedKey(NioEventLoop.java:707)
	at io.netty.channel.nio.NioEventLoop.processSelectedKeysOptimized(NioEventLoop.java:655)
	at io.netty.channel.nio.NioEventLoop.processSelectedKeys(NioEventLoop.java:581)
	at io.netty.channel.nio.NioEventLoop.run(NioEventLoop.java:493)
	at io.netty.util.concurrent.SingleThreadEventExecutor$4.run(SingleThreadEventExecutor.java:989)
	at io.netty.util.internal.ThreadExecutorMap$2.run(ThreadExecutorMap.java:74)
	at io.netty.util.concurrent.FastThreadLocalRunnable.run(FastThreadLocalRunnable.java:30)
	at java.base/java.lang.Thread.run(Thread.java:829)
2026-02-25 03:12:52.138 - [WARN ] - esl
org.freeswitch.esl.client.inbound.InboundConnectionException: Could not connect to /61.158.166.45:8021
	at org.freeswitch.esl.client.inbound.Client.connect(Client.java:134)
	at cn.psycall.ccmgt.util.FreeSwitchManage.monitor(FreeSwitchManage.java:86)
	at cn.psycall.ccmgt.util.FreeSwitchManage.run(FreeSwitchManage.java:42)
Caused by: io.netty.channel.AbstractChannel$AnnotatedConnectException: Connection refused: /61.158.166.45:8021
Caused by: java.net.ConnectException: Connection refused
	at java.base/sun.nio.ch.SocketChannelImpl.checkConnect(Native Method)
	at java.base/sun.nio.ch.SocketChannelImpl.finishConnect(SocketChannelImpl.java:777)
	at io.netty.channel.socket.nio.NioSocketChannel.doFinishConnect(NioSocketChannel.java:330)
	at io.netty.channel.nio.AbstractNioChannel$AbstractNioUnsafe.finishConnect(AbstractNioChannel.java:334)
	at io.netty.channel.nio.NioEventLoop.processSelectedKey(NioEventLoop.java:707)
	at io.netty.channel.nio.NioEventLoop.processSelectedKeysOptimized(NioEventLoop.java:655)
	at io.netty.channel.nio.NioEventLoop.processSelectedKeys(NioEventLoop.java:581)
	at io.netty.channel.nio.NioEventLoop.run(NioEventLoop.java:493)
	at io.netty.util.concurrent.SingleThreadEventExecutor$4.run(SingleThreadEventExecutor.java:989)
	at io.netty.util.internal.ThreadExecutorMap$2.run(ThreadExecutorMap.java:74)
	at io.netty.util.concurrent.FastThreadLocalRunnable.run(FastThreadLocalRunnable.java:30)
	at java.base/java.lang.Thread.run(Thread.java:829)
2026-02-25 03:12:53.425 - [WARN ] - conn_rabbit_mq
org.springframework.web.client.ResourceAccessException: I/O error on POST request for "http://61.158.166.44:8888/command/conn_rabbit_mq": Connect to 61.158.166.44:8888 [/61.158.166.44] failed: Connection refused (Connection refused); nested exception is org.apache.http.conn.HttpHostConnectException: Connect to 61.158.166.44:8888 [/61.158.166.44] failed: Connection refused (Connection refused)
	at org.springframework.web.client.RestTemplate.doExecute(RestTemplate.java:791)
	at org.springframework.web.client.RestTemplate.execute(RestTemplate.java:717)
	at org.springframework.web.client.RestTemplate.exchange(RestTemplate.java:608)
	at cn.psycall.ccmgt.util.FreeSwitchManage.conn_rabbit_mq(FreeSwitchManage.java:272)
	at cn.psycall.ccmgt.util.FreeSwitchManage.monitor(FreeSwitchManage.java:89)
	at cn.psycall.ccmgt.util.FreeSwitchManage.run(FreeSwitchManage.java:42)
Caused by: org.apache.http.conn.HttpHostConnectException: Connect to 61.158.166.44:8888 [/61.158.166.44] failed: Connection refused (Connection refused)
	at org.apache.http.impl.conn.DefaultHttpClientConnectionOperator.connect(DefaultHttpClientConnectionOperator.java:156)
	at org.apache.http.impl.conn.PoolingHttpClientConnectionManager.connect(PoolingHttpClientConnectionManager.java:376)
	at org.apache.http.impl.execchain.MainClientExec.establishRoute(MainClientExec.java:393)
	at org.apache.http.impl.execchain.MainClientExec.execute(MainClientExec.java:236)
	at org.apache.http.impl.execchain.ProtocolExec.execute(ProtocolExec.java:186)
	at org.apache.http.impl.execchain.RetryExec.execute(RetryExec.java:89)
	at org.apache.http.impl.execchain.RedirectExec.execute(RedirectExec.java:110)
	at org.apache.http.impl.client.InternalHttpClient.doExecute(InternalHttpClient.java:185)
	at org.apache.http.impl.client.CloseableHttpClient.execute(CloseableHttpClient.java:83)
	at org.apache.http.impl.client.CloseableHttpClient.execute(CloseableHttpClient.java:56)
	at org.springframework.http.client.HttpComponentsClientHttpRequest.executeInternal(HttpComponentsClientHttpRequest.java:87)
	at org.springframework.http.client.AbstractBufferingClientHttpRequest.executeInternal(AbstractBufferingClientHttpRequest.java:48)
	at org.springframework.http.client.AbstractClientHttpRequest.execute(AbstractClientHttpRequest.java:66)
	at org.springframework.web.client.RestTemplate.doExecute(RestTemplate.java:782)
	... 5 common frames omitted
Caused by: java.net.ConnectException: Connection refused (Connection refused)
	at java.base/java.net.PlainSocketImpl.socketConnect(Native Method)
	at java.base/java.net.AbstractPlainSocketImpl.doConnect(AbstractPlainSocketImpl.java:412)
	at java.base/java.net.AbstractPlainSocketImpl.connectToAddress(AbstractPlainSocketImpl.java:255)
	at java.base/java.net.AbstractPlainSocketImpl.connect(AbstractPlainSocketImpl.java:237)
	at java.base/java.net.SocksSocketImpl.connect(SocksSocketImpl.java:392)
	at java.base/java.net.Socket.connect(Socket.java:609)
	at org.apache.http.conn.socket.PlainConnectionSocketFactory.connectSocket(PlainConnectionSocketFactory.java:75)
	at org.apache.http.impl.conn.DefaultHttpClientConnectionOperator.connect(DefaultHttpClientConnectionOperator.java:142)
	... 18 common frames omitted
2026-02-25 03:12:53.503 - [WARN ] - esl
org.freeswitch.esl.client.inbound.InboundConnectionException: Could not connect to /61.158.166.45:8021
	at org.freeswitch.esl.client.inbound.Client.connect(Client.java:134)
	at cn.psycall.ccmgt.util.FreeSwitchManage.monitor(FreeSwitchManage.java:86)
	at cn.psycall.ccmgt.util.FreeSwitchManage.run(FreeSwitchManage.java:42)
Caused by: io.netty.channel.AbstractChannel$AnnotatedConnectException: Connection refused: /61.158.166.45:8021
Caused by: java.net.ConnectException: Connection refused
	at java.base/sun.nio.ch.SocketChannelImpl.checkConnect(Native Method)
	at java.base/sun.nio.ch.SocketChannelImpl.finishConnect(SocketChannelImpl.java:777)
	at io.netty.channel.socket.nio.NioSocketChannel.doFinishConnect(NioSocketChannel.java:330)
	at io.netty.channel.nio.AbstractNioChannel$AbstractNioUnsafe.finishConnect(AbstractNioChannel.java:334)
	at io.netty.channel.nio.NioEventLoop.processSelectedKey(NioEventLoop.java:707)
	at io.netty.channel.nio.NioEventLoop.processSelectedKeysOptimized(NioEventLoop.java:655)
	at io.netty.channel.nio.NioEventLoop.processSelectedKeys(NioEventLoop.java:581)
	at io.netty.channel.nio.NioEventLoop.run(NioEventLoop.java:493)
	at io.netty.util.concurrent.SingleThreadEventExecutor$4.run(SingleThreadEventExecutor.java:989)
	at io.netty.util.internal.ThreadExecutorMap$2.run(ThreadExecutorMap.java:74)
	at io.netty.util.concurrent.FastThreadLocalRunnable.run(FastThreadLocalRunnable.java:30)
	at java.base/java.lang.Thread.run(Thread.java:829)
2026-02-25 03:12:54.782 - [WARN ] - conn_rabbit_mq
org.springframework.web.client.ResourceAccessException: I/O error on POST request for "http://61.158.166.44:8888/command/conn_rabbit_mq": Connect to 61.158.166.44:8888 [/61.158.166.44] failed: Connection refused (Connection refused); nested exception is org.apache.http.conn.HttpHostConnectException: Connect to 61.158.166.44:8888 [/61.158.166.44] failed: Connection refused (Connection refused)
	at org.springframework.web.client.RestTemplate.doExecute(RestTemplate.java:791)
	at org.springframework.web.client.RestTemplate.execute(RestTemplate.java:717)
	at org.springframework.web.client.RestTemplate.exchange(RestTemplate.java:608)
	at cn.psycall.ccmgt.util.FreeSwitchManage.conn_rabbit_mq(FreeSwitchManage.java:272)
	at cn.psycall.ccmgt.util.FreeSwitchManage.monitor(FreeSwitchManage.java:89)
	at cn.psycall.ccmgt.util.FreeSwitchManage.run(FreeSwitchManage.java:42)
Caused by: org.apache.http.conn.HttpHostConnectException: Connect to 61.158.166.44:8888 [/61.158.166.44] failed: Connection refused (Connection refused)
	at org.apache.http.impl.conn.DefaultHttpClientConnectionOperator.connect(DefaultHttpClientConnectionOperator.java:156)
	at org.apache.http.impl.conn.PoolingHttpClientConnectionManager.connect(PoolingHttpClientConnectionManager.java:376)
	at org.apache.http.impl.execchain.MainClientExec.establishRoute(MainClientExec.java:393)
	at org.apache.http.impl.execchain.MainClientExec.execute(MainClientExec.java:236)
	at org.apache.http.impl.execchain.ProtocolExec.execute(ProtocolExec.java:186)
	at org.apache.http.impl.execchain.RetryExec.execute(RetryExec.java:89)
	at org.apache.http.impl.execchain.RedirectExec.execute(RedirectExec.java:110)
	at org.apache.http.impl.client.InternalHttpClient.doExecute(InternalHttpClient.java:185)
	at org.apache.http.impl.client.CloseableHttpClient.execute(CloseableHttpClient.java:83)
	at org.apache.http.impl.client.CloseableHttpClient.execute(CloseableHttpClient.java:56)
	at org.springframework.http.client.HttpComponentsClientHttpRequest.executeInternal(HttpComponentsClientHttpRequest.java:87)
	at org.springframework.http.client.AbstractBufferingClientHttpRequest.executeInternal(AbstractBufferingClientHttpRequest.java:48)
	at org.springframework.http.client.AbstractClientHttpRequest.execute(AbstractClientHttpRequest.java:66)
	at org.springframework.web.client.RestTemplate.doExecute(RestTemplate.java:782)
	... 5 common frames omitted
Caused by: java.net.ConnectException: Connection refused (Connection refused)
	at java.base/java.net.PlainSocketImpl.socketConnect(Native Method)
	at java.base/java.net.AbstractPlainSocketImpl.doConnect(AbstractPlainSocketImpl.java:412)
	at java.base/java.net.AbstractPlainSocketImpl.connectToAddress(AbstractPlainSocketImpl.java:255)
	at java.base/java.net.AbstractPlainSocketImpl.connect(AbstractPlainSocketImpl.java:237)
	at java.base/java.net.SocksSocketImpl.connect(SocksSocketImpl.java:392)
	at java.base/java.net.Socket.connect(Socket.java:609)
	at org.apache.http.conn.socket.PlainConnectionSocketFactory.connectSocket(PlainConnectionSocketFactory.java:75)
	at org.apache.http.impl.conn.DefaultHttpClientConnectionOperator.connect(DefaultHttpClientConnectionOperator.java:142)
	... 18 common frames omitted
2026-02-25 03:12:54.861 - [WARN ] - esl
org.freeswitch.esl.client.inbound.InboundConnectionException: Could not connect to /61.158.166.45:8021
	at org.freeswitch.esl.client.inbound.Client.connect(Client.java:134)
	at cn.psycall.ccmgt.util.FreeSwitchManage.monitor(FreeSwitchManage.java:86)
	at cn.psycall.ccmgt.util.FreeSwitchManage.run(FreeSwitchManage.java:42)
Caused by: io.netty.channel.AbstractChannel$AnnotatedConnectException: Connection refused: /61.158.166.45:8021
Caused by: java.net.ConnectException: Connection refused
	at java.base/sun.nio.ch.SocketChannelImpl.checkConnect(Native Method)
	at java.base/sun.nio.ch.SocketChannelImpl.finishConnect(SocketChannelImpl.java:777)
	at io.netty.channel.socket.nio.NioSocketChannel.doFinishConnect(NioSocketChannel.java:330)
	at io.netty.channel.nio.AbstractNioChannel$AbstractNioUnsafe.finishConnect(AbstractNioChannel.java:334)
	at io.netty.channel.nio.NioEventLoop.processSelectedKey(NioEventLoop.java:707)
	at io.netty.channel.nio.NioEventLoop.processSelectedKeysOptimized(NioEventLoop.java:655)
	at io.netty.channel.nio.NioEventLoop.processSelectedKeys(NioEventLoop.java:581)
	at io.netty.channel.nio.NioEventLoop.run(NioEventLoop.java:493)
	at io.netty.util.concurrent.SingleThreadEventExecutor$4.run(SingleThreadEventExecutor.java:989)
	at io.netty.util.internal.ThreadExecutorMap$2.run(ThreadExecutorMap.java:74)
	at io.netty.util.concurrent.FastThreadLocalRunnable.run(FastThreadLocalRunnable.java:30)
	at java.base/java.lang.Thread.run(Thread.java:829)
2026-02-25 03:12:56.384 - [WARN ] - esl
org.freeswitch.esl.client.inbound.InboundConnectionException: Could not connect to /61.158.166.45:8021
	at org.freeswitch.esl.client.inbound.Client.connect(Client.java:134)
	at cn.psycall.ccmgt.util.FreeSwitchManage.monitor(FreeSwitchManage.java:86)
	at cn.psycall.ccmgt.util.FreeSwitchManage.run(FreeSwitchManage.java:42)
Caused by: io.netty.channel.AbstractChannel$AnnotatedConnectException: Connection refused: /61.158.166.45:8021
Caused by: java.net.ConnectException: Connection refused
	at java.base/sun.nio.ch.SocketChannelImpl.checkConnect(Native Method)
	at java.base/sun.nio.ch.SocketChannelImpl.finishConnect(SocketChannelImpl.java:777)
	at io.netty.channel.socket.nio.NioSocketChannel.doFinishConnect(NioSocketChannel.java:330)
	at io.netty.channel.nio.AbstractNioChannel$AbstractNioUnsafe.finishConnect(AbstractNioChannel.java:334)
	at io.netty.channel.nio.NioEventLoop.processSelectedKey(NioEventLoop.java:707)
	at io.netty.channel.nio.NioEventLoop.processSelectedKeysOptimized(NioEventLoop.java:655)
	at io.netty.channel.nio.NioEventLoop.processSelectedKeys(NioEventLoop.java:581)
	at io.netty.channel.nio.NioEventLoop.run(NioEventLoop.java:493)
	at io.netty.util.concurrent.SingleThreadEventExecutor$4.run(SingleThreadEventExecutor.java:989)
	at io.netty.util.internal.ThreadExecutorMap$2.run(ThreadExecutorMap.java:74)
	at io.netty.util.concurrent.FastThreadLocalRunnable.run(FastThreadLocalRunnable.java:30)
	at java.base/java.lang.Thread.run(Thread.java:829)
2026-02-25 03:12:57.754 - [WARN ] - esl
org.freeswitch.esl.client.inbound.InboundConnectionException: Could not connect to /61.158.166.45:8021
	at org.freeswitch.esl.client.inbound.Client.connect(Client.java:134)
	at cn.psycall.ccmgt.util.FreeSwitchManage.monitor(FreeSwitchManage.java:86)
	at cn.psycall.ccmgt.util.FreeSwitchManage.run(FreeSwitchManage.java:42)
Caused by: io.netty.channel.AbstractChannel$AnnotatedConnectException: Connection refused: /61.158.166.45:8021
Caused by: java.net.ConnectException: Connection refused
	at java.base/sun.nio.ch.SocketChannelImpl.checkConnect(Native Method)
	at java.base/sun.nio.ch.SocketChannelImpl.finishConnect(SocketChannelImpl.java:777)
	at io.netty.channel.socket.nio.NioSocketChannel.doFinishConnect(NioSocketChannel.java:330)
	at io.netty.channel.nio.AbstractNioChannel$AbstractNioUnsafe.finishConnect(AbstractNioChannel.java:334)
	at io.netty.channel.nio.NioEventLoop.processSelectedKey(NioEventLoop.java:707)
	at io.netty.channel.nio.NioEventLoop.processSelectedKeysOptimized(NioEventLoop.java:655)
	at io.netty.channel.nio.NioEventLoop.processSelectedKeys(NioEventLoop.java:581)
	at io.netty.channel.nio.NioEventLoop.run(NioEventLoop.java:493)
	at io.netty.util.concurrent.SingleThreadEventExecutor$4.run(SingleThreadEventExecutor.java:989)
	at io.netty.util.internal.ThreadExecutorMap$2.run(ThreadExecutorMap.java:74)
	at io.netty.util.concurrent.FastThreadLocalRunnable.run(FastThreadLocalRunnable.java:30)
	at java.base/java.lang.Thread.run(Thread.java:829)
2026-02-25 03:12:59.129 - [WARN ] - esl
org.freeswitch.esl.client.inbound.InboundConnectionException: Could not connect to /61.158.166.45:8021
	at org.freeswitch.esl.client.inbound.Client.connect(Client.java:134)
	at cn.psycall.ccmgt.util.FreeSwitchManage.monitor(FreeSwitchManage.java:86)
	at cn.psycall.ccmgt.util.FreeSwitchManage.run(FreeSwitchManage.java:42)
Caused by: io.netty.channel.AbstractChannel$AnnotatedConnectException: Connection refused: /61.158.166.45:8021
Caused by: java.net.ConnectException: Connection refused
	at java.base/sun.nio.ch.SocketChannelImpl.checkConnect(Native Method)
	at java.base/sun.nio.ch.SocketChannelImpl.finishConnect(SocketChannelImpl.java:777)
	at io.netty.channel.socket.nio.NioSocketChannel.doFinishConnect(NioSocketChannel.java:330)
	at io.netty.channel.nio.AbstractNioChannel$AbstractNioUnsafe.finishConnect(AbstractNioChannel.java:334)
	at io.netty.channel.nio.NioEventLoop.processSelectedKey(NioEventLoop.java:707)
	at io.netty.channel.nio.NioEventLoop.processSelectedKeysOptimized(NioEventLoop.java:655)
	at io.netty.channel.nio.NioEventLoop.processSelectedKeys(NioEventLoop.java:581)
	at io.netty.channel.nio.NioEventLoop.run(NioEventLoop.java:493)
	at io.netty.util.concurrent.SingleThreadEventExecutor$4.run(SingleThreadEventExecutor.java:989)
	at io.netty.util.internal.ThreadExecutorMap$2.run(ThreadExecutorMap.java:74)
	at io.netty.util.concurrent.FastThreadLocalRunnable.run(FastThreadLocalRunnable.java:30)
	at java.base/java.lang.Thread.run(Thread.java:829)
2026-02-25 03:13:00.495 - [WARN ] - esl
org.freeswitch.esl.client.inbound.InboundConnectionException: Could not connect to /61.158.166.45:8021
	at org.freeswitch.esl.client.inbound.Client.connect(Client.java:134)
	at cn.psycall.ccmgt.util.FreeSwitchManage.monitor(FreeSwitchManage.java:86)
	at cn.psycall.ccmgt.util.FreeSwitchManage.run(FreeSwitchManage.java:42)
Caused by: io.netty.channel.AbstractChannel$AnnotatedConnectException: Connection refused: /61.158.166.45:8021
Caused by: java.net.ConnectException: Connection refused
	at java.base/sun.nio.ch.SocketChannelImpl.checkConnect(Native Method)
	at java.base/sun.nio.ch.SocketChannelImpl.finishConnect(SocketChannelImpl.java:777)
	at io.netty.channel.socket.nio.NioSocketChannel.doFinishConnect(NioSocketChannel.java:330)
	at io.netty.channel.nio.AbstractNioChannel$AbstractNioUnsafe.finishConnect(AbstractNioChannel.java:334)
	at io.netty.channel.nio.NioEventLoop.processSelectedKey(NioEventLoop.java:707)
	at io.netty.channel.nio.NioEventLoop.processSelectedKeysOptimized(NioEventLoop.java:655)
	at io.netty.channel.nio.NioEventLoop.processSelectedKeys(NioEventLoop.java:581)
	at io.netty.channel.nio.NioEventLoop.run(NioEventLoop.java:493)
	at io.netty.util.concurrent.SingleThreadEventExecutor$4.run(SingleThreadEventExecutor.java:989)
	at io.netty.util.internal.ThreadExecutorMap$2.run(ThreadExecutorMap.java:74)
	at io.netty.util.concurrent.FastThreadLocalRunnable.run(FastThreadLocalRunnable.java:30)
	at java.base/java.lang.Thread.run(Thread.java:829)
2026-02-25 03:13:01.865 - [WARN ] - esl
org.freeswitch.esl.client.inbound.InboundConnectionException: Could not connect to /61.158.166.45:8021
	at org.freeswitch.esl.client.inbound.Client.connect(Client.java:134)
	at cn.psycall.ccmgt.util.FreeSwitchManage.monitor(FreeSwitchManage.java:86)
	at cn.psycall.ccmgt.util.FreeSwitchManage.run(FreeSwitchManage.java:42)
Caused by: io.netty.channel.AbstractChannel$AnnotatedConnectException: Connection refused: /61.158.166.45:8021
Caused by: java.net.ConnectException: Connection refused
	at java.base/sun.nio.ch.SocketChannelImpl.checkConnect(Native Method)
	at java.base/sun.nio.ch.SocketChannelImpl.finishConnect(SocketChannelImpl.java:777)
	at io.netty.channel.socket.nio.NioSocketChannel.doFinishConnect(NioSocketChannel.java:330)
	at io.netty.channel.nio.AbstractNioChannel$AbstractNioUnsafe.finishConnect(AbstractNioChannel.java:334)
	at io.netty.channel.nio.NioEventLoop.processSelectedKey(NioEventLoop.java:707)
	at io.netty.channel.nio.NioEventLoop.processSelectedKeysOptimized(NioEventLoop.java:655)
	at io.netty.channel.nio.NioEventLoop.processSelectedKeys(NioEventLoop.java:581)
	at io.netty.channel.nio.NioEventLoop.run(NioEventLoop.java:493)
	at io.netty.util.concurrent.SingleThreadEventExecutor$4.run(SingleThreadEventExecutor.java:989)
	at io.netty.util.internal.ThreadExecutorMap$2.run(ThreadExecutorMap.java:74)
	at io.netty.util.concurrent.FastThreadLocalRunnable.run(FastThreadLocalRunnable.java:30)
	at java.base/java.lang.Thread.run(Thread.java:829)
2026-02-25 03:13:03.230 - [WARN ] - esl
org.freeswitch.esl.client.inbound.InboundConnectionException: Could not connect to /61.158.166.45:8021
	at org.freeswitch.esl.client.inbound.Client.connect(Client.java:134)
	at cn.psycall.ccmgt.util.FreeSwitchManage.monitor(FreeSwitchManage.java:86)
	at cn.psycall.ccmgt.util.FreeSwitchManage.run(FreeSwitchManage.java:42)
Caused by: io.netty.channel.AbstractChannel$AnnotatedConnectException: Connection refused: /61.158.166.45:8021
Caused by: java.net.ConnectException: Connection refused
	at java.base/sun.nio.ch.SocketChannelImpl.checkConnect(Native Method)
	at java.base/sun.nio.ch.SocketChannelImpl.finishConnect(SocketChannelImpl.java:777)
	at io.netty.channel.socket.nio.NioSocketChannel.doFinishConnect(NioSocketChannel.java:330)
	at io.netty.channel.nio.AbstractNioChannel$AbstractNioUnsafe.finishConnect(AbstractNioChannel.java:334)
	at io.netty.channel.nio.NioEventLoop.processSelectedKey(NioEventLoop.java:707)
	at io.netty.channel.nio.NioEventLoop.processSelectedKeysOptimized(NioEventLoop.java:655)
	at io.netty.channel.nio.NioEventLoop.processSelectedKeys(NioEventLoop.java:581)
	at io.netty.channel.nio.NioEventLoop.run(NioEventLoop.java:493)
	at io.netty.util.concurrent.SingleThreadEventExecutor$4.run(SingleThreadEventExecutor.java:989)
	at io.netty.util.internal.ThreadExecutorMap$2.run(ThreadExecutorMap.java:74)
	at io.netty.util.concurrent.FastThreadLocalRunnable.run(FastThreadLocalRunnable.java:30)
	at java.base/java.lang.Thread.run(Thread.java:829)
2026-02-25 03:13:04.597 - [WARN ] - esl
org.freeswitch.esl.client.inbound.InboundConnectionException: Could not connect to /61.158.166.45:8021
	at org.freeswitch.esl.client.inbound.Client.connect(Client.java:134)
	at cn.psycall.ccmgt.util.FreeSwitchManage.monitor(FreeSwitchManage.java:86)
	at cn.psycall.ccmgt.util.FreeSwitchManage.run(FreeSwitchManage.java:42)
Caused by: io.netty.channel.AbstractChannel$AnnotatedConnectException: Connection refused: /61.158.166.45:8021
Caused by: java.net.ConnectException: Connection refused
	at java.base/sun.nio.ch.SocketChannelImpl.checkConnect(Native Method)
	at java.base/sun.nio.ch.SocketChannelImpl.finishConnect(SocketChannelImpl.java:777)
	at io.netty.channel.socket.nio.NioSocketChannel.doFinishConnect(NioSocketChannel.java:330)
	at io.netty.channel.nio.AbstractNioChannel$AbstractNioUnsafe.finishConnect(AbstractNioChannel.java:334)
	at io.netty.channel.nio.NioEventLoop.processSelectedKey(NioEventLoop.java:707)
	at io.netty.channel.nio.NioEventLoop.processSelectedKeysOptimized(NioEventLoop.java:655)
	at io.netty.channel.nio.NioEventLoop.processSelectedKeys(NioEventLoop.java:581)
	at io.netty.channel.nio.NioEventLoop.run(NioEventLoop.java:493)
	at io.netty.util.concurrent.SingleThreadEventExecutor$4.run(SingleThreadEventExecutor.java:989)
	at io.netty.util.internal.ThreadExecutorMap$2.run(ThreadExecutorMap.java:74)
	at io.netty.util.concurrent.FastThreadLocalRunnable.run(FastThreadLocalRunnable.java:30)
	at java.base/java.lang.Thread.run(Thread.java:829)
2026-02-25 03:13:06.167 - [INFO ] - internal->61.158.166.44:5060
2026-02-25 03:13:06.168 - [INFO ] - ESL Client connected ..(61.158.166.44:8021[d2a56f8a-7a82-434a-b057-31e3f2411097])
2026-02-25 03:13:06.925 - [INFO ] - internal_sip_port->5060
2026-02-25 03:13:06.925 - [INFO ] - external_sip_port->5080
2026-02-25 03:13:12.498 - [INFO ] - fs[d2a56f8a-7a82-434a-b057-31e3f2411097] CallThread start
2026-02-25 03:13:12.578 - [WARN ] - esl
org.freeswitch.esl.client.inbound.InboundConnectionException: Could not connect to /61.158.166.45:8021
	at org.freeswitch.esl.client.inbound.Client.connect(Client.java:134)
	at cn.psycall.ccmgt.util.FreeSwitchManage.monitor(FreeSwitchManage.java:86)
	at cn.psycall.ccmgt.util.FreeSwitchManage.run(FreeSwitchManage.java:42)
Caused by: io.netty.channel.AbstractChannel$AnnotatedConnectException: Connection refused: /61.158.166.45:8021
Caused by: java.net.ConnectException: Connection refused
	at java.base/sun.nio.ch.SocketChannelImpl.checkConnect(Native Method)
	at java.base/sun.nio.ch.SocketChannelImpl.finishConnect(SocketChannelImpl.java:777)
	at io.netty.channel.socket.nio.NioSocketChannel.doFinishConnect(NioSocketChannel.java:330)
	at io.netty.channel.nio.AbstractNioChannel$AbstractNioUnsafe.finishConnect(AbstractNioChannel.java:334)
	at io.netty.channel.nio.NioEventLoop.processSelectedKey(NioEventLoop.java:707)
	at io.netty.channel.nio.NioEventLoop.processSelectedKeysOptimized(NioEventLoop.java:655)
	at io.netty.channel.nio.NioEventLoop.processSelectedKeys(NioEventLoop.java:581)
	at io.netty.channel.nio.NioEventLoop.run(NioEventLoop.java:493)
	at io.netty.util.concurrent.SingleThreadEventExecutor$4.run(SingleThreadEventExecutor.java:989)
	at io.netty.util.internal.ThreadExecutorMap$2.run(ThreadExecutorMap.java:74)
	at io.netty.util.concurrent.FastThreadLocalRunnable.run(FastThreadLocalRunnable.java:30)
	at java.base/java.lang.Thread.run(Thread.java:829)
2026-02-25 03:13:13.668 - [WARN ] - esl
org.freeswitch.esl.client.inbound.InboundConnectionException: Could not connect to /61.158.166.45:8021
	at org.freeswitch.esl.client.inbound.Client.connect(Client.java:134)
	at cn.psycall.ccmgt.util.FreeSwitchManage.monitor(FreeSwitchManage.java:86)
	at cn.psycall.ccmgt.util.FreeSwitchManage.run(FreeSwitchManage.java:42)
Caused by: io.netty.channel.AbstractChannel$AnnotatedConnectException: Connection refused: /61.158.166.45:8021
Caused by: java.net.ConnectException: Connection refused
	at java.base/sun.nio.ch.SocketChannelImpl.checkConnect(Native Method)
	at java.base/sun.nio.ch.SocketChannelImpl.finishConnect(SocketChannelImpl.java:777)
	at io.netty.channel.socket.nio.NioSocketChannel.doFinishConnect(NioSocketChannel.java:330)
	at io.netty.channel.nio.AbstractNioChannel$AbstractNioUnsafe.finishConnect(AbstractNioChannel.java:334)
	at io.netty.channel.nio.NioEventLoop.processSelectedKey(NioEventLoop.java:707)
	at io.netty.channel.nio.NioEventLoop.processSelectedKeysOptimized(NioEventLoop.java:655)
	at io.netty.channel.nio.NioEventLoop.processSelectedKeys(NioEventLoop.java:581)
	at io.netty.channel.nio.NioEventLoop.run(NioEventLoop.java:493)
	at io.netty.util.concurrent.SingleThreadEventExecutor$4.run(SingleThreadEventExecutor.java:989)
	at io.netty.util.internal.ThreadExecutorMap$2.run(ThreadExecutorMap.java:74)
	at io.netty.util.concurrent.FastThreadLocalRunnable.run(FastThreadLocalRunnable.java:30)
	at java.base/java.lang.Thread.run(Thread.java:829)
2026-02-25 03:13:14.750 - [WARN ] - esl
org.freeswitch.esl.client.inbound.InboundConnectionException: Could not connect to /61.158.166.45:8021
	at org.freeswitch.esl.client.inbound.Client.connect(Client.java:134)
	at cn.psycall.ccmgt.util.FreeSwitchManage.monitor(FreeSwitchManage.java:86)
	at cn.psycall.ccmgt.util.FreeSwitchManage.run(FreeSwitchManage.java:42)
Caused by: io.netty.channel.AbstractChannel$AnnotatedConnectException: Connection refused: /61.158.166.45:8021
Caused by: java.net.ConnectException: Connection refused
	at java.base/sun.nio.ch.SocketChannelImpl.checkConnect(Native Method)
	at java.base/sun.nio.ch.SocketChannelImpl.finishConnect(SocketChannelImpl.java:777)
	at io.netty.channel.socket.nio.NioSocketChannel.doFinishConnect(NioSocketChannel.java:330)
	at io.netty.channel.nio.AbstractNioChannel$AbstractNioUnsafe.finishConnect(AbstractNioChannel.java:334)
	at io.netty.channel.nio.NioEventLoop.processSelectedKey(NioEventLoop.java:707)
	at io.netty.channel.nio.NioEventLoop.processSelectedKeysOptimized(NioEventLoop.java:655)
	at io.netty.channel.nio.NioEventLoop.processSelectedKeys(NioEventLoop.java:581)
	at io.netty.channel.nio.NioEventLoop.run(NioEventLoop.java:493)
	at io.netty.util.concurrent.SingleThreadEventExecutor$4.run(SingleThreadEventExecutor.java:989)
	at io.netty.util.internal.ThreadExecutorMap$2.run(ThreadExecutorMap.java:74)
	at io.netty.util.concurrent.FastThreadLocalRunnable.run(FastThreadLocalRunnable.java:30)
	at java.base/java.lang.Thread.run(Thread.java:829)
2026-02-25 03:13:15.838 - [WARN ] - esl
org.freeswitch.esl.client.inbound.InboundConnectionException: Could not connect to /61.158.166.45:8021
	at org.freeswitch.esl.client.inbound.Client.connect(Client.java:134)
	at cn.psycall.ccmgt.util.FreeSwitchManage.monitor(FreeSwitchManage.java:86)
	at cn.psycall.ccmgt.util.FreeSwitchManage.run(FreeSwitchManage.java:42)
Caused by: io.netty.channel.AbstractChannel$AnnotatedConnectException: Connection refused: /61.158.166.45:8021
Caused by: java.net.ConnectException: Connection refused
	at java.base/sun.nio.ch.SocketChannelImpl.checkConnect(Native Method)
	at java.base/sun.nio.ch.SocketChannelImpl.finishConnect(SocketChannelImpl.java:777)
	at io.netty.channel.socket.nio.NioSocketChannel.doFinishConnect(NioSocketChannel.java:330)
	at io.netty.channel.nio.AbstractNioChannel$AbstractNioUnsafe.finishConnect(AbstractNioChannel.java:334)
	at io.netty.channel.nio.NioEventLoop.processSelectedKey(NioEventLoop.java:707)
	at io.netty.channel.nio.NioEventLoop.processSelectedKeysOptimized(NioEventLoop.java:655)
	at io.netty.channel.nio.NioEventLoop.processSelectedKeys(NioEventLoop.java:581)
	at io.netty.channel.nio.NioEventLoop.run(NioEventLoop.java:493)
	at io.netty.util.concurrent.SingleThreadEventExecutor$4.run(SingleThreadEventExecutor.java:989)
	at io.netty.util.internal.ThreadExecutorMap$2.run(ThreadExecutorMap.java:74)
	at io.netty.util.concurrent.FastThreadLocalRunnable.run(FastThreadLocalRunnable.java:30)
	at java.base/java.lang.Thread.run(Thread.java:829)
2026-02-25 03:13:16.926 - [WARN ] - esl
org.freeswitch.esl.client.inbound.InboundConnectionException: Could not connect to /61.158.166.45:8021
	at org.freeswitch.esl.client.inbound.Client.connect(Client.java:134)
	at cn.psycall.ccmgt.util.FreeSwitchManage.monitor(FreeSwitchManage.java:86)
	at cn.psycall.ccmgt.util.FreeSwitchManage.run(FreeSwitchManage.java:42)
Caused by: io.netty.channel.AbstractChannel$AnnotatedConnectException: Connection refused: /61.158.166.45:8021
Caused by: java.net.ConnectException: Connection refused
	at java.base/sun.nio.ch.SocketChannelImpl.checkConnect(Native Method)
	at java.base/sun.nio.ch.SocketChannelImpl.finishConnect(SocketChannelImpl.java:777)
	at io.netty.channel.socket.nio.NioSocketChannel.doFinishConnect(NioSocketChannel.java:330)
	at io.netty.channel.nio.AbstractNioChannel$AbstractNioUnsafe.finishConnect(AbstractNioChannel.java:334)
	at io.netty.channel.nio.NioEventLoop.processSelectedKey(NioEventLoop.java:707)
	at io.netty.channel.nio.NioEventLoop.processSelectedKeysOptimized(NioEventLoop.java:655)
	at io.netty.channel.nio.NioEventLoop.processSelectedKeys(NioEventLoop.java:581)
	at io.netty.channel.nio.NioEventLoop.run(NioEventLoop.java:493)
	at io.netty.util.concurrent.SingleThreadEventExecutor$4.run(SingleThreadEventExecutor.java:989)
	at io.netty.util.internal.ThreadExecutorMap$2.run(ThreadExecutorMap.java:74)
	at io.netty.util.concurrent.FastThreadLocalRunnable.run(FastThreadLocalRunnable.java:30)
	at java.base/java.lang.Thread.run(Thread.java:829)
2026-02-25 03:13:18.012 - [WARN ] - esl
org.freeswitch.esl.client.inbound.InboundConnectionException: Could not connect to /61.158.166.45:8021
	at org.freeswitch.esl.client.inbound.Client.connect(Client.java:134)
	at cn.psycall.ccmgt.util.FreeSwitchManage.monitor(FreeSwitchManage.java:86)
	at cn.psycall.ccmgt.util.FreeSwitchManage.run(FreeSwitchManage.java:42)
Caused by: io.netty.channel.AbstractChannel$AnnotatedConnectException: Connection refused: /61.158.166.45:8021
Caused by: java.net.ConnectException: Connection refused
	at java.base/sun.nio.ch.SocketChannelImpl.checkConnect(Native Method)
	at java.base/sun.nio.ch.SocketChannelImpl.finishConnect(SocketChannelImpl.java:777)
	at io.netty.channel.socket.nio.NioSocketChannel.doFinishConnect(NioSocketChannel.java:330)
	at io.netty.channel.nio.AbstractNioChannel$AbstractNioUnsafe.finishConnect(AbstractNioChannel.java:334)
	at io.netty.channel.nio.NioEventLoop.processSelectedKey(NioEventLoop.java:707)
	at io.netty.channel.nio.NioEventLoop.processSelectedKeysOptimized(NioEventLoop.java:655)
	at io.netty.channel.nio.NioEventLoop.processSelectedKeys(NioEventLoop.java:581)
	at io.netty.channel.nio.NioEventLoop.run(NioEventLoop.java:493)
	at io.netty.util.concurrent.SingleThreadEventExecutor$4.run(SingleThreadEventExecutor.java:989)
	at io.netty.util.internal.ThreadExecutorMap$2.run(ThreadExecutorMap.java:74)
	at io.netty.util.concurrent.FastThreadLocalRunnable.run(FastThreadLocalRunnable.java:30)
	at java.base/java.lang.Thread.run(Thread.java:829)
2026-02-25 03:13:19.093 - [WARN ] - esl
org.freeswitch.esl.client.inbound.InboundConnectionException: Could not connect to /61.158.166.45:8021
	at org.freeswitch.esl.client.inbound.Client.connect(Client.java:134)
	at cn.psycall.ccmgt.util.FreeSwitchManage.monitor(FreeSwitchManage.java:86)
	at cn.psycall.ccmgt.util.FreeSwitchManage.run(FreeSwitchManage.java:42)
Caused by: io.netty.channel.AbstractChannel$AnnotatedConnectException: Connection refused: /61.158.166.45:8021
Caused by: java.net.ConnectException: Connection refused
	at java.base/sun.nio.ch.SocketChannelImpl.checkConnect(Native Method)
	at java.base/sun.nio.ch.SocketChannelImpl.finishConnect(SocketChannelImpl.java:777)
	at io.netty.channel.socket.nio.NioSocketChannel.doFinishConnect(NioSocketChannel.java:330)
	at io.netty.channel.nio.AbstractNioChannel$AbstractNioUnsafe.finishConnect(AbstractNioChannel.java:334)
	at io.netty.channel.nio.NioEventLoop.processSelectedKey(NioEventLoop.java:707)
	at io.netty.channel.nio.NioEventLoop.processSelectedKeysOptimized(NioEventLoop.java:655)
	at io.netty.channel.nio.NioEventLoop.processSelectedKeys(NioEventLoop.java:581)
	at io.netty.channel.nio.NioEventLoop.run(NioEventLoop.java:493)
	at io.netty.util.concurrent.SingleThreadEventExecutor$4.run(SingleThreadEventExecutor.java:989)
	at io.netty.util.internal.ThreadExecutorMap$2.run(ThreadExecutorMap.java:74)
	at io.netty.util.concurrent.FastThreadLocalRunnable.run(FastThreadLocalRunnable.java:30)
	at java.base/java.lang.Thread.run(Thread.java:829)
2026-02-25 03:13:20.171 - [WARN ] - esl
org.freeswitch.esl.client.inbound.InboundConnectionException: Could not connect to /61.158.166.45:8021
	at org.freeswitch.esl.client.inbound.Client.connect(Client.java:134)
	at cn.psycall.ccmgt.util.FreeSwitchManage.monitor(FreeSwitchManage.java:86)
	at cn.psycall.ccmgt.util.FreeSwitchManage.run(FreeSwitchManage.java:42)
Caused by: io.netty.channel.AbstractChannel$AnnotatedConnectException: Connection refused: /61.158.166.45:8021
Caused by: java.net.ConnectException: Connection refused
	at java.base/sun.nio.ch.SocketChannelImpl.checkConnect(Native Method)
	at java.base/sun.nio.ch.SocketChannelImpl.finishConnect(SocketChannelImpl.java:777)
	at io.netty.channel.socket.nio.NioSocketChannel.doFinishConnect(NioSocketChannel.java:330)
	at io.netty.channel.nio.AbstractNioChannel$AbstractNioUnsafe.finishConnect(AbstractNioChannel.java:334)
	at io.netty.channel.nio.NioEventLoop.processSelectedKey(NioEventLoop.java:707)
	at io.netty.channel.nio.NioEventLoop.processSelectedKeysOptimized(NioEventLoop.java:655)
	at io.netty.channel.nio.NioEventLoop.processSelectedKeys(NioEventLoop.java:581)
	at io.netty.channel.nio.NioEventLoop.run(NioEventLoop.java:493)
	at io.netty.util.concurrent.SingleThreadEventExecutor$4.run(SingleThreadEventExecutor.java:989)
	at io.netty.util.internal.ThreadExecutorMap$2.run(ThreadExecutorMap.java:74)
	at io.netty.util.concurrent.FastThreadLocalRunnable.run(FastThreadLocalRunnable.java:30)
	at java.base/java.lang.Thread.run(Thread.java:829)
2026-02-25 03:13:21.254 - [WARN ] - esl
org.freeswitch.esl.client.inbound.InboundConnectionException: Could not connect to /61.158.166.45:8021
	at org.freeswitch.esl.client.inbound.Client.connect(Client.java:134)
	at cn.psycall.ccmgt.util.FreeSwitchManage.monitor(FreeSwitchManage.java:86)
	at cn.psycall.ccmgt.util.FreeSwitchManage.run(FreeSwitchManage.java:42)
Caused by: io.netty.channel.AbstractChannel$AnnotatedConnectException: Connection refused: /61.158.166.45:8021
Caused by: java.net.ConnectException: Connection refused
	at java.base/sun.nio.ch.SocketChannelImpl.checkConnect(Native Method)
	at java.base/sun.nio.ch.SocketChannelImpl.finishConnect(SocketChannelImpl.java:777)
	at io.netty.channel.socket.nio.NioSocketChannel.doFinishConnect(NioSocketChannel.java:330)
	at io.netty.channel.nio.AbstractNioChannel$AbstractNioUnsafe.finishConnect(AbstractNioChannel.java:334)
	at io.netty.channel.nio.NioEventLoop.processSelectedKey(NioEventLoop.java:707)
	at io.netty.channel.nio.NioEventLoop.processSelectedKeysOptimized(NioEventLoop.java:655)
	at io.netty.channel.nio.NioEventLoop.processSelectedKeys(NioEventLoop.java:581)
	at io.netty.channel.nio.NioEventLoop.run(NioEventLoop.java:493)
	at io.netty.util.concurrent.SingleThreadEventExecutor$4.run(SingleThreadEventExecutor.java:989)
	at io.netty.util.internal.ThreadExecutorMap$2.run(ThreadExecutorMap.java:74)
	at io.netty.util.concurrent.FastThreadLocalRunnable.run(FastThreadLocalRunnable.java:30)
	at java.base/java.lang.Thread.run(Thread.java:829)
2026-02-25 03:13:22.337 - [WARN ] - esl
org.freeswitch.esl.client.inbound.InboundConnectionException: Could not connect to /61.158.166.45:8021
	at org.freeswitch.esl.client.inbound.Client.connect(Client.java:134)
	at cn.psycall.ccmgt.util.FreeSwitchManage.monitor(FreeSwitchManage.java:86)
	at cn.psycall.ccmgt.util.FreeSwitchManage.run(FreeSwitchManage.java:42)
Caused by: io.netty.channel.AbstractChannel$AnnotatedConnectException: Connection refused: /61.158.166.45:8021
Caused by: java.net.ConnectException: Connection refused
	at java.base/sun.nio.ch.SocketChannelImpl.checkConnect(Native Method)
	at java.base/sun.nio.ch.SocketChannelImpl.finishConnect(SocketChannelImpl.java:777)
	at io.netty.channel.socket.nio.NioSocketChannel.doFinishConnect(NioSocketChannel.java:330)
	at io.netty.channel.nio.AbstractNioChannel$AbstractNioUnsafe.finishConnect(AbstractNioChannel.java:334)
	at io.netty.channel.nio.NioEventLoop.processSelectedKey(NioEventLoop.java:707)
	at io.netty.channel.nio.NioEventLoop.processSelectedKeysOptimized(NioEventLoop.java:655)
	at io.netty.channel.nio.NioEventLoop.processSelectedKeys(NioEventLoop.java:581)
	at io.netty.channel.nio.NioEventLoop.run(NioEventLoop.java:493)
	at io.netty.util.concurrent.SingleThreadEventExecutor$4.run(SingleThreadEventExecutor.java:989)
	at io.netty.util.internal.ThreadExecutorMap$2.run(ThreadExecutorMap.java:74)
	at io.netty.util.concurrent.FastThreadLocalRunnable.run(FastThreadLocalRunnable.java:30)
	at java.base/java.lang.Thread.run(Thread.java:829)
2026-02-25 03:13:22.345 - [INFO ] - ESL Client Disconnect ..(61.158.166.46:8021)
2026-02-25 03:13:23.711 - [WARN ] - esl
org.freeswitch.esl.client.inbound.InboundConnectionException: Could not connect to /61.158.166.45:8021
	at org.freeswitch.esl.client.inbound.Client.connect(Client.java:134)
	at cn.psycall.ccmgt.util.FreeSwitchManage.monitor(FreeSwitchManage.java:86)
	at cn.psycall.ccmgt.util.FreeSwitchManage.run(FreeSwitchManage.java:42)
Caused by: io.netty.channel.AbstractChannel$AnnotatedConnectException: Connection refused: /61.158.166.45:8021
Caused by: java.net.ConnectException: Connection refused
	at java.base/sun.nio.ch.SocketChannelImpl.checkConnect(Native Method)
	at java.base/sun.nio.ch.SocketChannelImpl.finishConnect(SocketChannelImpl.java:777)
	at io.netty.channel.socket.nio.NioSocketChannel.doFinishConnect(NioSocketChannel.java:330)
	at io.netty.channel.nio.AbstractNioChannel$AbstractNioUnsafe.finishConnect(AbstractNioChannel.java:334)
	at io.netty.channel.nio.NioEventLoop.processSelectedKey(NioEventLoop.java:707)
	at io.netty.channel.nio.NioEventLoop.processSelectedKeysOptimized(NioEventLoop.java:655)
	at io.netty.channel.nio.NioEventLoop.processSelectedKeys(NioEventLoop.java:581)
	at io.netty.channel.nio.NioEventLoop.run(NioEventLoop.java:493)
	at io.netty.util.concurrent.SingleThreadEventExecutor$4.run(SingleThreadEventExecutor.java:989)
	at io.netty.util.internal.ThreadExecutorMap$2.run(ThreadExecutorMap.java:74)
	at io.netty.util.concurrent.FastThreadLocalRunnable.run(FastThreadLocalRunnable.java:30)
	at java.base/java.lang.Thread.run(Thread.java:829)
2026-02-25 03:13:23.794 - [WARN ] - esl
org.freeswitch.esl.client.inbound.InboundConnectionException: Could not connect to /61.158.166.46:8021
	at org.freeswitch.esl.client.inbound.Client.connect(Client.java:134)
	at cn.psycall.ccmgt.util.FreeSwitchManage.monitor(FreeSwitchManage.java:86)
	at cn.psycall.ccmgt.util.FreeSwitchManage.run(FreeSwitchManage.java:42)
Caused by: io.netty.channel.AbstractChannel$AnnotatedConnectException: Connection refused: /61.158.166.46:8021
Caused by: java.net.ConnectException: Connection refused
	at java.base/sun.nio.ch.SocketChannelImpl.checkConnect(Native Method)
	at java.base/sun.nio.ch.SocketChannelImpl.finishConnect(SocketChannelImpl.java:777)
	at io.netty.channel.socket.nio.NioSocketChannel.doFinishConnect(NioSocketChannel.java:330)
	at io.netty.channel.nio.AbstractNioChannel$AbstractNioUnsafe.finishConnect(AbstractNioChannel.java:334)
	at io.netty.channel.nio.NioEventLoop.processSelectedKey(NioEventLoop.java:707)
	at io.netty.channel.nio.NioEventLoop.processSelectedKeysOptimized(NioEventLoop.java:655)
	at io.netty.channel.nio.NioEventLoop.processSelectedKeys(NioEventLoop.java:581)
	at io.netty.channel.nio.NioEventLoop.run(NioEventLoop.java:493)
	at io.netty.util.concurrent.SingleThreadEventExecutor$4.run(SingleThreadEventExecutor.java:989)
	at io.netty.util.internal.ThreadExecutorMap$2.run(ThreadExecutorMap.java:74)
	at io.netty.util.concurrent.FastThreadLocalRunnable.run(FastThreadLocalRunnable.java:30)
	at java.base/java.lang.Thread.run(Thread.java:829)
2026-02-25 03:13:24.880 - [WARN ] - esl
org.freeswitch.esl.client.inbound.InboundConnectionException: Could not connect to /61.158.166.45:8021
	at org.freeswitch.esl.client.inbound.Client.connect(Client.java:134)
	at cn.psycall.ccmgt.util.FreeSwitchManage.monitor(FreeSwitchManage.java:86)
	at cn.psycall.ccmgt.util.FreeSwitchManage.run(FreeSwitchManage.java:42)
Caused by: io.netty.channel.AbstractChannel$AnnotatedConnectException: Connection refused: /61.158.166.45:8021
Caused by: java.net.ConnectException: Connection refused
	at java.base/sun.nio.ch.SocketChannelImpl.checkConnect(Native Method)
	at java.base/sun.nio.ch.SocketChannelImpl.finishConnect(SocketChannelImpl.java:777)
	at io.netty.channel.socket.nio.NioSocketChannel.doFinishConnect(NioSocketChannel.java:330)
	at io.netty.channel.nio.AbstractNioChannel$AbstractNioUnsafe.finishConnect(AbstractNioChannel.java:334)
	at io.netty.channel.nio.NioEventLoop.processSelectedKey(NioEventLoop.java:707)
	at io.netty.channel.nio.NioEventLoop.processSelectedKeysOptimized(NioEventLoop.java:655)
	at io.netty.channel.nio.NioEventLoop.processSelectedKeys(NioEventLoop.java:581)
	at io.netty.channel.nio.NioEventLoop.run(NioEventLoop.java:493)
	at io.netty.util.concurrent.SingleThreadEventExecutor$4.run(SingleThreadEventExecutor.java:989)
	at io.netty.util.internal.ThreadExecutorMap$2.run(ThreadExecutorMap.java:74)
	at io.netty.util.concurrent.FastThreadLocalRunnable.run(FastThreadLocalRunnable.java:30)
	at java.base/java.lang.Thread.run(Thread.java:829)
2026-02-25 03:13:24.969 - [WARN ] - esl
org.freeswitch.esl.client.inbound.InboundConnectionException: Could not connect to /61.158.166.46:8021
	at org.freeswitch.esl.client.inbound.Client.connect(Client.java:134)
	at cn.psycall.ccmgt.util.FreeSwitchManage.monitor(FreeSwitchManage.java:86)
	at cn.psycall.ccmgt.util.FreeSwitchManage.run(FreeSwitchManage.java:42)
Caused by: io.netty.channel.AbstractChannel$AnnotatedConnectException: Connection refused: /61.158.166.46:8021
Caused by: java.net.ConnectException: Connection refused
	at java.base/sun.nio.ch.SocketChannelImpl.checkConnect(Native Method)
	at java.base/sun.nio.ch.SocketChannelImpl.finishConnect(SocketChannelImpl.java:777)
	at io.netty.channel.socket.nio.NioSocketChannel.doFinishConnect(NioSocketChannel.java:330)
	at io.netty.channel.nio.AbstractNioChannel$AbstractNioUnsafe.finishConnect(AbstractNioChannel.java:334)
	at io.netty.channel.nio.NioEventLoop.processSelectedKey(NioEventLoop.java:707)
	at io.netty.channel.nio.NioEventLoop.processSelectedKeysOptimized(NioEventLoop.java:655)
	at io.netty.channel.nio.NioEventLoop.processSelectedKeys(NioEventLoop.java:581)
	at io.netty.channel.nio.NioEventLoop.run(NioEventLoop.java:493)
	at io.netty.util.concurrent.SingleThreadEventExecutor$4.run(SingleThreadEventExecutor.java:989)
	at io.netty.util.internal.ThreadExecutorMap$2.run(ThreadExecutorMap.java:74)
	at io.netty.util.concurrent.FastThreadLocalRunnable.run(FastThreadLocalRunnable.java:30)
	at java.base/java.lang.Thread.run(Thread.java:829)
2026-02-25 03:13:26.051 - [WARN ] - esl
org.freeswitch.esl.client.inbound.InboundConnectionException: Could not connect to /61.158.166.45:8021
	at org.freeswitch.esl.client.inbound.Client.connect(Client.java:134)
	at cn.psycall.ccmgt.util.FreeSwitchManage.monitor(FreeSwitchManage.java:86)
	at cn.psycall.ccmgt.util.FreeSwitchManage.run(FreeSwitchManage.java:42)
Caused by: io.netty.channel.AbstractChannel$AnnotatedConnectException: Connection refused: /61.158.166.45:8021
Caused by: java.net.ConnectException: Connection refused
	at java.base/sun.nio.ch.SocketChannelImpl.checkConnect(Native Method)
	at java.base/sun.nio.ch.SocketChannelImpl.finishConnect(SocketChannelImpl.java:777)
	at io.netty.channel.socket.nio.NioSocketChannel.doFinishConnect(NioSocketChannel.java:330)
	at io.netty.channel.nio.AbstractNioChannel$AbstractNioUnsafe.finishConnect(AbstractNioChannel.java:334)
	at io.netty.channel.nio.NioEventLoop.processSelectedKey(NioEventLoop.java:707)
	at io.netty.channel.nio.NioEventLoop.processSelectedKeysOptimized(NioEventLoop.java:655)
	at io.netty.channel.nio.NioEventLoop.processSelectedKeys(NioEventLoop.java:581)
	at io.netty.channel.nio.NioEventLoop.run(NioEventLoop.java:493)
	at io.netty.util.concurrent.SingleThreadEventExecutor$4.run(SingleThreadEventExecutor.java:989)
	at io.netty.util.internal.ThreadExecutorMap$2.run(ThreadExecutorMap.java:74)
	at io.netty.util.concurrent.FastThreadLocalRunnable.run(FastThreadLocalRunnable.java:30)
	at java.base/java.lang.Thread.run(Thread.java:829)
2026-02-25 03:13:26.133 - [WARN ] - esl
org.freeswitch.esl.client.inbound.InboundConnectionException: Could not connect to /61.158.166.46:8021
	at org.freeswitch.esl.client.inbound.Client.connect(Client.java:134)
	at cn.psycall.ccmgt.util.FreeSwitchManage.monitor(FreeSwitchManage.java:86)
	at cn.psycall.ccmgt.util.FreeSwitchManage.run(FreeSwitchManage.java:42)
Caused by: io.netty.channel.AbstractChannel$AnnotatedConnectException: Connection refused: /61.158.166.46:8021
Caused by: java.net.ConnectException: Connection refused
	at java.base/sun.nio.ch.SocketChannelImpl.checkConnect(Native Method)
	at java.base/sun.nio.ch.SocketChannelImpl.finishConnect(SocketChannelImpl.java:777)
	at io.netty.channel.socket.nio.NioSocketChannel.doFinishConnect(NioSocketChannel.java:330)
	at io.netty.channel.nio.AbstractNioChannel$AbstractNioUnsafe.finishConnect(AbstractNioChannel.java:334)
	at io.netty.channel.nio.NioEventLoop.processSelectedKey(NioEventLoop.java:707)
	at io.netty.channel.nio.NioEventLoop.processSelectedKeysOptimized(NioEventLoop.java:655)
	at io.netty.channel.nio.NioEventLoop.processSelectedKeys(NioEventLoop.java:581)
	at io.netty.channel.nio.NioEventLoop.run(NioEventLoop.java:493)
	at io.netty.util.concurrent.SingleThreadEventExecutor$4.run(SingleThreadEventExecutor.java:989)
	at io.netty.util.internal.ThreadExecutorMap$2.run(ThreadExecutorMap.java:74)
	at io.netty.util.concurrent.FastThreadLocalRunnable.run(FastThreadLocalRunnable.java:30)
	at java.base/java.lang.Thread.run(Thread.java:829)
2026-02-25 03:13:27.219 - [WARN ] - esl
org.freeswitch.esl.client.inbound.InboundConnectionException: Could not connect to /61.158.166.45:8021
	at org.freeswitch.esl.client.inbound.Client.connect(Client.java:134)
	at cn.psycall.ccmgt.util.FreeSwitchManage.monitor(FreeSwitchManage.java:86)
	at cn.psycall.ccmgt.util.FreeSwitchManage.run(FreeSwitchManage.java:42)
Caused by: io.netty.channel.AbstractChannel$AnnotatedConnectException: Connection refused: /61.158.166.45:8021
Caused by: java.net.ConnectException: Connection refused
	at java.base/sun.nio.ch.SocketChannelImpl.checkConnect(Native Method)
	at java.base/sun.nio.ch.SocketChannelImpl.finishConnect(SocketChannelImpl.java:777)
	at io.netty.channel.socket.nio.NioSocketChannel.doFinishConnect(NioSocketChannel.java:330)
	at io.netty.channel.nio.AbstractNioChannel$AbstractNioUnsafe.finishConnect(AbstractNioChannel.java:334)
	at io.netty.channel.nio.NioEventLoop.processSelectedKey(NioEventLoop.java:707)
	at io.netty.channel.nio.NioEventLoop.processSelectedKeysOptimized(NioEventLoop.java:655)
	at io.netty.channel.nio.NioEventLoop.processSelectedKeys(NioEventLoop.java:581)
	at io.netty.channel.nio.NioEventLoop.run(NioEventLoop.java:493)
	at io.netty.util.concurrent.SingleThreadEventExecutor$4.run(SingleThreadEventExecutor.java:989)
	at io.netty.util.internal.ThreadExecutorMap$2.run(ThreadExecutorMap.java:74)
	at io.netty.util.concurrent.FastThreadLocalRunnable.run(FastThreadLocalRunnable.java:30)
	at java.base/java.lang.Thread.run(Thread.java:829)
2026-02-25 03:13:27.300 - [WARN ] - esl
org.freeswitch.esl.client.inbound.InboundConnectionException: Could not connect to /61.158.166.46:8021
	at org.freeswitch.esl.client.inbound.Client.connect(Client.java:134)
	at cn.psycall.ccmgt.util.FreeSwitchManage.monitor(FreeSwitchManage.java:86)
	at cn.psycall.ccmgt.util.FreeSwitchManage.run(FreeSwitchManage.java:42)
Caused by: io.netty.channel.AbstractChannel$AnnotatedConnectException: Connection refused: /61.158.166.46:8021
Caused by: java.net.ConnectException: Connection refused
	at java.base/sun.nio.ch.SocketChannelImpl.checkConnect(Native Method)
	at java.base/sun.nio.ch.SocketChannelImpl.finishConnect(SocketChannelImpl.java:777)
	at io.netty.channel.socket.nio.NioSocketChannel.doFinishConnect(NioSocketChannel.java:330)
	at io.netty.channel.nio.AbstractNioChannel$AbstractNioUnsafe.finishConnect(AbstractNioChannel.java:334)
	at io.netty.channel.nio.NioEventLoop.processSelectedKey(NioEventLoop.java:707)
	at io.netty.channel.nio.NioEventLoop.processSelectedKeysOptimized(NioEventLoop.java:655)
	at io.netty.channel.nio.NioEventLoop.processSelectedKeys(NioEventLoop.java:581)
	at io.netty.channel.nio.NioEventLoop.run(NioEventLoop.java:493)
	at io.netty.util.concurrent.SingleThreadEventExecutor$4.run(SingleThreadEventExecutor.java:989)
	at io.netty.util.internal.ThreadExecutorMap$2.run(ThreadExecutorMap.java:74)
	at io.netty.util.concurrent.FastThreadLocalRunnable.run(FastThreadLocalRunnable.java:30)
	at java.base/java.lang.Thread.run(Thread.java:829)
2026-02-25 03:13:28.388 - [WARN ] - esl
org.freeswitch.esl.client.inbound.InboundConnectionException: Could not connect to /61.158.166.45:8021
	at org.freeswitch.esl.client.inbound.Client.connect(Client.java:134)
	at cn.psycall.ccmgt.util.FreeSwitchManage.monitor(FreeSwitchManage.java:86)
	at cn.psycall.ccmgt.util.FreeSwitchManage.run(FreeSwitchManage.java:42)
Caused by: io.netty.channel.AbstractChannel$AnnotatedConnectException: Connection refused: /61.158.166.45:8021
Caused by: java.net.ConnectException: Connection refused
	at java.base/sun.nio.ch.SocketChannelImpl.checkConnect(Native Method)
	at java.base/sun.nio.ch.SocketChannelImpl.finishConnect(SocketChannelImpl.java:777)
	at io.netty.channel.socket.nio.NioSocketChannel.doFinishConnect(NioSocketChannel.java:330)
	at io.netty.channel.nio.AbstractNioChannel$AbstractNioUnsafe.finishConnect(AbstractNioChannel.java:334)
	at io.netty.channel.nio.NioEventLoop.processSelectedKey(NioEventLoop.java:707)
	at io.netty.channel.nio.NioEventLoop.processSelectedKeysOptimized(NioEventLoop.java:655)
	at io.netty.channel.nio.NioEventLoop.processSelectedKeys(NioEventLoop.java:581)
	at io.netty.channel.nio.NioEventLoop.run(NioEventLoop.java:493)
	at io.netty.util.concurrent.SingleThreadEventExecutor$4.run(SingleThreadEventExecutor.java:989)
	at io.netty.util.internal.ThreadExecutorMap$2.run(ThreadExecutorMap.java:74)
	at io.netty.util.concurrent.FastThreadLocalRunnable.run(FastThreadLocalRunnable.java:30)
	at java.base/java.lang.Thread.run(Thread.java:829)
2026-02-25 03:13:28.472 - [WARN ] - esl
org.freeswitch.esl.client.inbound.InboundConnectionException: Could not connect to /61.158.166.46:8021
	at org.freeswitch.esl.client.inbound.Client.connect(Client.java:134)
	at cn.psycall.ccmgt.util.FreeSwitchManage.monitor(FreeSwitchManage.java:86)
	at cn.psycall.ccmgt.util.FreeSwitchManage.run(FreeSwitchManage.java:42)
Caused by: io.netty.channel.AbstractChannel$AnnotatedConnectException: Connection refused: /61.158.166.46:8021
Caused by: java.net.ConnectException: Connection refused
	at java.base/sun.nio.ch.SocketChannelImpl.checkConnect(Native Method)
	at java.base/sun.nio.ch.SocketChannelImpl.finishConnect(SocketChannelImpl.java:777)
	at io.netty.channel.socket.nio.NioSocketChannel.doFinishConnect(NioSocketChannel.java:330)
	at io.netty.channel.nio.AbstractNioChannel$AbstractNioUnsafe.finishConnect(AbstractNioChannel.java:334)
	at io.netty.channel.nio.NioEventLoop.processSelectedKey(NioEventLoop.java:707)
	at io.netty.channel.nio.NioEventLoop.processSelectedKeysOptimized(NioEventLoop.java:655)
	at io.netty.channel.nio.NioEventLoop.processSelectedKeys(NioEventLoop.java:581)
	at io.netty.channel.nio.NioEventLoop.run(NioEventLoop.java:493)
	at io.netty.util.concurrent.SingleThreadEventExecutor$4.run(SingleThreadEventExecutor.java:989)
	at io.netty.util.internal.ThreadExecutorMap$2.run(ThreadExecutorMap.java:74)
	at io.netty.util.concurrent.FastThreadLocalRunnable.run(FastThreadLocalRunnable.java:30)
	at java.base/java.lang.Thread.run(Thread.java:829)
2026-02-25 03:13:29.563 - [WARN ] - esl
org.freeswitch.esl.client.inbound.InboundConnectionException: Could not connect to /61.158.166.45:8021
	at org.freeswitch.esl.client.inbound.Client.connect(Client.java:134)
	at cn.psycall.ccmgt.util.FreeSwitchManage.monitor(FreeSwitchManage.java:86)
	at cn.psycall.ccmgt.util.FreeSwitchManage.run(FreeSwitchManage.java:42)
Caused by: io.netty.channel.AbstractChannel$AnnotatedConnectException: Connection refused: /61.158.166.45:8021
Caused by: java.net.ConnectException: Connection refused
	at java.base/sun.nio.ch.SocketChannelImpl.checkConnect(Native Method)
	at java.base/sun.nio.ch.SocketChannelImpl.finishConnect(SocketChannelImpl.java:777)
	at io.netty.channel.socket.nio.NioSocketChannel.doFinishConnect(NioSocketChannel.java:330)
	at io.netty.channel.nio.AbstractNioChannel$AbstractNioUnsafe.finishConnect(AbstractNioChannel.java:334)
	at io.netty.channel.nio.NioEventLoop.processSelectedKey(NioEventLoop.java:707)
	at io.netty.channel.nio.NioEventLoop.processSelectedKeysOptimized(NioEventLoop.java:655)
	at io.netty.channel.nio.NioEventLoop.processSelectedKeys(NioEventLoop.java:581)
	at io.netty.channel.nio.NioEventLoop.run(NioEventLoop.java:493)
	at io.netty.util.concurrent.SingleThreadEventExecutor$4.run(SingleThreadEventExecutor.java:989)
	at io.netty.util.internal.ThreadExecutorMap$2.run(ThreadExecutorMap.java:74)
	at io.netty.util.concurrent.FastThreadLocalRunnable.run(FastThreadLocalRunnable.java:30)
	at java.base/java.lang.Thread.run(Thread.java:829)
2026-02-25 03:13:29.660 - [WARN ] - esl
org.freeswitch.esl.client.inbound.InboundConnectionException: Could not connect to /61.158.166.46:8021
	at org.freeswitch.esl.client.inbound.Client.connect(Client.java:134)
	at cn.psycall.ccmgt.util.FreeSwitchManage.monitor(FreeSwitchManage.java:86)
	at cn.psycall.ccmgt.util.FreeSwitchManage.run(FreeSwitchManage.java:42)
Caused by: io.netty.channel.AbstractChannel$AnnotatedConnectException: Connection refused: /61.158.166.46:8021
Caused by: java.net.ConnectException: Connection refused
	at java.base/sun.nio.ch.SocketChannelImpl.checkConnect(Native Method)
	at java.base/sun.nio.ch.SocketChannelImpl.finishConnect(SocketChannelImpl.java:777)
	at io.netty.channel.socket.nio.NioSocketChannel.doFinishConnect(NioSocketChannel.java:330)
	at io.netty.channel.nio.AbstractNioChannel$AbstractNioUnsafe.finishConnect(AbstractNioChannel.java:334)
	at io.netty.channel.nio.NioEventLoop.processSelectedKey(NioEventLoop.java:707)
	at io.netty.channel.nio.NioEventLoop.processSelectedKeysOptimized(NioEventLoop.java:655)
	at io.netty.channel.nio.NioEventLoop.processSelectedKeys(NioEventLoop.java:581)
	at io.netty.channel.nio.NioEventLoop.run(NioEventLoop.java:493)
	at io.netty.util.concurrent.SingleThreadEventExecutor$4.run(SingleThreadEventExecutor.java:989)
	at io.netty.util.internal.ThreadExecutorMap$2.run(ThreadExecutorMap.java:74)
	at io.netty.util.concurrent.FastThreadLocalRunnable.run(FastThreadLocalRunnable.java:30)
	at java.base/java.lang.Thread.run(Thread.java:829)
2026-02-25 03:13:30.733 - [WARN ] - esl
org.freeswitch.esl.client.inbound.InboundConnectionException: Could not connect to /61.158.166.45:8021
	at org.freeswitch.esl.client.inbound.Client.connect(Client.java:134)
	at cn.psycall.ccmgt.util.FreeSwitchManage.monitor(FreeSwitchManage.java:86)
	at cn.psycall.ccmgt.util.FreeSwitchManage.run(FreeSwitchManage.java:42)
Caused by: io.netty.channel.AbstractChannel$AnnotatedConnectException: Connection refused: /61.158.166.45:8021
Caused by: java.net.ConnectException: Connection refused
	at java.base/sun.nio.ch.SocketChannelImpl.checkConnect(Native Method)
	at java.base/sun.nio.ch.SocketChannelImpl.finishConnect(SocketChannelImpl.java:777)
	at io.netty.channel.socket.nio.NioSocketChannel.doFinishConnect(NioSocketChannel.java:330)
	at io.netty.channel.nio.AbstractNioChannel$AbstractNioUnsafe.finishConnect(AbstractNioChannel.java:334)
	at io.netty.channel.nio.NioEventLoop.processSelectedKey(NioEventLoop.java:707)
	at io.netty.channel.nio.NioEventLoop.processSelectedKeysOptimized(NioEventLoop.java:655)
	at io.netty.channel.nio.NioEventLoop.processSelectedKeys(NioEventLoop.java:581)
	at io.netty.channel.nio.NioEventLoop.run(NioEventLoop.java:493)
	at io.netty.util.concurrent.SingleThreadEventExecutor$4.run(SingleThreadEventExecutor.java:989)
	at io.netty.util.internal.ThreadExecutorMap$2.run(ThreadExecutorMap.java:74)
	at io.netty.util.concurrent.FastThreadLocalRunnable.run(FastThreadLocalRunnable.java:30)
	at java.base/java.lang.Thread.run(Thread.java:829)
2026-02-25 03:13:30.812 - [WARN ] - esl
org.freeswitch.esl.client.inbound.InboundConnectionException: Could not connect to /61.158.166.46:8021
	at org.freeswitch.esl.client.inbound.Client.connect(Client.java:134)
	at cn.psycall.ccmgt.util.FreeSwitchManage.monitor(FreeSwitchManage.java:86)
	at cn.psycall.ccmgt.util.FreeSwitchManage.run(FreeSwitchManage.java:42)
Caused by: io.netty.channel.AbstractChannel$AnnotatedConnectException: Connection refused: /61.158.166.46:8021
Caused by: java.net.ConnectException: Connection refused
	at java.base/sun.nio.ch.SocketChannelImpl.checkConnect(Native Method)
	at java.base/sun.nio.ch.SocketChannelImpl.finishConnect(SocketChannelImpl.java:777)
	at io.netty.channel.socket.nio.NioSocketChannel.doFinishConnect(NioSocketChannel.java:330)
	at io.netty.channel.nio.AbstractNioChannel$AbstractNioUnsafe.finishConnect(AbstractNioChannel.java:334)
	at io.netty.channel.nio.NioEventLoop.processSelectedKey(NioEventLoop.java:707)
	at io.netty.channel.nio.NioEventLoop.processSelectedKeysOptimized(NioEventLoop.java:655)
	at io.netty.channel.nio.NioEventLoop.processSelectedKeys(NioEventLoop.java:581)
	at io.netty.channel.nio.NioEventLoop.run(NioEventLoop.java:493)
	at io.netty.util.concurrent.SingleThreadEventExecutor$4.run(SingleThreadEventExecutor.java:989)
	at io.netty.util.internal.ThreadExecutorMap$2.run(ThreadExecutorMap.java:74)
	at io.netty.util.concurrent.FastThreadLocalRunnable.run(FastThreadLocalRunnable.java:30)
	at java.base/java.lang.Thread.run(Thread.java:829)
2026-02-25 03:13:31.891 - [WARN ] - esl
org.freeswitch.esl.client.inbound.InboundConnectionException: Could not connect to /61.158.166.45:8021
	at org.freeswitch.esl.client.inbound.Client.connect(Client.java:134)
	at cn.psycall.ccmgt.util.FreeSwitchManage.monitor(FreeSwitchManage.java:86)
	at cn.psycall.ccmgt.util.FreeSwitchManage.run(FreeSwitchManage.java:42)
Caused by: io.netty.channel.AbstractChannel$AnnotatedConnectException: Connection refused: /61.158.166.45:8021
Caused by: java.net.ConnectException: Connection refused
	at java.base/sun.nio.ch.SocketChannelImpl.checkConnect(Native Method)
	at java.base/sun.nio.ch.SocketChannelImpl.finishConnect(SocketChannelImpl.java:777)
	at io.netty.channel.socket.nio.NioSocketChannel.doFinishConnect(NioSocketChannel.java:330)
	at io.netty.channel.nio.AbstractNioChannel$AbstractNioUnsafe.finishConnect(AbstractNioChannel.java:334)
	at io.netty.channel.nio.NioEventLoop.processSelectedKey(NioEventLoop.java:707)
	at io.netty.channel.nio.NioEventLoop.processSelectedKeysOptimized(NioEventLoop.java:655)
	at io.netty.channel.nio.NioEventLoop.processSelectedKeys(NioEventLoop.java:581)
	at io.netty.channel.nio.NioEventLoop.run(NioEventLoop.java:493)
	at io.netty.util.concurrent.SingleThreadEventExecutor$4.run(SingleThreadEventExecutor.java:989)
	at io.netty.util.internal.ThreadExecutorMap$2.run(ThreadExecutorMap.java:74)
	at io.netty.util.concurrent.FastThreadLocalRunnable.run(FastThreadLocalRunnable.java:30)
	at java.base/java.lang.Thread.run(Thread.java:829)
2026-02-25 03:13:31.974 - [WARN ] - esl
org.freeswitch.esl.client.inbound.InboundConnectionException: Could not connect to /61.158.166.46:8021
	at org.freeswitch.esl.client.inbound.Client.connect(Client.java:134)
	at cn.psycall.ccmgt.util.FreeSwitchManage.monitor(FreeSwitchManage.java:86)
	at cn.psycall.ccmgt.util.FreeSwitchManage.run(FreeSwitchManage.java:42)
Caused by: io.netty.channel.AbstractChannel$AnnotatedConnectException: Connection refused: /61.158.166.46:8021
Caused by: java.net.ConnectException: Connection refused
	at java.base/sun.nio.ch.SocketChannelImpl.checkConnect(Native Method)
	at java.base/sun.nio.ch.SocketChannelImpl.finishConnect(SocketChannelImpl.java:777)
	at io.netty.channel.socket.nio.NioSocketChannel.doFinishConnect(NioSocketChannel.java:330)
	at io.netty.channel.nio.AbstractNioChannel$AbstractNioUnsafe.finishConnect(AbstractNioChannel.java:334)
	at io.netty.channel.nio.NioEventLoop.processSelectedKey(NioEventLoop.java:707)
	at io.netty.channel.nio.NioEventLoop.processSelectedKeysOptimized(NioEventLoop.java:655)
	at io.netty.channel.nio.NioEventLoop.processSelectedKeys(NioEventLoop.java:581)
	at io.netty.channel.nio.NioEventLoop.run(NioEventLoop.java:493)
	at io.netty.util.concurrent.SingleThreadEventExecutor$4.run(SingleThreadEventExecutor.java:989)
	at io.netty.util.internal.ThreadExecutorMap$2.run(ThreadExecutorMap.java:74)
	at io.netty.util.concurrent.FastThreadLocalRunnable.run(FastThreadLocalRunnable.java:30)
	at java.base/java.lang.Thread.run(Thread.java:829)
2026-02-25 03:13:33.064 - [WARN ] - esl
org.freeswitch.esl.client.inbound.InboundConnectionException: Could not connect to /61.158.166.45:8021
	at org.freeswitch.esl.client.inbound.Client.connect(Client.java:134)
	at cn.psycall.ccmgt.util.FreeSwitchManage.monitor(FreeSwitchManage.java:86)
	at cn.psycall.ccmgt.util.FreeSwitchManage.run(FreeSwitchManage.java:42)
Caused by: io.netty.channel.AbstractChannel$AnnotatedConnectException: Connection refused: /61.158.166.45:8021
Caused by: java.net.ConnectException: Connection refused
	at java.base/sun.nio.ch.SocketChannelImpl.checkConnect(Native Method)
	at java.base/sun.nio.ch.SocketChannelImpl.finishConnect(SocketChannelImpl.java:777)
	at io.netty.channel.socket.nio.NioSocketChannel.doFinishConnect(NioSocketChannel.java:330)
	at io.netty.channel.nio.AbstractNioChannel$AbstractNioUnsafe.finishConnect(AbstractNioChannel.java:334)
	at io.netty.channel.nio.NioEventLoop.processSelectedKey(NioEventLoop.java:707)
	at io.netty.channel.nio.NioEventLoop.processSelectedKeysOptimized(NioEventLoop.java:655)
	at io.netty.channel.nio.NioEventLoop.processSelectedKeys(NioEventLoop.java:581)
	at io.netty.channel.nio.NioEventLoop.run(NioEventLoop.java:493)
	at io.netty.util.concurrent.SingleThreadEventExecutor$4.run(SingleThreadEventExecutor.java:989)
	at io.netty.util.internal.ThreadExecutorMap$2.run(ThreadExecutorMap.java:74)
	at io.netty.util.concurrent.FastThreadLocalRunnable.run(FastThreadLocalRunnable.java:30)
	at java.base/java.lang.Thread.run(Thread.java:829)
2026-02-25 03:13:33.136 - [WARN ] - esl
org.freeswitch.esl.client.inbound.InboundConnectionException: Could not connect to /61.158.166.46:8021
	at org.freeswitch.esl.client.inbound.Client.connect(Client.java:134)
	at cn.psycall.ccmgt.util.FreeSwitchManage.monitor(FreeSwitchManage.java:86)
	at cn.psycall.ccmgt.util.FreeSwitchManage.run(FreeSwitchManage.java:42)
Caused by: io.netty.channel.AbstractChannel$AnnotatedConnectException: Connection refused: /61.158.166.46:8021
Caused by: java.net.ConnectException: Connection refused
	at java.base/sun.nio.ch.SocketChannelImpl.checkConnect(Native Method)
	at java.base/sun.nio.ch.SocketChannelImpl.finishConnect(SocketChannelImpl.java:777)
	at io.netty.channel.socket.nio.NioSocketChannel.doFinishConnect(NioSocketChannel.java:330)
	at io.netty.channel.nio.AbstractNioChannel$AbstractNioUnsafe.finishConnect(AbstractNioChannel.java:334)
	at io.netty.channel.nio.NioEventLoop.processSelectedKey(NioEventLoop.java:707)
	at io.netty.channel.nio.NioEventLoop.processSelectedKeysOptimized(NioEventLoop.java:655)
	at io.netty.channel.nio.NioEventLoop.processSelectedKeys(NioEventLoop.java:581)
	at io.netty.channel.nio.NioEventLoop.run(NioEventLoop.java:493)
	at io.netty.util.concurrent.SingleThreadEventExecutor$4.run(SingleThreadEventExecutor.java:989)
	at io.netty.util.internal.ThreadExecutorMap$2.run(ThreadExecutorMap.java:74)
	at io.netty.util.concurrent.FastThreadLocalRunnable.run(FastThreadLocalRunnable.java:30)
	at java.base/java.lang.Thread.run(Thread.java:829)
2026-02-25 03:13:34.220 - [WARN ] - esl
org.freeswitch.esl.client.inbound.InboundConnectionException: Could not connect to /61.158.166.45:8021
	at org.freeswitch.esl.client.inbound.Client.connect(Client.java:134)
	at cn.psycall.ccmgt.util.FreeSwitchManage.monitor(FreeSwitchManage.java:86)
	at cn.psycall.ccmgt.util.FreeSwitchManage.run(FreeSwitchManage.java:42)
Caused by: io.netty.channel.AbstractChannel$AnnotatedConnectException: Connection refused: /61.158.166.45:8021
Caused by: java.net.ConnectException: Connection refused
	at java.base/sun.nio.ch.SocketChannelImpl.checkConnect(Native Method)
	at java.base/sun.nio.ch.SocketChannelImpl.finishConnect(SocketChannelImpl.java:777)
	at io.netty.channel.socket.nio.NioSocketChannel.doFinishConnect(NioSocketChannel.java:330)
	at io.netty.channel.nio.AbstractNioChannel$AbstractNioUnsafe.finishConnect(AbstractNioChannel.java:334)
	at io.netty.channel.nio.NioEventLoop.processSelectedKey(NioEventLoop.java:707)
	at io.netty.channel.nio.NioEventLoop.processSelectedKeysOptimized(NioEventLoop.java:655)
	at io.netty.channel.nio.NioEventLoop.processSelectedKeys(NioEventLoop.java:581)
	at io.netty.channel.nio.NioEventLoop.run(NioEventLoop.java:493)
	at io.netty.util.concurrent.SingleThreadEventExecutor$4.run(SingleThreadEventExecutor.java:989)
	at io.netty.util.internal.ThreadExecutorMap$2.run(ThreadExecutorMap.java:74)
	at io.netty.util.concurrent.FastThreadLocalRunnable.run(FastThreadLocalRunnable.java:30)
	at java.base/java.lang.Thread.run(Thread.java:829)
2026-02-25 03:13:34.301 - [WARN ] - esl
org.freeswitch.esl.client.inbound.InboundConnectionException: Could not connect to /61.158.166.46:8021
	at org.freeswitch.esl.client.inbound.Client.connect(Client.java:134)
	at cn.psycall.ccmgt.util.FreeSwitchManage.monitor(FreeSwitchManage.java:86)
	at cn.psycall.ccmgt.util.FreeSwitchManage.run(FreeSwitchManage.java:42)
Caused by: io.netty.channel.AbstractChannel$AnnotatedConnectException: Connection refused: /61.158.166.46:8021
Caused by: java.net.ConnectException: Connection refused
	at java.base/sun.nio.ch.SocketChannelImpl.checkConnect(Native Method)
	at java.base/sun.nio.ch.SocketChannelImpl.finishConnect(SocketChannelImpl.java:777)
	at io.netty.channel.socket.nio.NioSocketChannel.doFinishConnect(NioSocketChannel.java:330)
	at io.netty.channel.nio.AbstractNioChannel$AbstractNioUnsafe.finishConnect(AbstractNioChannel.java:334)
	at io.netty.channel.nio.NioEventLoop.processSelectedKey(NioEventLoop.java:707)
	at io.netty.channel.nio.NioEventLoop.processSelectedKeysOptimized(NioEventLoop.java:655)
	at io.netty.channel.nio.NioEventLoop.processSelectedKeys(NioEventLoop.java:581)
	at io.netty.channel.nio.NioEventLoop.run(NioEventLoop.java:493)
	at io.netty.util.concurrent.SingleThreadEventExecutor$4.run(SingleThreadEventExecutor.java:989)
	at io.netty.util.internal.ThreadExecutorMap$2.run(ThreadExecutorMap.java:74)
	at io.netty.util.concurrent.FastThreadLocalRunnable.run(FastThreadLocalRunnable.java:30)
	at java.base/java.lang.Thread.run(Thread.java:829)
2026-02-25 03:13:35.386 - [WARN ] - esl
org.freeswitch.esl.client.inbound.InboundConnectionException: Could not connect to /61.158.166.45:8021
	at org.freeswitch.esl.client.inbound.Client.connect(Client.java:134)
	at cn.psycall.ccmgt.util.FreeSwitchManage.monitor(FreeSwitchManage.java:86)
	at cn.psycall.ccmgt.util.FreeSwitchManage.run(FreeSwitchManage.java:42)
Caused by: io.netty.channel.AbstractChannel$AnnotatedConnectException: Connection refused: /61.158.166.45:8021
Caused by: java.net.ConnectException: Connection refused
	at java.base/sun.nio.ch.SocketChannelImpl.checkConnect(Native Method)
	at java.base/sun.nio.ch.SocketChannelImpl.finishConnect(SocketChannelImpl.java:777)
	at io.netty.channel.socket.nio.NioSocketChannel.doFinishConnect(NioSocketChannel.java:330)
	at io.netty.channel.nio.AbstractNioChannel$AbstractNioUnsafe.finishConnect(AbstractNioChannel.java:334)
	at io.netty.channel.nio.NioEventLoop.processSelectedKey(NioEventLoop.java:707)
	at io.netty.channel.nio.NioEventLoop.processSelectedKeysOptimized(NioEventLoop.java:655)
	at io.netty.channel.nio.NioEventLoop.processSelectedKeys(NioEventLoop.java:581)
	at io.netty.channel.nio.NioEventLoop.run(NioEventLoop.java:493)
	at io.netty.util.concurrent.SingleThreadEventExecutor$4.run(SingleThreadEventExecutor.java:989)
	at io.netty.util.internal.ThreadExecutorMap$2.run(ThreadExecutorMap.java:74)
	at io.netty.util.concurrent.FastThreadLocalRunnable.run(FastThreadLocalRunnable.java:30)
	at java.base/java.lang.Thread.run(Thread.java:829)
2026-02-25 03:13:35.455 - [WARN ] - esl
org.freeswitch.esl.client.inbound.InboundConnectionException: Could not connect to /61.158.166.46:8021
	at org.freeswitch.esl.client.inbound.Client.connect(Client.java:134)
	at cn.psycall.ccmgt.util.FreeSwitchManage.monitor(FreeSwitchManage.java:86)
	at cn.psycall.ccmgt.util.FreeSwitchManage.run(FreeSwitchManage.java:42)
Caused by: io.netty.channel.AbstractChannel$AnnotatedConnectException: Connection refused: /61.158.166.46:8021
Caused by: java.net.ConnectException: Connection refused
	at java.base/sun.nio.ch.SocketChannelImpl.checkConnect(Native Method)
	at java.base/sun.nio.ch.SocketChannelImpl.finishConnect(SocketChannelImpl.java:777)
	at io.netty.channel.socket.nio.NioSocketChannel.doFinishConnect(NioSocketChannel.java:330)
	at io.netty.channel.nio.AbstractNioChannel$AbstractNioUnsafe.finishConnect(AbstractNioChannel.java:334)
	at io.netty.channel.nio.NioEventLoop.processSelectedKey(NioEventLoop.java:707)
	at io.netty.channel.nio.NioEventLoop.processSelectedKeysOptimized(NioEventLoop.java:655)
	at io.netty.channel.nio.NioEventLoop.processSelectedKeys(NioEventLoop.java:581)
	at io.netty.channel.nio.NioEventLoop.run(NioEventLoop.java:493)
	at io.netty.util.concurrent.SingleThreadEventExecutor$4.run(SingleThreadEventExecutor.java:989)
	at io.netty.util.internal.ThreadExecutorMap$2.run(ThreadExecutorMap.java:74)
	at io.netty.util.concurrent.FastThreadLocalRunnable.run(FastThreadLocalRunnable.java:30)
	at java.base/java.lang.Thread.run(Thread.java:829)
2026-02-25 03:13:36.540 - [WARN ] - esl
org.freeswitch.esl.client.inbound.InboundConnectionException: Could not connect to /61.158.166.45:8021
	at org.freeswitch.esl.client.inbound.Client.connect(Client.java:134)
	at cn.psycall.ccmgt.util.FreeSwitchManage.monitor(FreeSwitchManage.java:86)
	at cn.psycall.ccmgt.util.FreeSwitchManage.run(FreeSwitchManage.java:42)
Caused by: io.netty.channel.AbstractChannel$AnnotatedConnectException: Connection refused: /61.158.166.45:8021
Caused by: java.net.ConnectException: Connection refused
	at java.base/sun.nio.ch.SocketChannelImpl.checkConnect(Native Method)
	at java.base/sun.nio.ch.SocketChannelImpl.finishConnect(SocketChannelImpl.java:777)
	at io.netty.channel.socket.nio.NioSocketChannel.doFinishConnect(NioSocketChannel.java:330)
	at io.netty.channel.nio.AbstractNioChannel$AbstractNioUnsafe.finishConnect(AbstractNioChannel.java:334)
	at io.netty.channel.nio.NioEventLoop.processSelectedKey(NioEventLoop.java:707)
	at io.netty.channel.nio.NioEventLoop.processSelectedKeysOptimized(NioEventLoop.java:655)
	at io.netty.channel.nio.NioEventLoop.processSelectedKeys(NioEventLoop.java:581)
	at io.netty.channel.nio.NioEventLoop.run(NioEventLoop.java:493)
	at io.netty.util.concurrent.SingleThreadEventExecutor$4.run(SingleThreadEventExecutor.java:989)
	at io.netty.util.internal.ThreadExecutorMap$2.run(ThreadExecutorMap.java:74)
	at io.netty.util.concurrent.FastThreadLocalRunnable.run(FastThreadLocalRunnable.java:30)
	at java.base/java.lang.Thread.run(Thread.java:829)
2026-02-25 03:13:36.626 - [WARN ] - esl
org.freeswitch.esl.client.inbound.InboundConnectionException: Could not connect to /61.158.166.46:8021
	at org.freeswitch.esl.client.inbound.Client.connect(Client.java:134)
	at cn.psycall.ccmgt.util.FreeSwitchManage.monitor(FreeSwitchManage.java:86)
	at cn.psycall.ccmgt.util.FreeSwitchManage.run(FreeSwitchManage.java:42)
Caused by: io.netty.channel.AbstractChannel$AnnotatedConnectException: Connection refused: /61.158.166.46:8021
Caused by: java.net.ConnectException: Connection refused
	at java.base/sun.nio.ch.SocketChannelImpl.checkConnect(Native Method)
	at java.base/sun.nio.ch.SocketChannelImpl.finishConnect(SocketChannelImpl.java:777)
	at io.netty.channel.socket.nio.NioSocketChannel.doFinishConnect(NioSocketChannel.java:330)
	at io.netty.channel.nio.AbstractNioChannel$AbstractNioUnsafe.finishConnect(AbstractNioChannel.java:334)
	at io.netty.channel.nio.NioEventLoop.processSelectedKey(NioEventLoop.java:707)
	at io.netty.channel.nio.NioEventLoop.processSelectedKeysOptimized(NioEventLoop.java:655)
	at io.netty.channel.nio.NioEventLoop.processSelectedKeys(NioEventLoop.java:581)
	at io.netty.channel.nio.NioEventLoop.run(NioEventLoop.java:493)
	at io.netty.util.concurrent.SingleThreadEventExecutor$4.run(SingleThreadEventExecutor.java:989)
	at io.netty.util.internal.ThreadExecutorMap$2.run(ThreadExecutorMap.java:74)
	at io.netty.util.concurrent.FastThreadLocalRunnable.run(FastThreadLocalRunnable.java:30)
	at java.base/java.lang.Thread.run(Thread.java:829)
2026-02-25 03:13:37.705 - [WARN ] - esl
org.freeswitch.esl.client.inbound.InboundConnectionException: Could not connect to /61.158.166.45:8021
	at org.freeswitch.esl.client.inbound.Client.connect(Client.java:134)
	at cn.psycall.ccmgt.util.FreeSwitchManage.monitor(FreeSwitchManage.java:86)
	at cn.psycall.ccmgt.util.FreeSwitchManage.run(FreeSwitchManage.java:42)
Caused by: io.netty.channel.AbstractChannel$AnnotatedConnectException: Connection refused: /61.158.166.45:8021
Caused by: java.net.ConnectException: Connection refused
	at java.base/sun.nio.ch.SocketChannelImpl.checkConnect(Native Method)
	at java.base/sun.nio.ch.SocketChannelImpl.finishConnect(SocketChannelImpl.java:777)
	at io.netty.channel.socket.nio.NioSocketChannel.doFinishConnect(NioSocketChannel.java:330)
	at io.netty.channel.nio.AbstractNioChannel$AbstractNioUnsafe.finishConnect(AbstractNioChannel.java:334)
	at io.netty.channel.nio.NioEventLoop.processSelectedKey(NioEventLoop.java:707)
	at io.netty.channel.nio.NioEventLoop.processSelectedKeysOptimized(NioEventLoop.java:655)
	at io.netty.channel.nio.NioEventLoop.processSelectedKeys(NioEventLoop.java:581)
	at io.netty.channel.nio.NioEventLoop.run(NioEventLoop.java:493)
	at io.netty.util.concurrent.SingleThreadEventExecutor$4.run(SingleThreadEventExecutor.java:989)
	at io.netty.util.internal.ThreadExecutorMap$2.run(ThreadExecutorMap.java:74)
	at io.netty.util.concurrent.FastThreadLocalRunnable.run(FastThreadLocalRunnable.java:30)
	at java.base/java.lang.Thread.run(Thread.java:829)
2026-02-25 03:13:37.782 - [WARN ] - esl
org.freeswitch.esl.client.inbound.InboundConnectionException: Could not connect to /61.158.166.46:8021
	at org.freeswitch.esl.client.inbound.Client.connect(Client.java:134)
	at cn.psycall.ccmgt.util.FreeSwitchManage.monitor(FreeSwitchManage.java:86)
	at cn.psycall.ccmgt.util.FreeSwitchManage.run(FreeSwitchManage.java:42)
Caused by: io.netty.channel.AbstractChannel$AnnotatedConnectException: Connection refused: /61.158.166.46:8021
Caused by: java.net.ConnectException: Connection refused
	at java.base/sun.nio.ch.SocketChannelImpl.checkConnect(Native Method)
	at java.base/sun.nio.ch.SocketChannelImpl.finishConnect(SocketChannelImpl.java:777)
	at io.netty.channel.socket.nio.NioSocketChannel.doFinishConnect(NioSocketChannel.java:330)
	at io.netty.channel.nio.AbstractNioChannel$AbstractNioUnsafe.finishConnect(AbstractNioChannel.java:334)
	at io.netty.channel.nio.NioEventLoop.processSelectedKey(NioEventLoop.java:707)
	at io.netty.channel.nio.NioEventLoop.processSelectedKeysOptimized(NioEventLoop.java:655)
	at io.netty.channel.nio.NioEventLoop.processSelectedKeys(NioEventLoop.java:581)
	at io.netty.channel.nio.NioEventLoop.run(NioEventLoop.java:493)
	at io.netty.util.concurrent.SingleThreadEventExecutor$4.run(SingleThreadEventExecutor.java:989)
	at io.netty.util.internal.ThreadExecutorMap$2.run(ThreadExecutorMap.java:74)
	at io.netty.util.concurrent.FastThreadLocalRunnable.run(FastThreadLocalRunnable.java:30)
	at java.base/java.lang.Thread.run(Thread.java:829)
2026-02-25 03:13:38.865 - [WARN ] - esl
org.freeswitch.esl.client.inbound.InboundConnectionException: Could not connect to /61.158.166.45:8021
	at org.freeswitch.esl.client.inbound.Client.connect(Client.java:134)
	at cn.psycall.ccmgt.util.FreeSwitchManage.monitor(FreeSwitchManage.java:86)
	at cn.psycall.ccmgt.util.FreeSwitchManage.run(FreeSwitchManage.java:42)
Caused by: io.netty.channel.AbstractChannel$AnnotatedConnectException: Connection refused: /61.158.166.45:8021
Caused by: java.net.ConnectException: Connection refused
	at java.base/sun.nio.ch.SocketChannelImpl.checkConnect(Native Method)
	at java.base/sun.nio.ch.SocketChannelImpl.finishConnect(SocketChannelImpl.java:777)
	at io.netty.channel.socket.nio.NioSocketChannel.doFinishConnect(NioSocketChannel.java:330)
	at io.netty.channel.nio.AbstractNioChannel$AbstractNioUnsafe.finishConnect(AbstractNioChannel.java:334)
	at io.netty.channel.nio.NioEventLoop.processSelectedKey(NioEventLoop.java:707)
	at io.netty.channel.nio.NioEventLoop.processSelectedKeysOptimized(NioEventLoop.java:655)
	at io.netty.channel.nio.NioEventLoop.processSelectedKeys(NioEventLoop.java:581)
	at io.netty.channel.nio.NioEventLoop.run(NioEventLoop.java:493)
	at io.netty.util.concurrent.SingleThreadEventExecutor$4.run(SingleThreadEventExecutor.java:989)
	at io.netty.util.internal.ThreadExecutorMap$2.run(ThreadExecutorMap.java:74)
	at io.netty.util.concurrent.FastThreadLocalRunnable.run(FastThreadLocalRunnable.java:30)
	at java.base/java.lang.Thread.run(Thread.java:829)
2026-02-25 03:13:38.945 - [WARN ] - esl
org.freeswitch.esl.client.inbound.InboundConnectionException: Could not connect to /61.158.166.46:8021
	at org.freeswitch.esl.client.inbound.Client.connect(Client.java:134)
	at cn.psycall.ccmgt.util.FreeSwitchManage.monitor(FreeSwitchManage.java:86)
	at cn.psycall.ccmgt.util.FreeSwitchManage.run(FreeSwitchManage.java:42)
Caused by: io.netty.channel.AbstractChannel$AnnotatedConnectException: Connection refused: /61.158.166.46:8021
Caused by: java.net.ConnectException: Connection refused
	at java.base/sun.nio.ch.SocketChannelImpl.checkConnect(Native Method)
	at java.base/sun.nio.ch.SocketChannelImpl.finishConnect(SocketChannelImpl.java:777)
	at io.netty.channel.socket.nio.NioSocketChannel.doFinishConnect(NioSocketChannel.java:330)
	at io.netty.channel.nio.AbstractNioChannel$AbstractNioUnsafe.finishConnect(AbstractNioChannel.java:334)
	at io.netty.channel.nio.NioEventLoop.processSelectedKey(NioEventLoop.java:707)
	at io.netty.channel.nio.NioEventLoop.processSelectedKeysOptimized(NioEventLoop.java:655)
	at io.netty.channel.nio.NioEventLoop.processSelectedKeys(NioEventLoop.java:581)
	at io.netty.channel.nio.NioEventLoop.run(NioEventLoop.java:493)
	at io.netty.util.concurrent.SingleThreadEventExecutor$4.run(SingleThreadEventExecutor.java:989)
	at io.netty.util.internal.ThreadExecutorMap$2.run(ThreadExecutorMap.java:74)
	at io.netty.util.concurrent.FastThreadLocalRunnable.run(FastThreadLocalRunnable.java:30)
	at java.base/java.lang.Thread.run(Thread.java:829)
2026-02-25 03:13:40.028 - [WARN ] - esl
org.freeswitch.esl.client.inbound.InboundConnectionException: Could not connect to /61.158.166.45:8021
	at org.freeswitch.esl.client.inbound.Client.connect(Client.java:134)
	at cn.psycall.ccmgt.util.FreeSwitchManage.monitor(FreeSwitchManage.java:86)
	at cn.psycall.ccmgt.util.FreeSwitchManage.run(FreeSwitchManage.java:42)
Caused by: io.netty.channel.AbstractChannel$AnnotatedConnectException: Connection refused: /61.158.166.45:8021
Caused by: java.net.ConnectException: Connection refused
	at java.base/sun.nio.ch.SocketChannelImpl.checkConnect(Native Method)
	at java.base/sun.nio.ch.SocketChannelImpl.finishConnect(SocketChannelImpl.java:777)
	at io.netty.channel.socket.nio.NioSocketChannel.doFinishConnect(NioSocketChannel.java:330)
	at io.netty.channel.nio.AbstractNioChannel$AbstractNioUnsafe.finishConnect(AbstractNioChannel.java:334)
	at io.netty.channel.nio.NioEventLoop.processSelectedKey(NioEventLoop.java:707)
	at io.netty.channel.nio.NioEventLoop.processSelectedKeysOptimized(NioEventLoop.java:655)
	at io.netty.channel.nio.NioEventLoop.processSelectedKeys(NioEventLoop.java:581)
	at io.netty.channel.nio.NioEventLoop.run(NioEventLoop.java:493)
	at io.netty.util.concurrent.SingleThreadEventExecutor$4.run(SingleThreadEventExecutor.java:989)
	at io.netty.util.internal.ThreadExecutorMap$2.run(ThreadExecutorMap.java:74)
	at io.netty.util.concurrent.FastThreadLocalRunnable.run(FastThreadLocalRunnable.java:30)
	at java.base/java.lang.Thread.run(Thread.java:829)
2026-02-25 03:13:40.111 - [WARN ] - esl
org.freeswitch.esl.client.inbound.InboundConnectionException: Could not connect to /61.158.166.46:8021
	at org.freeswitch.esl.client.inbound.Client.connect(Client.java:134)
	at cn.psycall.ccmgt.util.FreeSwitchManage.monitor(FreeSwitchManage.java:86)
	at cn.psycall.ccmgt.util.FreeSwitchManage.run(FreeSwitchManage.java:42)
Caused by: io.netty.channel.AbstractChannel$AnnotatedConnectException: Connection refused: /61.158.166.46:8021
Caused by: java.net.ConnectException: Connection refused
	at java.base/sun.nio.ch.SocketChannelImpl.checkConnect(Native Method)
	at java.base/sun.nio.ch.SocketChannelImpl.finishConnect(SocketChannelImpl.java:777)
	at io.netty.channel.socket.nio.NioSocketChannel.doFinishConnect(NioSocketChannel.java:330)
	at io.netty.channel.nio.AbstractNioChannel$AbstractNioUnsafe.finishConnect(AbstractNioChannel.java:334)
	at io.netty.channel.nio.NioEventLoop.processSelectedKey(NioEventLoop.java:707)
	at io.netty.channel.nio.NioEventLoop.processSelectedKeysOptimized(NioEventLoop.java:655)
	at io.netty.channel.nio.NioEventLoop.processSelectedKeys(NioEventLoop.java:581)
	at io.netty.channel.nio.NioEventLoop.run(NioEventLoop.java:493)
	at io.netty.util.concurrent.SingleThreadEventExecutor$4.run(SingleThreadEventExecutor.java:989)
	at io.netty.util.internal.ThreadExecutorMap$2.run(ThreadExecutorMap.java:74)
	at io.netty.util.concurrent.FastThreadLocalRunnable.run(FastThreadLocalRunnable.java:30)
	at java.base/java.lang.Thread.run(Thread.java:829)
2026-02-25 03:13:41.200 - [WARN ] - esl
org.freeswitch.esl.client.inbound.InboundConnectionException: Could not connect to /61.158.166.45:8021
	at org.freeswitch.esl.client.inbound.Client.connect(Client.java:134)
	at cn.psycall.ccmgt.util.FreeSwitchManage.monitor(FreeSwitchManage.java:86)
	at cn.psycall.ccmgt.util.FreeSwitchManage.run(FreeSwitchManage.java:42)
Caused by: io.netty.channel.AbstractChannel$AnnotatedConnectException: Connection refused: /61.158.166.45:8021
Caused by: java.net.ConnectException: Connection refused
	at java.base/sun.nio.ch.SocketChannelImpl.checkConnect(Native Method)
	at java.base/sun.nio.ch.SocketChannelImpl.finishConnect(SocketChannelImpl.java:777)
	at io.netty.channel.socket.nio.NioSocketChannel.doFinishConnect(NioSocketChannel.java:330)
	at io.netty.channel.nio.AbstractNioChannel$AbstractNioUnsafe.finishConnect(AbstractNioChannel.java:334)
	at io.netty.channel.nio.NioEventLoop.processSelectedKey(NioEventLoop.java:707)
	at io.netty.channel.nio.NioEventLoop.processSelectedKeysOptimized(NioEventLoop.java:655)
	at io.netty.channel.nio.NioEventLoop.processSelectedKeys(NioEventLoop.java:581)
	at io.netty.channel.nio.NioEventLoop.run(NioEventLoop.java:493)
	at io.netty.util.concurrent.SingleThreadEventExecutor$4.run(SingleThreadEventExecutor.java:989)
	at io.netty.util.internal.ThreadExecutorMap$2.run(ThreadExecutorMap.java:74)
	at io.netty.util.concurrent.FastThreadLocalRunnable.run(FastThreadLocalRunnable.java:30)
	at java.base/java.lang.Thread.run(Thread.java:829)
2026-02-25 03:13:41.265 - [WARN ] - esl
org.freeswitch.esl.client.inbound.InboundConnectionException: Could not connect to /61.158.166.46:8021
	at org.freeswitch.esl.client.inbound.Client.connect(Client.java:134)
	at cn.psycall.ccmgt.util.FreeSwitchManage.monitor(FreeSwitchManage.java:86)
	at cn.psycall.ccmgt.util.FreeSwitchManage.run(FreeSwitchManage.java:42)
Caused by: io.netty.channel.AbstractChannel$AnnotatedConnectException: Connection refused: /61.158.166.46:8021
Caused by: java.net.ConnectException: Connection refused
	at java.base/sun.nio.ch.SocketChannelImpl.checkConnect(Native Method)
	at java.base/sun.nio.ch.SocketChannelImpl.finishConnect(SocketChannelImpl.java:777)
	at io.netty.channel.socket.nio.NioSocketChannel.doFinishConnect(NioSocketChannel.java:330)
	at io.netty.channel.nio.AbstractNioChannel$AbstractNioUnsafe.finishConnect(AbstractNioChannel.java:334)
	at io.netty.channel.nio.NioEventLoop.processSelectedKey(NioEventLoop.java:707)
	at io.netty.channel.nio.NioEventLoop.processSelectedKeysOptimized(NioEventLoop.java:655)
	at io.netty.channel.nio.NioEventLoop.processSelectedKeys(NioEventLoop.java:581)
	at io.netty.channel.nio.NioEventLoop.run(NioEventLoop.java:493)
	at io.netty.util.concurrent.SingleThreadEventExecutor$4.run(SingleThreadEventExecutor.java:989)
	at io.netty.util.internal.ThreadExecutorMap$2.run(ThreadExecutorMap.java:74)
	at io.netty.util.concurrent.FastThreadLocalRunnable.run(FastThreadLocalRunnable.java:30)
	at java.base/java.lang.Thread.run(Thread.java:829)
2026-02-25 03:13:42.353 - [WARN ] - esl
org.freeswitch.esl.client.inbound.InboundConnectionException: Could not connect to /61.158.166.45:8021
	at org.freeswitch.esl.client.inbound.Client.connect(Client.java:134)
	at cn.psycall.ccmgt.util.FreeSwitchManage.monitor(FreeSwitchManage.java:86)
	at cn.psycall.ccmgt.util.FreeSwitchManage.run(FreeSwitchManage.java:42)
Caused by: io.netty.channel.AbstractChannel$AnnotatedConnectException: Connection refused: /61.158.166.45:8021
Caused by: java.net.ConnectException: Connection refused
	at java.base/sun.nio.ch.SocketChannelImpl.checkConnect(Native Method)
	at java.base/sun.nio.ch.SocketChannelImpl.finishConnect(SocketChannelImpl.java:777)
	at io.netty.channel.socket.nio.NioSocketChannel.doFinishConnect(NioSocketChannel.java:330)
	at io.netty.channel.nio.AbstractNioChannel$AbstractNioUnsafe.finishConnect(AbstractNioChannel.java:334)
	at io.netty.channel.nio.NioEventLoop.processSelectedKey(NioEventLoop.java:707)
	at io.netty.channel.nio.NioEventLoop.processSelectedKeysOptimized(NioEventLoop.java:655)
	at io.netty.channel.nio.NioEventLoop.processSelectedKeys(NioEventLoop.java:581)
	at io.netty.channel.nio.NioEventLoop.run(NioEventLoop.java:493)
	at io.netty.util.concurrent.SingleThreadEventExecutor$4.run(SingleThreadEventExecutor.java:989)
	at io.netty.util.internal.ThreadExecutorMap$2.run(ThreadExecutorMap.java:74)
	at io.netty.util.concurrent.FastThreadLocalRunnable.run(FastThreadLocalRunnable.java:30)
	at java.base/java.lang.Thread.run(Thread.java:829)
2026-02-25 03:13:42.438 - [WARN ] - esl
org.freeswitch.esl.client.inbound.InboundConnectionException: Could not connect to /61.158.166.46:8021
	at org.freeswitch.esl.client.inbound.Client.connect(Client.java:134)
	at cn.psycall.ccmgt.util.FreeSwitchManage.monitor(FreeSwitchManage.java:86)
	at cn.psycall.ccmgt.util.FreeSwitchManage.run(FreeSwitchManage.java:42)
Caused by: io.netty.channel.AbstractChannel$AnnotatedConnectException: Connection refused: /61.158.166.46:8021
Caused by: java.net.ConnectException: Connection refused
	at java.base/sun.nio.ch.SocketChannelImpl.checkConnect(Native Method)
	at java.base/sun.nio.ch.SocketChannelImpl.finishConnect(SocketChannelImpl.java:777)
	at io.netty.channel.socket.nio.NioSocketChannel.doFinishConnect(NioSocketChannel.java:330)
	at io.netty.channel.nio.AbstractNioChannel$AbstractNioUnsafe.finishConnect(AbstractNioChannel.java:334)
	at io.netty.channel.nio.NioEventLoop.processSelectedKey(NioEventLoop.java:707)
	at io.netty.channel.nio.NioEventLoop.processSelectedKeysOptimized(NioEventLoop.java:655)
	at io.netty.channel.nio.NioEventLoop.processSelectedKeys(NioEventLoop.java:581)
	at io.netty.channel.nio.NioEventLoop.run(NioEventLoop.java:493)
	at io.netty.util.concurrent.SingleThreadEventExecutor$4.run(SingleThreadEventExecutor.java:989)
	at io.netty.util.internal.ThreadExecutorMap$2.run(ThreadExecutorMap.java:74)
	at io.netty.util.concurrent.FastThreadLocalRunnable.run(FastThreadLocalRunnable.java:30)
	at java.base/java.lang.Thread.run(Thread.java:829)
2026-02-25 03:13:43.523 - [WARN ] - esl
org.freeswitch.esl.client.inbound.InboundConnectionException: Could not connect to /61.158.166.45:8021
	at org.freeswitch.esl.client.inbound.Client.connect(Client.java:134)
	at cn.psycall.ccmgt.util.FreeSwitchManage.monitor(FreeSwitchManage.java:86)
	at cn.psycall.ccmgt.util.FreeSwitchManage.run(FreeSwitchManage.java:42)
Caused by: io.netty.channel.AbstractChannel$AnnotatedConnectException: Connection refused: /61.158.166.45:8021
Caused by: java.net.ConnectException: Connection refused
	at java.base/sun.nio.ch.SocketChannelImpl.checkConnect(Native Method)
	at java.base/sun.nio.ch.SocketChannelImpl.finishConnect(SocketChannelImpl.java:777)
	at io.netty.channel.socket.nio.NioSocketChannel.doFinishConnect(NioSocketChannel.java:330)
	at io.netty.channel.nio.AbstractNioChannel$AbstractNioUnsafe.finishConnect(AbstractNioChannel.java:334)
	at io.netty.channel.nio.NioEventLoop.processSelectedKey(NioEventLoop.java:707)
	at io.netty.channel.nio.NioEventLoop.processSelectedKeysOptimized(NioEventLoop.java:655)
	at io.netty.channel.nio.NioEventLoop.processSelectedKeys(NioEventLoop.java:581)
	at io.netty.channel.nio.NioEventLoop.run(NioEventLoop.java:493)
	at io.netty.util.concurrent.SingleThreadEventExecutor$4.run(SingleThreadEventExecutor.java:989)
	at io.netty.util.internal.ThreadExecutorMap$2.run(ThreadExecutorMap.java:74)
	at io.netty.util.concurrent.FastThreadLocalRunnable.run(FastThreadLocalRunnable.java:30)
	at java.base/java.lang.Thread.run(Thread.java:829)
2026-02-25 03:13:43.608 - [WARN ] - esl
org.freeswitch.esl.client.inbound.InboundConnectionException: Could not connect to /61.158.166.46:8021
	at org.freeswitch.esl.client.inbound.Client.connect(Client.java:134)
	at cn.psycall.ccmgt.util.FreeSwitchManage.monitor(FreeSwitchManage.java:86)
	at cn.psycall.ccmgt.util.FreeSwitchManage.run(FreeSwitchManage.java:42)
Caused by: io.netty.channel.AbstractChannel$AnnotatedConnectException: Connection refused: /61.158.166.46:8021
Caused by: java.net.ConnectException: Connection refused
	at java.base/sun.nio.ch.SocketChannelImpl.checkConnect(Native Method)
	at java.base/sun.nio.ch.SocketChannelImpl.finishConnect(SocketChannelImpl.java:777)
	at io.netty.channel.socket.nio.NioSocketChannel.doFinishConnect(NioSocketChannel.java:330)
	at io.netty.channel.nio.AbstractNioChannel$AbstractNioUnsafe.finishConnect(AbstractNioChannel.java:334)
	at io.netty.channel.nio.NioEventLoop.processSelectedKey(NioEventLoop.java:707)
	at io.netty.channel.nio.NioEventLoop.processSelectedKeysOptimized(NioEventLoop.java:655)
	at io.netty.channel.nio.NioEventLoop.processSelectedKeys(NioEventLoop.java:581)
	at io.netty.channel.nio.NioEventLoop.run(NioEventLoop.java:493)
	at io.netty.util.concurrent.SingleThreadEventExecutor$4.run(SingleThreadEventExecutor.java:989)
	at io.netty.util.internal.ThreadExecutorMap$2.run(ThreadExecutorMap.java:74)
	at io.netty.util.concurrent.FastThreadLocalRunnable.run(FastThreadLocalRunnable.java:30)
	at java.base/java.lang.Thread.run(Thread.java:829)
2026-02-25 03:13:44.689 - [WARN ] - esl
org.freeswitch.esl.client.inbound.InboundConnectionException: Could not connect to /61.158.166.45:8021
	at org.freeswitch.esl.client.inbound.Client.connect(Client.java:134)
	at cn.psycall.ccmgt.util.FreeSwitchManage.monitor(FreeSwitchManage.java:86)
	at cn.psycall.ccmgt.util.FreeSwitchManage.run(FreeSwitchManage.java:42)
Caused by: io.netty.channel.AbstractChannel$AnnotatedConnectException: Connection refused: /61.158.166.45:8021
Caused by: java.net.ConnectException: Connection refused
	at java.base/sun.nio.ch.SocketChannelImpl.checkConnect(Native Method)
	at java.base/sun.nio.ch.SocketChannelImpl.finishConnect(SocketChannelImpl.java:777)
	at io.netty.channel.socket.nio.NioSocketChannel.doFinishConnect(NioSocketChannel.java:330)
	at io.netty.channel.nio.AbstractNioChannel$AbstractNioUnsafe.finishConnect(AbstractNioChannel.java:334)
	at io.netty.channel.nio.NioEventLoop.processSelectedKey(NioEventLoop.java:707)
	at io.netty.channel.nio.NioEventLoop.processSelectedKeysOptimized(NioEventLoop.java:655)
	at io.netty.channel.nio.NioEventLoop.processSelectedKeys(NioEventLoop.java:581)
	at io.netty.channel.nio.NioEventLoop.run(NioEventLoop.java:493)
	at io.netty.util.concurrent.SingleThreadEventExecutor$4.run(SingleThreadEventExecutor.java:989)
	at io.netty.util.internal.ThreadExecutorMap$2.run(ThreadExecutorMap.java:74)
	at io.netty.util.concurrent.FastThreadLocalRunnable.run(FastThreadLocalRunnable.java:30)
	at java.base/java.lang.Thread.run(Thread.java:829)
2026-02-25 03:13:44.771 - [WARN ] - esl
org.freeswitch.esl.client.inbound.InboundConnectionException: Could not connect to /61.158.166.46:8021
	at org.freeswitch.esl.client.inbound.Client.connect(Client.java:134)
	at cn.psycall.ccmgt.util.FreeSwitchManage.monitor(FreeSwitchManage.java:86)
	at cn.psycall.ccmgt.util.FreeSwitchManage.run(FreeSwitchManage.java:42)
Caused by: io.netty.channel.AbstractChannel$AnnotatedConnectException: Connection refused: /61.158.166.46:8021
Caused by: java.net.ConnectException: Connection refused
	at java.base/sun.nio.ch.SocketChannelImpl.checkConnect(Native Method)
	at java.base/sun.nio.ch.SocketChannelImpl.finishConnect(SocketChannelImpl.java:777)
	at io.netty.channel.socket.nio.NioSocketChannel.doFinishConnect(NioSocketChannel.java:330)
	at io.netty.channel.nio.AbstractNioChannel$AbstractNioUnsafe.finishConnect(AbstractNioChannel.java:334)
	at io.netty.channel.nio.NioEventLoop.processSelectedKey(NioEventLoop.java:707)
	at io.netty.channel.nio.NioEventLoop.processSelectedKeysOptimized(NioEventLoop.java:655)
	at io.netty.channel.nio.NioEventLoop.processSelectedKeys(NioEventLoop.java:581)
	at io.netty.channel.nio.NioEventLoop.run(NioEventLoop.java:493)
	at io.netty.util.concurrent.SingleThreadEventExecutor$4.run(SingleThreadEventExecutor.java:989)
	at io.netty.util.internal.ThreadExecutorMap$2.run(ThreadExecutorMap.java:74)
	at io.netty.util.concurrent.FastThreadLocalRunnable.run(FastThreadLocalRunnable.java:30)
	at java.base/java.lang.Thread.run(Thread.java:829)
2026-02-25 03:13:45.855 - [WARN ] - esl
org.freeswitch.esl.client.inbound.InboundConnectionException: Could not connect to /61.158.166.45:8021
	at org.freeswitch.esl.client.inbound.Client.connect(Client.java:134)
	at cn.psycall.ccmgt.util.FreeSwitchManage.monitor(FreeSwitchManage.java:86)
	at cn.psycall.ccmgt.util.FreeSwitchManage.run(FreeSwitchManage.java:42)
Caused by: io.netty.channel.AbstractChannel$AnnotatedConnectException: Connection refused: /61.158.166.45:8021
Caused by: java.net.ConnectException: Connection refused
	at java.base/sun.nio.ch.SocketChannelImpl.checkConnect(Native Method)
	at java.base/sun.nio.ch.SocketChannelImpl.finishConnect(SocketChannelImpl.java:777)
	at io.netty.channel.socket.nio.NioSocketChannel.doFinishConnect(NioSocketChannel.java:330)
	at io.netty.channel.nio.AbstractNioChannel$AbstractNioUnsafe.finishConnect(AbstractNioChannel.java:334)
	at io.netty.channel.nio.NioEventLoop.processSelectedKey(NioEventLoop.java:707)
	at io.netty.channel.nio.NioEventLoop.processSelectedKeysOptimized(NioEventLoop.java:655)
	at io.netty.channel.nio.NioEventLoop.processSelectedKeys(NioEventLoop.java:581)
	at io.netty.channel.nio.NioEventLoop.run(NioEventLoop.java:493)
	at io.netty.util.concurrent.SingleThreadEventExecutor$4.run(SingleThreadEventExecutor.java:989)
	at io.netty.util.internal.ThreadExecutorMap$2.run(ThreadExecutorMap.java:74)
	at io.netty.util.concurrent.FastThreadLocalRunnable.run(FastThreadLocalRunnable.java:30)
	at java.base/java.lang.Thread.run(Thread.java:829)
2026-02-25 03:13:52.115 - [WARN ] - esl
org.freeswitch.esl.client.inbound.InboundConnectionException: Could not connect to /61.158.166.46:8021
	at org.freeswitch.esl.client.inbound.Client.connect(Client.java:134)
	at cn.psycall.ccmgt.util.FreeSwitchManage.monitor(FreeSwitchManage.java:86)
	at cn.psycall.ccmgt.util.FreeSwitchManage.run(FreeSwitchManage.java:42)
Caused by: io.netty.channel.AbstractChannel$AnnotatedConnectException: Connection refused: /61.158.166.46:8021
Caused by: java.net.ConnectException: Connection refused
	at java.base/sun.nio.ch.SocketChannelImpl.checkConnect(Native Method)
	at java.base/sun.nio.ch.SocketChannelImpl.finishConnect(SocketChannelImpl.java:777)
	at io.netty.channel.socket.nio.NioSocketChannel.doFinishConnect(NioSocketChannel.java:330)
	at io.netty.channel.nio.AbstractNioChannel$AbstractNioUnsafe.finishConnect(AbstractNioChannel.java:334)
	at io.netty.channel.nio.NioEventLoop.processSelectedKey(NioEventLoop.java:707)
	at io.netty.channel.nio.NioEventLoop.processSelectedKeysOptimized(NioEventLoop.java:655)
	at io.netty.channel.nio.NioEventLoop.processSelectedKeys(NioEventLoop.java:581)
	at io.netty.channel.nio.NioEventLoop.run(NioEventLoop.java:493)
	at io.netty.util.concurrent.SingleThreadEventExecutor$4.run(SingleThreadEventExecutor.java:989)
	at io.netty.util.internal.ThreadExecutorMap$2.run(ThreadExecutorMap.java:74)
	at io.netty.util.concurrent.FastThreadLocalRunnable.run(FastThreadLocalRunnable.java:30)
	at java.base/java.lang.Thread.run(Thread.java:829)
2026-02-25 03:13:53.413 - [WARN ] - conn_rabbit_mq
org.springframework.web.client.ResourceAccessException: I/O error on POST request for "http://61.158.166.45:8888/command/conn_rabbit_mq": Connect to 61.158.166.45:8888 [/61.158.166.45] failed: Connection refused (Connection refused); nested exception is org.apache.http.conn.HttpHostConnectException: Connect to 61.158.166.45:8888 [/61.158.166.45] failed: Connection refused (Connection refused)
	at org.springframework.web.client.RestTemplate.doExecute(RestTemplate.java:791)
	at org.springframework.web.client.RestTemplate.execute(RestTemplate.java:717)
	at org.springframework.web.client.RestTemplate.exchange(RestTemplate.java:608)
	at cn.psycall.ccmgt.util.FreeSwitchManage.conn_rabbit_mq(FreeSwitchManage.java:272)
	at cn.psycall.ccmgt.util.FreeSwitchManage.monitor(FreeSwitchManage.java:89)
	at cn.psycall.ccmgt.util.FreeSwitchManage.run(FreeSwitchManage.java:42)
Caused by: org.apache.http.conn.HttpHostConnectException: Connect to 61.158.166.45:8888 [/61.158.166.45] failed: Connection refused (Connection refused)
	at org.apache.http.impl.conn.DefaultHttpClientConnectionOperator.connect(DefaultHttpClientConnectionOperator.java:156)
	at org.apache.http.impl.conn.PoolingHttpClientConnectionManager.connect(PoolingHttpClientConnectionManager.java:376)
	at org.apache.http.impl.execchain.MainClientExec.establishRoute(MainClientExec.java:393)
	at org.apache.http.impl.execchain.MainClientExec.execute(MainClientExec.java:236)
	at org.apache.http.impl.execchain.ProtocolExec.execute(ProtocolExec.java:186)
	at org.apache.http.impl.execchain.RetryExec.execute(RetryExec.java:89)
	at org.apache.http.impl.execchain.RedirectExec.execute(RedirectExec.java:110)
	at org.apache.http.impl.client.InternalHttpClient.doExecute(InternalHttpClient.java:185)
	at org.apache.http.impl.client.CloseableHttpClient.execute(CloseableHttpClient.java:83)
	at org.apache.http.impl.client.CloseableHttpClient.execute(CloseableHttpClient.java:56)
	at org.springframework.http.client.HttpComponentsClientHttpRequest.executeInternal(HttpComponentsClientHttpRequest.java:87)
	at org.springframework.http.client.AbstractBufferingClientHttpRequest.executeInternal(AbstractBufferingClientHttpRequest.java:48)
	at org.springframework.http.client.AbstractClientHttpRequest.execute(AbstractClientHttpRequest.java:66)
	at org.springframework.web.client.RestTemplate.doExecute(RestTemplate.java:782)
	... 5 common frames omitted
Caused by: java.net.ConnectException: Connection refused (Connection refused)
	at java.base/java.net.PlainSocketImpl.socketConnect(Native Method)
	at java.base/java.net.AbstractPlainSocketImpl.doConnect(AbstractPlainSocketImpl.java:412)
	at java.base/java.net.AbstractPlainSocketImpl.connectToAddress(AbstractPlainSocketImpl.java:255)
	at java.base/java.net.AbstractPlainSocketImpl.connect(AbstractPlainSocketImpl.java:237)
	at java.base/java.net.SocksSocketImpl.connect(SocksSocketImpl.java:392)
	at java.base/java.net.Socket.connect(Socket.java:609)
	at org.apache.http.conn.socket.PlainConnectionSocketFactory.connectSocket(PlainConnectionSocketFactory.java:75)
	at org.apache.http.impl.conn.DefaultHttpClientConnectionOperator.connect(DefaultHttpClientConnectionOperator.java:142)
	... 18 common frames omitted
2026-02-25 03:13:53.493 - [WARN ] - esl
org.freeswitch.esl.client.inbound.InboundConnectionException: Could not connect to /61.158.166.46:8021
	at org.freeswitch.esl.client.inbound.Client.connect(Client.java:134)
	at cn.psycall.ccmgt.util.FreeSwitchManage.monitor(FreeSwitchManage.java:86)
	at cn.psycall.ccmgt.util.FreeSwitchManage.run(FreeSwitchManage.java:42)
Caused by: io.netty.channel.AbstractChannel$AnnotatedConnectException: Connection refused: /61.158.166.46:8021
Caused by: java.net.ConnectException: Connection refused
	at java.base/sun.nio.ch.SocketChannelImpl.checkConnect(Native Method)
	at java.base/sun.nio.ch.SocketChannelImpl.finishConnect(SocketChannelImpl.java:777)
	at io.netty.channel.socket.nio.NioSocketChannel.doFinishConnect(NioSocketChannel.java:330)
	at io.netty.channel.nio.AbstractNioChannel$AbstractNioUnsafe.finishConnect(AbstractNioChannel.java:334)
	at io.netty.channel.nio.NioEventLoop.processSelectedKey(NioEventLoop.java:707)
	at io.netty.channel.nio.NioEventLoop.processSelectedKeysOptimized(NioEventLoop.java:655)
	at io.netty.channel.nio.NioEventLoop.processSelectedKeys(NioEventLoop.java:581)
	at io.netty.channel.nio.NioEventLoop.run(NioEventLoop.java:493)
	at io.netty.util.concurrent.SingleThreadEventExecutor$4.run(SingleThreadEventExecutor.java:989)
	at io.netty.util.internal.ThreadExecutorMap$2.run(ThreadExecutorMap.java:74)
	at io.netty.util.concurrent.FastThreadLocalRunnable.run(FastThreadLocalRunnable.java:30)
	at java.base/java.lang.Thread.run(Thread.java:829)
2026-02-25 03:13:54.810 - [WARN ] - conn_rabbit_mq
org.springframework.web.client.ResourceAccessException: I/O error on POST request for "http://61.158.166.45:8888/command/conn_rabbit_mq": Connect to 61.158.166.45:8888 [/61.158.166.45] failed: Connection refused (Connection refused); nested exception is org.apache.http.conn.HttpHostConnectException: Connect to 61.158.166.45:8888 [/61.158.166.45] failed: Connection refused (Connection refused)
	at org.springframework.web.client.RestTemplate.doExecute(RestTemplate.java:791)
	at org.springframework.web.client.RestTemplate.execute(RestTemplate.java:717)
	at org.springframework.web.client.RestTemplate.exchange(RestTemplate.java:608)
	at cn.psycall.ccmgt.util.FreeSwitchManage.conn_rabbit_mq(FreeSwitchManage.java:272)
	at cn.psycall.ccmgt.util.FreeSwitchManage.monitor(FreeSwitchManage.java:89)
	at cn.psycall.ccmgt.util.FreeSwitchManage.run(FreeSwitchManage.java:42)
Caused by: org.apache.http.conn.HttpHostConnectException: Connect to 61.158.166.45:8888 [/61.158.166.45] failed: Connection refused (Connection refused)
	at org.apache.http.impl.conn.DefaultHttpClientConnectionOperator.connect(DefaultHttpClientConnectionOperator.java:156)
	at org.apache.http.impl.conn.PoolingHttpClientConnectionManager.connect(PoolingHttpClientConnectionManager.java:376)
	at org.apache.http.impl.execchain.MainClientExec.establishRoute(MainClientExec.java:393)
	at org.apache.http.impl.execchain.MainClientExec.execute(MainClientExec.java:236)
	at org.apache.http.impl.execchain.ProtocolExec.execute(ProtocolExec.java:186)
	at org.apache.http.impl.execchain.RetryExec.execute(RetryExec.java:89)
	at org.apache.http.impl.execchain.RedirectExec.execute(RedirectExec.java:110)
	at org.apache.http.impl.client.InternalHttpClient.doExecute(InternalHttpClient.java:185)
	at org.apache.http.impl.client.CloseableHttpClient.execute(CloseableHttpClient.java:83)
	at org.apache.http.impl.client.CloseableHttpClient.execute(CloseableHttpClient.java:56)
	at org.springframework.http.client.HttpComponentsClientHttpRequest.executeInternal(HttpComponentsClientHttpRequest.java:87)
	at org.springframework.http.client.AbstractBufferingClientHttpRequest.executeInternal(AbstractBufferingClientHttpRequest.java:48)
	at org.springframework.http.client.AbstractClientHttpRequest.execute(AbstractClientHttpRequest.java:66)
	at org.springframework.web.client.RestTemplate.doExecute(RestTemplate.java:782)
	... 5 common frames omitted
Caused by: java.net.ConnectException: Connection refused (Connection refused)
	at java.base/java.net.PlainSocketImpl.socketConnect(Native Method)
	at java.base/java.net.AbstractPlainSocketImpl.doConnect(AbstractPlainSocketImpl.java:412)
	at java.base/java.net.AbstractPlainSocketImpl.connectToAddress(AbstractPlainSocketImpl.java:255)
	at java.base/java.net.AbstractPlainSocketImpl.connect(AbstractPlainSocketImpl.java:237)
	at java.base/java.net.SocksSocketImpl.connect(SocksSocketImpl.java:392)
	at java.base/java.net.Socket.connect(Socket.java:609)
	at org.apache.http.conn.socket.PlainConnectionSocketFactory.connectSocket(PlainConnectionSocketFactory.java:75)
	at org.apache.http.impl.conn.DefaultHttpClientConnectionOperator.connect(DefaultHttpClientConnectionOperator.java:142)
	... 18 common frames omitted
2026-02-25 03:13:54.893 - [WARN ] - esl
org.freeswitch.esl.client.inbound.InboundConnectionException: Could not connect to /61.158.166.46:8021
	at org.freeswitch.esl.client.inbound.Client.connect(Client.java:134)
	at cn.psycall.ccmgt.util.FreeSwitchManage.monitor(FreeSwitchManage.java:86)
	at cn.psycall.ccmgt.util.FreeSwitchManage.run(FreeSwitchManage.java:42)
Caused by: io.netty.channel.AbstractChannel$AnnotatedConnectException: Connection refused: /61.158.166.46:8021
Caused by: java.net.ConnectException: Connection refused
	at java.base/sun.nio.ch.SocketChannelImpl.checkConnect(Native Method)
	at java.base/sun.nio.ch.SocketChannelImpl.finishConnect(SocketChannelImpl.java:777)
	at io.netty.channel.socket.nio.NioSocketChannel.doFinishConnect(NioSocketChannel.java:330)
	at io.netty.channel.nio.AbstractNioChannel$AbstractNioUnsafe.finishConnect(AbstractNioChannel.java:334)
	at io.netty.channel.nio.NioEventLoop.processSelectedKey(NioEventLoop.java:707)
	at io.netty.channel.nio.NioEventLoop.processSelectedKeysOptimized(NioEventLoop.java:655)
	at io.netty.channel.nio.NioEventLoop.processSelectedKeys(NioEventLoop.java:581)
	at io.netty.channel.nio.NioEventLoop.run(NioEventLoop.java:493)
	at io.netty.util.concurrent.SingleThreadEventExecutor$4.run(SingleThreadEventExecutor.java:989)
	at io.netty.util.internal.ThreadExecutorMap$2.run(ThreadExecutorMap.java:74)
	at io.netty.util.concurrent.FastThreadLocalRunnable.run(FastThreadLocalRunnable.java:30)
	at java.base/java.lang.Thread.run(Thread.java:829)
2026-02-25 03:13:56.436 - [WARN ] - esl
org.freeswitch.esl.client.inbound.InboundConnectionException: Could not connect to /61.158.166.46:8021
	at org.freeswitch.esl.client.inbound.Client.connect(Client.java:134)
	at cn.psycall.ccmgt.util.FreeSwitchManage.monitor(FreeSwitchManage.java:86)
	at cn.psycall.ccmgt.util.FreeSwitchManage.run(FreeSwitchManage.java:42)
Caused by: io.netty.channel.AbstractChannel$AnnotatedConnectException: Connection refused: /61.158.166.46:8021
Caused by: java.net.ConnectException: Connection refused
	at java.base/sun.nio.ch.SocketChannelImpl.checkConnect(Native Method)
	at java.base/sun.nio.ch.SocketChannelImpl.finishConnect(SocketChannelImpl.java:777)
	at io.netty.channel.socket.nio.NioSocketChannel.doFinishConnect(NioSocketChannel.java:330)
	at io.netty.channel.nio.AbstractNioChannel$AbstractNioUnsafe.finishConnect(AbstractNioChannel.java:334)
	at io.netty.channel.nio.NioEventLoop.processSelectedKey(NioEventLoop.java:707)
	at io.netty.channel.nio.NioEventLoop.processSelectedKeysOptimized(NioEventLoop.java:655)
	at io.netty.channel.nio.NioEventLoop.processSelectedKeys(NioEventLoop.java:581)
	at io.netty.channel.nio.NioEventLoop.run(NioEventLoop.java:493)
	at io.netty.util.concurrent.SingleThreadEventExecutor$4.run(SingleThreadEventExecutor.java:989)
	at io.netty.util.internal.ThreadExecutorMap$2.run(ThreadExecutorMap.java:74)
	at io.netty.util.concurrent.FastThreadLocalRunnable.run(FastThreadLocalRunnable.java:30)
	at java.base/java.lang.Thread.run(Thread.java:829)
2026-02-25 03:13:57.803 - [WARN ] - esl
org.freeswitch.esl.client.inbound.InboundConnectionException: Could not connect to /61.158.166.46:8021
	at org.freeswitch.esl.client.inbound.Client.connect(Client.java:134)
	at cn.psycall.ccmgt.util.FreeSwitchManage.monitor(FreeSwitchManage.java:86)
	at cn.psycall.ccmgt.util.FreeSwitchManage.run(FreeSwitchManage.java:42)
Caused by: io.netty.channel.AbstractChannel$AnnotatedConnectException: Connection refused: /61.158.166.46:8021
Caused by: java.net.ConnectException: Connection refused
	at java.base/sun.nio.ch.SocketChannelImpl.checkConnect(Native Method)
	at java.base/sun.nio.ch.SocketChannelImpl.finishConnect(SocketChannelImpl.java:777)
	at io.netty.channel.socket.nio.NioSocketChannel.doFinishConnect(NioSocketChannel.java:330)
	at io.netty.channel.nio.AbstractNioChannel$AbstractNioUnsafe.finishConnect(AbstractNioChannel.java:334)
	at io.netty.channel.nio.NioEventLoop.processSelectedKey(NioEventLoop.java:707)
	at io.netty.channel.nio.NioEventLoop.processSelectedKeysOptimized(NioEventLoop.java:655)
	at io.netty.channel.nio.NioEventLoop.processSelectedKeys(NioEventLoop.java:581)
	at io.netty.channel.nio.NioEventLoop.run(NioEventLoop.java:493)
	at io.netty.util.concurrent.SingleThreadEventExecutor$4.run(SingleThreadEventExecutor.java:989)
	at io.netty.util.internal.ThreadExecutorMap$2.run(ThreadExecutorMap.java:74)
	at io.netty.util.concurrent.FastThreadLocalRunnable.run(FastThreadLocalRunnable.java:30)
	at java.base/java.lang.Thread.run(Thread.java:829)
2026-02-25 03:13:59.172 - [WARN ] - esl
org.freeswitch.esl.client.inbound.InboundConnectionException: Could not connect to /61.158.166.46:8021
	at org.freeswitch.esl.client.inbound.Client.connect(Client.java:134)
	at cn.psycall.ccmgt.util.FreeSwitchManage.monitor(FreeSwitchManage.java:86)
	at cn.psycall.ccmgt.util.FreeSwitchManage.run(FreeSwitchManage.java:42)
Caused by: io.netty.channel.AbstractChannel$AnnotatedConnectException: Connection refused: /61.158.166.46:8021
Caused by: java.net.ConnectException: Connection refused
	at java.base/sun.nio.ch.SocketChannelImpl.checkConnect(Native Method)
	at java.base/sun.nio.ch.SocketChannelImpl.finishConnect(SocketChannelImpl.java:777)
	at io.netty.channel.socket.nio.NioSocketChannel.doFinishConnect(NioSocketChannel.java:330)
	at io.netty.channel.nio.AbstractNioChannel$AbstractNioUnsafe.finishConnect(AbstractNioChannel.java:334)
	at io.netty.channel.nio.NioEventLoop.processSelectedKey(NioEventLoop.java:707)
	at io.netty.channel.nio.NioEventLoop.processSelectedKeysOptimized(NioEventLoop.java:655)
	at io.netty.channel.nio.NioEventLoop.processSelectedKeys(NioEventLoop.java:581)
	at io.netty.channel.nio.NioEventLoop.run(NioEventLoop.java:493)
	at io.netty.util.concurrent.SingleThreadEventExecutor$4.run(SingleThreadEventExecutor.java:989)
	at io.netty.util.internal.ThreadExecutorMap$2.run(ThreadExecutorMap.java:74)
	at io.netty.util.concurrent.FastThreadLocalRunnable.run(FastThreadLocalRunnable.java:30)
	at java.base/java.lang.Thread.run(Thread.java:829)
2026-02-25 03:14:00.554 - [WARN ] - esl
org.freeswitch.esl.client.inbound.InboundConnectionException: Could not connect to /61.158.166.46:8021
	at org.freeswitch.esl.client.inbound.Client.connect(Client.java:134)
	at cn.psycall.ccmgt.util.FreeSwitchManage.monitor(FreeSwitchManage.java:86)
	at cn.psycall.ccmgt.util.FreeSwitchManage.run(FreeSwitchManage.java:42)
Caused by: io.netty.channel.AbstractChannel$AnnotatedConnectException: Connection refused: /61.158.166.46:8021
Caused by: java.net.ConnectException: Connection refused
	at java.base/sun.nio.ch.SocketChannelImpl.checkConnect(Native Method)
	at java.base/sun.nio.ch.SocketChannelImpl.finishConnect(SocketChannelImpl.java:777)
	at io.netty.channel.socket.nio.NioSocketChannel.doFinishConnect(NioSocketChannel.java:330)
	at io.netty.channel.nio.AbstractNioChannel$AbstractNioUnsafe.finishConnect(AbstractNioChannel.java:334)
	at io.netty.channel.nio.NioEventLoop.processSelectedKey(NioEventLoop.java:707)
	at io.netty.channel.nio.NioEventLoop.processSelectedKeysOptimized(NioEventLoop.java:655)
	at io.netty.channel.nio.NioEventLoop.processSelectedKeys(NioEventLoop.java:581)
	at io.netty.channel.nio.NioEventLoop.run(NioEventLoop.java:493)
	at io.netty.util.concurrent.SingleThreadEventExecutor$4.run(SingleThreadEventExecutor.java:989)
	at io.netty.util.internal.ThreadExecutorMap$2.run(ThreadExecutorMap.java:74)
	at io.netty.util.concurrent.FastThreadLocalRunnable.run(FastThreadLocalRunnable.java:30)
	at java.base/java.lang.Thread.run(Thread.java:829)
2026-02-25 03:14:01.936 - [WARN ] - esl
org.freeswitch.esl.client.inbound.InboundConnectionException: Could not connect to /61.158.166.46:8021
	at org.freeswitch.esl.client.inbound.Client.connect(Client.java:134)
	at cn.psycall.ccmgt.util.FreeSwitchManage.monitor(FreeSwitchManage.java:86)
	at cn.psycall.ccmgt.util.FreeSwitchManage.run(FreeSwitchManage.java:42)
Caused by: io.netty.channel.AbstractChannel$AnnotatedConnectException: Connection refused: /61.158.166.46:8021
Caused by: java.net.ConnectException: Connection refused
	at java.base/sun.nio.ch.SocketChannelImpl.checkConnect(Native Method)
	at java.base/sun.nio.ch.SocketChannelImpl.finishConnect(SocketChannelImpl.java:777)
	at io.netty.channel.socket.nio.NioSocketChannel.doFinishConnect(NioSocketChannel.java:330)
	at io.netty.channel.nio.AbstractNioChannel$AbstractNioUnsafe.finishConnect(AbstractNioChannel.java:334)
	at io.netty.channel.nio.NioEventLoop.processSelectedKey(NioEventLoop.java:707)
	at io.netty.channel.nio.NioEventLoop.processSelectedKeysOptimized(NioEventLoop.java:655)
	at io.netty.channel.nio.NioEventLoop.processSelectedKeys(NioEventLoop.java:581)
	at io.netty.channel.nio.NioEventLoop.run(NioEventLoop.java:493)
	at io.netty.util.concurrent.SingleThreadEventExecutor$4.run(SingleThreadEventExecutor.java:989)
	at io.netty.util.internal.ThreadExecutorMap$2.run(ThreadExecutorMap.java:74)
	at io.netty.util.concurrent.FastThreadLocalRunnable.run(FastThreadLocalRunnable.java:30)
	at java.base/java.lang.Thread.run(Thread.java:829)
2026-02-25 03:14:03.308 - [WARN ] - esl
org.freeswitch.esl.client.inbound.InboundConnectionException: Could not connect to /61.158.166.46:8021
	at org.freeswitch.esl.client.inbound.Client.connect(Client.java:134)
	at cn.psycall.ccmgt.util.FreeSwitchManage.monitor(FreeSwitchManage.java:86)
	at cn.psycall.ccmgt.util.FreeSwitchManage.run(FreeSwitchManage.java:42)
Caused by: io.netty.channel.AbstractChannel$AnnotatedConnectException: Connection refused: /61.158.166.46:8021
Caused by: java.net.ConnectException: Connection refused
	at java.base/sun.nio.ch.SocketChannelImpl.checkConnect(Native Method)
	at java.base/sun.nio.ch.SocketChannelImpl.finishConnect(SocketChannelImpl.java:777)
	at io.netty.channel.socket.nio.NioSocketChannel.doFinishConnect(NioSocketChannel.java:330)
	at io.netty.channel.nio.AbstractNioChannel$AbstractNioUnsafe.finishConnect(AbstractNioChannel.java:334)
	at io.netty.channel.nio.NioEventLoop.processSelectedKey(NioEventLoop.java:707)
	at io.netty.channel.nio.NioEventLoop.processSelectedKeysOptimized(NioEventLoop.java:655)
	at io.netty.channel.nio.NioEventLoop.processSelectedKeys(NioEventLoop.java:581)
	at io.netty.channel.nio.NioEventLoop.run(NioEventLoop.java:493)
	at io.netty.util.concurrent.SingleThreadEventExecutor$4.run(SingleThreadEventExecutor.java:989)
	at io.netty.util.internal.ThreadExecutorMap$2.run(ThreadExecutorMap.java:74)
	at io.netty.util.concurrent.FastThreadLocalRunnable.run(FastThreadLocalRunnable.java:30)
	at java.base/java.lang.Thread.run(Thread.java:829)
2026-02-25 03:14:04.710 - [WARN ] - esl
org.freeswitch.esl.client.inbound.InboundConnectionException: Could not connect to /61.158.166.46:8021
	at org.freeswitch.esl.client.inbound.Client.connect(Client.java:134)
	at cn.psycall.ccmgt.util.FreeSwitchManage.monitor(FreeSwitchManage.java:86)
	at cn.psycall.ccmgt.util.FreeSwitchManage.run(FreeSwitchManage.java:42)
Caused by: io.netty.channel.AbstractChannel$AnnotatedConnectException: Connection refused: /61.158.166.46:8021
Caused by: java.net.ConnectException: Connection refused
	at java.base/sun.nio.ch.SocketChannelImpl.checkConnect(Native Method)
	at java.base/sun.nio.ch.SocketChannelImpl.finishConnect(SocketChannelImpl.java:777)
	at io.netty.channel.socket.nio.NioSocketChannel.doFinishConnect(NioSocketChannel.java:330)
	at io.netty.channel.nio.AbstractNioChannel$AbstractNioUnsafe.finishConnect(AbstractNioChannel.java:334)
	at io.netty.channel.nio.NioEventLoop.processSelectedKey(NioEventLoop.java:707)
	at io.netty.channel.nio.NioEventLoop.processSelectedKeysOptimized(NioEventLoop.java:655)
	at io.netty.channel.nio.NioEventLoop.processSelectedKeys(NioEventLoop.java:581)
	at io.netty.channel.nio.NioEventLoop.run(NioEventLoop.java:493)
	at io.netty.util.concurrent.SingleThreadEventExecutor$4.run(SingleThreadEventExecutor.java:989)
	at io.netty.util.internal.ThreadExecutorMap$2.run(ThreadExecutorMap.java:74)
	at io.netty.util.concurrent.FastThreadLocalRunnable.run(FastThreadLocalRunnable.java:30)
	at java.base/java.lang.Thread.run(Thread.java:829)
2026-02-25 03:14:06.153 - [INFO ] - internal->61.158.166.45:5060
2026-02-25 03:14:06.153 - [INFO ] - ESL Client connected ..(61.158.166.45:8021[cc402e27-1cc2-4b69-a9c1-e1f8263781e7])
2026-02-25 03:14:06.884 - [INFO ] - internal_sip_port->5060
2026-02-25 03:14:06.884 - [INFO ] - external_sip_port->5080
2026-02-25 03:14:12.566 - [INFO ] - fs[cc402e27-1cc2-4b69-a9c1-e1f8263781e7] CallThread start
2026-02-25 03:14:12.652 - [WARN ] - esl
org.freeswitch.esl.client.inbound.InboundConnectionException: Could not connect to /61.158.166.46:8021
	at org.freeswitch.esl.client.inbound.Client.connect(Client.java:134)
	at cn.psycall.ccmgt.util.FreeSwitchManage.monitor(FreeSwitchManage.java:86)
	at cn.psycall.ccmgt.util.FreeSwitchManage.run(FreeSwitchManage.java:42)
Caused by: io.netty.channel.AbstractChannel$AnnotatedConnectException: Connection refused: /61.158.166.46:8021
Caused by: java.net.ConnectException: Connection refused
	at java.base/sun.nio.ch.SocketChannelImpl.checkConnect(Native Method)
	at java.base/sun.nio.ch.SocketChannelImpl.finishConnect(SocketChannelImpl.java:777)
	at io.netty.channel.socket.nio.NioSocketChannel.doFinishConnect(NioSocketChannel.java:330)
	at io.netty.channel.nio.AbstractNioChannel$AbstractNioUnsafe.finishConnect(AbstractNioChannel.java:334)
	at io.netty.channel.nio.NioEventLoop.processSelectedKey(NioEventLoop.java:707)
	at io.netty.channel.nio.NioEventLoop.processSelectedKeysOptimized(NioEventLoop.java:655)
	at io.netty.channel.nio.NioEventLoop.processSelectedKeys(NioEventLoop.java:581)
	at io.netty.channel.nio.NioEventLoop.run(NioEventLoop.java:493)
	at io.netty.util.concurrent.SingleThreadEventExecutor$4.run(SingleThreadEventExecutor.java:989)
	at io.netty.util.internal.ThreadExecutorMap$2.run(ThreadExecutorMap.java:74)
	at io.netty.util.concurrent.FastThreadLocalRunnable.run(FastThreadLocalRunnable.java:30)
	at java.base/java.lang.Thread.run(Thread.java:829)
2026-02-25 03:14:13.743 - [WARN ] - esl
org.freeswitch.esl.client.inbound.InboundConnectionException: Could not connect to /61.158.166.46:8021
	at org.freeswitch.esl.client.inbound.Client.connect(Client.java:134)
	at cn.psycall.ccmgt.util.FreeSwitchManage.monitor(FreeSwitchManage.java:86)
	at cn.psycall.ccmgt.util.FreeSwitchManage.run(FreeSwitchManage.java:42)
Caused by: io.netty.channel.AbstractChannel$AnnotatedConnectException: Connection refused: /61.158.166.46:8021
Caused by: java.net.ConnectException: Connection refused
	at java.base/sun.nio.ch.SocketChannelImpl.checkConnect(Native Method)
	at java.base/sun.nio.ch.SocketChannelImpl.finishConnect(SocketChannelImpl.java:777)
	at io.netty.channel.socket.nio.NioSocketChannel.doFinishConnect(NioSocketChannel.java:330)
	at io.netty.channel.nio.AbstractNioChannel$AbstractNioUnsafe.finishConnect(AbstractNioChannel.java:334)
	at io.netty.channel.nio.NioEventLoop.processSelectedKey(NioEventLoop.java:707)
	at io.netty.channel.nio.NioEventLoop.processSelectedKeysOptimized(NioEventLoop.java:655)
	at io.netty.channel.nio.NioEventLoop.processSelectedKeys(NioEventLoop.java:581)
	at io.netty.channel.nio.NioEventLoop.run(NioEventLoop.java:493)
	at io.netty.util.concurrent.SingleThreadEventExecutor$4.run(SingleThreadEventExecutor.java:989)
	at io.netty.util.internal.ThreadExecutorMap$2.run(ThreadExecutorMap.java:74)
	at io.netty.util.concurrent.FastThreadLocalRunnable.run(FastThreadLocalRunnable.java:30)
	at java.base/java.lang.Thread.run(Thread.java:829)
2026-02-25 03:14:14.823 - [WARN ] - esl
org.freeswitch.esl.client.inbound.InboundConnectionException: Could not connect to /61.158.166.46:8021
	at org.freeswitch.esl.client.inbound.Client.connect(Client.java:134)
	at cn.psycall.ccmgt.util.FreeSwitchManage.monitor(FreeSwitchManage.java:86)
	at cn.psycall.ccmgt.util.FreeSwitchManage.run(FreeSwitchManage.java:42)
Caused by: io.netty.channel.AbstractChannel$AnnotatedConnectException: Connection refused: /61.158.166.46:8021
Caused by: java.net.ConnectException: Connection refused
	at java.base/sun.nio.ch.SocketChannelImpl.checkConnect(Native Method)
	at java.base/sun.nio.ch.SocketChannelImpl.finishConnect(SocketChannelImpl.java:777)
	at io.netty.channel.socket.nio.NioSocketChannel.doFinishConnect(NioSocketChannel.java:330)
	at io.netty.channel.nio.AbstractNioChannel$AbstractNioUnsafe.finishConnect(AbstractNioChannel.java:334)
	at io.netty.channel.nio.NioEventLoop.processSelectedKey(NioEventLoop.java:707)
	at io.netty.channel.nio.NioEventLoop.processSelectedKeysOptimized(NioEventLoop.java:655)
	at io.netty.channel.nio.NioEventLoop.processSelectedKeys(NioEventLoop.java:581)
	at io.netty.channel.nio.NioEventLoop.run(NioEventLoop.java:493)
	at io.netty.util.concurrent.SingleThreadEventExecutor$4.run(SingleThreadEventExecutor.java:989)
	at io.netty.util.internal.ThreadExecutorMap$2.run(ThreadExecutorMap.java:74)
	at io.netty.util.concurrent.FastThreadLocalRunnable.run(FastThreadLocalRunnable.java:30)
	at java.base/java.lang.Thread.run(Thread.java:829)
2026-02-25 03:14:15.907 - [WARN ] - esl
org.freeswitch.esl.client.inbound.InboundConnectionException: Could not connect to /61.158.166.46:8021
	at org.freeswitch.esl.client.inbound.Client.connect(Client.java:134)
	at cn.psycall.ccmgt.util.FreeSwitchManage.monitor(FreeSwitchManage.java:86)
	at cn.psycall.ccmgt.util.FreeSwitchManage.run(FreeSwitchManage.java:42)
Caused by: io.netty.channel.AbstractChannel$AnnotatedConnectException: Connection refused: /61.158.166.46:8021
Caused by: java.net.ConnectException: Connection refused
	at java.base/sun.nio.ch.SocketChannelImpl.checkConnect(Native Method)
	at java.base/sun.nio.ch.SocketChannelImpl.finishConnect(SocketChannelImpl.java:777)
	at io.netty.channel.socket.nio.NioSocketChannel.doFinishConnect(NioSocketChannel.java:330)
	at io.netty.channel.nio.AbstractNioChannel$AbstractNioUnsafe.finishConnect(AbstractNioChannel.java:334)
	at io.netty.channel.nio.NioEventLoop.processSelectedKey(NioEventLoop.java:707)
	at io.netty.channel.nio.NioEventLoop.processSelectedKeysOptimized(NioEventLoop.java:655)
	at io.netty.channel.nio.NioEventLoop.processSelectedKeys(NioEventLoop.java:581)
	at io.netty.channel.nio.NioEventLoop.run(NioEventLoop.java:493)
	at io.netty.util.concurrent.SingleThreadEventExecutor$4.run(SingleThreadEventExecutor.java:989)
	at io.netty.util.internal.ThreadExecutorMap$2.run(ThreadExecutorMap.java:74)
	at io.netty.util.concurrent.FastThreadLocalRunnable.run(FastThreadLocalRunnable.java:30)
	at java.base/java.lang.Thread.run(Thread.java:829)
2026-02-25 03:14:16.991 - [WARN ] - esl
org.freeswitch.esl.client.inbound.InboundConnectionException: Could not connect to /61.158.166.46:8021
	at org.freeswitch.esl.client.inbound.Client.connect(Client.java:134)
	at cn.psycall.ccmgt.util.FreeSwitchManage.monitor(FreeSwitchManage.java:86)
	at cn.psycall.ccmgt.util.FreeSwitchManage.run(FreeSwitchManage.java:42)
Caused by: io.netty.channel.AbstractChannel$AnnotatedConnectException: Connection refused: /61.158.166.46:8021
Caused by: java.net.ConnectException: Connection refused
	at java.base/sun.nio.ch.SocketChannelImpl.checkConnect(Native Method)
	at java.base/sun.nio.ch.SocketChannelImpl.finishConnect(SocketChannelImpl.java:777)
	at io.netty.channel.socket.nio.NioSocketChannel.doFinishConnect(NioSocketChannel.java:330)
	at io.netty.channel.nio.AbstractNioChannel$AbstractNioUnsafe.finishConnect(AbstractNioChannel.java:334)
	at io.netty.channel.nio.NioEventLoop.processSelectedKey(NioEventLoop.java:707)
	at io.netty.channel.nio.NioEventLoop.processSelectedKeysOptimized(NioEventLoop.java:655)
	at io.netty.channel.nio.NioEventLoop.processSelectedKeys(NioEventLoop.java:581)
	at io.netty.channel.nio.NioEventLoop.run(NioEventLoop.java:493)
	at io.netty.util.concurrent.SingleThreadEventExecutor$4.run(SingleThreadEventExecutor.java:989)
	at io.netty.util.internal.ThreadExecutorMap$2.run(ThreadExecutorMap.java:74)
	at io.netty.util.concurrent.FastThreadLocalRunnable.run(FastThreadLocalRunnable.java:30)
	at java.base/java.lang.Thread.run(Thread.java:829)
2026-02-25 03:14:18.074 - [WARN ] - esl
org.freeswitch.esl.client.inbound.InboundConnectionException: Could not connect to /61.158.166.46:8021
	at org.freeswitch.esl.client.inbound.Client.connect(Client.java:134)
	at cn.psycall.ccmgt.util.FreeSwitchManage.monitor(FreeSwitchManage.java:86)
	at cn.psycall.ccmgt.util.FreeSwitchManage.run(FreeSwitchManage.java:42)
Caused by: io.netty.channel.AbstractChannel$AnnotatedConnectException: Connection refused: /61.158.166.46:8021
Caused by: java.net.ConnectException: Connection refused
	at java.base/sun.nio.ch.SocketChannelImpl.checkConnect(Native Method)
	at java.base/sun.nio.ch.SocketChannelImpl.finishConnect(SocketChannelImpl.java:777)
	at io.netty.channel.socket.nio.NioSocketChannel.doFinishConnect(NioSocketChannel.java:330)
	at io.netty.channel.nio.AbstractNioChannel$AbstractNioUnsafe.finishConnect(AbstractNioChannel.java:334)
	at io.netty.channel.nio.NioEventLoop.processSelectedKey(NioEventLoop.java:707)
	at io.netty.channel.nio.NioEventLoop.processSelectedKeysOptimized(NioEventLoop.java:655)
	at io.netty.channel.nio.NioEventLoop.processSelectedKeys(NioEventLoop.java:581)
	at io.netty.channel.nio.NioEventLoop.run(NioEventLoop.java:493)
	at io.netty.util.concurrent.SingleThreadEventExecutor$4.run(SingleThreadEventExecutor.java:989)
	at io.netty.util.internal.ThreadExecutorMap$2.run(ThreadExecutorMap.java:74)
	at io.netty.util.concurrent.FastThreadLocalRunnable.run(FastThreadLocalRunnable.java:30)
	at java.base/java.lang.Thread.run(Thread.java:829)
2026-02-25 03:14:19.156 - [WARN ] - esl
org.freeswitch.esl.client.inbound.InboundConnectionException: Could not connect to /61.158.166.46:8021
	at org.freeswitch.esl.client.inbound.Client.connect(Client.java:134)
	at cn.psycall.ccmgt.util.FreeSwitchManage.monitor(FreeSwitchManage.java:86)
	at cn.psycall.ccmgt.util.FreeSwitchManage.run(FreeSwitchManage.java:42)
Caused by: io.netty.channel.AbstractChannel$AnnotatedConnectException: Connection refused: /61.158.166.46:8021
Caused by: java.net.ConnectException: Connection refused
	at java.base/sun.nio.ch.SocketChannelImpl.checkConnect(Native Method)
	at java.base/sun.nio.ch.SocketChannelImpl.finishConnect(SocketChannelImpl.java:777)
	at io.netty.channel.socket.nio.NioSocketChannel.doFinishConnect(NioSocketChannel.java:330)
	at io.netty.channel.nio.AbstractNioChannel$AbstractNioUnsafe.finishConnect(AbstractNioChannel.java:334)
	at io.netty.channel.nio.NioEventLoop.processSelectedKey(NioEventLoop.java:707)
	at io.netty.channel.nio.NioEventLoop.processSelectedKeysOptimized(NioEventLoop.java:655)
	at io.netty.channel.nio.NioEventLoop.processSelectedKeys(NioEventLoop.java:581)
	at io.netty.channel.nio.NioEventLoop.run(NioEventLoop.java:493)
	at io.netty.util.concurrent.SingleThreadEventExecutor$4.run(SingleThreadEventExecutor.java:989)
	at io.netty.util.internal.ThreadExecutorMap$2.run(ThreadExecutorMap.java:74)
	at io.netty.util.concurrent.FastThreadLocalRunnable.run(FastThreadLocalRunnable.java:30)
	at java.base/java.lang.Thread.run(Thread.java:829)
2026-02-25 03:14:20.237 - [WARN ] - esl
org.freeswitch.esl.client.inbound.InboundConnectionException: Could not connect to /61.158.166.46:8021
	at org.freeswitch.esl.client.inbound.Client.connect(Client.java:134)
	at cn.psycall.ccmgt.util.FreeSwitchManage.monitor(FreeSwitchManage.java:86)
	at cn.psycall.ccmgt.util.FreeSwitchManage.run(FreeSwitchManage.java:42)
Caused by: io.netty.channel.AbstractChannel$AnnotatedConnectException: Connection refused: /61.158.166.46:8021
Caused by: java.net.ConnectException: Connection refused
	at java.base/sun.nio.ch.SocketChannelImpl.checkConnect(Native Method)
	at java.base/sun.nio.ch.SocketChannelImpl.finishConnect(SocketChannelImpl.java:777)
	at io.netty.channel.socket.nio.NioSocketChannel.doFinishConnect(NioSocketChannel.java:330)
	at io.netty.channel.nio.AbstractNioChannel$AbstractNioUnsafe.finishConnect(AbstractNioChannel.java:334)
	at io.netty.channel.nio.NioEventLoop.processSelectedKey(NioEventLoop.java:707)
	at io.netty.channel.nio.NioEventLoop.processSelectedKeysOptimized(NioEventLoop.java:655)
	at io.netty.channel.nio.NioEventLoop.processSelectedKeys(NioEventLoop.java:581)
	at io.netty.channel.nio.NioEventLoop.run(NioEventLoop.java:493)
	at io.netty.util.concurrent.SingleThreadEventExecutor$4.run(SingleThreadEventExecutor.java:989)
	at io.netty.util.internal.ThreadExecutorMap$2.run(ThreadExecutorMap.java:74)
	at io.netty.util.concurrent.FastThreadLocalRunnable.run(FastThreadLocalRunnable.java:30)
	at java.base/java.lang.Thread.run(Thread.java:829)
2026-02-25 03:14:21.321 - [WARN ] - esl
org.freeswitch.esl.client.inbound.InboundConnectionException: Could not connect to /61.158.166.46:8021
	at org.freeswitch.esl.client.inbound.Client.connect(Client.java:134)
	at cn.psycall.ccmgt.util.FreeSwitchManage.monitor(FreeSwitchManage.java:86)
	at cn.psycall.ccmgt.util.FreeSwitchManage.run(FreeSwitchManage.java:42)
Caused by: io.netty.channel.AbstractChannel$AnnotatedConnectException: Connection refused: /61.158.166.46:8021
Caused by: java.net.ConnectException: Connection refused
	at java.base/sun.nio.ch.SocketChannelImpl.checkConnect(Native Method)
	at java.base/sun.nio.ch.SocketChannelImpl.finishConnect(SocketChannelImpl.java:777)
	at io.netty.channel.socket.nio.NioSocketChannel.doFinishConnect(NioSocketChannel.java:330)
	at io.netty.channel.nio.AbstractNioChannel$AbstractNioUnsafe.finishConnect(AbstractNioChannel.java:334)
	at io.netty.channel.nio.NioEventLoop.processSelectedKey(NioEventLoop.java:707)
	at io.netty.channel.nio.NioEventLoop.processSelectedKeysOptimized(NioEventLoop.java:655)
	at io.netty.channel.nio.NioEventLoop.processSelectedKeys(NioEventLoop.java:581)
	at io.netty.channel.nio.NioEventLoop.run(NioEventLoop.java:493)
	at io.netty.util.concurrent.SingleThreadEventExecutor$4.run(SingleThreadEventExecutor.java:989)
	at io.netty.util.internal.ThreadExecutorMap$2.run(ThreadExecutorMap.java:74)
	at io.netty.util.concurrent.FastThreadLocalRunnable.run(FastThreadLocalRunnable.java:30)
	at java.base/java.lang.Thread.run(Thread.java:829)
2026-02-25 03:14:22.408 - [WARN ] - esl
org.freeswitch.esl.client.inbound.InboundConnectionException: Could not connect to /61.158.166.46:8021
	at org.freeswitch.esl.client.inbound.Client.connect(Client.java:134)
	at cn.psycall.ccmgt.util.FreeSwitchManage.monitor(FreeSwitchManage.java:86)
	at cn.psycall.ccmgt.util.FreeSwitchManage.run(FreeSwitchManage.java:42)
Caused by: io.netty.channel.AbstractChannel$AnnotatedConnectException: Connection refused: /61.158.166.46:8021
Caused by: java.net.ConnectException: Connection refused
	at java.base/sun.nio.ch.SocketChannelImpl.checkConnect(Native Method)
	at java.base/sun.nio.ch.SocketChannelImpl.finishConnect(SocketChannelImpl.java:777)
	at io.netty.channel.socket.nio.NioSocketChannel.doFinishConnect(NioSocketChannel.java:330)
	at io.netty.channel.nio.AbstractNioChannel$AbstractNioUnsafe.finishConnect(AbstractNioChannel.java:334)
	at io.netty.channel.nio.NioEventLoop.processSelectedKey(NioEventLoop.java:707)
	at io.netty.channel.nio.NioEventLoop.processSelectedKeysOptimized(NioEventLoop.java:655)
	at io.netty.channel.nio.NioEventLoop.processSelectedKeys(NioEventLoop.java:581)
	at io.netty.channel.nio.NioEventLoop.run(NioEventLoop.java:493)
	at io.netty.util.concurrent.SingleThreadEventExecutor$4.run(SingleThreadEventExecutor.java:989)
	at io.netty.util.internal.ThreadExecutorMap$2.run(ThreadExecutorMap.java:74)
	at io.netty.util.concurrent.FastThreadLocalRunnable.run(FastThreadLocalRunnable.java:30)
	at java.base/java.lang.Thread.run(Thread.java:829)
2026-02-25 03:14:23.497 - [WARN ] - esl
org.freeswitch.esl.client.inbound.InboundConnectionException: Could not connect to /61.158.166.46:8021
	at org.freeswitch.esl.client.inbound.Client.connect(Client.java:134)
	at cn.psycall.ccmgt.util.FreeSwitchManage.monitor(FreeSwitchManage.java:86)
	at cn.psycall.ccmgt.util.FreeSwitchManage.run(FreeSwitchManage.java:42)
Caused by: io.netty.channel.AbstractChannel$AnnotatedConnectException: Connection refused: /61.158.166.46:8021
Caused by: java.net.ConnectException: Connection refused
	at java.base/sun.nio.ch.SocketChannelImpl.checkConnect(Native Method)
	at java.base/sun.nio.ch.SocketChannelImpl.finishConnect(SocketChannelImpl.java:777)
	at io.netty.channel.socket.nio.NioSocketChannel.doFinishConnect(NioSocketChannel.java:330)
	at io.netty.channel.nio.AbstractNioChannel$AbstractNioUnsafe.finishConnect(AbstractNioChannel.java:334)
	at io.netty.channel.nio.NioEventLoop.processSelectedKey(NioEventLoop.java:707)
	at io.netty.channel.nio.NioEventLoop.processSelectedKeysOptimized(NioEventLoop.java:655)
	at io.netty.channel.nio.NioEventLoop.processSelectedKeys(NioEventLoop.java:581)
	at io.netty.channel.nio.NioEventLoop.run(NioEventLoop.java:493)
	at io.netty.util.concurrent.SingleThreadEventExecutor$4.run(SingleThreadEventExecutor.java:989)
	at io.netty.util.internal.ThreadExecutorMap$2.run(ThreadExecutorMap.java:74)
	at io.netty.util.concurrent.FastThreadLocalRunnable.run(FastThreadLocalRunnable.java:30)
	at java.base/java.lang.Thread.run(Thread.java:829)
2026-02-25 03:14:24.578 - [WARN ] - esl
org.freeswitch.esl.client.inbound.InboundConnectionException: Could not connect to /61.158.166.46:8021
	at org.freeswitch.esl.client.inbound.Client.connect(Client.java:134)
	at cn.psycall.ccmgt.util.FreeSwitchManage.monitor(FreeSwitchManage.java:86)
	at cn.psycall.ccmgt.util.FreeSwitchManage.run(FreeSwitchManage.java:42)
Caused by: io.netty.channel.AbstractChannel$AnnotatedConnectException: Connection refused: /61.158.166.46:8021
Caused by: java.net.ConnectException: Connection refused
	at java.base/sun.nio.ch.SocketChannelImpl.checkConnect(Native Method)
	at java.base/sun.nio.ch.SocketChannelImpl.finishConnect(SocketChannelImpl.java:777)
	at io.netty.channel.socket.nio.NioSocketChannel.doFinishConnect(NioSocketChannel.java:330)
	at io.netty.channel.nio.AbstractNioChannel$AbstractNioUnsafe.finishConnect(AbstractNioChannel.java:334)
	at io.netty.channel.nio.NioEventLoop.processSelectedKey(NioEventLoop.java:707)
	at io.netty.channel.nio.NioEventLoop.processSelectedKeysOptimized(NioEventLoop.java:655)
	at io.netty.channel.nio.NioEventLoop.processSelectedKeys(NioEventLoop.java:581)
	at io.netty.channel.nio.NioEventLoop.run(NioEventLoop.java:493)
	at io.netty.util.concurrent.SingleThreadEventExecutor$4.run(SingleThreadEventExecutor.java:989)
	at io.netty.util.internal.ThreadExecutorMap$2.run(ThreadExecutorMap.java:74)
	at io.netty.util.concurrent.FastThreadLocalRunnable.run(FastThreadLocalRunnable.java:30)
	at java.base/java.lang.Thread.run(Thread.java:829)
2026-02-25 03:14:25.656 - [WARN ] - esl
org.freeswitch.esl.client.inbound.InboundConnectionException: Could not connect to /61.158.166.46:8021
	at org.freeswitch.esl.client.inbound.Client.connect(Client.java:134)
	at cn.psycall.ccmgt.util.FreeSwitchManage.monitor(FreeSwitchManage.java:86)
	at cn.psycall.ccmgt.util.FreeSwitchManage.run(FreeSwitchManage.java:42)
Caused by: io.netty.channel.AbstractChannel$AnnotatedConnectException: Connection refused: /61.158.166.46:8021
Caused by: java.net.ConnectException: Connection refused
	at java.base/sun.nio.ch.SocketChannelImpl.checkConnect(Native Method)
	at java.base/sun.nio.ch.SocketChannelImpl.finishConnect(SocketChannelImpl.java:777)
	at io.netty.channel.socket.nio.NioSocketChannel.doFinishConnect(NioSocketChannel.java:330)
	at io.netty.channel.nio.AbstractNioChannel$AbstractNioUnsafe.finishConnect(AbstractNioChannel.java:334)
	at io.netty.channel.nio.NioEventLoop.processSelectedKey(NioEventLoop.java:707)
	at io.netty.channel.nio.NioEventLoop.processSelectedKeysOptimized(NioEventLoop.java:655)
	at io.netty.channel.nio.NioEventLoop.processSelectedKeys(NioEventLoop.java:581)
	at io.netty.channel.nio.NioEventLoop.run(NioEventLoop.java:493)
	at io.netty.util.concurrent.SingleThreadEventExecutor$4.run(SingleThreadEventExecutor.java:989)
	at io.netty.util.internal.ThreadExecutorMap$2.run(ThreadExecutorMap.java:74)
	at io.netty.util.concurrent.FastThreadLocalRunnable.run(FastThreadLocalRunnable.java:30)
	at java.base/java.lang.Thread.run(Thread.java:829)
2026-02-25 03:14:26.741 - [WARN ] - esl
org.freeswitch.esl.client.inbound.InboundConnectionException: Could not connect to /61.158.166.46:8021
	at org.freeswitch.esl.client.inbound.Client.connect(Client.java:134)
	at cn.psycall.ccmgt.util.FreeSwitchManage.monitor(FreeSwitchManage.java:86)
	at cn.psycall.ccmgt.util.FreeSwitchManage.run(FreeSwitchManage.java:42)
Caused by: io.netty.channel.AbstractChannel$AnnotatedConnectException: Connection refused: /61.158.166.46:8021
Caused by: java.net.ConnectException: Connection refused
	at java.base/sun.nio.ch.SocketChannelImpl.checkConnect(Native Method)
	at java.base/sun.nio.ch.SocketChannelImpl.finishConnect(SocketChannelImpl.java:777)
	at io.netty.channel.socket.nio.NioSocketChannel.doFinishConnect(NioSocketChannel.java:330)
	at io.netty.channel.nio.AbstractNioChannel$AbstractNioUnsafe.finishConnect(AbstractNioChannel.java:334)
	at io.netty.channel.nio.NioEventLoop.processSelectedKey(NioEventLoop.java:707)
	at io.netty.channel.nio.NioEventLoop.processSelectedKeysOptimized(NioEventLoop.java:655)
	at io.netty.channel.nio.NioEventLoop.processSelectedKeys(NioEventLoop.java:581)
	at io.netty.channel.nio.NioEventLoop.run(NioEventLoop.java:493)
	at io.netty.util.concurrent.SingleThreadEventExecutor$4.run(SingleThreadEventExecutor.java:989)
	at io.netty.util.internal.ThreadExecutorMap$2.run(ThreadExecutorMap.java:74)
	at io.netty.util.concurrent.FastThreadLocalRunnable.run(FastThreadLocalRunnable.java:30)
	at java.base/java.lang.Thread.run(Thread.java:829)
2026-02-25 03:14:27.828 - [WARN ] - esl
org.freeswitch.esl.client.inbound.InboundConnectionException: Could not connect to /61.158.166.46:8021
	at org.freeswitch.esl.client.inbound.Client.connect(Client.java:134)
	at cn.psycall.ccmgt.util.FreeSwitchManage.monitor(FreeSwitchManage.java:86)
	at cn.psycall.ccmgt.util.FreeSwitchManage.run(FreeSwitchManage.java:42)
Caused by: io.netty.channel.AbstractChannel$AnnotatedConnectException: Connection refused: /61.158.166.46:8021
Caused by: java.net.ConnectException: Connection refused
	at java.base/sun.nio.ch.SocketChannelImpl.checkConnect(Native Method)
	at java.base/sun.nio.ch.SocketChannelImpl.finishConnect(SocketChannelImpl.java:777)
	at io.netty.channel.socket.nio.NioSocketChannel.doFinishConnect(NioSocketChannel.java:330)
	at io.netty.channel.nio.AbstractNioChannel$AbstractNioUnsafe.finishConnect(AbstractNioChannel.java:334)
	at io.netty.channel.nio.NioEventLoop.processSelectedKey(NioEventLoop.java:707)
	at io.netty.channel.nio.NioEventLoop.processSelectedKeysOptimized(NioEventLoop.java:655)
	at io.netty.channel.nio.NioEventLoop.processSelectedKeys(NioEventLoop.java:581)
	at io.netty.channel.nio.NioEventLoop.run(NioEventLoop.java:493)
	at io.netty.util.concurrent.SingleThreadEventExecutor$4.run(SingleThreadEventExecutor.java:989)
	at io.netty.util.internal.ThreadExecutorMap$2.run(ThreadExecutorMap.java:74)
	at io.netty.util.concurrent.FastThreadLocalRunnable.run(FastThreadLocalRunnable.java:30)
	at java.base/java.lang.Thread.run(Thread.java:829)
2026-02-25 03:14:28.904 - [WARN ] - esl
org.freeswitch.esl.client.inbound.InboundConnectionException: Could not connect to /61.158.166.46:8021
	at org.freeswitch.esl.client.inbound.Client.connect(Client.java:134)
	at cn.psycall.ccmgt.util.FreeSwitchManage.monitor(FreeSwitchManage.java:86)
	at cn.psycall.ccmgt.util.FreeSwitchManage.run(FreeSwitchManage.java:42)
Caused by: io.netty.channel.AbstractChannel$AnnotatedConnectException: Connection refused: /61.158.166.46:8021
Caused by: java.net.ConnectException: Connection refused
	at java.base/sun.nio.ch.SocketChannelImpl.checkConnect(Native Method)
	at java.base/sun.nio.ch.SocketChannelImpl.finishConnect(SocketChannelImpl.java:777)
	at io.netty.channel.socket.nio.NioSocketChannel.doFinishConnect(NioSocketChannel.java:330)
	at io.netty.channel.nio.AbstractNioChannel$AbstractNioUnsafe.finishConnect(AbstractNioChannel.java:334)
	at io.netty.channel.nio.NioEventLoop.processSelectedKey(NioEventLoop.java:707)
	at io.netty.channel.nio.NioEventLoop.processSelectedKeysOptimized(NioEventLoop.java:655)
	at io.netty.channel.nio.NioEventLoop.processSelectedKeys(NioEventLoop.java:581)
	at io.netty.channel.nio.NioEventLoop.run(NioEventLoop.java:493)
	at io.netty.util.concurrent.SingleThreadEventExecutor$4.run(SingleThreadEventExecutor.java:989)
	at io.netty.util.internal.ThreadExecutorMap$2.run(ThreadExecutorMap.java:74)
	at io.netty.util.concurrent.FastThreadLocalRunnable.run(FastThreadLocalRunnable.java:30)
	at java.base/java.lang.Thread.run(Thread.java:829)
2026-02-25 03:14:29.981 - [WARN ] - esl
org.freeswitch.esl.client.inbound.InboundConnectionException: Could not connect to /61.158.166.46:8021
	at org.freeswitch.esl.client.inbound.Client.connect(Client.java:134)
	at cn.psycall.ccmgt.util.FreeSwitchManage.monitor(FreeSwitchManage.java:86)
	at cn.psycall.ccmgt.util.FreeSwitchManage.run(FreeSwitchManage.java:42)
Caused by: io.netty.channel.AbstractChannel$AnnotatedConnectException: Connection refused: /61.158.166.46:8021
Caused by: java.net.ConnectException: Connection refused
	at java.base/sun.nio.ch.SocketChannelImpl.checkConnect(Native Method)
	at java.base/sun.nio.ch.SocketChannelImpl.finishConnect(SocketChannelImpl.java:777)
	at io.netty.channel.socket.nio.NioSocketChannel.doFinishConnect(NioSocketChannel.java:330)
	at io.netty.channel.nio.AbstractNioChannel$AbstractNioUnsafe.finishConnect(AbstractNioChannel.java:334)
	at io.netty.channel.nio.NioEventLoop.processSelectedKey(NioEventLoop.java:707)
	at io.netty.channel.nio.NioEventLoop.processSelectedKeysOptimized(NioEventLoop.java:655)
	at io.netty.channel.nio.NioEventLoop.processSelectedKeys(NioEventLoop.java:581)
	at io.netty.channel.nio.NioEventLoop.run(NioEventLoop.java:493)
	at io.netty.util.concurrent.SingleThreadEventExecutor$4.run(SingleThreadEventExecutor.java:989)
	at io.netty.util.internal.ThreadExecutorMap$2.run(ThreadExecutorMap.java:74)
	at io.netty.util.concurrent.FastThreadLocalRunnable.run(FastThreadLocalRunnable.java:30)
	at java.base/java.lang.Thread.run(Thread.java:829)
2026-02-25 03:14:31.067 - [WARN ] - esl
org.freeswitch.esl.client.inbound.InboundConnectionException: Could not connect to /61.158.166.46:8021
	at org.freeswitch.esl.client.inbound.Client.connect(Client.java:134)
	at cn.psycall.ccmgt.util.FreeSwitchManage.monitor(FreeSwitchManage.java:86)
	at cn.psycall.ccmgt.util.FreeSwitchManage.run(FreeSwitchManage.java:42)
Caused by: io.netty.channel.AbstractChannel$AnnotatedConnectException: Connection refused: /61.158.166.46:8021
Caused by: java.net.ConnectException: Connection refused
	at java.base/sun.nio.ch.SocketChannelImpl.checkConnect(Native Method)
	at java.base/sun.nio.ch.SocketChannelImpl.finishConnect(SocketChannelImpl.java:777)
	at io.netty.channel.socket.nio.NioSocketChannel.doFinishConnect(NioSocketChannel.java:330)
	at io.netty.channel.nio.AbstractNioChannel$AbstractNioUnsafe.finishConnect(AbstractNioChannel.java:334)
	at io.netty.channel.nio.NioEventLoop.processSelectedKey(NioEventLoop.java:707)
	at io.netty.channel.nio.NioEventLoop.processSelectedKeysOptimized(NioEventLoop.java:655)
	at io.netty.channel.nio.NioEventLoop.processSelectedKeys(NioEventLoop.java:581)
	at io.netty.channel.nio.NioEventLoop.run(NioEventLoop.java:493)
	at io.netty.util.concurrent.SingleThreadEventExecutor$4.run(SingleThreadEventExecutor.java:989)
	at io.netty.util.internal.ThreadExecutorMap$2.run(ThreadExecutorMap.java:74)
	at io.netty.util.concurrent.FastThreadLocalRunnable.run(FastThreadLocalRunnable.java:30)
	at java.base/java.lang.Thread.run(Thread.java:829)
2026-02-25 03:14:32.144 - [WARN ] - esl
org.freeswitch.esl.client.inbound.InboundConnectionException: Could not connect to /61.158.166.46:8021
	at org.freeswitch.esl.client.inbound.Client.connect(Client.java:134)
	at cn.psycall.ccmgt.util.FreeSwitchManage.monitor(FreeSwitchManage.java:86)
	at cn.psycall.ccmgt.util.FreeSwitchManage.run(FreeSwitchManage.java:42)
Caused by: io.netty.channel.AbstractChannel$AnnotatedConnectException: Connection refused: /61.158.166.46:8021
Caused by: java.net.ConnectException: Connection refused
	at java.base/sun.nio.ch.SocketChannelImpl.checkConnect(Native Method)
	at java.base/sun.nio.ch.SocketChannelImpl.finishConnect(SocketChannelImpl.java:777)
	at io.netty.channel.socket.nio.NioSocketChannel.doFinishConnect(NioSocketChannel.java:330)
	at io.netty.channel.nio.AbstractNioChannel$AbstractNioUnsafe.finishConnect(AbstractNioChannel.java:334)
	at io.netty.channel.nio.NioEventLoop.processSelectedKey(NioEventLoop.java:707)
	at io.netty.channel.nio.NioEventLoop.processSelectedKeysOptimized(NioEventLoop.java:655)
	at io.netty.channel.nio.NioEventLoop.processSelectedKeys(NioEventLoop.java:581)
	at io.netty.channel.nio.NioEventLoop.run(NioEventLoop.java:493)
	at io.netty.util.concurrent.SingleThreadEventExecutor$4.run(SingleThreadEventExecutor.java:989)
	at io.netty.util.internal.ThreadExecutorMap$2.run(ThreadExecutorMap.java:74)
	at io.netty.util.concurrent.FastThreadLocalRunnable.run(FastThreadLocalRunnable.java:30)
	at java.base/java.lang.Thread.run(Thread.java:829)
2026-02-25 03:14:33.221 - [WARN ] - esl
org.freeswitch.esl.client.inbound.InboundConnectionException: Could not connect to /61.158.166.46:8021
	at org.freeswitch.esl.client.inbound.Client.connect(Client.java:134)
	at cn.psycall.ccmgt.util.FreeSwitchManage.monitor(FreeSwitchManage.java:86)
	at cn.psycall.ccmgt.util.FreeSwitchManage.run(FreeSwitchManage.java:42)
Caused by: io.netty.channel.AbstractChannel$AnnotatedConnectException: Connection refused: /61.158.166.46:8021
Caused by: java.net.ConnectException: Connection refused
	at java.base/sun.nio.ch.SocketChannelImpl.checkConnect(Native Method)
	at java.base/sun.nio.ch.SocketChannelImpl.finishConnect(SocketChannelImpl.java:777)
	at io.netty.channel.socket.nio.NioSocketChannel.doFinishConnect(NioSocketChannel.java:330)
	at io.netty.channel.nio.AbstractNioChannel$AbstractNioUnsafe.finishConnect(AbstractNioChannel.java:334)
	at io.netty.channel.nio.NioEventLoop.processSelectedKey(NioEventLoop.java:707)
	at io.netty.channel.nio.NioEventLoop.processSelectedKeysOptimized(NioEventLoop.java:655)
	at io.netty.channel.nio.NioEventLoop.processSelectedKeys(NioEventLoop.java:581)
	at io.netty.channel.nio.NioEventLoop.run(NioEventLoop.java:493)
	at io.netty.util.concurrent.SingleThreadEventExecutor$4.run(SingleThreadEventExecutor.java:989)
	at io.netty.util.internal.ThreadExecutorMap$2.run(ThreadExecutorMap.java:74)
	at io.netty.util.concurrent.FastThreadLocalRunnable.run(FastThreadLocalRunnable.java:30)
	at java.base/java.lang.Thread.run(Thread.java:829)
2026-02-25 03:14:34.297 - [WARN ] - esl
org.freeswitch.esl.client.inbound.InboundConnectionException: Could not connect to /61.158.166.46:8021
	at org.freeswitch.esl.client.inbound.Client.connect(Client.java:134)
	at cn.psycall.ccmgt.util.FreeSwitchManage.monitor(FreeSwitchManage.java:86)
	at cn.psycall.ccmgt.util.FreeSwitchManage.run(FreeSwitchManage.java:42)
Caused by: io.netty.channel.AbstractChannel$AnnotatedConnectException: Connection refused: /61.158.166.46:8021
Caused by: java.net.ConnectException: Connection refused
	at java.base/sun.nio.ch.SocketChannelImpl.checkConnect(Native Method)
	at java.base/sun.nio.ch.SocketChannelImpl.finishConnect(SocketChannelImpl.java:777)
	at io.netty.channel.socket.nio.NioSocketChannel.doFinishConnect(NioSocketChannel.java:330)
	at io.netty.channel.nio.AbstractNioChannel$AbstractNioUnsafe.finishConnect(AbstractNioChannel.java:334)
	at io.netty.channel.nio.NioEventLoop.processSelectedKey(NioEventLoop.java:707)
	at io.netty.channel.nio.NioEventLoop.processSelectedKeysOptimized(NioEventLoop.java:655)
	at io.netty.channel.nio.NioEventLoop.processSelectedKeys(NioEventLoop.java:581)
	at io.netty.channel.nio.NioEventLoop.run(NioEventLoop.java:493)
	at io.netty.util.concurrent.SingleThreadEventExecutor$4.run(SingleThreadEventExecutor.java:989)
	at io.netty.util.internal.ThreadExecutorMap$2.run(ThreadExecutorMap.java:74)
	at io.netty.util.concurrent.FastThreadLocalRunnable.run(FastThreadLocalRunnable.java:30)
	at java.base/java.lang.Thread.run(Thread.java:829)
2026-02-25 03:14:35.365 - [WARN ] - esl
org.freeswitch.esl.client.inbound.InboundConnectionException: Could not connect to /61.158.166.46:8021
	at org.freeswitch.esl.client.inbound.Client.connect(Client.java:134)
	at cn.psycall.ccmgt.util.FreeSwitchManage.monitor(FreeSwitchManage.java:86)
	at cn.psycall.ccmgt.util.FreeSwitchManage.run(FreeSwitchManage.java:42)
Caused by: io.netty.channel.AbstractChannel$AnnotatedConnectException: Connection refused: /61.158.166.46:8021
Caused by: java.net.ConnectException: Connection refused
	at java.base/sun.nio.ch.SocketChannelImpl.checkConnect(Native Method)
	at java.base/sun.nio.ch.SocketChannelImpl.finishConnect(SocketChannelImpl.java:777)
	at io.netty.channel.socket.nio.NioSocketChannel.doFinishConnect(NioSocketChannel.java:330)
	at io.netty.channel.nio.AbstractNioChannel$AbstractNioUnsafe.finishConnect(AbstractNioChannel.java:334)
	at io.netty.channel.nio.NioEventLoop.processSelectedKey(NioEventLoop.java:707)
	at io.netty.channel.nio.NioEventLoop.processSelectedKeysOptimized(NioEventLoop.java:655)
	at io.netty.channel.nio.NioEventLoop.processSelectedKeys(NioEventLoop.java:581)
	at io.netty.channel.nio.NioEventLoop.run(NioEventLoop.java:493)
	at io.netty.util.concurrent.SingleThreadEventExecutor$4.run(SingleThreadEventExecutor.java:989)
	at io.netty.util.internal.ThreadExecutorMap$2.run(ThreadExecutorMap.java:74)
	at io.netty.util.concurrent.FastThreadLocalRunnable.run(FastThreadLocalRunnable.java:30)
	at java.base/java.lang.Thread.run(Thread.java:829)
2026-02-25 03:14:36.446 - [WARN ] - esl
org.freeswitch.esl.client.inbound.InboundConnectionException: Could not connect to /61.158.166.46:8021
	at org.freeswitch.esl.client.inbound.Client.connect(Client.java:134)
	at cn.psycall.ccmgt.util.FreeSwitchManage.monitor(FreeSwitchManage.java:86)
	at cn.psycall.ccmgt.util.FreeSwitchManage.run(FreeSwitchManage.java:42)
Caused by: io.netty.channel.AbstractChannel$AnnotatedConnectException: Connection refused: /61.158.166.46:8021
Caused by: java.net.ConnectException: Connection refused
	at java.base/sun.nio.ch.SocketChannelImpl.checkConnect(Native Method)
	at java.base/sun.nio.ch.SocketChannelImpl.finishConnect(SocketChannelImpl.java:777)
	at io.netty.channel.socket.nio.NioSocketChannel.doFinishConnect(NioSocketChannel.java:330)
	at io.netty.channel.nio.AbstractNioChannel$AbstractNioUnsafe.finishConnect(AbstractNioChannel.java:334)
	at io.netty.channel.nio.NioEventLoop.processSelectedKey(NioEventLoop.java:707)
	at io.netty.channel.nio.NioEventLoop.processSelectedKeysOptimized(NioEventLoop.java:655)
	at io.netty.channel.nio.NioEventLoop.processSelectedKeys(NioEventLoop.java:581)
	at io.netty.channel.nio.NioEventLoop.run(NioEventLoop.java:493)
	at io.netty.util.concurrent.SingleThreadEventExecutor$4.run(SingleThreadEventExecutor.java:989)
	at io.netty.util.internal.ThreadExecutorMap$2.run(ThreadExecutorMap.java:74)
	at io.netty.util.concurrent.FastThreadLocalRunnable.run(FastThreadLocalRunnable.java:30)
	at java.base/java.lang.Thread.run(Thread.java:829)
2026-02-25 03:14:37.523 - [WARN ] - esl
org.freeswitch.esl.client.inbound.InboundConnectionException: Could not connect to /61.158.166.46:8021
	at org.freeswitch.esl.client.inbound.Client.connect(Client.java:134)
	at cn.psycall.ccmgt.util.FreeSwitchManage.monitor(FreeSwitchManage.java:86)
	at cn.psycall.ccmgt.util.FreeSwitchManage.run(FreeSwitchManage.java:42)
Caused by: io.netty.channel.AbstractChannel$AnnotatedConnectException: Connection refused: /61.158.166.46:8021
Caused by: java.net.ConnectException: Connection refused
	at java.base/sun.nio.ch.SocketChannelImpl.checkConnect(Native Method)
	at java.base/sun.nio.ch.SocketChannelImpl.finishConnect(SocketChannelImpl.java:777)
	at io.netty.channel.socket.nio.NioSocketChannel.doFinishConnect(NioSocketChannel.java:330)
	at io.netty.channel.nio.AbstractNioChannel$AbstractNioUnsafe.finishConnect(AbstractNioChannel.java:334)
	at io.netty.channel.nio.NioEventLoop.processSelectedKey(NioEventLoop.java:707)
	at io.netty.channel.nio.NioEventLoop.processSelectedKeysOptimized(NioEventLoop.java:655)
	at io.netty.channel.nio.NioEventLoop.processSelectedKeys(NioEventLoop.java:581)
	at io.netty.channel.nio.NioEventLoop.run(NioEventLoop.java:493)
	at io.netty.util.concurrent.SingleThreadEventExecutor$4.run(SingleThreadEventExecutor.java:989)
	at io.netty.util.internal.ThreadExecutorMap$2.run(ThreadExecutorMap.java:74)
	at io.netty.util.concurrent.FastThreadLocalRunnable.run(FastThreadLocalRunnable.java:30)
	at java.base/java.lang.Thread.run(Thread.java:829)
2026-02-25 03:14:38.603 - [WARN ] - esl
org.freeswitch.esl.client.inbound.InboundConnectionException: Could not connect to /61.158.166.46:8021
	at org.freeswitch.esl.client.inbound.Client.connect(Client.java:134)
	at cn.psycall.ccmgt.util.FreeSwitchManage.monitor(FreeSwitchManage.java:86)
	at cn.psycall.ccmgt.util.FreeSwitchManage.run(FreeSwitchManage.java:42)
Caused by: io.netty.channel.AbstractChannel$AnnotatedConnectException: Connection refused: /61.158.166.46:8021
Caused by: java.net.ConnectException: Connection refused
	at java.base/sun.nio.ch.SocketChannelImpl.checkConnect(Native Method)
	at java.base/sun.nio.ch.SocketChannelImpl.finishConnect(SocketChannelImpl.java:777)
	at io.netty.channel.socket.nio.NioSocketChannel.doFinishConnect(NioSocketChannel.java:330)
	at io.netty.channel.nio.AbstractNioChannel$AbstractNioUnsafe.finishConnect(AbstractNioChannel.java:334)
	at io.netty.channel.nio.NioEventLoop.processSelectedKey(NioEventLoop.java:707)
	at io.netty.channel.nio.NioEventLoop.processSelectedKeysOptimized(NioEventLoop.java:655)
	at io.netty.channel.nio.NioEventLoop.processSelectedKeys(NioEventLoop.java:581)
	at io.netty.channel.nio.NioEventLoop.run(NioEventLoop.java:493)
	at io.netty.util.concurrent.SingleThreadEventExecutor$4.run(SingleThreadEventExecutor.java:989)
	at io.netty.util.internal.ThreadExecutorMap$2.run(ThreadExecutorMap.java:74)
	at io.netty.util.concurrent.FastThreadLocalRunnable.run(FastThreadLocalRunnable.java:30)
	at java.base/java.lang.Thread.run(Thread.java:829)
2026-02-25 03:14:39.686 - [WARN ] - esl
org.freeswitch.esl.client.inbound.InboundConnectionException: Could not connect to /61.158.166.46:8021
	at org.freeswitch.esl.client.inbound.Client.connect(Client.java:134)
	at cn.psycall.ccmgt.util.FreeSwitchManage.monitor(FreeSwitchManage.java:86)
	at cn.psycall.ccmgt.util.FreeSwitchManage.run(FreeSwitchManage.java:42)
Caused by: io.netty.channel.AbstractChannel$AnnotatedConnectException: Connection refused: /61.158.166.46:8021
Caused by: java.net.ConnectException: Connection refused
	at java.base/sun.nio.ch.SocketChannelImpl.checkConnect(Native Method)
	at java.base/sun.nio.ch.SocketChannelImpl.finishConnect(SocketChannelImpl.java:777)
	at io.netty.channel.socket.nio.NioSocketChannel.doFinishConnect(NioSocketChannel.java:330)
	at io.netty.channel.nio.AbstractNioChannel$AbstractNioUnsafe.finishConnect(AbstractNioChannel.java:334)
	at io.netty.channel.nio.NioEventLoop.processSelectedKey(NioEventLoop.java:707)
	at io.netty.channel.nio.NioEventLoop.processSelectedKeysOptimized(NioEventLoop.java:655)
	at io.netty.channel.nio.NioEventLoop.processSelectedKeys(NioEventLoop.java:581)
	at io.netty.channel.nio.NioEventLoop.run(NioEventLoop.java:493)
	at io.netty.util.concurrent.SingleThreadEventExecutor$4.run(SingleThreadEventExecutor.java:989)
	at io.netty.util.internal.ThreadExecutorMap$2.run(ThreadExecutorMap.java:74)
	at io.netty.util.concurrent.FastThreadLocalRunnable.run(FastThreadLocalRunnable.java:30)
	at java.base/java.lang.Thread.run(Thread.java:829)
2026-02-25 03:14:40.767 - [WARN ] - esl
org.freeswitch.esl.client.inbound.InboundConnectionException: Could not connect to /61.158.166.46:8021
	at org.freeswitch.esl.client.inbound.Client.connect(Client.java:134)
	at cn.psycall.ccmgt.util.FreeSwitchManage.monitor(FreeSwitchManage.java:86)
	at cn.psycall.ccmgt.util.FreeSwitchManage.run(FreeSwitchManage.java:42)
Caused by: io.netty.channel.AbstractChannel$AnnotatedConnectException: Connection refused: /61.158.166.46:8021
Caused by: java.net.ConnectException: Connection refused
	at java.base/sun.nio.ch.SocketChannelImpl.checkConnect(Native Method)
	at java.base/sun.nio.ch.SocketChannelImpl.finishConnect(SocketChannelImpl.java:777)
	at io.netty.channel.socket.nio.NioSocketChannel.doFinishConnect(NioSocketChannel.java:330)
	at io.netty.channel.nio.AbstractNioChannel$AbstractNioUnsafe.finishConnect(AbstractNioChannel.java:334)
	at io.netty.channel.nio.NioEventLoop.processSelectedKey(NioEventLoop.java:707)
	at io.netty.channel.nio.NioEventLoop.processSelectedKeysOptimized(NioEventLoop.java:655)
	at io.netty.channel.nio.NioEventLoop.processSelectedKeys(NioEventLoop.java:581)
	at io.netty.channel.nio.NioEventLoop.run(NioEventLoop.java:493)
	at io.netty.util.concurrent.SingleThreadEventExecutor$4.run(SingleThreadEventExecutor.java:989)
	at io.netty.util.internal.ThreadExecutorMap$2.run(ThreadExecutorMap.java:74)
	at io.netty.util.concurrent.FastThreadLocalRunnable.run(FastThreadLocalRunnable.java:30)
	at java.base/java.lang.Thread.run(Thread.java:829)
2026-02-25 03:14:41.849 - [WARN ] - esl
org.freeswitch.esl.client.inbound.InboundConnectionException: Could not connect to /61.158.166.46:8021
	at org.freeswitch.esl.client.inbound.Client.connect(Client.java:134)
	at cn.psycall.ccmgt.util.FreeSwitchManage.monitor(FreeSwitchManage.java:86)
	at cn.psycall.ccmgt.util.FreeSwitchManage.run(FreeSwitchManage.java:42)
Caused by: io.netty.channel.AbstractChannel$AnnotatedConnectException: Connection refused: /61.158.166.46:8021
Caused by: java.net.ConnectException: Connection refused
	at java.base/sun.nio.ch.SocketChannelImpl.checkConnect(Native Method)
	at java.base/sun.nio.ch.SocketChannelImpl.finishConnect(SocketChannelImpl.java:777)
	at io.netty.channel.socket.nio.NioSocketChannel.doFinishConnect(NioSocketChannel.java:330)
	at io.netty.channel.nio.AbstractNioChannel$AbstractNioUnsafe.finishConnect(AbstractNioChannel.java:334)
	at io.netty.channel.nio.NioEventLoop.processSelectedKey(NioEventLoop.java:707)
	at io.netty.channel.nio.NioEventLoop.processSelectedKeysOptimized(NioEventLoop.java:655)
	at io.netty.channel.nio.NioEventLoop.processSelectedKeys(NioEventLoop.java:581)
	at io.netty.channel.nio.NioEventLoop.run(NioEventLoop.java:493)
	at io.netty.util.concurrent.SingleThreadEventExecutor$4.run(SingleThreadEventExecutor.java:989)
	at io.netty.util.internal.ThreadExecutorMap$2.run(ThreadExecutorMap.java:74)
	at io.netty.util.concurrent.FastThreadLocalRunnable.run(FastThreadLocalRunnable.java:30)
	at java.base/java.lang.Thread.run(Thread.java:829)
2026-02-25 03:14:42.925 - [WARN ] - esl
org.freeswitch.esl.client.inbound.InboundConnectionException: Could not connect to /61.158.166.46:8021
	at org.freeswitch.esl.client.inbound.Client.connect(Client.java:134)
	at cn.psycall.ccmgt.util.FreeSwitchManage.monitor(FreeSwitchManage.java:86)
	at cn.psycall.ccmgt.util.FreeSwitchManage.run(FreeSwitchManage.java:42)
Caused by: io.netty.channel.AbstractChannel$AnnotatedConnectException: Connection refused: /61.158.166.46:8021
Caused by: java.net.ConnectException: Connection refused
	at java.base/sun.nio.ch.SocketChannelImpl.checkConnect(Native Method)
	at java.base/sun.nio.ch.SocketChannelImpl.finishConnect(SocketChannelImpl.java:777)
	at io.netty.channel.socket.nio.NioSocketChannel.doFinishConnect(NioSocketChannel.java:330)
	at io.netty.channel.nio.AbstractNioChannel$AbstractNioUnsafe.finishConnect(AbstractNioChannel.java:334)
	at io.netty.channel.nio.NioEventLoop.processSelectedKey(NioEventLoop.java:707)
	at io.netty.channel.nio.NioEventLoop.processSelectedKeysOptimized(NioEventLoop.java:655)
	at io.netty.channel.nio.NioEventLoop.processSelectedKeys(NioEventLoop.java:581)
	at io.netty.channel.nio.NioEventLoop.run(NioEventLoop.java:493)
	at io.netty.util.concurrent.SingleThreadEventExecutor$4.run(SingleThreadEventExecutor.java:989)
	at io.netty.util.internal.ThreadExecutorMap$2.run(ThreadExecutorMap.java:74)
	at io.netty.util.concurrent.FastThreadLocalRunnable.run(FastThreadLocalRunnable.java:30)
	at java.base/java.lang.Thread.run(Thread.java:829)
2026-02-25 03:14:44.006 - [WARN ] - esl
org.freeswitch.esl.client.inbound.InboundConnectionException: Could not connect to /61.158.166.46:8021
	at org.freeswitch.esl.client.inbound.Client.connect(Client.java:134)
	at cn.psycall.ccmgt.util.FreeSwitchManage.monitor(FreeSwitchManage.java:86)
	at cn.psycall.ccmgt.util.FreeSwitchManage.run(FreeSwitchManage.java:42)
Caused by: io.netty.channel.AbstractChannel$AnnotatedConnectException: Connection refused: /61.158.166.46:8021
Caused by: java.net.ConnectException: Connection refused
	at java.base/sun.nio.ch.SocketChannelImpl.checkConnect(Native Method)
	at java.base/sun.nio.ch.SocketChannelImpl.finishConnect(SocketChannelImpl.java:777)
	at io.netty.channel.socket.nio.NioSocketChannel.doFinishConnect(NioSocketChannel.java:330)
	at io.netty.channel.nio.AbstractNioChannel$AbstractNioUnsafe.finishConnect(AbstractNioChannel.java:334)
	at io.netty.channel.nio.NioEventLoop.processSelectedKey(NioEventLoop.java:707)
	at io.netty.channel.nio.NioEventLoop.processSelectedKeysOptimized(NioEventLoop.java:655)
	at io.netty.channel.nio.NioEventLoop.processSelectedKeys(NioEventLoop.java:581)
	at io.netty.channel.nio.NioEventLoop.run(NioEventLoop.java:493)
	at io.netty.util.concurrent.SingleThreadEventExecutor$4.run(SingleThreadEventExecutor.java:989)
	at io.netty.util.internal.ThreadExecutorMap$2.run(ThreadExecutorMap.java:74)
	at io.netty.util.concurrent.FastThreadLocalRunnable.run(FastThreadLocalRunnable.java:30)
	at java.base/java.lang.Thread.run(Thread.java:829)
2026-02-25 03:14:45.089 - [WARN ] - esl
org.freeswitch.esl.client.inbound.InboundConnectionException: Could not connect to /61.158.166.46:8021
	at org.freeswitch.esl.client.inbound.Client.connect(Client.java:134)
	at cn.psycall.ccmgt.util.FreeSwitchManage.monitor(FreeSwitchManage.java:86)
	at cn.psycall.ccmgt.util.FreeSwitchManage.run(FreeSwitchManage.java:42)
Caused by: io.netty.channel.AbstractChannel$AnnotatedConnectException: Connection refused: /61.158.166.46:8021
Caused by: java.net.ConnectException: Connection refused
	at java.base/sun.nio.ch.SocketChannelImpl.checkConnect(Native Method)
	at java.base/sun.nio.ch.SocketChannelImpl.finishConnect(SocketChannelImpl.java:777)
	at io.netty.channel.socket.nio.NioSocketChannel.doFinishConnect(NioSocketChannel.java:330)
	at io.netty.channel.nio.AbstractNioChannel$AbstractNioUnsafe.finishConnect(AbstractNioChannel.java:334)
	at io.netty.channel.nio.NioEventLoop.processSelectedKey(NioEventLoop.java:707)
	at io.netty.channel.nio.NioEventLoop.processSelectedKeysOptimized(NioEventLoop.java:655)
	at io.netty.channel.nio.NioEventLoop.processSelectedKeys(NioEventLoop.java:581)
	at io.netty.channel.nio.NioEventLoop.run(NioEventLoop.java:493)
	at io.netty.util.concurrent.SingleThreadEventExecutor$4.run(SingleThreadEventExecutor.java:989)
	at io.netty.util.internal.ThreadExecutorMap$2.run(ThreadExecutorMap.java:74)
	at io.netty.util.concurrent.FastThreadLocalRunnable.run(FastThreadLocalRunnable.java:30)
	at java.base/java.lang.Thread.run(Thread.java:829)
2026-02-25 03:14:46.169 - [WARN ] - esl
org.freeswitch.esl.client.inbound.InboundConnectionException: Could not connect to /61.158.166.46:8021
	at org.freeswitch.esl.client.inbound.Client.connect(Client.java:134)
	at cn.psycall.ccmgt.util.FreeSwitchManage.monitor(FreeSwitchManage.java:86)
	at cn.psycall.ccmgt.util.FreeSwitchManage.run(FreeSwitchManage.java:42)
Caused by: io.netty.channel.AbstractChannel$AnnotatedConnectException: Connection refused: /61.158.166.46:8021
Caused by: java.net.ConnectException: Connection refused
	at java.base/sun.nio.ch.SocketChannelImpl.checkConnect(Native Method)
	at java.base/sun.nio.ch.SocketChannelImpl.finishConnect(SocketChannelImpl.java:777)
	at io.netty.channel.socket.nio.NioSocketChannel.doFinishConnect(NioSocketChannel.java:330)
	at io.netty.channel.nio.AbstractNioChannel$AbstractNioUnsafe.finishConnect(AbstractNioChannel.java:334)
	at io.netty.channel.nio.NioEventLoop.processSelectedKey(NioEventLoop.java:707)
	at io.netty.channel.nio.NioEventLoop.processSelectedKeysOptimized(NioEventLoop.java:655)
	at io.netty.channel.nio.NioEventLoop.processSelectedKeys(NioEventLoop.java:581)
	at io.netty.channel.nio.NioEventLoop.run(NioEventLoop.java:493)
	at io.netty.util.concurrent.SingleThreadEventExecutor$4.run(SingleThreadEventExecutor.java:989)
	at io.netty.util.internal.ThreadExecutorMap$2.run(ThreadExecutorMap.java:74)
	at io.netty.util.concurrent.FastThreadLocalRunnable.run(FastThreadLocalRunnable.java:30)
	at java.base/java.lang.Thread.run(Thread.java:829)
2026-02-25 03:14:47.257 - [WARN ] - esl
org.freeswitch.esl.client.inbound.InboundConnectionException: Could not connect to /61.158.166.46:8021
	at org.freeswitch.esl.client.inbound.Client.connect(Client.java:134)
	at cn.psycall.ccmgt.util.FreeSwitchManage.monitor(FreeSwitchManage.java:86)
	at cn.psycall.ccmgt.util.FreeSwitchManage.run(FreeSwitchManage.java:42)
Caused by: io.netty.channel.AbstractChannel$AnnotatedConnectException: Connection refused: /61.158.166.46:8021
Caused by: java.net.ConnectException: Connection refused
	at java.base/sun.nio.ch.SocketChannelImpl.checkConnect(Native Method)
	at java.base/sun.nio.ch.SocketChannelImpl.finishConnect(SocketChannelImpl.java:777)
	at io.netty.channel.socket.nio.NioSocketChannel.doFinishConnect(NioSocketChannel.java:330)
	at io.netty.channel.nio.AbstractNioChannel$AbstractNioUnsafe.finishConnect(AbstractNioChannel.java:334)
	at io.netty.channel.nio.NioEventLoop.processSelectedKey(NioEventLoop.java:707)
	at io.netty.channel.nio.NioEventLoop.processSelectedKeysOptimized(NioEventLoop.java:655)
	at io.netty.channel.nio.NioEventLoop.processSelectedKeys(NioEventLoop.java:581)
	at io.netty.channel.nio.NioEventLoop.run(NioEventLoop.java:493)
	at io.netty.util.concurrent.SingleThreadEventExecutor$4.run(SingleThreadEventExecutor.java:989)
	at io.netty.util.internal.ThreadExecutorMap$2.run(ThreadExecutorMap.java:74)
	at io.netty.util.concurrent.FastThreadLocalRunnable.run(FastThreadLocalRunnable.java:30)
	at java.base/java.lang.Thread.run(Thread.java:829)
2026-02-25 03:14:48.338 - [WARN ] - esl
org.freeswitch.esl.client.inbound.InboundConnectionException: Could not connect to /61.158.166.46:8021
	at org.freeswitch.esl.client.inbound.Client.connect(Client.java:134)
	at cn.psycall.ccmgt.util.FreeSwitchManage.monitor(FreeSwitchManage.java:86)
	at cn.psycall.ccmgt.util.FreeSwitchManage.run(FreeSwitchManage.java:42)
Caused by: io.netty.channel.AbstractChannel$AnnotatedConnectException: Connection refused: /61.158.166.46:8021
Caused by: java.net.ConnectException: Connection refused
	at java.base/sun.nio.ch.SocketChannelImpl.checkConnect(Native Method)
	at java.base/sun.nio.ch.SocketChannelImpl.finishConnect(SocketChannelImpl.java:777)
	at io.netty.channel.socket.nio.NioSocketChannel.doFinishConnect(NioSocketChannel.java:330)
	at io.netty.channel.nio.AbstractNioChannel$AbstractNioUnsafe.finishConnect(AbstractNioChannel.java:334)
	at io.netty.channel.nio.NioEventLoop.processSelectedKey(NioEventLoop.java:707)
	at io.netty.channel.nio.NioEventLoop.processSelectedKeysOptimized(NioEventLoop.java:655)
	at io.netty.channel.nio.NioEventLoop.processSelectedKeys(NioEventLoop.java:581)
	at io.netty.channel.nio.NioEventLoop.run(NioEventLoop.java:493)
	at io.netty.util.concurrent.SingleThreadEventExecutor$4.run(SingleThreadEventExecutor.java:989)
	at io.netty.util.internal.ThreadExecutorMap$2.run(ThreadExecutorMap.java:74)
	at io.netty.util.concurrent.FastThreadLocalRunnable.run(FastThreadLocalRunnable.java:30)
	at java.base/java.lang.Thread.run(Thread.java:829)
2026-02-25 03:14:49.422 - [WARN ] - esl
org.freeswitch.esl.client.inbound.InboundConnectionException: Could not connect to /61.158.166.46:8021
	at org.freeswitch.esl.client.inbound.Client.connect(Client.java:134)
	at cn.psycall.ccmgt.util.FreeSwitchManage.monitor(FreeSwitchManage.java:86)
	at cn.psycall.ccmgt.util.FreeSwitchManage.run(FreeSwitchManage.java:42)
Caused by: io.netty.channel.AbstractChannel$AnnotatedConnectException: Connection refused: /61.158.166.46:8021
Caused by: java.net.ConnectException: Connection refused
	at java.base/sun.nio.ch.SocketChannelImpl.checkConnect(Native Method)
	at java.base/sun.nio.ch.SocketChannelImpl.finishConnect(SocketChannelImpl.java:777)
	at io.netty.channel.socket.nio.NioSocketChannel.doFinishConnect(NioSocketChannel.java:330)
	at io.netty.channel.nio.AbstractNioChannel$AbstractNioUnsafe.finishConnect(AbstractNioChannel.java:334)
	at io.netty.channel.nio.NioEventLoop.processSelectedKey(NioEventLoop.java:707)
	at io.netty.channel.nio.NioEventLoop.processSelectedKeysOptimized(NioEventLoop.java:655)
	at io.netty.channel.nio.NioEventLoop.processSelectedKeys(NioEventLoop.java:581)
	at io.netty.channel.nio.NioEventLoop.run(NioEventLoop.java:493)
	at io.netty.util.concurrent.SingleThreadEventExecutor$4.run(SingleThreadEventExecutor.java:989)
	at io.netty.util.internal.ThreadExecutorMap$2.run(ThreadExecutorMap.java:74)
	at io.netty.util.concurrent.FastThreadLocalRunnable.run(FastThreadLocalRunnable.java:30)
	at java.base/java.lang.Thread.run(Thread.java:829)
2026-02-25 03:14:50.498 - [WARN ] - esl
org.freeswitch.esl.client.inbound.InboundConnectionException: Could not connect to /61.158.166.46:8021
	at org.freeswitch.esl.client.inbound.Client.connect(Client.java:134)
	at cn.psycall.ccmgt.util.FreeSwitchManage.monitor(FreeSwitchManage.java:86)
	at cn.psycall.ccmgt.util.FreeSwitchManage.run(FreeSwitchManage.java:42)
Caused by: io.netty.channel.AbstractChannel$AnnotatedConnectException: Connection refused: /61.158.166.46:8021
Caused by: java.net.ConnectException: Connection refused
	at java.base/sun.nio.ch.SocketChannelImpl.checkConnect(Native Method)
	at java.base/sun.nio.ch.SocketChannelImpl.finishConnect(SocketChannelImpl.java:777)
	at io.netty.channel.socket.nio.NioSocketChannel.doFinishConnect(NioSocketChannel.java:330)
	at io.netty.channel.nio.AbstractNioChannel$AbstractNioUnsafe.finishConnect(AbstractNioChannel.java:334)
	at io.netty.channel.nio.NioEventLoop.processSelectedKey(NioEventLoop.java:707)
	at io.netty.channel.nio.NioEventLoop.processSelectedKeysOptimized(NioEventLoop.java:655)
	at io.netty.channel.nio.NioEventLoop.processSelectedKeys(NioEventLoop.java:581)
	at io.netty.channel.nio.NioEventLoop.run(NioEventLoop.java:493)
	at io.netty.util.concurrent.SingleThreadEventExecutor$4.run(SingleThreadEventExecutor.java:989)
	at io.netty.util.internal.ThreadExecutorMap$2.run(ThreadExecutorMap.java:74)
	at io.netty.util.concurrent.FastThreadLocalRunnable.run(FastThreadLocalRunnable.java:30)
	at java.base/java.lang.Thread.run(Thread.java:829)
2026-02-25 03:14:51.579 - [WARN ] - esl
org.freeswitch.esl.client.inbound.InboundConnectionException: Could not connect to /61.158.166.46:8021
	at org.freeswitch.esl.client.inbound.Client.connect(Client.java:134)
	at cn.psycall.ccmgt.util.FreeSwitchManage.monitor(FreeSwitchManage.java:86)
	at cn.psycall.ccmgt.util.FreeSwitchManage.run(FreeSwitchManage.java:42)
Caused by: io.netty.channel.AbstractChannel$AnnotatedConnectException: Connection refused: /61.158.166.46:8021
Caused by: java.net.ConnectException: Connection refused
	at java.base/sun.nio.ch.SocketChannelImpl.checkConnect(Native Method)
	at java.base/sun.nio.ch.SocketChannelImpl.finishConnect(SocketChannelImpl.java:777)
	at io.netty.channel.socket.nio.NioSocketChannel.doFinishConnect(NioSocketChannel.java:330)
	at io.netty.channel.nio.AbstractNioChannel$AbstractNioUnsafe.finishConnect(AbstractNioChannel.java:334)
	at io.netty.channel.nio.NioEventLoop.processSelectedKey(NioEventLoop.java:707)
	at io.netty.channel.nio.NioEventLoop.processSelectedKeysOptimized(NioEventLoop.java:655)
	at io.netty.channel.nio.NioEventLoop.processSelectedKeys(NioEventLoop.java:581)
	at io.netty.channel.nio.NioEventLoop.run(NioEventLoop.java:493)
	at io.netty.util.concurrent.SingleThreadEventExecutor$4.run(SingleThreadEventExecutor.java:989)
	at io.netty.util.internal.ThreadExecutorMap$2.run(ThreadExecutorMap.java:74)
	at io.netty.util.concurrent.FastThreadLocalRunnable.run(FastThreadLocalRunnable.java:30)
	at java.base/java.lang.Thread.run(Thread.java:829)
2026-02-25 03:14:52.659 - [WARN ] - esl
org.freeswitch.esl.client.inbound.InboundConnectionException: Could not connect to /61.158.166.46:8021
	at org.freeswitch.esl.client.inbound.Client.connect(Client.java:134)
	at cn.psycall.ccmgt.util.FreeSwitchManage.monitor(FreeSwitchManage.java:86)
	at cn.psycall.ccmgt.util.FreeSwitchManage.run(FreeSwitchManage.java:42)
Caused by: io.netty.channel.AbstractChannel$AnnotatedConnectException: Connection refused: /61.158.166.46:8021
Caused by: java.net.ConnectException: Connection refused
	at java.base/sun.nio.ch.SocketChannelImpl.checkConnect(Native Method)
	at java.base/sun.nio.ch.SocketChannelImpl.finishConnect(SocketChannelImpl.java:777)
	at io.netty.channel.socket.nio.NioSocketChannel.doFinishConnect(NioSocketChannel.java:330)
	at io.netty.channel.nio.AbstractNioChannel$AbstractNioUnsafe.finishConnect(AbstractNioChannel.java:334)
	at io.netty.channel.nio.NioEventLoop.processSelectedKey(NioEventLoop.java:707)
	at io.netty.channel.nio.NioEventLoop.processSelectedKeysOptimized(NioEventLoop.java:655)
	at io.netty.channel.nio.NioEventLoop.processSelectedKeys(NioEventLoop.java:581)
	at io.netty.channel.nio.NioEventLoop.run(NioEventLoop.java:493)
	at io.netty.util.concurrent.SingleThreadEventExecutor$4.run(SingleThreadEventExecutor.java:989)
	at io.netty.util.internal.ThreadExecutorMap$2.run(ThreadExecutorMap.java:74)
	at io.netty.util.concurrent.FastThreadLocalRunnable.run(FastThreadLocalRunnable.java:30)
	at java.base/java.lang.Thread.run(Thread.java:829)
2026-02-25 03:14:53.741 - [WARN ] - esl
org.freeswitch.esl.client.inbound.InboundConnectionException: Could not connect to /61.158.166.46:8021
	at org.freeswitch.esl.client.inbound.Client.connect(Client.java:134)
	at cn.psycall.ccmgt.util.FreeSwitchManage.monitor(FreeSwitchManage.java:86)
	at cn.psycall.ccmgt.util.FreeSwitchManage.run(FreeSwitchManage.java:42)
Caused by: io.netty.channel.AbstractChannel$AnnotatedConnectException: Connection refused: /61.158.166.46:8021
Caused by: java.net.ConnectException: Connection refused
	at java.base/sun.nio.ch.SocketChannelImpl.checkConnect(Native Method)
	at java.base/sun.nio.ch.SocketChannelImpl.finishConnect(SocketChannelImpl.java:777)
	at io.netty.channel.socket.nio.NioSocketChannel.doFinishConnect(NioSocketChannel.java:330)
	at io.netty.channel.nio.AbstractNioChannel$AbstractNioUnsafe.finishConnect(AbstractNioChannel.java:334)
	at io.netty.channel.nio.NioEventLoop.processSelectedKey(NioEventLoop.java:707)
	at io.netty.channel.nio.NioEventLoop.processSelectedKeysOptimized(NioEventLoop.java:655)
	at io.netty.channel.nio.NioEventLoop.processSelectedKeys(NioEventLoop.java:581)
	at io.netty.channel.nio.NioEventLoop.run(NioEventLoop.java:493)
	at io.netty.util.concurrent.SingleThreadEventExecutor$4.run(SingleThreadEventExecutor.java:989)
	at io.netty.util.internal.ThreadExecutorMap$2.run(ThreadExecutorMap.java:74)
	at io.netty.util.concurrent.FastThreadLocalRunnable.run(FastThreadLocalRunnable.java:30)
	at java.base/java.lang.Thread.run(Thread.java:829)
2026-02-25 03:14:55.035 - [WARN ] - conn_rabbit_mq
org.springframework.web.client.ResourceAccessException: I/O error on POST request for "http://61.158.166.46:8888/command/conn_rabbit_mq": Connect to 61.158.166.46:8888 [/61.158.166.46] failed: Connection refused (Connection refused); nested exception is org.apache.http.conn.HttpHostConnectException: Connect to 61.158.166.46:8888 [/61.158.166.46] failed: Connection refused (Connection refused)
	at org.springframework.web.client.RestTemplate.doExecute(RestTemplate.java:791)
	at org.springframework.web.client.RestTemplate.execute(RestTemplate.java:717)
	at org.springframework.web.client.RestTemplate.exchange(RestTemplate.java:608)
	at cn.psycall.ccmgt.util.FreeSwitchManage.conn_rabbit_mq(FreeSwitchManage.java:272)
	at cn.psycall.ccmgt.util.FreeSwitchManage.monitor(FreeSwitchManage.java:89)
	at cn.psycall.ccmgt.util.FreeSwitchManage.run(FreeSwitchManage.java:42)
Caused by: org.apache.http.conn.HttpHostConnectException: Connect to 61.158.166.46:8888 [/61.158.166.46] failed: Connection refused (Connection refused)
	at org.apache.http.impl.conn.DefaultHttpClientConnectionOperator.connect(DefaultHttpClientConnectionOperator.java:156)
	at org.apache.http.impl.conn.PoolingHttpClientConnectionManager.connect(PoolingHttpClientConnectionManager.java:376)
	at org.apache.http.impl.execchain.MainClientExec.establishRoute(MainClientExec.java:393)
	at org.apache.http.impl.execchain.MainClientExec.execute(MainClientExec.java:236)
	at org.apache.http.impl.execchain.ProtocolExec.execute(ProtocolExec.java:186)
	at org.apache.http.impl.execchain.RetryExec.execute(RetryExec.java:89)
	at org.apache.http.impl.execchain.RedirectExec.execute(RedirectExec.java:110)
	at org.apache.http.impl.client.InternalHttpClient.doExecute(InternalHttpClient.java:185)
	at org.apache.http.impl.client.CloseableHttpClient.execute(CloseableHttpClient.java:83)
	at org.apache.http.impl.client.CloseableHttpClient.execute(CloseableHttpClient.java:56)
	at org.springframework.http.client.HttpComponentsClientHttpRequest.executeInternal(HttpComponentsClientHttpRequest.java:87)
	at org.springframework.http.client.AbstractBufferingClientHttpRequest.executeInternal(AbstractBufferingClientHttpRequest.java:48)
	at org.springframework.http.client.AbstractClientHttpRequest.execute(AbstractClientHttpRequest.java:66)
	at org.springframework.web.client.RestTemplate.doExecute(RestTemplate.java:782)
	... 5 common frames omitted
Caused by: java.net.ConnectException: Connection refused (Connection refused)
	at java.base/java.net.PlainSocketImpl.socketConnect(Native Method)
	at java.base/java.net.AbstractPlainSocketImpl.doConnect(AbstractPlainSocketImpl.java:412)
	at java.base/java.net.AbstractPlainSocketImpl.connectToAddress(AbstractPlainSocketImpl.java:255)
	at java.base/java.net.AbstractPlainSocketImpl.connect(AbstractPlainSocketImpl.java:237)
	at java.base/java.net.SocksSocketImpl.connect(SocksSocketImpl.java:392)
	at java.base/java.net.Socket.connect(Socket.java:609)
	at org.apache.http.conn.socket.PlainConnectionSocketFactory.connectSocket(PlainConnectionSocketFactory.java:75)
	at org.apache.http.impl.conn.DefaultHttpClientConnectionOperator.connect(DefaultHttpClientConnectionOperator.java:142)
	... 18 common frames omitted
2026-02-25 03:14:56.314 - [WARN ] - conn_rabbit_mq
org.springframework.web.client.ResourceAccessException: I/O error on POST request for "http://61.158.166.46:8888/command/conn_rabbit_mq": Connect to 61.158.166.46:8888 [/61.158.166.46] failed: Connection refused (Connection refused); nested exception is org.apache.http.conn.HttpHostConnectException: Connect to 61.158.166.46:8888 [/61.158.166.46] failed: Connection refused (Connection refused)
	at org.springframework.web.client.RestTemplate.doExecute(RestTemplate.java:791)
	at org.springframework.web.client.RestTemplate.execute(RestTemplate.java:717)
	at org.springframework.web.client.RestTemplate.exchange(RestTemplate.java:608)
	at cn.psycall.ccmgt.util.FreeSwitchManage.conn_rabbit_mq(FreeSwitchManage.java:272)
	at cn.psycall.ccmgt.util.FreeSwitchManage.monitor(FreeSwitchManage.java:89)
	at cn.psycall.ccmgt.util.FreeSwitchManage.run(FreeSwitchManage.java:42)
Caused by: org.apache.http.conn.HttpHostConnectException: Connect to 61.158.166.46:8888 [/61.158.166.46] failed: Connection refused (Connection refused)
	at org.apache.http.impl.conn.DefaultHttpClientConnectionOperator.connect(DefaultHttpClientConnectionOperator.java:156)
	at org.apache.http.impl.conn.PoolingHttpClientConnectionManager.connect(PoolingHttpClientConnectionManager.java:376)
	at org.apache.http.impl.execchain.MainClientExec.establishRoute(MainClientExec.java:393)
	at org.apache.http.impl.execchain.MainClientExec.execute(MainClientExec.java:236)
	at org.apache.http.impl.execchain.ProtocolExec.execute(ProtocolExec.java:186)
	at org.apache.http.impl.execchain.RetryExec.execute(RetryExec.java:89)
	at org.apache.http.impl.execchain.RedirectExec.execute(RedirectExec.java:110)
	at org.apache.http.impl.client.InternalHttpClient.doExecute(InternalHttpClient.java:185)
	at org.apache.http.impl.client.CloseableHttpClient.execute(CloseableHttpClient.java:83)
	at org.apache.http.impl.client.CloseableHttpClient.execute(CloseableHttpClient.java:56)
	at org.springframework.http.client.HttpComponentsClientHttpRequest.executeInternal(HttpComponentsClientHttpRequest.java:87)
	at org.springframework.http.client.AbstractBufferingClientHttpRequest.executeInternal(AbstractBufferingClientHttpRequest.java:48)
	at org.springframework.http.client.AbstractClientHttpRequest.execute(AbstractClientHttpRequest.java:66)
	at org.springframework.web.client.RestTemplate.doExecute(RestTemplate.java:782)
	... 5 common frames omitted
Caused by: java.net.ConnectException: Connection refused (Connection refused)
	at java.base/java.net.PlainSocketImpl.socketConnect(Native Method)
	at java.base/java.net.AbstractPlainSocketImpl.doConnect(AbstractPlainSocketImpl.java:412)
	at java.base/java.net.AbstractPlainSocketImpl.connectToAddress(AbstractPlainSocketImpl.java:255)
	at java.base/java.net.AbstractPlainSocketImpl.connect(AbstractPlainSocketImpl.java:237)
	at java.base/java.net.SocksSocketImpl.connect(SocksSocketImpl.java:392)
	at java.base/java.net.Socket.connect(Socket.java:609)
	at org.apache.http.conn.socket.PlainConnectionSocketFactory.connectSocket(PlainConnectionSocketFactory.java:75)
	at org.apache.http.impl.conn.DefaultHttpClientConnectionOperator.connect(DefaultHttpClientConnectionOperator.java:142)
	... 18 common frames omitted
2026-02-25 03:15:06.889 - [INFO ] - internal->61.158.166.46:5060
2026-02-25 03:15:06.889 - [INFO ] - ESL Client connected ..(61.158.166.46:8021[cc5a3a03-075f-4a17-bacb-6fbd5c206c64])
2026-02-25 03:15:07.618 - [INFO ] - internal_sip_port->5060
2026-02-25 03:15:07.619 - [INFO ] - external_sip_port->5080
2026-02-25 03:15:13.523 - [INFO ] - fs[cc5a3a03-075f-4a17-bacb-6fbd5c206c64] CallThread start
2026-02-25 04:13:41.661 - [INFO ] - hikari-pool - Shutdown initiated...
2026-02-25 04:13:41.669 - [INFO ] - hikari-pool - Shutdown completed.
2026-02-25 04:16:00.991 - [INFO ] - Starting CcmgtApplication v1.0 using Java 11.0.29 on 142-0 with PID 4855 (/usr/local/cc/ccmgt-1.0.jar started by root in /usr/local/cc)
2026-02-25 04:16:01.064 - [INFO ] - No active profile set, falling back to default profiles: default
2026-02-25 04:16:10.901 - [INFO ] - Initializing ProtocolHandler ["http-nio-8020"]
2026-02-25 04:16:10.907 - [INFO ] - Starting service [Tomcat]
2026-02-25 04:16:10.908 - [INFO ] - Starting Servlet engine: [Apache Tomcat/9.0.41]
2026-02-25 04:16:11.241 - [INFO ] - Initializing Spring embedded WebApplicationContext
2026-02-25 04:16:18.269 - [INFO ] - Starting ProtocolHandler ["http-nio-8020"]
2026-02-25 04:16:18.629 - [INFO ] - Started CcmgtApplication in 22.575 seconds (JVM running for 27.025)
2026-02-25 04:16:18.727 - [INFO ] - ccmgt init
2026-02-25 04:16:19.351 - [INFO ] - hikari-pool - Starting...
2026-02-25 04:16:19.700 - [INFO ] - RabbitMQ connected!
2026-02-25 04:16:21.104 - [INFO ] - hikari-pool - Start completed.
2026-02-25 04:16:29.269 - [INFO ] - Initializing Spring DispatcherServlet 'dispatcherServlet'
2026-02-25 04:16:48.583 - [INFO ] - internal->61.158.166.43:5060
2026-02-25 04:16:48.587 - [INFO ] - ESL Client connected ..(61.158.166.43:8021[0e756ddc-0f73-4f16-a9c5-093fe36345e1])
2026-02-25 04:16:48.744 - [INFO ] - internal_sip_port->5060
2026-02-25 04:16:48.746 - [INFO ] - external_sip_port->5080
2026-02-25 04:16:54.363 - [INFO ] - fs[0e756ddc-0f73-4f16-a9c5-093fe36345e1] CallThread start
2026-02-25 04:16:54.712 - [INFO ] - internal->61.158.166.44:5060
2026-02-25 04:16:54.714 - [INFO ] - ESL Client connected ..(61.158.166.44:8021[d2a56f8a-7a82-434a-b057-31e3f2411097])
2026-02-25 04:16:54.761 - [INFO ] - internal_sip_port->5060
2026-02-25 04:16:54.761 - [INFO ] - external_sip_port->5080
2026-02-25 04:17:00.387 - [INFO ] - fs[d2a56f8a-7a82-434a-b057-31e3f2411097] CallThread start
2026-02-25 04:17:00.739 - [INFO ] - internal->61.158.166.45:5060
2026-02-25 04:17:00.739 - [INFO ] - ESL Client connected ..(61.158.166.45:8021[cc402e27-1cc2-4b69-a9c1-e1f8263781e7])
2026-02-25 04:17:00.775 - [WARN ] - ChannelHangupComplete
java.lang.NullPointerException: null
	at cn.psycall.ccmgt.cti.ChannelHangupComplete.run(ChannelHangupComplete.java:60)
	at java.base/java.util.concurrent.ThreadPoolExecutor.runWorker(ThreadPoolExecutor.java:1128)
	at java.base/java.util.concurrent.ThreadPoolExecutor$Worker.run(ThreadPoolExecutor.java:628)
	at java.base/java.lang.Thread.run(Thread.java:829)
2026-02-25 04:17:00.789 - [INFO ] - internal_sip_port->5060
2026-02-25 04:17:00.789 - [INFO ] - external_sip_port->5080
2026-02-25 04:17:06.365 - [INFO ] - fs[cc402e27-1cc2-4b69-a9c1-e1f8263781e7] CallThread start
2026-02-25 04:17:06.884 - [INFO ] - internal->61.158.166.46:5060
2026-02-25 04:17:06.886 - [INFO ] - ESL Client connected ..(61.158.166.46:8021[cc5a3a03-075f-4a17-bacb-6fbd5c206c64])
2026-02-25 04:17:06.942 - [INFO ] - internal_sip_port->5060
2026-02-25 04:17:06.943 - [INFO ] - external_sip_port->5080
2026-02-25 04:17:12.516 - [INFO ] - fs[cc5a3a03-075f-4a17-bacb-6fbd5c206c64] CallThread start
2026-02-25 07:06:16.664 - [INFO ] - Error parsing HTTP request header
 Note: further occurrences of HTTP request parsing errors will be logged at DEBUG level.
java.lang.IllegalArgumentException: Invalid character found in method name [0x160x030x010x00{0x010x000x00w0x030x030xf80xba0x180xf9'0xf5A0xd00xcb0x010xffD0x97o0x8f0xcd}0x1c0xef0x88D0xea0xe10x1bSXZiT0xe20x86e0x000x000x1a0xc0/0xc0+0xc00x110xc00x070xc00x130xc00x090xc00x140xc00x0a0x000x050x00/0x0050xc00x120x000x0a0x010x000x0040x000x050x000x050x010x000x000x000x000x000x0a0x000x080x000x060x000x170x000x180x000x190x000x0b0x000x020x010x000x000x0d0x000x100x000x0e0x040x010x040x030x020x010x020x030x040x010x050x010x060x010xff0x010x000x01...]. HTTP method names must be tokens
	at org.apache.coyote.http11.Http11InputBuffer.parseRequestLine(Http11InputBuffer.java:417)
	at org.apache.coyote.http11.Http11Processor.service(Http11Processor.java:261)
	at org.apache.coyote.AbstractProcessorLight.process(AbstractProcessorLight.java:65)
	at org.apache.coyote.AbstractProtocol$ConnectionHandler.process(AbstractProtocol.java:888)
	at org.apache.tomcat.util.net.NioEndpoint$SocketProcessor.doRun(NioEndpoint.java:1597)
	at org.apache.tomcat.util.net.SocketProcessorBase.run(SocketProcessorBase.java:49)
	at java.base/java.util.concurrent.ThreadPoolExecutor.runWorker(ThreadPoolExecutor.java:1128)
	at java.base/java.util.concurrent.ThreadPoolExecutor$Worker.run(ThreadPoolExecutor.java:628)
	at org.apache.tomcat.util.threads.TaskThread$WrappingRunnable.run(TaskThread.java:61)
	at java.base/java.lang.Thread.run(Thread.java:829)
2026-02-25 07:07:41.461 - [INFO ] - Error parsing HTTP request header
 Note: further occurrences of HTTP request parsing errors will be logged at DEBUG level.
java.lang.IllegalArgumentException: Invalid character found in method name [0x160x030x010x00{0x010x000x00w0x030x030xaa0x9cs0xc70x180x93n0xb90x900xccX0x17D]0xdb0xcb0x1crU0x1b0x8f0xf7r0x02x0xe10xdfF0xd1S0xe30x9b0x000x000x1a0xc0/0xc0+0xc00x110xc00x070xc00x130xc00x090xc00x140xc00x0a0x000x050x00/0x0050xc00x120x000x0a0x010x000x0040x000x050x000x050x010x000x000x000x000x000x0a0x000x080x000x060x000x170x000x180x000x190x000x0b0x000x020x010x000x000x0d0x000x100x000x0e0x040x010x040x030x020x010x020x030x040x010x050x010x060x010xff0x010x000x01...]. HTTP method names must be tokens
	at org.apache.coyote.http11.Http11InputBuffer.parseRequestLine(Http11InputBuffer.java:417)
	at org.apache.coyote.http11.Http11Processor.service(Http11Processor.java:261)
	at org.apache.coyote.AbstractProcessorLight.process(AbstractProcessorLight.java:65)
	at org.apache.coyote.AbstractProtocol$ConnectionHandler.process(AbstractProtocol.java:888)
	at org.apache.tomcat.util.net.NioEndpoint$SocketProcessor.doRun(NioEndpoint.java:1597)
	at org.apache.tomcat.util.net.SocketProcessorBase.run(SocketProcessorBase.java:49)
	at java.base/java.util.concurrent.ThreadPoolExecutor.runWorker(ThreadPoolExecutor.java:1128)
	at java.base/java.util.concurrent.ThreadPoolExecutor$Worker.run(ThreadPoolExecutor.java:628)
	at org.apache.tomcat.util.threads.TaskThread$WrappingRunnable.run(TaskThread.java:61)
	at java.base/java.lang.Thread.run(Thread.java:829)
2026-02-25 08:50:11.365 - [WARN ] - ChannelPark
java.lang.NullPointerException: null
	at cn.psycall.ccmgt.cti.AssignedAgent.execute(AssignedAgent.java:34)
	at cn.psycall.ccmgt.cti.ChannelPark.run(ChannelPark.java:328)
	at java.base/java.util.concurrent.ThreadPoolExecutor.runWorker(ThreadPoolExecutor.java:1128)
	at java.base/java.util.concurrent.ThreadPoolExecutor$Worker.run(ThreadPoolExecutor.java:628)
	at java.base/java.lang.Thread.run(Thread.java:829)
2026-02-25 08:50:11.584 - [WARN ] - ChannelPark
java.lang.NullPointerException: null
	at cn.psycall.ccmgt.cti.AssignedAgent.execute(AssignedAgent.java:34)
	at cn.psycall.ccmgt.cti.ChannelPark.run(ChannelPark.java:328)
	at java.base/java.util.concurrent.ThreadPoolExecutor.runWorker(ThreadPoolExecutor.java:1128)
	at java.base/java.util.concurrent.ThreadPoolExecutor$Worker.run(ThreadPoolExecutor.java:628)
	at java.base/java.lang.Thread.run(Thread.java:829)
2026-02-25 09:10:24.500 - [WARN ] - ChannelPark
java.lang.NullPointerException: null
	at cn.psycall.ccmgt.cti.ChannelPark.run(ChannelPark.java:83)
	at java.base/java.util.concurrent.ThreadPoolExecutor.runWorker(ThreadPoolExecutor.java:1128)
	at java.base/java.util.concurrent.ThreadPoolExecutor$Worker.run(ThreadPoolExecutor.java:628)
	at java.base/java.lang.Thread.run(Thread.java:829)
2026-02-25 09:10:24.992 - [WARN ] - ChannelPark
java.lang.NullPointerException: null
2026-02-25 09:10:25.066 - [WARN ] - ChannelPark
java.lang.NullPointerException: null
2026-02-25 09:59:18.152 - [WARN ] - AgentQueue
java.lang.NullPointerException: null
2026-02-25 09:59:18.657 - [WARN ] - AgentQueue
java.lang.NullPointerException: null
2026-02-25 10:34:54.938 - [WARN ] - ChannelPark
java.lang.NullPointerException: null
2026-02-25 10:34:55.275 - [WARN ] - ChannelPark
java.lang.NullPointerException: null
2026-02-25 10:34:55.286 - [WARN ] - ChannelPark
java.lang.NullPointerException: null
2026-02-25 10:34:55.791 - [WARN ] - ChannelPark
java.lang.NullPointerException: null
2026-02-25 11:06:26.813 - [WARN ] - ChannelPark
java.lang.NullPointerException: null
2026-02-25 12:04:08.586 - [INFO ] - Error parsing HTTP request header
 Note: further occurrences of HTTP request parsing errors will be logged at DEBUG level.
java.lang.IllegalArgumentException: Invalid character found in method name [0x030x000x00/*0xe00x000x000x000x000x00Cookie:]. HTTP method names must be tokens
	at org.apache.coyote.http11.Http11InputBuffer.parseRequestLine(Http11InputBuffer.java:417)
	at org.apache.coyote.http11.Http11Processor.service(Http11Processor.java:261)
	at org.apache.coyote.AbstractProcessorLight.process(AbstractProcessorLight.java:65)
	at org.apache.coyote.AbstractProtocol$ConnectionHandler.process(AbstractProtocol.java:888)
	at org.apache.tomcat.util.net.NioEndpoint$SocketProcessor.doRun(NioEndpoint.java:1597)
	at org.apache.tomcat.util.net.SocketProcessorBase.run(SocketProcessorBase.java:49)
	at java.base/java.util.concurrent.ThreadPoolExecutor.runWorker(ThreadPoolExecutor.java:1128)
	at java.base/java.util.concurrent.ThreadPoolExecutor$Worker.run(ThreadPoolExecutor.java:628)
	at org.apache.tomcat.util.threads.TaskThread$WrappingRunnable.run(TaskThread.java:61)
	at java.base/java.lang.Thread.run(Thread.java:829)
2026-02-25 14:42:51.538 - [WARN ] - ChannelPark
java.lang.NullPointerException: null
2026-02-25 14:42:51.563 - [WARN ] - ChannelPark
java.lang.NullPointerException: null
2026-02-25 14:42:51.672 - [WARN ] - ChannelPark
java.lang.NullPointerException: null
2026-02-25 14:42:51.917 - [WARN ] - ChannelPark
java.lang.NullPointerException: null
2026-02-25 17:28:05.291 - [INFO ] - Error parsing HTTP request header
 Note: further occurrences of HTTP request parsing errors will be logged at DEBUG level.
java.lang.IllegalArgumentException: Invalid character found in method name [0x160x030x010x020x000x010x000x010xfc0x030x030xd620x10-H0xeeD0x82_*0x9axS0x140xf00xfb0xbf0xc90xa50x190x800xd0j0x08gU0x00Y20xe7w0x800x000x000xda0x000x050x000x040x000x020x000x010x000x160x0030x0090x00:0x000x180x0050x000x0a0x000x1b0x00/0x0040xc00x100xc00x060xc00x150xc00x0b0xc00x010x00;0xc000xc0,0xc0(0xc0$0xc00x140xc00x0a0x000xa50x000xa30x000xa10x000x9f0x00k0x00j0x00i0x00h0x0080x0070x0060x000x880x000x870x000x860x000x850xc00x190x000xa70x00m0x000x890xc020xc0.0xc0*0xc0&0xc00x0f0xc00x050x000x9d0x00=0x000x840xc0/0xc0+0xc0'0xc0#0xc00x130xc00x090x000xa40x000xa20x000xa00x000x9e0x00g0x00@0x00?0x00>0x0020x0010x0000x000x9a0x000x990x000x980x000x970x00E0x00D0x00C0x00B0xc00x180x000xa60x00l0x000x9b0x00F0xc010xc0-0xc0)0xc0%0xc00x0e0xc00x040x000x9c0x00<0x000x960x00A0xc00x120xc00x080x000x130x000x100x000x0d0xc00x170xc00x0d0xc00x030x000x070xc00x110xc00x070xc00x160xc00x0c0xc00x020x000xff0x010x000x000xf90x000x0b0x000x040x030x000x010x020x000x0a0x000x0a0x000x080x000x170x000x190x000x180x000x160x00#0x000x000x000x0d0x00]. HTTP method names must be tokens
	at org.apache.coyote.http11.Http11InputBuffer.parseRequestLine(Http11InputBuffer.java:417)
	at org.apache.coyote.http11.Http11Processor.service(Http11Processor.java:261)
	at org.apache.coyote.AbstractProcessorLight.process(AbstractProcessorLight.java:65)
	at org.apache.coyote.AbstractProtocol$ConnectionHandler.process(AbstractProtocol.java:888)
	at org.apache.tomcat.util.net.NioEndpoint$SocketProcessor.doRun(NioEndpoint.java:1597)
	at org.apache.tomcat.util.net.SocketProcessorBase.run(SocketProcessorBase.java:49)
	at java.base/java.util.concurrent.ThreadPoolExecutor.runWorker(ThreadPoolExecutor.java:1128)
	at java.base/java.util.concurrent.ThreadPoolExecutor$Worker.run(ThreadPoolExecutor.java:628)
	at org.apache.tomcat.util.threads.TaskThread$WrappingRunnable.run(TaskThread.java:61)
	at java.base/java.lang.Thread.run(Thread.java:829)
2026-02-25 18:09:56.501 - [WARN ] - AgentQueue
java.lang.NullPointerException: null
2026-02-25 18:09:57.009 - [WARN ] - AgentQueue
java.lang.NullPointerException: null
2026-02-25 19:31:19.598 - [INFO ] - internal_sip_port->5060
2026-02-25 19:31:19.600 - [INFO ] - external_sip_port->5080
2026-02-25 19:31:19.741 - [INFO ] - internal_sip_port->5060
2026-02-25 19:31:19.742 - [INFO ] - external_sip_port->5080
2026-02-25 19:31:19.872 - [INFO ] - internal_sip_port->5060
2026-02-25 19:31:19.872 - [INFO ] - external_sip_port->5080
2026-02-25 19:31:19.990 - [INFO ] - internal_sip_port->5060
2026-02-25 19:31:19.991 - [INFO ] - external_sip_port->5080
