2026-02-22 00:01:02.006 - [INFO ] - hikari-pool - Shutdown initiated...
2026-02-22 00:01:02.022 - [INFO ] - hikari-pool - Shutdown completed.
2026-02-22 00:03:17.497 - [INFO ] - Starting CcmgtApplication v1.0 using Java 11.0.29 on 142-0 with PID 4788 (/usr/local/cc/ccmgt-1.0.jar started by root in /usr/local/cc)
2026-02-22 00:03:17.543 - [INFO ] - No active profile set, falling back to default profiles: default
2026-02-22 00:03:26.915 - [INFO ] - Initializing ProtocolHandler ["http-nio-8020"]
2026-02-22 00:03:26.919 - [INFO ] - Starting service [Tomcat]
2026-02-22 00:03:26.920 - [INFO ] - Starting Servlet engine: [Apache Tomcat/9.0.41]
2026-02-22 00:03:27.289 - [INFO ] - Initializing Spring embedded WebApplicationContext
2026-02-22 00:03:34.552 - [INFO ] - Starting ProtocolHandler ["http-nio-8020"]
2026-02-22 00:03:34.805 - [INFO ] - Started CcmgtApplication in 22.498 seconds (JVM running for 27.333)
2026-02-22 00:03:34.888 - [INFO ] - ccmgt init
2026-02-22 00:03:35.398 - [INFO ] - hikari-pool - Starting...
2026-02-22 00:03:36.156 - [INFO ] - RabbitMQ connected!
2026-02-22 00:03:37.308 - [INFO ] - hikari-pool - Start completed.
2026-02-22 00:03:45.573 - [INFO ] - Initializing Spring DispatcherServlet 'dispatcherServlet'
2026-02-22 00:04:07.816 - [INFO ] - internal->61.158.166.43:5060
2026-02-22 00:04:07.819 - [INFO ] - ESL Client connected ..(61.158.166.43:8021[23dc2d50-ba17-4750-8ef8-8305fe8db683])
2026-02-22 00:04:07.894 - [INFO ] - internal_sip_port->5060
2026-02-22 00:04:07.895 - [INFO ] - external_sip_port->5080
2026-02-22 00:04:13.434 - [INFO ] - fs[23dc2d50-ba17-4750-8ef8-8305fe8db683] CallThread start
2026-02-22 00:04:13.786 - [INFO ] - internal->61.158.166.44:5060
2026-02-22 00:04:13.787 - [INFO ] - ESL Client connected ..(61.158.166.44:8021[83fd1317-9f8e-42b5-832b-13daf9fcc616])
2026-02-22 00:04:13.838 - [INFO ] - internal_sip_port->5060
2026-02-22 00:04:13.838 - [INFO ] - external_sip_port->5080
2026-02-22 00:04:19.378 - [INFO ] - fs[83fd1317-9f8e-42b5-832b-13daf9fcc616] CallThread start
2026-02-22 00:04:20.009 - [INFO ] - internal->61.158.166.45:5060
2026-02-22 00:04:20.010 - [INFO ] - ESL Client connected ..(61.158.166.45:8021[12555bd9-7acc-4603-b52c-2e211bfb5478])
2026-02-22 00:04:20.059 - [INFO ] - internal_sip_port->5060
2026-02-22 00:04:20.060 - [INFO ] - external_sip_port->5080
2026-02-22 00:04:25.599 - [INFO ] - fs[12555bd9-7acc-4603-b52c-2e211bfb5478] CallThread start
2026-02-22 00:04:25.961 - [INFO ] - internal->61.158.166.46:5060
2026-02-22 00:04:25.963 - [INFO ] - ESL Client connected ..(61.158.166.46:8021[b4edf6db-471e-42e6-9578-5f7b22a4da87])
2026-02-22 00:04:26.006 - [INFO ] - internal_sip_port->5060
2026-02-22 00:04:26.007 - [INFO ] - external_sip_port->5080
2026-02-22 00:04:31.527 - [INFO ] - fs[b4edf6db-471e-42e6-9578-5f7b22a4da87] CallThread start
2026-02-22 01:57:56.690 - [INFO ] - Error parsing HTTP request header
 Note: further occurrences of HTTP request parsing errors will be logged at DEBUG level.
java.lang.IllegalArgumentException: Invalid character found in method name [SSH-2.0-Go0x0d...]. HTTP method names must be tokens
	at org.apache.coyote.http11.Http11InputBuffer.parseRequestLine(Http11InputBuffer.java:417)
	at org.apache.coyote.http11.Http11Processor.service(Http11Processor.java:261)
	at org.apache.coyote.AbstractProcessorLight.process(AbstractProcessorLight.java:65)
	at org.apache.coyote.AbstractProtocol$ConnectionHandler.process(AbstractProtocol.java:888)
	at org.apache.tomcat.util.net.NioEndpoint$SocketProcessor.doRun(NioEndpoint.java:1597)
	at org.apache.tomcat.util.net.SocketProcessorBase.run(SocketProcessorBase.java:49)
	at java.base/java.util.concurrent.ThreadPoolExecutor.runWorker(ThreadPoolExecutor.java:1128)
	at java.base/java.util.concurrent.ThreadPoolExecutor$Worker.run(ThreadPoolExecutor.java:628)
	at org.apache.tomcat.util.threads.TaskThread$WrappingRunnable.run(TaskThread.java:61)
	at java.base/java.lang.Thread.run(Thread.java:829)
2026-02-22 02:00:00.035 - [INFO ] - Failed to access file: /usr/local/freeswitch/sounds - /usr/local/freeswitch/sounds
2026-02-22 02:00:00.290 - [INFO ] - earliest ->20251224
2026-02-22 02:00:00.290 - [INFO ] - drop table ->customer_cdr_20251224
2026-02-22 02:01:36.780 - [INFO ] - [delete from customer_cdr_20251225 where answered=1 and admin_id=6, delete from customer_cdr_20251226 where answered=1 and admin_id=6, delete from customer_cdr_20251227 where answered=1 and admin_id=6, delete from customer_cdr_20251228 where answered=1 and admin_id=6, delete from customer_cdr_20251229 where answered=1 and admin_id=6, delete from customer_cdr_20251230 where answered=1 and admin_id=6, delete from customer_cdr_20251231 where answered=1 and admin_id=6, delete from customer_cdr_20260101 where answered=1 and admin_id=6, delete from customer_cdr_20260102 where answered=1 and admin_id=6, delete from customer_cdr_20260103 where answered=1 and admin_id=6, delete from customer_cdr_20260104 where answered=1 and admin_id=6, delete from customer_cdr_20260105 where answered=1 and admin_id=6, delete from customer_cdr_20260106 where answered=1 and admin_id=6, delete from customer_cdr_20260107 where answered=1 and admin_id=6, delete from customer_cdr_20260108 where answered=1 and admin_id=6, delete from customer_cdr_20260109 where answered=1 and admin_id=6, delete from customer_cdr_20260110 where answered=1 and admin_id=6, delete from customer_cdr_20260111 where answered=1 and admin_id=6, delete from customer_cdr_20260112 where answered=1 and admin_id=6, delete from customer_cdr_20260113 where answered=1 and admin_id=6, delete from customer_cdr_20260114 where answered=1 and admin_id=6, delete from customer_cdr_20260115 where answered=1 and admin_id=6, delete from customer_cdr_20260116 where answered=1 and admin_id=6, delete from customer_cdr_20260117 where answered=1 and admin_id=6, delete from customer_cdr_20260118 where answered=1 and admin_id=6, delete from customer_cdr_20260119 where answered=1 and admin_id=6, delete from customer_cdr_20260120 where answered=1 and admin_id=6, delete from customer_cdr_20260121 where answered=1 and admin_id=6, delete from customer_cdr_20260122 where answered=1 and admin_id=6, delete from customer_cdr_20260123 where answered=1 and admin_id=6]
2026-02-22 02:01:36.781 - [INFO ] - start
2026-02-22 02:02:27.021 - [INFO ] - end
2026-02-22 02:02:27.024 - [INFO ] - [delete from customer_cdr_20251225 where answered=0 and admin_id=6, delete from customer_cdr_20251226 where answered=0 and admin_id=6, delete from customer_cdr_20251227 where answered=0 and admin_id=6, delete from customer_cdr_20251228 where answered=0 and admin_id=6, delete from customer_cdr_20251229 where answered=0 and admin_id=6, delete from customer_cdr_20251230 where answered=0 and admin_id=6, delete from customer_cdr_20251231 where answered=0 and admin_id=6, delete from customer_cdr_20260101 where answered=0 and admin_id=6, delete from customer_cdr_20260102 where answered=0 and admin_id=6, delete from customer_cdr_20260103 where answered=0 and admin_id=6, delete from customer_cdr_20260104 where answered=0 and admin_id=6, delete from customer_cdr_20260105 where answered=0 and admin_id=6, delete from customer_cdr_20260106 where answered=0 and admin_id=6, delete from customer_cdr_20260107 where answered=0 and admin_id=6, delete from customer_cdr_20260108 where answered=0 and admin_id=6, delete from customer_cdr_20260109 where answered=0 and admin_id=6, delete from customer_cdr_20260110 where answered=0 and admin_id=6, delete from customer_cdr_20260111 where answered=0 and admin_id=6, delete from customer_cdr_20260112 where answered=0 and admin_id=6, delete from customer_cdr_20260113 where answered=0 and admin_id=6, delete from customer_cdr_20260114 where answered=0 and admin_id=6, delete from customer_cdr_20260115 where answered=0 and admin_id=6, delete from customer_cdr_20260116 where answered=0 and admin_id=6, delete from customer_cdr_20260117 where answered=0 and admin_id=6, delete from customer_cdr_20260118 where answered=0 and admin_id=6, delete from customer_cdr_20260119 where answered=0 and admin_id=6, delete from customer_cdr_20260120 where answered=0 and admin_id=6, delete from customer_cdr_20260121 where answered=0 and admin_id=6, delete from customer_cdr_20260122 where answered=0 and admin_id=6, delete from customer_cdr_20260123 where answered=0 and admin_id=6]
2026-02-22 02:02:27.024 - [INFO ] - start
2026-02-22 02:08:04.212 - [INFO ] - end
2026-02-22 02:09:27.795 - [INFO ] - [delete from customer_cdr_20251225 where answered=1 and admin_id=7, delete from customer_cdr_20251226 where answered=1 and admin_id=7, delete from customer_cdr_20251227 where answered=1 and admin_id=7, delete from customer_cdr_20251228 where answered=1 and admin_id=7, delete from customer_cdr_20251229 where answered=1 and admin_id=7, delete from customer_cdr_20251230 where answered=1 and admin_id=7, delete from customer_cdr_20251231 where answered=1 and admin_id=7, delete from customer_cdr_20260101 where answered=1 and admin_id=7, delete from customer_cdr_20260102 where answered=1 and admin_id=7, delete from customer_cdr_20260103 where answered=1 and admin_id=7, delete from customer_cdr_20260104 where answered=1 and admin_id=7, delete from customer_cdr_20260105 where answered=1 and admin_id=7, delete from customer_cdr_20260106 where answered=1 and admin_id=7, delete from customer_cdr_20260107 where answered=1 and admin_id=7, delete from customer_cdr_20260108 where answered=1 and admin_id=7, delete from customer_cdr_20260109 where answered=1 and admin_id=7, delete from customer_cdr_20260110 where answered=1 and admin_id=7, delete from customer_cdr_20260111 where answered=1 and admin_id=7, delete from customer_cdr_20260112 where answered=1 and admin_id=7, delete from customer_cdr_20260113 where answered=1 and admin_id=7, delete from customer_cdr_20260114 where answered=1 and admin_id=7, delete from customer_cdr_20260115 where answered=1 and admin_id=7, delete from customer_cdr_20260116 where answered=1 and admin_id=7, delete from customer_cdr_20260117 where answered=1 and admin_id=7, delete from customer_cdr_20260118 where answered=1 and admin_id=7, delete from customer_cdr_20260119 where answered=1 and admin_id=7, delete from customer_cdr_20260120 where answered=1 and admin_id=7, delete from customer_cdr_20260121 where answered=1 and admin_id=7, delete from customer_cdr_20260122 where answered=1 and admin_id=7, delete from customer_cdr_20260123 where answered=1 and admin_id=7]
2026-02-22 02:09:27.797 - [INFO ] - start
2026-02-22 02:09:44.976 - [INFO ] - end
2026-02-22 02:09:44.979 - [INFO ] - [delete from customer_cdr_20251225 where answered=0 and admin_id=7, delete from customer_cdr_20251226 where answered=0 and admin_id=7, delete from customer_cdr_20251227 where answered=0 and admin_id=7, delete from customer_cdr_20251228 where answered=0 and admin_id=7, delete from customer_cdr_20251229 where answered=0 and admin_id=7, delete from customer_cdr_20251230 where answered=0 and admin_id=7, delete from customer_cdr_20251231 where answered=0 and admin_id=7, delete from customer_cdr_20260101 where answered=0 and admin_id=7, delete from customer_cdr_20260102 where answered=0 and admin_id=7, delete from customer_cdr_20260103 where answered=0 and admin_id=7, delete from customer_cdr_20260104 where answered=0 and admin_id=7, delete from customer_cdr_20260105 where answered=0 and admin_id=7, delete from customer_cdr_20260106 where answered=0 and admin_id=7, delete from customer_cdr_20260107 where answered=0 and admin_id=7, delete from customer_cdr_20260108 where answered=0 and admin_id=7, delete from customer_cdr_20260109 where answered=0 and admin_id=7, delete from customer_cdr_20260110 where answered=0 and admin_id=7, delete from customer_cdr_20260111 where answered=0 and admin_id=7, delete from customer_cdr_20260112 where answered=0 and admin_id=7, delete from customer_cdr_20260113 where answered=0 and admin_id=7, delete from customer_cdr_20260114 where answered=0 and admin_id=7, delete from customer_cdr_20260115 where answered=0 and admin_id=7, delete from customer_cdr_20260116 where answered=0 and admin_id=7, delete from customer_cdr_20260117 where answered=0 and admin_id=7, delete from customer_cdr_20260118 where answered=0 and admin_id=7, delete from customer_cdr_20260119 where answered=0 and admin_id=7, delete from customer_cdr_20260120 where answered=0 and admin_id=7, delete from customer_cdr_20260121 where answered=0 and admin_id=7, delete from customer_cdr_20260122 where answered=0 and admin_id=7, delete from customer_cdr_20260123 where answered=0 and admin_id=7]
2026-02-22 02:09:44.980 - [INFO ] - start
2026-02-22 02:14:07.669 - [INFO ] - end
2026-02-22 03:04:42.644 - [INFO ] - ESL Client Disconnect ..(61.158.166.43:8021)
2026-02-22 03:04:43.961 - [WARN ] - esl
org.freeswitch.esl.client.inbound.InboundConnectionException: Could not connect to /61.158.166.43:8021
	at org.freeswitch.esl.client.inbound.Client.connect(Client.java:134)
	at cn.psycall.ccmgt.util.FreeSwitchManage.monitor(FreeSwitchManage.java:86)
	at cn.psycall.ccmgt.util.FreeSwitchManage.run(FreeSwitchManage.java:42)
Caused by: io.netty.channel.AbstractChannel$AnnotatedConnectException: Connection refused: /61.158.166.43:8021
Caused by: java.net.ConnectException: Connection refused
	at java.base/sun.nio.ch.SocketChannelImpl.checkConnect(Native Method)
	at java.base/sun.nio.ch.SocketChannelImpl.finishConnect(SocketChannelImpl.java:777)
	at io.netty.channel.socket.nio.NioSocketChannel.doFinishConnect(NioSocketChannel.java:330)
	at io.netty.channel.nio.AbstractNioChannel$AbstractNioUnsafe.finishConnect(AbstractNioChannel.java:334)
	at io.netty.channel.nio.NioEventLoop.processSelectedKey(NioEventLoop.java:707)
	at io.netty.channel.nio.NioEventLoop.processSelectedKeysOptimized(NioEventLoop.java:655)
	at io.netty.channel.nio.NioEventLoop.processSelectedKeys(NioEventLoop.java:581)
	at io.netty.channel.nio.NioEventLoop.run(NioEventLoop.java:493)
	at io.netty.util.concurrent.SingleThreadEventExecutor$4.run(SingleThreadEventExecutor.java:989)
	at io.netty.util.internal.ThreadExecutorMap$2.run(ThreadExecutorMap.java:74)
	at io.netty.util.concurrent.FastThreadLocalRunnable.run(FastThreadLocalRunnable.java:30)
	at java.base/java.lang.Thread.run(Thread.java:829)
2026-02-22 03:04:51.522 - [WARN ] - esl
org.freeswitch.esl.client.inbound.InboundConnectionException: Could not connect to /61.158.166.43:8021
	at org.freeswitch.esl.client.inbound.Client.connect(Client.java:134)
	at cn.psycall.ccmgt.util.FreeSwitchManage.monitor(FreeSwitchManage.java:86)
	at cn.psycall.ccmgt.util.FreeSwitchManage.run(FreeSwitchManage.java:42)
Caused by: io.netty.channel.AbstractChannel$AnnotatedConnectException: Connection refused: /61.158.166.43:8021
Caused by: java.net.ConnectException: Connection refused
	at java.base/sun.nio.ch.SocketChannelImpl.checkConnect(Native Method)
	at java.base/sun.nio.ch.SocketChannelImpl.finishConnect(SocketChannelImpl.java:777)
	at io.netty.channel.socket.nio.NioSocketChannel.doFinishConnect(NioSocketChannel.java:330)
	at io.netty.channel.nio.AbstractNioChannel$AbstractNioUnsafe.finishConnect(AbstractNioChannel.java:334)
	at io.netty.channel.nio.NioEventLoop.processSelectedKey(NioEventLoop.java:707)
	at io.netty.channel.nio.NioEventLoop.processSelectedKeysOptimized(NioEventLoop.java:655)
	at io.netty.channel.nio.NioEventLoop.processSelectedKeys(NioEventLoop.java:581)
	at io.netty.channel.nio.NioEventLoop.run(NioEventLoop.java:493)
	at io.netty.util.concurrent.SingleThreadEventExecutor$4.run(SingleThreadEventExecutor.java:989)
	at io.netty.util.internal.ThreadExecutorMap$2.run(ThreadExecutorMap.java:74)
	at io.netty.util.concurrent.FastThreadLocalRunnable.run(FastThreadLocalRunnable.java:30)
	at java.base/java.lang.Thread.run(Thread.java:829)
2026-02-22 03:04:52.846 - [WARN ] - esl
org.freeswitch.esl.client.inbound.InboundConnectionException: Could not connect to /61.158.166.43:8021
	at org.freeswitch.esl.client.inbound.Client.connect(Client.java:134)
	at cn.psycall.ccmgt.util.FreeSwitchManage.monitor(FreeSwitchManage.java:86)
	at cn.psycall.ccmgt.util.FreeSwitchManage.run(FreeSwitchManage.java:42)
Caused by: io.netty.channel.AbstractChannel$AnnotatedConnectException: Connection refused: /61.158.166.43:8021
Caused by: java.net.ConnectException: Connection refused
	at java.base/sun.nio.ch.SocketChannelImpl.checkConnect(Native Method)
	at java.base/sun.nio.ch.SocketChannelImpl.finishConnect(SocketChannelImpl.java:777)
	at io.netty.channel.socket.nio.NioSocketChannel.doFinishConnect(NioSocketChannel.java:330)
	at io.netty.channel.nio.AbstractNioChannel$AbstractNioUnsafe.finishConnect(AbstractNioChannel.java:334)
	at io.netty.channel.nio.NioEventLoop.processSelectedKey(NioEventLoop.java:707)
	at io.netty.channel.nio.NioEventLoop.processSelectedKeysOptimized(NioEventLoop.java:655)
	at io.netty.channel.nio.NioEventLoop.processSelectedKeys(NioEventLoop.java:581)
	at io.netty.channel.nio.NioEventLoop.run(NioEventLoop.java:493)
	at io.netty.util.concurrent.SingleThreadEventExecutor$4.run(SingleThreadEventExecutor.java:989)
	at io.netty.util.internal.ThreadExecutorMap$2.run(ThreadExecutorMap.java:74)
	at io.netty.util.concurrent.FastThreadLocalRunnable.run(FastThreadLocalRunnable.java:30)
	at java.base/java.lang.Thread.run(Thread.java:829)
2026-02-22 03:04:53.974 - [WARN ] - esl
org.freeswitch.esl.client.inbound.InboundConnectionException: Could not connect to /61.158.166.43:8021
	at org.freeswitch.esl.client.inbound.Client.connect(Client.java:134)
	at cn.psycall.ccmgt.util.FreeSwitchManage.monitor(FreeSwitchManage.java:86)
	at cn.psycall.ccmgt.util.FreeSwitchManage.run(FreeSwitchManage.java:42)
Caused by: io.netty.channel.AbstractChannel$AnnotatedConnectException: Connection refused: /61.158.166.43:8021
Caused by: java.net.ConnectException: Connection refused
	at java.base/sun.nio.ch.SocketChannelImpl.checkConnect(Native Method)
	at java.base/sun.nio.ch.SocketChannelImpl.finishConnect(SocketChannelImpl.java:777)
	at io.netty.channel.socket.nio.NioSocketChannel.doFinishConnect(NioSocketChannel.java:330)
	at io.netty.channel.nio.AbstractNioChannel$AbstractNioUnsafe.finishConnect(AbstractNioChannel.java:334)
	at io.netty.channel.nio.NioEventLoop.processSelectedKey(NioEventLoop.java:707)
	at io.netty.channel.nio.NioEventLoop.processSelectedKeysOptimized(NioEventLoop.java:655)
	at io.netty.channel.nio.NioEventLoop.processSelectedKeys(NioEventLoop.java:581)
	at io.netty.channel.nio.NioEventLoop.run(NioEventLoop.java:493)
	at io.netty.util.concurrent.SingleThreadEventExecutor$4.run(SingleThreadEventExecutor.java:989)
	at io.netty.util.internal.ThreadExecutorMap$2.run(ThreadExecutorMap.java:74)
	at io.netty.util.concurrent.FastThreadLocalRunnable.run(FastThreadLocalRunnable.java:30)
	at java.base/java.lang.Thread.run(Thread.java:829)
2026-02-22 03:04:55.095 - [WARN ] - esl
org.freeswitch.esl.client.inbound.InboundConnectionException: Could not connect to /61.158.166.43:8021
	at org.freeswitch.esl.client.inbound.Client.connect(Client.java:134)
	at cn.psycall.ccmgt.util.FreeSwitchManage.monitor(FreeSwitchManage.java:86)
	at cn.psycall.ccmgt.util.FreeSwitchManage.run(FreeSwitchManage.java:42)
Caused by: io.netty.channel.AbstractChannel$AnnotatedConnectException: Connection refused: /61.158.166.43:8021
Caused by: java.net.ConnectException: Connection refused
	at java.base/sun.nio.ch.SocketChannelImpl.checkConnect(Native Method)
	at java.base/sun.nio.ch.SocketChannelImpl.finishConnect(SocketChannelImpl.java:777)
	at io.netty.channel.socket.nio.NioSocketChannel.doFinishConnect(NioSocketChannel.java:330)
	at io.netty.channel.nio.AbstractNioChannel$AbstractNioUnsafe.finishConnect(AbstractNioChannel.java:334)
	at io.netty.channel.nio.NioEventLoop.processSelectedKey(NioEventLoop.java:707)
	at io.netty.channel.nio.NioEventLoop.processSelectedKeysOptimized(NioEventLoop.java:655)
	at io.netty.channel.nio.NioEventLoop.processSelectedKeys(NioEventLoop.java:581)
	at io.netty.channel.nio.NioEventLoop.run(NioEventLoop.java:493)
	at io.netty.util.concurrent.SingleThreadEventExecutor$4.run(SingleThreadEventExecutor.java:989)
	at io.netty.util.internal.ThreadExecutorMap$2.run(ThreadExecutorMap.java:74)
	at io.netty.util.concurrent.FastThreadLocalRunnable.run(FastThreadLocalRunnable.java:30)
	at java.base/java.lang.Thread.run(Thread.java:829)
2026-02-22 03:04:56.213 - [WARN ] - esl
org.freeswitch.esl.client.inbound.InboundConnectionException: Could not connect to /61.158.166.43:8021
	at org.freeswitch.esl.client.inbound.Client.connect(Client.java:134)
	at cn.psycall.ccmgt.util.FreeSwitchManage.monitor(FreeSwitchManage.java:86)
	at cn.psycall.ccmgt.util.FreeSwitchManage.run(FreeSwitchManage.java:42)
Caused by: io.netty.channel.AbstractChannel$AnnotatedConnectException: Connection refused: /61.158.166.43:8021
Caused by: java.net.ConnectException: Connection refused
	at java.base/sun.nio.ch.SocketChannelImpl.checkConnect(Native Method)
	at java.base/sun.nio.ch.SocketChannelImpl.finishConnect(SocketChannelImpl.java:777)
	at io.netty.channel.socket.nio.NioSocketChannel.doFinishConnect(NioSocketChannel.java:330)
	at io.netty.channel.nio.AbstractNioChannel$AbstractNioUnsafe.finishConnect(AbstractNioChannel.java:334)
	at io.netty.channel.nio.NioEventLoop.processSelectedKey(NioEventLoop.java:707)
	at io.netty.channel.nio.NioEventLoop.processSelectedKeysOptimized(NioEventLoop.java:655)
	at io.netty.channel.nio.NioEventLoop.processSelectedKeys(NioEventLoop.java:581)
	at io.netty.channel.nio.NioEventLoop.run(NioEventLoop.java:493)
	at io.netty.util.concurrent.SingleThreadEventExecutor$4.run(SingleThreadEventExecutor.java:989)
	at io.netty.util.internal.ThreadExecutorMap$2.run(ThreadExecutorMap.java:74)
	at io.netty.util.concurrent.FastThreadLocalRunnable.run(FastThreadLocalRunnable.java:30)
	at java.base/java.lang.Thread.run(Thread.java:829)
2026-02-22 03:04:57.324 - [WARN ] - esl
org.freeswitch.esl.client.inbound.InboundConnectionException: Could not connect to /61.158.166.43:8021
	at org.freeswitch.esl.client.inbound.Client.connect(Client.java:134)
	at cn.psycall.ccmgt.util.FreeSwitchManage.monitor(FreeSwitchManage.java:86)
	at cn.psycall.ccmgt.util.FreeSwitchManage.run(FreeSwitchManage.java:42)
Caused by: io.netty.channel.AbstractChannel$AnnotatedConnectException: Connection refused: /61.158.166.43:8021
Caused by: java.net.ConnectException: Connection refused
	at java.base/sun.nio.ch.SocketChannelImpl.checkConnect(Native Method)
	at java.base/sun.nio.ch.SocketChannelImpl.finishConnect(SocketChannelImpl.java:777)
	at io.netty.channel.socket.nio.NioSocketChannel.doFinishConnect(NioSocketChannel.java:330)
	at io.netty.channel.nio.AbstractNioChannel$AbstractNioUnsafe.finishConnect(AbstractNioChannel.java:334)
	at io.netty.channel.nio.NioEventLoop.processSelectedKey(NioEventLoop.java:707)
	at io.netty.channel.nio.NioEventLoop.processSelectedKeysOptimized(NioEventLoop.java:655)
	at io.netty.channel.nio.NioEventLoop.processSelectedKeys(NioEventLoop.java:581)
	at io.netty.channel.nio.NioEventLoop.run(NioEventLoop.java:493)
	at io.netty.util.concurrent.SingleThreadEventExecutor$4.run(SingleThreadEventExecutor.java:989)
	at io.netty.util.internal.ThreadExecutorMap$2.run(ThreadExecutorMap.java:74)
	at io.netty.util.concurrent.FastThreadLocalRunnable.run(FastThreadLocalRunnable.java:30)
	at java.base/java.lang.Thread.run(Thread.java:829)
2026-02-22 03:04:58.430 - [WARN ] - esl
org.freeswitch.esl.client.inbound.InboundConnectionException: Could not connect to /61.158.166.43:8021
	at org.freeswitch.esl.client.inbound.Client.connect(Client.java:134)
	at cn.psycall.ccmgt.util.FreeSwitchManage.monitor(FreeSwitchManage.java:86)
	at cn.psycall.ccmgt.util.FreeSwitchManage.run(FreeSwitchManage.java:42)
Caused by: io.netty.channel.AbstractChannel$AnnotatedConnectException: Connection refused: /61.158.166.43:8021
Caused by: java.net.ConnectException: Connection refused
	at java.base/sun.nio.ch.SocketChannelImpl.checkConnect(Native Method)
	at java.base/sun.nio.ch.SocketChannelImpl.finishConnect(SocketChannelImpl.java:777)
	at io.netty.channel.socket.nio.NioSocketChannel.doFinishConnect(NioSocketChannel.java:330)
	at io.netty.channel.nio.AbstractNioChannel$AbstractNioUnsafe.finishConnect(AbstractNioChannel.java:334)
	at io.netty.channel.nio.NioEventLoop.processSelectedKey(NioEventLoop.java:707)
	at io.netty.channel.nio.NioEventLoop.processSelectedKeysOptimized(NioEventLoop.java:655)
	at io.netty.channel.nio.NioEventLoop.processSelectedKeys(NioEventLoop.java:581)
	at io.netty.channel.nio.NioEventLoop.run(NioEventLoop.java:493)
	at io.netty.util.concurrent.SingleThreadEventExecutor$4.run(SingleThreadEventExecutor.java:989)
	at io.netty.util.internal.ThreadExecutorMap$2.run(ThreadExecutorMap.java:74)
	at io.netty.util.concurrent.FastThreadLocalRunnable.run(FastThreadLocalRunnable.java:30)
	at java.base/java.lang.Thread.run(Thread.java:829)
2026-02-22 03:04:59.537 - [WARN ] - esl
org.freeswitch.esl.client.inbound.InboundConnectionException: Could not connect to /61.158.166.43:8021
	at org.freeswitch.esl.client.inbound.Client.connect(Client.java:134)
	at cn.psycall.ccmgt.util.FreeSwitchManage.monitor(FreeSwitchManage.java:86)
	at cn.psycall.ccmgt.util.FreeSwitchManage.run(FreeSwitchManage.java:42)
Caused by: io.netty.channel.AbstractChannel$AnnotatedConnectException: Connection refused: /61.158.166.43:8021
Caused by: java.net.ConnectException: Connection refused
	at java.base/sun.nio.ch.SocketChannelImpl.checkConnect(Native Method)
	at java.base/sun.nio.ch.SocketChannelImpl.finishConnect(SocketChannelImpl.java:777)
	at io.netty.channel.socket.nio.NioSocketChannel.doFinishConnect(NioSocketChannel.java:330)
	at io.netty.channel.nio.AbstractNioChannel$AbstractNioUnsafe.finishConnect(AbstractNioChannel.java:334)
	at io.netty.channel.nio.NioEventLoop.processSelectedKey(NioEventLoop.java:707)
	at io.netty.channel.nio.NioEventLoop.processSelectedKeysOptimized(NioEventLoop.java:655)
	at io.netty.channel.nio.NioEventLoop.processSelectedKeys(NioEventLoop.java:581)
	at io.netty.channel.nio.NioEventLoop.run(NioEventLoop.java:493)
	at io.netty.util.concurrent.SingleThreadEventExecutor$4.run(SingleThreadEventExecutor.java:989)
	at io.netty.util.internal.ThreadExecutorMap$2.run(ThreadExecutorMap.java:74)
	at io.netty.util.concurrent.FastThreadLocalRunnable.run(FastThreadLocalRunnable.java:30)
	at java.base/java.lang.Thread.run(Thread.java:829)
2026-02-22 03:05:00.642 - [WARN ] - esl
org.freeswitch.esl.client.inbound.InboundConnectionException: Could not connect to /61.158.166.43:8021
	at org.freeswitch.esl.client.inbound.Client.connect(Client.java:134)
	at cn.psycall.ccmgt.util.FreeSwitchManage.monitor(FreeSwitchManage.java:86)
	at cn.psycall.ccmgt.util.FreeSwitchManage.run(FreeSwitchManage.java:42)
Caused by: io.netty.channel.AbstractChannel$AnnotatedConnectException: Connection refused: /61.158.166.43:8021
Caused by: java.net.ConnectException: Connection refused
	at java.base/sun.nio.ch.SocketChannelImpl.checkConnect(Native Method)
	at java.base/sun.nio.ch.SocketChannelImpl.finishConnect(SocketChannelImpl.java:777)
	at io.netty.channel.socket.nio.NioSocketChannel.doFinishConnect(NioSocketChannel.java:330)
	at io.netty.channel.nio.AbstractNioChannel$AbstractNioUnsafe.finishConnect(AbstractNioChannel.java:334)
	at io.netty.channel.nio.NioEventLoop.processSelectedKey(NioEventLoop.java:707)
	at io.netty.channel.nio.NioEventLoop.processSelectedKeysOptimized(NioEventLoop.java:655)
	at io.netty.channel.nio.NioEventLoop.processSelectedKeys(NioEventLoop.java:581)
	at io.netty.channel.nio.NioEventLoop.run(NioEventLoop.java:493)
	at io.netty.util.concurrent.SingleThreadEventExecutor$4.run(SingleThreadEventExecutor.java:989)
	at io.netty.util.internal.ThreadExecutorMap$2.run(ThreadExecutorMap.java:74)
	at io.netty.util.concurrent.FastThreadLocalRunnable.run(FastThreadLocalRunnable.java:30)
	at java.base/java.lang.Thread.run(Thread.java:829)
2026-02-22 03:05:01.745 - [WARN ] - esl
org.freeswitch.esl.client.inbound.InboundConnectionException: Could not connect to /61.158.166.43:8021
	at org.freeswitch.esl.client.inbound.Client.connect(Client.java:134)
	at cn.psycall.ccmgt.util.FreeSwitchManage.monitor(FreeSwitchManage.java:86)
	at cn.psycall.ccmgt.util.FreeSwitchManage.run(FreeSwitchManage.java:42)
Caused by: io.netty.channel.AbstractChannel$AnnotatedConnectException: Connection refused: /61.158.166.43:8021
Caused by: java.net.ConnectException: Connection refused
	at java.base/sun.nio.ch.SocketChannelImpl.checkConnect(Native Method)
	at java.base/sun.nio.ch.SocketChannelImpl.finishConnect(SocketChannelImpl.java:777)
	at io.netty.channel.socket.nio.NioSocketChannel.doFinishConnect(NioSocketChannel.java:330)
	at io.netty.channel.nio.AbstractNioChannel$AbstractNioUnsafe.finishConnect(AbstractNioChannel.java:334)
	at io.netty.channel.nio.NioEventLoop.processSelectedKey(NioEventLoop.java:707)
	at io.netty.channel.nio.NioEventLoop.processSelectedKeysOptimized(NioEventLoop.java:655)
	at io.netty.channel.nio.NioEventLoop.processSelectedKeys(NioEventLoop.java:581)
	at io.netty.channel.nio.NioEventLoop.run(NioEventLoop.java:493)
	at io.netty.util.concurrent.SingleThreadEventExecutor$4.run(SingleThreadEventExecutor.java:989)
	at io.netty.util.internal.ThreadExecutorMap$2.run(ThreadExecutorMap.java:74)
	at io.netty.util.concurrent.FastThreadLocalRunnable.run(FastThreadLocalRunnable.java:30)
	at java.base/java.lang.Thread.run(Thread.java:829)
2026-02-22 03:05:02.855 - [WARN ] - esl
org.freeswitch.esl.client.inbound.InboundConnectionException: Could not connect to /61.158.166.43:8021
	at org.freeswitch.esl.client.inbound.Client.connect(Client.java:134)
	at cn.psycall.ccmgt.util.FreeSwitchManage.monitor(FreeSwitchManage.java:86)
	at cn.psycall.ccmgt.util.FreeSwitchManage.run(FreeSwitchManage.java:42)
Caused by: io.netty.channel.AbstractChannel$AnnotatedConnectException: Connection refused: /61.158.166.43:8021
Caused by: java.net.ConnectException: Connection refused
	at java.base/sun.nio.ch.SocketChannelImpl.checkConnect(Native Method)
	at java.base/sun.nio.ch.SocketChannelImpl.finishConnect(SocketChannelImpl.java:777)
	at io.netty.channel.socket.nio.NioSocketChannel.doFinishConnect(NioSocketChannel.java:330)
	at io.netty.channel.nio.AbstractNioChannel$AbstractNioUnsafe.finishConnect(AbstractNioChannel.java:334)
	at io.netty.channel.nio.NioEventLoop.processSelectedKey(NioEventLoop.java:707)
	at io.netty.channel.nio.NioEventLoop.processSelectedKeysOptimized(NioEventLoop.java:655)
	at io.netty.channel.nio.NioEventLoop.processSelectedKeys(NioEventLoop.java:581)
	at io.netty.channel.nio.NioEventLoop.run(NioEventLoop.java:493)
	at io.netty.util.concurrent.SingleThreadEventExecutor$4.run(SingleThreadEventExecutor.java:989)
	at io.netty.util.internal.ThreadExecutorMap$2.run(ThreadExecutorMap.java:74)
	at io.netty.util.concurrent.FastThreadLocalRunnable.run(FastThreadLocalRunnable.java:30)
	at java.base/java.lang.Thread.run(Thread.java:829)
2026-02-22 03:05:03.961 - [WARN ] - esl
org.freeswitch.esl.client.inbound.InboundConnectionException: Could not connect to /61.158.166.43:8021
	at org.freeswitch.esl.client.inbound.Client.connect(Client.java:134)
	at cn.psycall.ccmgt.util.FreeSwitchManage.monitor(FreeSwitchManage.java:86)
	at cn.psycall.ccmgt.util.FreeSwitchManage.run(FreeSwitchManage.java:42)
Caused by: io.netty.channel.AbstractChannel$AnnotatedConnectException: Connection refused: /61.158.166.43:8021
Caused by: java.net.ConnectException: Connection refused
	at java.base/sun.nio.ch.SocketChannelImpl.checkConnect(Native Method)
	at java.base/sun.nio.ch.SocketChannelImpl.finishConnect(SocketChannelImpl.java:777)
	at io.netty.channel.socket.nio.NioSocketChannel.doFinishConnect(NioSocketChannel.java:330)
	at io.netty.channel.nio.AbstractNioChannel$AbstractNioUnsafe.finishConnect(AbstractNioChannel.java:334)
	at io.netty.channel.nio.NioEventLoop.processSelectedKey(NioEventLoop.java:707)
	at io.netty.channel.nio.NioEventLoop.processSelectedKeysOptimized(NioEventLoop.java:655)
	at io.netty.channel.nio.NioEventLoop.processSelectedKeys(NioEventLoop.java:581)
	at io.netty.channel.nio.NioEventLoop.run(NioEventLoop.java:493)
	at io.netty.util.concurrent.SingleThreadEventExecutor$4.run(SingleThreadEventExecutor.java:989)
	at io.netty.util.internal.ThreadExecutorMap$2.run(ThreadExecutorMap.java:74)
	at io.netty.util.concurrent.FastThreadLocalRunnable.run(FastThreadLocalRunnable.java:30)
	at java.base/java.lang.Thread.run(Thread.java:829)
2026-02-22 03:05:05.063 - [WARN ] - esl
org.freeswitch.esl.client.inbound.InboundConnectionException: Could not connect to /61.158.166.43:8021
	at org.freeswitch.esl.client.inbound.Client.connect(Client.java:134)
	at cn.psycall.ccmgt.util.FreeSwitchManage.monitor(FreeSwitchManage.java:86)
	at cn.psycall.ccmgt.util.FreeSwitchManage.run(FreeSwitchManage.java:42)
Caused by: io.netty.channel.AbstractChannel$AnnotatedConnectException: Connection refused: /61.158.166.43:8021
Caused by: java.net.ConnectException: Connection refused
	at java.base/sun.nio.ch.SocketChannelImpl.checkConnect(Native Method)
	at java.base/sun.nio.ch.SocketChannelImpl.finishConnect(SocketChannelImpl.java:777)
	at io.netty.channel.socket.nio.NioSocketChannel.doFinishConnect(NioSocketChannel.java:330)
	at io.netty.channel.nio.AbstractNioChannel$AbstractNioUnsafe.finishConnect(AbstractNioChannel.java:334)
	at io.netty.channel.nio.NioEventLoop.processSelectedKey(NioEventLoop.java:707)
	at io.netty.channel.nio.NioEventLoop.processSelectedKeysOptimized(NioEventLoop.java:655)
	at io.netty.channel.nio.NioEventLoop.processSelectedKeys(NioEventLoop.java:581)
	at io.netty.channel.nio.NioEventLoop.run(NioEventLoop.java:493)
	at io.netty.util.concurrent.SingleThreadEventExecutor$4.run(SingleThreadEventExecutor.java:989)
	at io.netty.util.internal.ThreadExecutorMap$2.run(ThreadExecutorMap.java:74)
	at io.netty.util.concurrent.FastThreadLocalRunnable.run(FastThreadLocalRunnable.java:30)
	at java.base/java.lang.Thread.run(Thread.java:829)
2026-02-22 03:05:06.166 - [WARN ] - esl
org.freeswitch.esl.client.inbound.InboundConnectionException: Could not connect to /61.158.166.43:8021
	at org.freeswitch.esl.client.inbound.Client.connect(Client.java:134)
	at cn.psycall.ccmgt.util.FreeSwitchManage.monitor(FreeSwitchManage.java:86)
	at cn.psycall.ccmgt.util.FreeSwitchManage.run(FreeSwitchManage.java:42)
Caused by: io.netty.channel.AbstractChannel$AnnotatedConnectException: Connection refused: /61.158.166.43:8021
Caused by: java.net.ConnectException: Connection refused
	at java.base/sun.nio.ch.SocketChannelImpl.checkConnect(Native Method)
	at java.base/sun.nio.ch.SocketChannelImpl.finishConnect(SocketChannelImpl.java:777)
	at io.netty.channel.socket.nio.NioSocketChannel.doFinishConnect(NioSocketChannel.java:330)
	at io.netty.channel.nio.AbstractNioChannel$AbstractNioUnsafe.finishConnect(AbstractNioChannel.java:334)
	at io.netty.channel.nio.NioEventLoop.processSelectedKey(NioEventLoop.java:707)
	at io.netty.channel.nio.NioEventLoop.processSelectedKeysOptimized(NioEventLoop.java:655)
	at io.netty.channel.nio.NioEventLoop.processSelectedKeys(NioEventLoop.java:581)
	at io.netty.channel.nio.NioEventLoop.run(NioEventLoop.java:493)
	at io.netty.util.concurrent.SingleThreadEventExecutor$4.run(SingleThreadEventExecutor.java:989)
	at io.netty.util.internal.ThreadExecutorMap$2.run(ThreadExecutorMap.java:74)
	at io.netty.util.concurrent.FastThreadLocalRunnable.run(FastThreadLocalRunnable.java:30)
	at java.base/java.lang.Thread.run(Thread.java:829)
2026-02-22 03:05:07.291 - [WARN ] - esl
org.freeswitch.esl.client.inbound.InboundConnectionException: Could not connect to /61.158.166.43:8021
	at org.freeswitch.esl.client.inbound.Client.connect(Client.java:134)
	at cn.psycall.ccmgt.util.FreeSwitchManage.monitor(FreeSwitchManage.java:86)
	at cn.psycall.ccmgt.util.FreeSwitchManage.run(FreeSwitchManage.java:42)
Caused by: io.netty.channel.AbstractChannel$AnnotatedConnectException: Connection refused: /61.158.166.43:8021
Caused by: java.net.ConnectException: Connection refused
	at java.base/sun.nio.ch.SocketChannelImpl.checkConnect(Native Method)
	at java.base/sun.nio.ch.SocketChannelImpl.finishConnect(SocketChannelImpl.java:777)
	at io.netty.channel.socket.nio.NioSocketChannel.doFinishConnect(NioSocketChannel.java:330)
	at io.netty.channel.nio.AbstractNioChannel$AbstractNioUnsafe.finishConnect(AbstractNioChannel.java:334)
	at io.netty.channel.nio.NioEventLoop.processSelectedKey(NioEventLoop.java:707)
	at io.netty.channel.nio.NioEventLoop.processSelectedKeysOptimized(NioEventLoop.java:655)
	at io.netty.channel.nio.NioEventLoop.processSelectedKeys(NioEventLoop.java:581)
	at io.netty.channel.nio.NioEventLoop.run(NioEventLoop.java:493)
	at io.netty.util.concurrent.SingleThreadEventExecutor$4.run(SingleThreadEventExecutor.java:989)
	at io.netty.util.internal.ThreadExecutorMap$2.run(ThreadExecutorMap.java:74)
	at io.netty.util.concurrent.FastThreadLocalRunnable.run(FastThreadLocalRunnable.java:30)
	at java.base/java.lang.Thread.run(Thread.java:829)
2026-02-22 03:05:08.385 - [WARN ] - esl
org.freeswitch.esl.client.inbound.InboundConnectionException: Could not connect to /61.158.166.43:8021
	at org.freeswitch.esl.client.inbound.Client.connect(Client.java:134)
	at cn.psycall.ccmgt.util.FreeSwitchManage.monitor(FreeSwitchManage.java:86)
	at cn.psycall.ccmgt.util.FreeSwitchManage.run(FreeSwitchManage.java:42)
Caused by: io.netty.channel.AbstractChannel$AnnotatedConnectException: Connection refused: /61.158.166.43:8021
Caused by: java.net.ConnectException: Connection refused
	at java.base/sun.nio.ch.SocketChannelImpl.checkConnect(Native Method)
	at java.base/sun.nio.ch.SocketChannelImpl.finishConnect(SocketChannelImpl.java:777)
	at io.netty.channel.socket.nio.NioSocketChannel.doFinishConnect(NioSocketChannel.java:330)
	at io.netty.channel.nio.AbstractNioChannel$AbstractNioUnsafe.finishConnect(AbstractNioChannel.java:334)
	at io.netty.channel.nio.NioEventLoop.processSelectedKey(NioEventLoop.java:707)
	at io.netty.channel.nio.NioEventLoop.processSelectedKeysOptimized(NioEventLoop.java:655)
	at io.netty.channel.nio.NioEventLoop.processSelectedKeys(NioEventLoop.java:581)
	at io.netty.channel.nio.NioEventLoop.run(NioEventLoop.java:493)
	at io.netty.util.concurrent.SingleThreadEventExecutor$4.run(SingleThreadEventExecutor.java:989)
	at io.netty.util.internal.ThreadExecutorMap$2.run(ThreadExecutorMap.java:74)
	at io.netty.util.concurrent.FastThreadLocalRunnable.run(FastThreadLocalRunnable.java:30)
	at java.base/java.lang.Thread.run(Thread.java:829)
2026-02-22 03:05:09.481 - [WARN ] - esl
org.freeswitch.esl.client.inbound.InboundConnectionException: Could not connect to /61.158.166.43:8021
	at org.freeswitch.esl.client.inbound.Client.connect(Client.java:134)
	at cn.psycall.ccmgt.util.FreeSwitchManage.monitor(FreeSwitchManage.java:86)
	at cn.psycall.ccmgt.util.FreeSwitchManage.run(FreeSwitchManage.java:42)
Caused by: io.netty.channel.AbstractChannel$AnnotatedConnectException: Connection refused: /61.158.166.43:8021
Caused by: java.net.ConnectException: Connection refused
	at java.base/sun.nio.ch.SocketChannelImpl.checkConnect(Native Method)
	at java.base/sun.nio.ch.SocketChannelImpl.finishConnect(SocketChannelImpl.java:777)
	at io.netty.channel.socket.nio.NioSocketChannel.doFinishConnect(NioSocketChannel.java:330)
	at io.netty.channel.nio.AbstractNioChannel$AbstractNioUnsafe.finishConnect(AbstractNioChannel.java:334)
	at io.netty.channel.nio.NioEventLoop.processSelectedKey(NioEventLoop.java:707)
	at io.netty.channel.nio.NioEventLoop.processSelectedKeysOptimized(NioEventLoop.java:655)
	at io.netty.channel.nio.NioEventLoop.processSelectedKeys(NioEventLoop.java:581)
	at io.netty.channel.nio.NioEventLoop.run(NioEventLoop.java:493)
	at io.netty.util.concurrent.SingleThreadEventExecutor$4.run(SingleThreadEventExecutor.java:989)
	at io.netty.util.internal.ThreadExecutorMap$2.run(ThreadExecutorMap.java:74)
	at io.netty.util.concurrent.FastThreadLocalRunnable.run(FastThreadLocalRunnable.java:30)
	at java.base/java.lang.Thread.run(Thread.java:829)
2026-02-22 03:05:10.571 - [WARN ] - esl
org.freeswitch.esl.client.inbound.InboundConnectionException: Could not connect to /61.158.166.43:8021
	at org.freeswitch.esl.client.inbound.Client.connect(Client.java:134)
	at cn.psycall.ccmgt.util.FreeSwitchManage.monitor(FreeSwitchManage.java:86)
	at cn.psycall.ccmgt.util.FreeSwitchManage.run(FreeSwitchManage.java:42)
Caused by: io.netty.channel.AbstractChannel$AnnotatedConnectException: Connection refused: /61.158.166.43:8021
Caused by: java.net.ConnectException: Connection refused
	at java.base/sun.nio.ch.SocketChannelImpl.checkConnect(Native Method)
	at java.base/sun.nio.ch.SocketChannelImpl.finishConnect(SocketChannelImpl.java:777)
	at io.netty.channel.socket.nio.NioSocketChannel.doFinishConnect(NioSocketChannel.java:330)
	at io.netty.channel.nio.AbstractNioChannel$AbstractNioUnsafe.finishConnect(AbstractNioChannel.java:334)
	at io.netty.channel.nio.NioEventLoop.processSelectedKey(NioEventLoop.java:707)
	at io.netty.channel.nio.NioEventLoop.processSelectedKeysOptimized(NioEventLoop.java:655)
	at io.netty.channel.nio.NioEventLoop.processSelectedKeys(NioEventLoop.java:581)
	at io.netty.channel.nio.NioEventLoop.run(NioEventLoop.java:493)
	at io.netty.util.concurrent.SingleThreadEventExecutor$4.run(SingleThreadEventExecutor.java:989)
	at io.netty.util.internal.ThreadExecutorMap$2.run(ThreadExecutorMap.java:74)
	at io.netty.util.concurrent.FastThreadLocalRunnable.run(FastThreadLocalRunnable.java:30)
	at java.base/java.lang.Thread.run(Thread.java:829)
2026-02-22 03:05:11.701 - [WARN ] - esl
org.freeswitch.esl.client.inbound.InboundConnectionException: Could not connect to /61.158.166.43:8021
	at org.freeswitch.esl.client.inbound.Client.connect(Client.java:134)
	at cn.psycall.ccmgt.util.FreeSwitchManage.monitor(FreeSwitchManage.java:86)
	at cn.psycall.ccmgt.util.FreeSwitchManage.run(FreeSwitchManage.java:42)
Caused by: io.netty.channel.AbstractChannel$AnnotatedConnectException: Connection refused: /61.158.166.43:8021
Caused by: java.net.ConnectException: Connection refused
	at java.base/sun.nio.ch.SocketChannelImpl.checkConnect(Native Method)
	at java.base/sun.nio.ch.SocketChannelImpl.finishConnect(SocketChannelImpl.java:777)
	at io.netty.channel.socket.nio.NioSocketChannel.doFinishConnect(NioSocketChannel.java:330)
	at io.netty.channel.nio.AbstractNioChannel$AbstractNioUnsafe.finishConnect(AbstractNioChannel.java:334)
	at io.netty.channel.nio.NioEventLoop.processSelectedKey(NioEventLoop.java:707)
	at io.netty.channel.nio.NioEventLoop.processSelectedKeysOptimized(NioEventLoop.java:655)
	at io.netty.channel.nio.NioEventLoop.processSelectedKeys(NioEventLoop.java:581)
	at io.netty.channel.nio.NioEventLoop.run(NioEventLoop.java:493)
	at io.netty.util.concurrent.SingleThreadEventExecutor$4.run(SingleThreadEventExecutor.java:989)
	at io.netty.util.internal.ThreadExecutorMap$2.run(ThreadExecutorMap.java:74)
	at io.netty.util.concurrent.FastThreadLocalRunnable.run(FastThreadLocalRunnable.java:30)
	at java.base/java.lang.Thread.run(Thread.java:829)
2026-02-22 03:05:12.803 - [WARN ] - esl
org.freeswitch.esl.client.inbound.InboundConnectionException: Could not connect to /61.158.166.43:8021
	at org.freeswitch.esl.client.inbound.Client.connect(Client.java:134)
	at cn.psycall.ccmgt.util.FreeSwitchManage.monitor(FreeSwitchManage.java:86)
	at cn.psycall.ccmgt.util.FreeSwitchManage.run(FreeSwitchManage.java:42)
Caused by: io.netty.channel.AbstractChannel$AnnotatedConnectException: Connection refused: /61.158.166.43:8021
Caused by: java.net.ConnectException: Connection refused
	at java.base/sun.nio.ch.SocketChannelImpl.checkConnect(Native Method)
	at java.base/sun.nio.ch.SocketChannelImpl.finishConnect(SocketChannelImpl.java:777)
	at io.netty.channel.socket.nio.NioSocketChannel.doFinishConnect(NioSocketChannel.java:330)
	at io.netty.channel.nio.AbstractNioChannel$AbstractNioUnsafe.finishConnect(AbstractNioChannel.java:334)
	at io.netty.channel.nio.NioEventLoop.processSelectedKey(NioEventLoop.java:707)
	at io.netty.channel.nio.NioEventLoop.processSelectedKeysOptimized(NioEventLoop.java:655)
	at io.netty.channel.nio.NioEventLoop.processSelectedKeys(NioEventLoop.java:581)
	at io.netty.channel.nio.NioEventLoop.run(NioEventLoop.java:493)
	at io.netty.util.concurrent.SingleThreadEventExecutor$4.run(SingleThreadEventExecutor.java:989)
	at io.netty.util.internal.ThreadExecutorMap$2.run(ThreadExecutorMap.java:74)
	at io.netty.util.concurrent.FastThreadLocalRunnable.run(FastThreadLocalRunnable.java:30)
	at java.base/java.lang.Thread.run(Thread.java:829)
2026-02-22 03:05:13.894 - [WARN ] - esl
org.freeswitch.esl.client.inbound.InboundConnectionException: Could not connect to /61.158.166.43:8021
	at org.freeswitch.esl.client.inbound.Client.connect(Client.java:134)
	at cn.psycall.ccmgt.util.FreeSwitchManage.monitor(FreeSwitchManage.java:86)
	at cn.psycall.ccmgt.util.FreeSwitchManage.run(FreeSwitchManage.java:42)
Caused by: io.netty.channel.AbstractChannel$AnnotatedConnectException: Connection refused: /61.158.166.43:8021
Caused by: java.net.ConnectException: Connection refused
	at java.base/sun.nio.ch.SocketChannelImpl.checkConnect(Native Method)
	at java.base/sun.nio.ch.SocketChannelImpl.finishConnect(SocketChannelImpl.java:777)
	at io.netty.channel.socket.nio.NioSocketChannel.doFinishConnect(NioSocketChannel.java:330)
	at io.netty.channel.nio.AbstractNioChannel$AbstractNioUnsafe.finishConnect(AbstractNioChannel.java:334)
	at io.netty.channel.nio.NioEventLoop.processSelectedKey(NioEventLoop.java:707)
	at io.netty.channel.nio.NioEventLoop.processSelectedKeysOptimized(NioEventLoop.java:655)
	at io.netty.channel.nio.NioEventLoop.processSelectedKeys(NioEventLoop.java:581)
	at io.netty.channel.nio.NioEventLoop.run(NioEventLoop.java:493)
	at io.netty.util.concurrent.SingleThreadEventExecutor$4.run(SingleThreadEventExecutor.java:989)
	at io.netty.util.internal.ThreadExecutorMap$2.run(ThreadExecutorMap.java:74)
	at io.netty.util.concurrent.FastThreadLocalRunnable.run(FastThreadLocalRunnable.java:30)
	at java.base/java.lang.Thread.run(Thread.java:829)
2026-02-22 03:05:14.990 - [WARN ] - esl
org.freeswitch.esl.client.inbound.InboundConnectionException: Could not connect to /61.158.166.43:8021
	at org.freeswitch.esl.client.inbound.Client.connect(Client.java:134)
	at cn.psycall.ccmgt.util.FreeSwitchManage.monitor(FreeSwitchManage.java:86)
	at cn.psycall.ccmgt.util.FreeSwitchManage.run(FreeSwitchManage.java:42)
Caused by: io.netty.channel.AbstractChannel$AnnotatedConnectException: Connection refused: /61.158.166.43:8021
Caused by: java.net.ConnectException: Connection refused
	at java.base/sun.nio.ch.SocketChannelImpl.checkConnect(Native Method)
	at java.base/sun.nio.ch.SocketChannelImpl.finishConnect(SocketChannelImpl.java:777)
	at io.netty.channel.socket.nio.NioSocketChannel.doFinishConnect(NioSocketChannel.java:330)
	at io.netty.channel.nio.AbstractNioChannel$AbstractNioUnsafe.finishConnect(AbstractNioChannel.java:334)
	at io.netty.channel.nio.NioEventLoop.processSelectedKey(NioEventLoop.java:707)
	at io.netty.channel.nio.NioEventLoop.processSelectedKeysOptimized(NioEventLoop.java:655)
	at io.netty.channel.nio.NioEventLoop.processSelectedKeys(NioEventLoop.java:581)
	at io.netty.channel.nio.NioEventLoop.run(NioEventLoop.java:493)
	at io.netty.util.concurrent.SingleThreadEventExecutor$4.run(SingleThreadEventExecutor.java:989)
	at io.netty.util.internal.ThreadExecutorMap$2.run(ThreadExecutorMap.java:74)
	at io.netty.util.concurrent.FastThreadLocalRunnable.run(FastThreadLocalRunnable.java:30)
	at java.base/java.lang.Thread.run(Thread.java:829)
2026-02-22 03:05:16.084 - [WARN ] - esl
org.freeswitch.esl.client.inbound.InboundConnectionException: Could not connect to /61.158.166.43:8021
	at org.freeswitch.esl.client.inbound.Client.connect(Client.java:134)
	at cn.psycall.ccmgt.util.FreeSwitchManage.monitor(FreeSwitchManage.java:86)
	at cn.psycall.ccmgt.util.FreeSwitchManage.run(FreeSwitchManage.java:42)
Caused by: io.netty.channel.AbstractChannel$AnnotatedConnectException: Connection refused: /61.158.166.43:8021
Caused by: java.net.ConnectException: Connection refused
	at java.base/sun.nio.ch.SocketChannelImpl.checkConnect(Native Method)
	at java.base/sun.nio.ch.SocketChannelImpl.finishConnect(SocketChannelImpl.java:777)
	at io.netty.channel.socket.nio.NioSocketChannel.doFinishConnect(NioSocketChannel.java:330)
	at io.netty.channel.nio.AbstractNioChannel$AbstractNioUnsafe.finishConnect(AbstractNioChannel.java:334)
	at io.netty.channel.nio.NioEventLoop.processSelectedKey(NioEventLoop.java:707)
	at io.netty.channel.nio.NioEventLoop.processSelectedKeysOptimized(NioEventLoop.java:655)
	at io.netty.channel.nio.NioEventLoop.processSelectedKeys(NioEventLoop.java:581)
	at io.netty.channel.nio.NioEventLoop.run(NioEventLoop.java:493)
	at io.netty.util.concurrent.SingleThreadEventExecutor$4.run(SingleThreadEventExecutor.java:989)
	at io.netty.util.internal.ThreadExecutorMap$2.run(ThreadExecutorMap.java:74)
	at io.netty.util.concurrent.FastThreadLocalRunnable.run(FastThreadLocalRunnable.java:30)
	at java.base/java.lang.Thread.run(Thread.java:829)
2026-02-22 03:05:17.192 - [WARN ] - esl
org.freeswitch.esl.client.inbound.InboundConnectionException: Could not connect to /61.158.166.43:8021
	at org.freeswitch.esl.client.inbound.Client.connect(Client.java:134)
	at cn.psycall.ccmgt.util.FreeSwitchManage.monitor(FreeSwitchManage.java:86)
	at cn.psycall.ccmgt.util.FreeSwitchManage.run(FreeSwitchManage.java:42)
Caused by: io.netty.channel.AbstractChannel$AnnotatedConnectException: Connection refused: /61.158.166.43:8021
Caused by: java.net.ConnectException: Connection refused
	at java.base/sun.nio.ch.SocketChannelImpl.checkConnect(Native Method)
	at java.base/sun.nio.ch.SocketChannelImpl.finishConnect(SocketChannelImpl.java:777)
	at io.netty.channel.socket.nio.NioSocketChannel.doFinishConnect(NioSocketChannel.java:330)
	at io.netty.channel.nio.AbstractNioChannel$AbstractNioUnsafe.finishConnect(AbstractNioChannel.java:334)
	at io.netty.channel.nio.NioEventLoop.processSelectedKey(NioEventLoop.java:707)
	at io.netty.channel.nio.NioEventLoop.processSelectedKeysOptimized(NioEventLoop.java:655)
	at io.netty.channel.nio.NioEventLoop.processSelectedKeys(NioEventLoop.java:581)
	at io.netty.channel.nio.NioEventLoop.run(NioEventLoop.java:493)
	at io.netty.util.concurrent.SingleThreadEventExecutor$4.run(SingleThreadEventExecutor.java:989)
	at io.netty.util.internal.ThreadExecutorMap$2.run(ThreadExecutorMap.java:74)
	at io.netty.util.concurrent.FastThreadLocalRunnable.run(FastThreadLocalRunnable.java:30)
	at java.base/java.lang.Thread.run(Thread.java:829)
2026-02-22 03:05:18.292 - [WARN ] - esl
org.freeswitch.esl.client.inbound.InboundConnectionException: Could not connect to /61.158.166.43:8021
	at org.freeswitch.esl.client.inbound.Client.connect(Client.java:134)
	at cn.psycall.ccmgt.util.FreeSwitchManage.monitor(FreeSwitchManage.java:86)
	at cn.psycall.ccmgt.util.FreeSwitchManage.run(FreeSwitchManage.java:42)
Caused by: io.netty.channel.AbstractChannel$AnnotatedConnectException: Connection refused: /61.158.166.43:8021
Caused by: java.net.ConnectException: Connection refused
	at java.base/sun.nio.ch.SocketChannelImpl.checkConnect(Native Method)
	at java.base/sun.nio.ch.SocketChannelImpl.finishConnect(SocketChannelImpl.java:777)
	at io.netty.channel.socket.nio.NioSocketChannel.doFinishConnect(NioSocketChannel.java:330)
	at io.netty.channel.nio.AbstractNioChannel$AbstractNioUnsafe.finishConnect(AbstractNioChannel.java:334)
	at io.netty.channel.nio.NioEventLoop.processSelectedKey(NioEventLoop.java:707)
	at io.netty.channel.nio.NioEventLoop.processSelectedKeysOptimized(NioEventLoop.java:655)
	at io.netty.channel.nio.NioEventLoop.processSelectedKeys(NioEventLoop.java:581)
	at io.netty.channel.nio.NioEventLoop.run(NioEventLoop.java:493)
	at io.netty.util.concurrent.SingleThreadEventExecutor$4.run(SingleThreadEventExecutor.java:989)
	at io.netty.util.internal.ThreadExecutorMap$2.run(ThreadExecutorMap.java:74)
	at io.netty.util.concurrent.FastThreadLocalRunnable.run(FastThreadLocalRunnable.java:30)
	at java.base/java.lang.Thread.run(Thread.java:829)
2026-02-22 03:05:19.390 - [WARN ] - esl
org.freeswitch.esl.client.inbound.InboundConnectionException: Could not connect to /61.158.166.43:8021
	at org.freeswitch.esl.client.inbound.Client.connect(Client.java:134)
	at cn.psycall.ccmgt.util.FreeSwitchManage.monitor(FreeSwitchManage.java:86)
	at cn.psycall.ccmgt.util.FreeSwitchManage.run(FreeSwitchManage.java:42)
Caused by: io.netty.channel.AbstractChannel$AnnotatedConnectException: Connection refused: /61.158.166.43:8021
Caused by: java.net.ConnectException: Connection refused
	at java.base/sun.nio.ch.SocketChannelImpl.checkConnect(Native Method)
	at java.base/sun.nio.ch.SocketChannelImpl.finishConnect(SocketChannelImpl.java:777)
	at io.netty.channel.socket.nio.NioSocketChannel.doFinishConnect(NioSocketChannel.java:330)
	at io.netty.channel.nio.AbstractNioChannel$AbstractNioUnsafe.finishConnect(AbstractNioChannel.java:334)
	at io.netty.channel.nio.NioEventLoop.processSelectedKey(NioEventLoop.java:707)
	at io.netty.channel.nio.NioEventLoop.processSelectedKeysOptimized(NioEventLoop.java:655)
	at io.netty.channel.nio.NioEventLoop.processSelectedKeys(NioEventLoop.java:581)
	at io.netty.channel.nio.NioEventLoop.run(NioEventLoop.java:493)
	at io.netty.util.concurrent.SingleThreadEventExecutor$4.run(SingleThreadEventExecutor.java:989)
	at io.netty.util.internal.ThreadExecutorMap$2.run(ThreadExecutorMap.java:74)
	at io.netty.util.concurrent.FastThreadLocalRunnable.run(FastThreadLocalRunnable.java:30)
	at java.base/java.lang.Thread.run(Thread.java:829)
2026-02-22 03:05:20.488 - [WARN ] - esl
org.freeswitch.esl.client.inbound.InboundConnectionException: Could not connect to /61.158.166.43:8021
	at org.freeswitch.esl.client.inbound.Client.connect(Client.java:134)
	at cn.psycall.ccmgt.util.FreeSwitchManage.monitor(FreeSwitchManage.java:86)
	at cn.psycall.ccmgt.util.FreeSwitchManage.run(FreeSwitchManage.java:42)
Caused by: io.netty.channel.AbstractChannel$AnnotatedConnectException: Connection refused: /61.158.166.43:8021
Caused by: java.net.ConnectException: Connection refused
	at java.base/sun.nio.ch.SocketChannelImpl.checkConnect(Native Method)
	at java.base/sun.nio.ch.SocketChannelImpl.finishConnect(SocketChannelImpl.java:777)
	at io.netty.channel.socket.nio.NioSocketChannel.doFinishConnect(NioSocketChannel.java:330)
	at io.netty.channel.nio.AbstractNioChannel$AbstractNioUnsafe.finishConnect(AbstractNioChannel.java:334)
	at io.netty.channel.nio.NioEventLoop.processSelectedKey(NioEventLoop.java:707)
	at io.netty.channel.nio.NioEventLoop.processSelectedKeysOptimized(NioEventLoop.java:655)
	at io.netty.channel.nio.NioEventLoop.processSelectedKeys(NioEventLoop.java:581)
	at io.netty.channel.nio.NioEventLoop.run(NioEventLoop.java:493)
	at io.netty.util.concurrent.SingleThreadEventExecutor$4.run(SingleThreadEventExecutor.java:989)
	at io.netty.util.internal.ThreadExecutorMap$2.run(ThreadExecutorMap.java:74)
	at io.netty.util.concurrent.FastThreadLocalRunnable.run(FastThreadLocalRunnable.java:30)
	at java.base/java.lang.Thread.run(Thread.java:829)
2026-02-22 03:05:21.586 - [WARN ] - esl
org.freeswitch.esl.client.inbound.InboundConnectionException: Could not connect to /61.158.166.43:8021
	at org.freeswitch.esl.client.inbound.Client.connect(Client.java:134)
	at cn.psycall.ccmgt.util.FreeSwitchManage.monitor(FreeSwitchManage.java:86)
	at cn.psycall.ccmgt.util.FreeSwitchManage.run(FreeSwitchManage.java:42)
Caused by: io.netty.channel.AbstractChannel$AnnotatedConnectException: Connection refused: /61.158.166.43:8021
Caused by: java.net.ConnectException: Connection refused
	at java.base/sun.nio.ch.SocketChannelImpl.checkConnect(Native Method)
	at java.base/sun.nio.ch.SocketChannelImpl.finishConnect(SocketChannelImpl.java:777)
	at io.netty.channel.socket.nio.NioSocketChannel.doFinishConnect(NioSocketChannel.java:330)
	at io.netty.channel.nio.AbstractNioChannel$AbstractNioUnsafe.finishConnect(AbstractNioChannel.java:334)
	at io.netty.channel.nio.NioEventLoop.processSelectedKey(NioEventLoop.java:707)
	at io.netty.channel.nio.NioEventLoop.processSelectedKeysOptimized(NioEventLoop.java:655)
	at io.netty.channel.nio.NioEventLoop.processSelectedKeys(NioEventLoop.java:581)
	at io.netty.channel.nio.NioEventLoop.run(NioEventLoop.java:493)
	at io.netty.util.concurrent.SingleThreadEventExecutor$4.run(SingleThreadEventExecutor.java:989)
	at io.netty.util.internal.ThreadExecutorMap$2.run(ThreadExecutorMap.java:74)
	at io.netty.util.concurrent.FastThreadLocalRunnable.run(FastThreadLocalRunnable.java:30)
	at java.base/java.lang.Thread.run(Thread.java:829)
2026-02-22 03:05:22.685 - [WARN ] - esl
org.freeswitch.esl.client.inbound.InboundConnectionException: Could not connect to /61.158.166.43:8021
	at org.freeswitch.esl.client.inbound.Client.connect(Client.java:134)
	at cn.psycall.ccmgt.util.FreeSwitchManage.monitor(FreeSwitchManage.java:86)
	at cn.psycall.ccmgt.util.FreeSwitchManage.run(FreeSwitchManage.java:42)
Caused by: io.netty.channel.AbstractChannel$AnnotatedConnectException: Connection refused: /61.158.166.43:8021
Caused by: java.net.ConnectException: Connection refused
	at java.base/sun.nio.ch.SocketChannelImpl.checkConnect(Native Method)
	at java.base/sun.nio.ch.SocketChannelImpl.finishConnect(SocketChannelImpl.java:777)
	at io.netty.channel.socket.nio.NioSocketChannel.doFinishConnect(NioSocketChannel.java:330)
	at io.netty.channel.nio.AbstractNioChannel$AbstractNioUnsafe.finishConnect(AbstractNioChannel.java:334)
	at io.netty.channel.nio.NioEventLoop.processSelectedKey(NioEventLoop.java:707)
	at io.netty.channel.nio.NioEventLoop.processSelectedKeysOptimized(NioEventLoop.java:655)
	at io.netty.channel.nio.NioEventLoop.processSelectedKeys(NioEventLoop.java:581)
	at io.netty.channel.nio.NioEventLoop.run(NioEventLoop.java:493)
	at io.netty.util.concurrent.SingleThreadEventExecutor$4.run(SingleThreadEventExecutor.java:989)
	at io.netty.util.internal.ThreadExecutorMap$2.run(ThreadExecutorMap.java:74)
	at io.netty.util.concurrent.FastThreadLocalRunnable.run(FastThreadLocalRunnable.java:30)
	at java.base/java.lang.Thread.run(Thread.java:829)
2026-02-22 03:05:23.780 - [WARN ] - esl
org.freeswitch.esl.client.inbound.InboundConnectionException: Could not connect to /61.158.166.43:8021
	at org.freeswitch.esl.client.inbound.Client.connect(Client.java:134)
	at cn.psycall.ccmgt.util.FreeSwitchManage.monitor(FreeSwitchManage.java:86)
	at cn.psycall.ccmgt.util.FreeSwitchManage.run(FreeSwitchManage.java:42)
Caused by: io.netty.channel.AbstractChannel$AnnotatedConnectException: Connection refused: /61.158.166.43:8021
Caused by: java.net.ConnectException: Connection refused
	at java.base/sun.nio.ch.SocketChannelImpl.checkConnect(Native Method)
	at java.base/sun.nio.ch.SocketChannelImpl.finishConnect(SocketChannelImpl.java:777)
	at io.netty.channel.socket.nio.NioSocketChannel.doFinishConnect(NioSocketChannel.java:330)
	at io.netty.channel.nio.AbstractNioChannel$AbstractNioUnsafe.finishConnect(AbstractNioChannel.java:334)
	at io.netty.channel.nio.NioEventLoop.processSelectedKey(NioEventLoop.java:707)
	at io.netty.channel.nio.NioEventLoop.processSelectedKeysOptimized(NioEventLoop.java:655)
	at io.netty.channel.nio.NioEventLoop.processSelectedKeys(NioEventLoop.java:581)
	at io.netty.channel.nio.NioEventLoop.run(NioEventLoop.java:493)
	at io.netty.util.concurrent.SingleThreadEventExecutor$4.run(SingleThreadEventExecutor.java:989)
	at io.netty.util.internal.ThreadExecutorMap$2.run(ThreadExecutorMap.java:74)
	at io.netty.util.concurrent.FastThreadLocalRunnable.run(FastThreadLocalRunnable.java:30)
	at java.base/java.lang.Thread.run(Thread.java:829)
2026-02-22 03:05:24.874 - [WARN ] - esl
org.freeswitch.esl.client.inbound.InboundConnectionException: Could not connect to /61.158.166.43:8021
	at org.freeswitch.esl.client.inbound.Client.connect(Client.java:134)
	at cn.psycall.ccmgt.util.FreeSwitchManage.monitor(FreeSwitchManage.java:86)
	at cn.psycall.ccmgt.util.FreeSwitchManage.run(FreeSwitchManage.java:42)
Caused by: io.netty.channel.AbstractChannel$AnnotatedConnectException: Connection refused: /61.158.166.43:8021
Caused by: java.net.ConnectException: Connection refused
	at java.base/sun.nio.ch.SocketChannelImpl.checkConnect(Native Method)
	at java.base/sun.nio.ch.SocketChannelImpl.finishConnect(SocketChannelImpl.java:777)
	at io.netty.channel.socket.nio.NioSocketChannel.doFinishConnect(NioSocketChannel.java:330)
	at io.netty.channel.nio.AbstractNioChannel$AbstractNioUnsafe.finishConnect(AbstractNioChannel.java:334)
	at io.netty.channel.nio.NioEventLoop.processSelectedKey(NioEventLoop.java:707)
	at io.netty.channel.nio.NioEventLoop.processSelectedKeysOptimized(NioEventLoop.java:655)
	at io.netty.channel.nio.NioEventLoop.processSelectedKeys(NioEventLoop.java:581)
	at io.netty.channel.nio.NioEventLoop.run(NioEventLoop.java:493)
	at io.netty.util.concurrent.SingleThreadEventExecutor$4.run(SingleThreadEventExecutor.java:989)
	at io.netty.util.internal.ThreadExecutorMap$2.run(ThreadExecutorMap.java:74)
	at io.netty.util.concurrent.FastThreadLocalRunnable.run(FastThreadLocalRunnable.java:30)
	at java.base/java.lang.Thread.run(Thread.java:829)
2026-02-22 03:05:25.979 - [WARN ] - esl
org.freeswitch.esl.client.inbound.InboundConnectionException: Could not connect to /61.158.166.43:8021
	at org.freeswitch.esl.client.inbound.Client.connect(Client.java:134)
	at cn.psycall.ccmgt.util.FreeSwitchManage.monitor(FreeSwitchManage.java:86)
	at cn.psycall.ccmgt.util.FreeSwitchManage.run(FreeSwitchManage.java:42)
Caused by: io.netty.channel.AbstractChannel$AnnotatedConnectException: Connection refused: /61.158.166.43:8021
Caused by: java.net.ConnectException: Connection refused
	at java.base/sun.nio.ch.SocketChannelImpl.checkConnect(Native Method)
	at java.base/sun.nio.ch.SocketChannelImpl.finishConnect(SocketChannelImpl.java:777)
	at io.netty.channel.socket.nio.NioSocketChannel.doFinishConnect(NioSocketChannel.java:330)
	at io.netty.channel.nio.AbstractNioChannel$AbstractNioUnsafe.finishConnect(AbstractNioChannel.java:334)
	at io.netty.channel.nio.NioEventLoop.processSelectedKey(NioEventLoop.java:707)
	at io.netty.channel.nio.NioEventLoop.processSelectedKeysOptimized(NioEventLoop.java:655)
	at io.netty.channel.nio.NioEventLoop.processSelectedKeys(NioEventLoop.java:581)
	at io.netty.channel.nio.NioEventLoop.run(NioEventLoop.java:493)
	at io.netty.util.concurrent.SingleThreadEventExecutor$4.run(SingleThreadEventExecutor.java:989)
	at io.netty.util.internal.ThreadExecutorMap$2.run(ThreadExecutorMap.java:74)
	at io.netty.util.concurrent.FastThreadLocalRunnable.run(FastThreadLocalRunnable.java:30)
	at java.base/java.lang.Thread.run(Thread.java:829)
2026-02-22 03:05:27.078 - [WARN ] - esl
org.freeswitch.esl.client.inbound.InboundConnectionException: Could not connect to /61.158.166.43:8021
	at org.freeswitch.esl.client.inbound.Client.connect(Client.java:134)
	at cn.psycall.ccmgt.util.FreeSwitchManage.monitor(FreeSwitchManage.java:86)
	at cn.psycall.ccmgt.util.FreeSwitchManage.run(FreeSwitchManage.java:42)
Caused by: io.netty.channel.AbstractChannel$AnnotatedConnectException: Connection refused: /61.158.166.43:8021
Caused by: java.net.ConnectException: Connection refused
	at java.base/sun.nio.ch.SocketChannelImpl.checkConnect(Native Method)
	at java.base/sun.nio.ch.SocketChannelImpl.finishConnect(SocketChannelImpl.java:777)
	at io.netty.channel.socket.nio.NioSocketChannel.doFinishConnect(NioSocketChannel.java:330)
	at io.netty.channel.nio.AbstractNioChannel$AbstractNioUnsafe.finishConnect(AbstractNioChannel.java:334)
	at io.netty.channel.nio.NioEventLoop.processSelectedKey(NioEventLoop.java:707)
	at io.netty.channel.nio.NioEventLoop.processSelectedKeysOptimized(NioEventLoop.java:655)
	at io.netty.channel.nio.NioEventLoop.processSelectedKeys(NioEventLoop.java:581)
	at io.netty.channel.nio.NioEventLoop.run(NioEventLoop.java:493)
	at io.netty.util.concurrent.SingleThreadEventExecutor$4.run(SingleThreadEventExecutor.java:989)
	at io.netty.util.internal.ThreadExecutorMap$2.run(ThreadExecutorMap.java:74)
	at io.netty.util.concurrent.FastThreadLocalRunnable.run(FastThreadLocalRunnable.java:30)
	at java.base/java.lang.Thread.run(Thread.java:829)
2026-02-22 03:05:28.163 - [WARN ] - esl
org.freeswitch.esl.client.inbound.InboundConnectionException: Could not connect to /61.158.166.43:8021
	at org.freeswitch.esl.client.inbound.Client.connect(Client.java:134)
	at cn.psycall.ccmgt.util.FreeSwitchManage.monitor(FreeSwitchManage.java:86)
	at cn.psycall.ccmgt.util.FreeSwitchManage.run(FreeSwitchManage.java:42)
Caused by: io.netty.channel.AbstractChannel$AnnotatedConnectException: Connection refused: /61.158.166.43:8021
Caused by: java.net.ConnectException: Connection refused
	at java.base/sun.nio.ch.SocketChannelImpl.checkConnect(Native Method)
	at java.base/sun.nio.ch.SocketChannelImpl.finishConnect(SocketChannelImpl.java:777)
	at io.netty.channel.socket.nio.NioSocketChannel.doFinishConnect(NioSocketChannel.java:330)
	at io.netty.channel.nio.AbstractNioChannel$AbstractNioUnsafe.finishConnect(AbstractNioChannel.java:334)
	at io.netty.channel.nio.NioEventLoop.processSelectedKey(NioEventLoop.java:707)
	at io.netty.channel.nio.NioEventLoop.processSelectedKeysOptimized(NioEventLoop.java:655)
	at io.netty.channel.nio.NioEventLoop.processSelectedKeys(NioEventLoop.java:581)
	at io.netty.channel.nio.NioEventLoop.run(NioEventLoop.java:493)
	at io.netty.util.concurrent.SingleThreadEventExecutor$4.run(SingleThreadEventExecutor.java:989)
	at io.netty.util.internal.ThreadExecutorMap$2.run(ThreadExecutorMap.java:74)
	at io.netty.util.concurrent.FastThreadLocalRunnable.run(FastThreadLocalRunnable.java:30)
	at java.base/java.lang.Thread.run(Thread.java:829)
2026-02-22 03:05:29.282 - [WARN ] - esl
org.freeswitch.esl.client.inbound.InboundConnectionException: Could not connect to /61.158.166.43:8021
	at org.freeswitch.esl.client.inbound.Client.connect(Client.java:134)
	at cn.psycall.ccmgt.util.FreeSwitchManage.monitor(FreeSwitchManage.java:86)
	at cn.psycall.ccmgt.util.FreeSwitchManage.run(FreeSwitchManage.java:42)
Caused by: io.netty.channel.AbstractChannel$AnnotatedConnectException: Connection refused: /61.158.166.43:8021
Caused by: java.net.ConnectException: Connection refused
	at java.base/sun.nio.ch.SocketChannelImpl.checkConnect(Native Method)
	at java.base/sun.nio.ch.SocketChannelImpl.finishConnect(SocketChannelImpl.java:777)
	at io.netty.channel.socket.nio.NioSocketChannel.doFinishConnect(NioSocketChannel.java:330)
	at io.netty.channel.nio.AbstractNioChannel$AbstractNioUnsafe.finishConnect(AbstractNioChannel.java:334)
	at io.netty.channel.nio.NioEventLoop.processSelectedKey(NioEventLoop.java:707)
	at io.netty.channel.nio.NioEventLoop.processSelectedKeysOptimized(NioEventLoop.java:655)
	at io.netty.channel.nio.NioEventLoop.processSelectedKeys(NioEventLoop.java:581)
	at io.netty.channel.nio.NioEventLoop.run(NioEventLoop.java:493)
	at io.netty.util.concurrent.SingleThreadEventExecutor$4.run(SingleThreadEventExecutor.java:989)
	at io.netty.util.internal.ThreadExecutorMap$2.run(ThreadExecutorMap.java:74)
	at io.netty.util.concurrent.FastThreadLocalRunnable.run(FastThreadLocalRunnable.java:30)
	at java.base/java.lang.Thread.run(Thread.java:829)
2026-02-22 03:05:30.409 - [WARN ] - esl
org.freeswitch.esl.client.inbound.InboundConnectionException: Could not connect to /61.158.166.43:8021
	at org.freeswitch.esl.client.inbound.Client.connect(Client.java:134)
	at cn.psycall.ccmgt.util.FreeSwitchManage.monitor(FreeSwitchManage.java:86)
	at cn.psycall.ccmgt.util.FreeSwitchManage.run(FreeSwitchManage.java:42)
Caused by: io.netty.channel.AbstractChannel$AnnotatedConnectException: Connection refused: /61.158.166.43:8021
Caused by: java.net.ConnectException: Connection refused
	at java.base/sun.nio.ch.SocketChannelImpl.checkConnect(Native Method)
	at java.base/sun.nio.ch.SocketChannelImpl.finishConnect(SocketChannelImpl.java:777)
	at io.netty.channel.socket.nio.NioSocketChannel.doFinishConnect(NioSocketChannel.java:330)
	at io.netty.channel.nio.AbstractNioChannel$AbstractNioUnsafe.finishConnect(AbstractNioChannel.java:334)
	at io.netty.channel.nio.NioEventLoop.processSelectedKey(NioEventLoop.java:707)
	at io.netty.channel.nio.NioEventLoop.processSelectedKeysOptimized(NioEventLoop.java:655)
	at io.netty.channel.nio.NioEventLoop.processSelectedKeys(NioEventLoop.java:581)
	at io.netty.channel.nio.NioEventLoop.run(NioEventLoop.java:493)
	at io.netty.util.concurrent.SingleThreadEventExecutor$4.run(SingleThreadEventExecutor.java:989)
	at io.netty.util.internal.ThreadExecutorMap$2.run(ThreadExecutorMap.java:74)
	at io.netty.util.concurrent.FastThreadLocalRunnable.run(FastThreadLocalRunnable.java:30)
	at java.base/java.lang.Thread.run(Thread.java:829)
2026-02-22 03:05:31.518 - [WARN ] - esl
org.freeswitch.esl.client.inbound.InboundConnectionException: Could not connect to /61.158.166.43:8021
	at org.freeswitch.esl.client.inbound.Client.connect(Client.java:134)
	at cn.psycall.ccmgt.util.FreeSwitchManage.monitor(FreeSwitchManage.java:86)
	at cn.psycall.ccmgt.util.FreeSwitchManage.run(FreeSwitchManage.java:42)
Caused by: io.netty.channel.AbstractChannel$AnnotatedConnectException: Connection refused: /61.158.166.43:8021
Caused by: java.net.ConnectException: Connection refused
	at java.base/sun.nio.ch.SocketChannelImpl.checkConnect(Native Method)
	at java.base/sun.nio.ch.SocketChannelImpl.finishConnect(SocketChannelImpl.java:777)
	at io.netty.channel.socket.nio.NioSocketChannel.doFinishConnect(NioSocketChannel.java:330)
	at io.netty.channel.nio.AbstractNioChannel$AbstractNioUnsafe.finishConnect(AbstractNioChannel.java:334)
	at io.netty.channel.nio.NioEventLoop.processSelectedKey(NioEventLoop.java:707)
	at io.netty.channel.nio.NioEventLoop.processSelectedKeysOptimized(NioEventLoop.java:655)
	at io.netty.channel.nio.NioEventLoop.processSelectedKeys(NioEventLoop.java:581)
	at io.netty.channel.nio.NioEventLoop.run(NioEventLoop.java:493)
	at io.netty.util.concurrent.SingleThreadEventExecutor$4.run(SingleThreadEventExecutor.java:989)
	at io.netty.util.internal.ThreadExecutorMap$2.run(ThreadExecutorMap.java:74)
	at io.netty.util.concurrent.FastThreadLocalRunnable.run(FastThreadLocalRunnable.java:30)
	at java.base/java.lang.Thread.run(Thread.java:829)
2026-02-22 03:05:32.621 - [WARN ] - esl
org.freeswitch.esl.client.inbound.InboundConnectionException: Could not connect to /61.158.166.43:8021
	at org.freeswitch.esl.client.inbound.Client.connect(Client.java:134)
	at cn.psycall.ccmgt.util.FreeSwitchManage.monitor(FreeSwitchManage.java:86)
	at cn.psycall.ccmgt.util.FreeSwitchManage.run(FreeSwitchManage.java:42)
Caused by: io.netty.channel.AbstractChannel$AnnotatedConnectException: Connection refused: /61.158.166.43:8021
Caused by: java.net.ConnectException: Connection refused
	at java.base/sun.nio.ch.SocketChannelImpl.checkConnect(Native Method)
	at java.base/sun.nio.ch.SocketChannelImpl.finishConnect(SocketChannelImpl.java:777)
	at io.netty.channel.socket.nio.NioSocketChannel.doFinishConnect(NioSocketChannel.java:330)
	at io.netty.channel.nio.AbstractNioChannel$AbstractNioUnsafe.finishConnect(AbstractNioChannel.java:334)
	at io.netty.channel.nio.NioEventLoop.processSelectedKey(NioEventLoop.java:707)
	at io.netty.channel.nio.NioEventLoop.processSelectedKeysOptimized(NioEventLoop.java:655)
	at io.netty.channel.nio.NioEventLoop.processSelectedKeys(NioEventLoop.java:581)
	at io.netty.channel.nio.NioEventLoop.run(NioEventLoop.java:493)
	at io.netty.util.concurrent.SingleThreadEventExecutor$4.run(SingleThreadEventExecutor.java:989)
	at io.netty.util.internal.ThreadExecutorMap$2.run(ThreadExecutorMap.java:74)
	at io.netty.util.concurrent.FastThreadLocalRunnable.run(FastThreadLocalRunnable.java:30)
	at java.base/java.lang.Thread.run(Thread.java:829)
2026-02-22 03:05:33.718 - [WARN ] - esl
org.freeswitch.esl.client.inbound.InboundConnectionException: Could not connect to /61.158.166.43:8021
	at org.freeswitch.esl.client.inbound.Client.connect(Client.java:134)
	at cn.psycall.ccmgt.util.FreeSwitchManage.monitor(FreeSwitchManage.java:86)
	at cn.psycall.ccmgt.util.FreeSwitchManage.run(FreeSwitchManage.java:42)
Caused by: io.netty.channel.AbstractChannel$AnnotatedConnectException: Connection refused: /61.158.166.43:8021
Caused by: java.net.ConnectException: Connection refused
	at java.base/sun.nio.ch.SocketChannelImpl.checkConnect(Native Method)
	at java.base/sun.nio.ch.SocketChannelImpl.finishConnect(SocketChannelImpl.java:777)
	at io.netty.channel.socket.nio.NioSocketChannel.doFinishConnect(NioSocketChannel.java:330)
	at io.netty.channel.nio.AbstractNioChannel$AbstractNioUnsafe.finishConnect(AbstractNioChannel.java:334)
	at io.netty.channel.nio.NioEventLoop.processSelectedKey(NioEventLoop.java:707)
	at io.netty.channel.nio.NioEventLoop.processSelectedKeysOptimized(NioEventLoop.java:655)
	at io.netty.channel.nio.NioEventLoop.processSelectedKeys(NioEventLoop.java:581)
	at io.netty.channel.nio.NioEventLoop.run(NioEventLoop.java:493)
	at io.netty.util.concurrent.SingleThreadEventExecutor$4.run(SingleThreadEventExecutor.java:989)
	at io.netty.util.internal.ThreadExecutorMap$2.run(ThreadExecutorMap.java:74)
	at io.netty.util.concurrent.FastThreadLocalRunnable.run(FastThreadLocalRunnable.java:30)
	at java.base/java.lang.Thread.run(Thread.java:829)
2026-02-22 03:05:34.816 - [WARN ] - esl
org.freeswitch.esl.client.inbound.InboundConnectionException: Could not connect to /61.158.166.43:8021
	at org.freeswitch.esl.client.inbound.Client.connect(Client.java:134)
	at cn.psycall.ccmgt.util.FreeSwitchManage.monitor(FreeSwitchManage.java:86)
	at cn.psycall.ccmgt.util.FreeSwitchManage.run(FreeSwitchManage.java:42)
Caused by: io.netty.channel.AbstractChannel$AnnotatedConnectException: Connection refused: /61.158.166.43:8021
Caused by: java.net.ConnectException: Connection refused
	at java.base/sun.nio.ch.SocketChannelImpl.checkConnect(Native Method)
	at java.base/sun.nio.ch.SocketChannelImpl.finishConnect(SocketChannelImpl.java:777)
	at io.netty.channel.socket.nio.NioSocketChannel.doFinishConnect(NioSocketChannel.java:330)
	at io.netty.channel.nio.AbstractNioChannel$AbstractNioUnsafe.finishConnect(AbstractNioChannel.java:334)
	at io.netty.channel.nio.NioEventLoop.processSelectedKey(NioEventLoop.java:707)
	at io.netty.channel.nio.NioEventLoop.processSelectedKeysOptimized(NioEventLoop.java:655)
	at io.netty.channel.nio.NioEventLoop.processSelectedKeys(NioEventLoop.java:581)
	at io.netty.channel.nio.NioEventLoop.run(NioEventLoop.java:493)
	at io.netty.util.concurrent.SingleThreadEventExecutor$4.run(SingleThreadEventExecutor.java:989)
	at io.netty.util.internal.ThreadExecutorMap$2.run(ThreadExecutorMap.java:74)
	at io.netty.util.concurrent.FastThreadLocalRunnable.run(FastThreadLocalRunnable.java:30)
	at java.base/java.lang.Thread.run(Thread.java:829)
2026-02-22 03:05:35.912 - [WARN ] - esl
org.freeswitch.esl.client.inbound.InboundConnectionException: Could not connect to /61.158.166.43:8021
	at org.freeswitch.esl.client.inbound.Client.connect(Client.java:134)
	at cn.psycall.ccmgt.util.FreeSwitchManage.monitor(FreeSwitchManage.java:86)
	at cn.psycall.ccmgt.util.FreeSwitchManage.run(FreeSwitchManage.java:42)
Caused by: io.netty.channel.AbstractChannel$AnnotatedConnectException: Connection refused: /61.158.166.43:8021
Caused by: java.net.ConnectException: Connection refused
	at java.base/sun.nio.ch.SocketChannelImpl.checkConnect(Native Method)
	at java.base/sun.nio.ch.SocketChannelImpl.finishConnect(SocketChannelImpl.java:777)
	at io.netty.channel.socket.nio.NioSocketChannel.doFinishConnect(NioSocketChannel.java:330)
	at io.netty.channel.nio.AbstractNioChannel$AbstractNioUnsafe.finishConnect(AbstractNioChannel.java:334)
	at io.netty.channel.nio.NioEventLoop.processSelectedKey(NioEventLoop.java:707)
	at io.netty.channel.nio.NioEventLoop.processSelectedKeysOptimized(NioEventLoop.java:655)
	at io.netty.channel.nio.NioEventLoop.processSelectedKeys(NioEventLoop.java:581)
	at io.netty.channel.nio.NioEventLoop.run(NioEventLoop.java:493)
	at io.netty.util.concurrent.SingleThreadEventExecutor$4.run(SingleThreadEventExecutor.java:989)
	at io.netty.util.internal.ThreadExecutorMap$2.run(ThreadExecutorMap.java:74)
	at io.netty.util.concurrent.FastThreadLocalRunnable.run(FastThreadLocalRunnable.java:30)
	at java.base/java.lang.Thread.run(Thread.java:829)
2026-02-22 03:05:37.002 - [WARN ] - esl
org.freeswitch.esl.client.inbound.InboundConnectionException: Could not connect to /61.158.166.43:8021
	at org.freeswitch.esl.client.inbound.Client.connect(Client.java:134)
	at cn.psycall.ccmgt.util.FreeSwitchManage.monitor(FreeSwitchManage.java:86)
	at cn.psycall.ccmgt.util.FreeSwitchManage.run(FreeSwitchManage.java:42)
Caused by: io.netty.channel.AbstractChannel$AnnotatedConnectException: Connection refused: /61.158.166.43:8021
Caused by: java.net.ConnectException: Connection refused
	at java.base/sun.nio.ch.SocketChannelImpl.checkConnect(Native Method)
	at java.base/sun.nio.ch.SocketChannelImpl.finishConnect(SocketChannelImpl.java:777)
	at io.netty.channel.socket.nio.NioSocketChannel.doFinishConnect(NioSocketChannel.java:330)
	at io.netty.channel.nio.AbstractNioChannel$AbstractNioUnsafe.finishConnect(AbstractNioChannel.java:334)
	at io.netty.channel.nio.NioEventLoop.processSelectedKey(NioEventLoop.java:707)
	at io.netty.channel.nio.NioEventLoop.processSelectedKeysOptimized(NioEventLoop.java:655)
	at io.netty.channel.nio.NioEventLoop.processSelectedKeys(NioEventLoop.java:581)
	at io.netty.channel.nio.NioEventLoop.run(NioEventLoop.java:493)
	at io.netty.util.concurrent.SingleThreadEventExecutor$4.run(SingleThreadEventExecutor.java:989)
	at io.netty.util.internal.ThreadExecutorMap$2.run(ThreadExecutorMap.java:74)
	at io.netty.util.concurrent.FastThreadLocalRunnable.run(FastThreadLocalRunnable.java:30)
	at java.base/java.lang.Thread.run(Thread.java:829)
2026-02-22 03:05:38.083 - [WARN ] - esl
org.freeswitch.esl.client.inbound.InboundConnectionException: Could not connect to /61.158.166.43:8021
	at org.freeswitch.esl.client.inbound.Client.connect(Client.java:134)
	at cn.psycall.ccmgt.util.FreeSwitchManage.monitor(FreeSwitchManage.java:86)
	at cn.psycall.ccmgt.util.FreeSwitchManage.run(FreeSwitchManage.java:42)
Caused by: io.netty.channel.AbstractChannel$AnnotatedConnectException: Connection refused: /61.158.166.43:8021
Caused by: java.net.ConnectException: Connection refused
	at java.base/sun.nio.ch.SocketChannelImpl.checkConnect(Native Method)
	at java.base/sun.nio.ch.SocketChannelImpl.finishConnect(SocketChannelImpl.java:777)
	at io.netty.channel.socket.nio.NioSocketChannel.doFinishConnect(NioSocketChannel.java:330)
	at io.netty.channel.nio.AbstractNioChannel$AbstractNioUnsafe.finishConnect(AbstractNioChannel.java:334)
	at io.netty.channel.nio.NioEventLoop.processSelectedKey(NioEventLoop.java:707)
	at io.netty.channel.nio.NioEventLoop.processSelectedKeysOptimized(NioEventLoop.java:655)
	at io.netty.channel.nio.NioEventLoop.processSelectedKeys(NioEventLoop.java:581)
	at io.netty.channel.nio.NioEventLoop.run(NioEventLoop.java:493)
	at io.netty.util.concurrent.SingleThreadEventExecutor$4.run(SingleThreadEventExecutor.java:989)
	at io.netty.util.internal.ThreadExecutorMap$2.run(ThreadExecutorMap.java:74)
	at io.netty.util.concurrent.FastThreadLocalRunnable.run(FastThreadLocalRunnable.java:30)
	at java.base/java.lang.Thread.run(Thread.java:829)
2026-02-22 03:05:39.165 - [WARN ] - esl
org.freeswitch.esl.client.inbound.InboundConnectionException: Could not connect to /61.158.166.43:8021
	at org.freeswitch.esl.client.inbound.Client.connect(Client.java:134)
	at cn.psycall.ccmgt.util.FreeSwitchManage.monitor(FreeSwitchManage.java:86)
	at cn.psycall.ccmgt.util.FreeSwitchManage.run(FreeSwitchManage.java:42)
Caused by: io.netty.channel.AbstractChannel$AnnotatedConnectException: Connection refused: /61.158.166.43:8021
Caused by: java.net.ConnectException: Connection refused
	at java.base/sun.nio.ch.SocketChannelImpl.checkConnect(Native Method)
	at java.base/sun.nio.ch.SocketChannelImpl.finishConnect(SocketChannelImpl.java:777)
	at io.netty.channel.socket.nio.NioSocketChannel.doFinishConnect(NioSocketChannel.java:330)
	at io.netty.channel.nio.AbstractNioChannel$AbstractNioUnsafe.finishConnect(AbstractNioChannel.java:334)
	at io.netty.channel.nio.NioEventLoop.processSelectedKey(NioEventLoop.java:707)
	at io.netty.channel.nio.NioEventLoop.processSelectedKeysOptimized(NioEventLoop.java:655)
	at io.netty.channel.nio.NioEventLoop.processSelectedKeys(NioEventLoop.java:581)
	at io.netty.channel.nio.NioEventLoop.run(NioEventLoop.java:493)
	at io.netty.util.concurrent.SingleThreadEventExecutor$4.run(SingleThreadEventExecutor.java:989)
	at io.netty.util.internal.ThreadExecutorMap$2.run(ThreadExecutorMap.java:74)
	at io.netty.util.concurrent.FastThreadLocalRunnable.run(FastThreadLocalRunnable.java:30)
	at java.base/java.lang.Thread.run(Thread.java:829)
2026-02-22 03:05:40.251 - [WARN ] - esl
org.freeswitch.esl.client.inbound.InboundConnectionException: Could not connect to /61.158.166.43:8021
	at org.freeswitch.esl.client.inbound.Client.connect(Client.java:134)
	at cn.psycall.ccmgt.util.FreeSwitchManage.monitor(FreeSwitchManage.java:86)
	at cn.psycall.ccmgt.util.FreeSwitchManage.run(FreeSwitchManage.java:42)
Caused by: io.netty.channel.AbstractChannel$AnnotatedConnectException: Connection refused: /61.158.166.43:8021
Caused by: java.net.ConnectException: Connection refused
	at java.base/sun.nio.ch.SocketChannelImpl.checkConnect(Native Method)
	at java.base/sun.nio.ch.SocketChannelImpl.finishConnect(SocketChannelImpl.java:777)
	at io.netty.channel.socket.nio.NioSocketChannel.doFinishConnect(NioSocketChannel.java:330)
	at io.netty.channel.nio.AbstractNioChannel$AbstractNioUnsafe.finishConnect(AbstractNioChannel.java:334)
	at io.netty.channel.nio.NioEventLoop.processSelectedKey(NioEventLoop.java:707)
	at io.netty.channel.nio.NioEventLoop.processSelectedKeysOptimized(NioEventLoop.java:655)
	at io.netty.channel.nio.NioEventLoop.processSelectedKeys(NioEventLoop.java:581)
	at io.netty.channel.nio.NioEventLoop.run(NioEventLoop.java:493)
	at io.netty.util.concurrent.SingleThreadEventExecutor$4.run(SingleThreadEventExecutor.java:989)
	at io.netty.util.internal.ThreadExecutorMap$2.run(ThreadExecutorMap.java:74)
	at io.netty.util.concurrent.FastThreadLocalRunnable.run(FastThreadLocalRunnable.java:30)
	at java.base/java.lang.Thread.run(Thread.java:829)
2026-02-22 03:05:41.330 - [WARN ] - esl
org.freeswitch.esl.client.inbound.InboundConnectionException: Could not connect to /61.158.166.43:8021
	at org.freeswitch.esl.client.inbound.Client.connect(Client.java:134)
	at cn.psycall.ccmgt.util.FreeSwitchManage.monitor(FreeSwitchManage.java:86)
	at cn.psycall.ccmgt.util.FreeSwitchManage.run(FreeSwitchManage.java:42)
Caused by: io.netty.channel.AbstractChannel$AnnotatedConnectException: Connection refused: /61.158.166.43:8021
Caused by: java.net.ConnectException: Connection refused
	at java.base/sun.nio.ch.SocketChannelImpl.checkConnect(Native Method)
	at java.base/sun.nio.ch.SocketChannelImpl.finishConnect(SocketChannelImpl.java:777)
	at io.netty.channel.socket.nio.NioSocketChannel.doFinishConnect(NioSocketChannel.java:330)
	at io.netty.channel.nio.AbstractNioChannel$AbstractNioUnsafe.finishConnect(AbstractNioChannel.java:334)
	at io.netty.channel.nio.NioEventLoop.processSelectedKey(NioEventLoop.java:707)
	at io.netty.channel.nio.NioEventLoop.processSelectedKeysOptimized(NioEventLoop.java:655)
	at io.netty.channel.nio.NioEventLoop.processSelectedKeys(NioEventLoop.java:581)
	at io.netty.channel.nio.NioEventLoop.run(NioEventLoop.java:493)
	at io.netty.util.concurrent.SingleThreadEventExecutor$4.run(SingleThreadEventExecutor.java:989)
	at io.netty.util.internal.ThreadExecutorMap$2.run(ThreadExecutorMap.java:74)
	at io.netty.util.concurrent.FastThreadLocalRunnable.run(FastThreadLocalRunnable.java:30)
	at java.base/java.lang.Thread.run(Thread.java:829)
2026-02-22 03:05:42.411 - [WARN ] - esl
org.freeswitch.esl.client.inbound.InboundConnectionException: Could not connect to /61.158.166.43:8021
	at org.freeswitch.esl.client.inbound.Client.connect(Client.java:134)
	at cn.psycall.ccmgt.util.FreeSwitchManage.monitor(FreeSwitchManage.java:86)
	at cn.psycall.ccmgt.util.FreeSwitchManage.run(FreeSwitchManage.java:42)
Caused by: io.netty.channel.AbstractChannel$AnnotatedConnectException: Connection refused: /61.158.166.43:8021
Caused by: java.net.ConnectException: Connection refused
	at java.base/sun.nio.ch.SocketChannelImpl.checkConnect(Native Method)
	at java.base/sun.nio.ch.SocketChannelImpl.finishConnect(SocketChannelImpl.java:777)
	at io.netty.channel.socket.nio.NioSocketChannel.doFinishConnect(NioSocketChannel.java:330)
	at io.netty.channel.nio.AbstractNioChannel$AbstractNioUnsafe.finishConnect(AbstractNioChannel.java:334)
	at io.netty.channel.nio.NioEventLoop.processSelectedKey(NioEventLoop.java:707)
	at io.netty.channel.nio.NioEventLoop.processSelectedKeysOptimized(NioEventLoop.java:655)
	at io.netty.channel.nio.NioEventLoop.processSelectedKeys(NioEventLoop.java:581)
	at io.netty.channel.nio.NioEventLoop.run(NioEventLoop.java:493)
	at io.netty.util.concurrent.SingleThreadEventExecutor$4.run(SingleThreadEventExecutor.java:989)
	at io.netty.util.internal.ThreadExecutorMap$2.run(ThreadExecutorMap.java:74)
	at io.netty.util.concurrent.FastThreadLocalRunnable.run(FastThreadLocalRunnable.java:30)
	at java.base/java.lang.Thread.run(Thread.java:829)
2026-02-22 03:05:42.418 - [INFO ] - ESL Client Disconnect ..(61.158.166.44:8021)
2026-02-22 03:05:43.652 - [WARN ] - esl
org.freeswitch.esl.client.inbound.InboundConnectionException: Could not connect to /61.158.166.43:8021
	at org.freeswitch.esl.client.inbound.Client.connect(Client.java:134)
	at cn.psycall.ccmgt.util.FreeSwitchManage.monitor(FreeSwitchManage.java:86)
	at cn.psycall.ccmgt.util.FreeSwitchManage.run(FreeSwitchManage.java:42)
Caused by: io.netty.channel.AbstractChannel$AnnotatedConnectException: Connection refused: /61.158.166.43:8021
Caused by: java.net.ConnectException: Connection refused
	at java.base/sun.nio.ch.SocketChannelImpl.checkConnect(Native Method)
	at java.base/sun.nio.ch.SocketChannelImpl.finishConnect(SocketChannelImpl.java:777)
	at io.netty.channel.socket.nio.NioSocketChannel.doFinishConnect(NioSocketChannel.java:330)
	at io.netty.channel.nio.AbstractNioChannel$AbstractNioUnsafe.finishConnect(AbstractNioChannel.java:334)
	at io.netty.channel.nio.NioEventLoop.processSelectedKey(NioEventLoop.java:707)
	at io.netty.channel.nio.NioEventLoop.processSelectedKeysOptimized(NioEventLoop.java:655)
	at io.netty.channel.nio.NioEventLoop.processSelectedKeys(NioEventLoop.java:581)
	at io.netty.channel.nio.NioEventLoop.run(NioEventLoop.java:493)
	at io.netty.util.concurrent.SingleThreadEventExecutor$4.run(SingleThreadEventExecutor.java:989)
	at io.netty.util.internal.ThreadExecutorMap$2.run(ThreadExecutorMap.java:74)
	at io.netty.util.concurrent.FastThreadLocalRunnable.run(FastThreadLocalRunnable.java:30)
	at java.base/java.lang.Thread.run(Thread.java:829)
2026-02-22 03:05:43.776 - [WARN ] - esl
org.freeswitch.esl.client.inbound.InboundConnectionException: Could not connect to /61.158.166.44:8021
	at org.freeswitch.esl.client.inbound.Client.connect(Client.java:134)
	at cn.psycall.ccmgt.util.FreeSwitchManage.monitor(FreeSwitchManage.java:86)
	at cn.psycall.ccmgt.util.FreeSwitchManage.run(FreeSwitchManage.java:42)
Caused by: io.netty.channel.AbstractChannel$AnnotatedConnectException: Connection refused: /61.158.166.44:8021
Caused by: java.net.ConnectException: Connection refused
	at java.base/sun.nio.ch.SocketChannelImpl.checkConnect(Native Method)
	at java.base/sun.nio.ch.SocketChannelImpl.finishConnect(SocketChannelImpl.java:777)
	at io.netty.channel.socket.nio.NioSocketChannel.doFinishConnect(NioSocketChannel.java:330)
	at io.netty.channel.nio.AbstractNioChannel$AbstractNioUnsafe.finishConnect(AbstractNioChannel.java:334)
	at io.netty.channel.nio.NioEventLoop.processSelectedKey(NioEventLoop.java:707)
	at io.netty.channel.nio.NioEventLoop.processSelectedKeysOptimized(NioEventLoop.java:655)
	at io.netty.channel.nio.NioEventLoop.processSelectedKeys(NioEventLoop.java:581)
	at io.netty.channel.nio.NioEventLoop.run(NioEventLoop.java:493)
	at io.netty.util.concurrent.SingleThreadEventExecutor$4.run(SingleThreadEventExecutor.java:989)
	at io.netty.util.internal.ThreadExecutorMap$2.run(ThreadExecutorMap.java:74)
	at io.netty.util.concurrent.FastThreadLocalRunnable.run(FastThreadLocalRunnable.java:30)
	at java.base/java.lang.Thread.run(Thread.java:829)
2026-02-22 03:05:44.860 - [WARN ] - esl
org.freeswitch.esl.client.inbound.InboundConnectionException: Could not connect to /61.158.166.43:8021
	at org.freeswitch.esl.client.inbound.Client.connect(Client.java:134)
	at cn.psycall.ccmgt.util.FreeSwitchManage.monitor(FreeSwitchManage.java:86)
	at cn.psycall.ccmgt.util.FreeSwitchManage.run(FreeSwitchManage.java:42)
Caused by: io.netty.channel.AbstractChannel$AnnotatedConnectException: Connection refused: /61.158.166.43:8021
Caused by: java.net.ConnectException: Connection refused
	at java.base/sun.nio.ch.SocketChannelImpl.checkConnect(Native Method)
	at java.base/sun.nio.ch.SocketChannelImpl.finishConnect(SocketChannelImpl.java:777)
	at io.netty.channel.socket.nio.NioSocketChannel.doFinishConnect(NioSocketChannel.java:330)
	at io.netty.channel.nio.AbstractNioChannel$AbstractNioUnsafe.finishConnect(AbstractNioChannel.java:334)
	at io.netty.channel.nio.NioEventLoop.processSelectedKey(NioEventLoop.java:707)
	at io.netty.channel.nio.NioEventLoop.processSelectedKeysOptimized(NioEventLoop.java:655)
	at io.netty.channel.nio.NioEventLoop.processSelectedKeys(NioEventLoop.java:581)
	at io.netty.channel.nio.NioEventLoop.run(NioEventLoop.java:493)
	at io.netty.util.concurrent.SingleThreadEventExecutor$4.run(SingleThreadEventExecutor.java:989)
	at io.netty.util.internal.ThreadExecutorMap$2.run(ThreadExecutorMap.java:74)
	at io.netty.util.concurrent.FastThreadLocalRunnable.run(FastThreadLocalRunnable.java:30)
	at java.base/java.lang.Thread.run(Thread.java:829)
2026-02-22 03:05:44.946 - [WARN ] - esl
org.freeswitch.esl.client.inbound.InboundConnectionException: Could not connect to /61.158.166.44:8021
	at org.freeswitch.esl.client.inbound.Client.connect(Client.java:134)
	at cn.psycall.ccmgt.util.FreeSwitchManage.monitor(FreeSwitchManage.java:86)
	at cn.psycall.ccmgt.util.FreeSwitchManage.run(FreeSwitchManage.java:42)
Caused by: io.netty.channel.AbstractChannel$AnnotatedConnectException: Connection refused: /61.158.166.44:8021
Caused by: java.net.ConnectException: Connection refused
	at java.base/sun.nio.ch.SocketChannelImpl.checkConnect(Native Method)
	at java.base/sun.nio.ch.SocketChannelImpl.finishConnect(SocketChannelImpl.java:777)
	at io.netty.channel.socket.nio.NioSocketChannel.doFinishConnect(NioSocketChannel.java:330)
	at io.netty.channel.nio.AbstractNioChannel$AbstractNioUnsafe.finishConnect(AbstractNioChannel.java:334)
	at io.netty.channel.nio.NioEventLoop.processSelectedKey(NioEventLoop.java:707)
	at io.netty.channel.nio.NioEventLoop.processSelectedKeysOptimized(NioEventLoop.java:655)
	at io.netty.channel.nio.NioEventLoop.processSelectedKeys(NioEventLoop.java:581)
	at io.netty.channel.nio.NioEventLoop.run(NioEventLoop.java:493)
	at io.netty.util.concurrent.SingleThreadEventExecutor$4.run(SingleThreadEventExecutor.java:989)
	at io.netty.util.internal.ThreadExecutorMap$2.run(ThreadExecutorMap.java:74)
	at io.netty.util.concurrent.FastThreadLocalRunnable.run(FastThreadLocalRunnable.java:30)
	at java.base/java.lang.Thread.run(Thread.java:829)
2026-02-22 03:05:46.017 - [WARN ] - esl
org.freeswitch.esl.client.inbound.InboundConnectionException: Could not connect to /61.158.166.43:8021
	at org.freeswitch.esl.client.inbound.Client.connect(Client.java:134)
	at cn.psycall.ccmgt.util.FreeSwitchManage.monitor(FreeSwitchManage.java:86)
	at cn.psycall.ccmgt.util.FreeSwitchManage.run(FreeSwitchManage.java:42)
Caused by: io.netty.channel.AbstractChannel$AnnotatedConnectException: Connection refused: /61.158.166.43:8021
Caused by: java.net.ConnectException: Connection refused
	at java.base/sun.nio.ch.SocketChannelImpl.checkConnect(Native Method)
	at java.base/sun.nio.ch.SocketChannelImpl.finishConnect(SocketChannelImpl.java:777)
	at io.netty.channel.socket.nio.NioSocketChannel.doFinishConnect(NioSocketChannel.java:330)
	at io.netty.channel.nio.AbstractNioChannel$AbstractNioUnsafe.finishConnect(AbstractNioChannel.java:334)
	at io.netty.channel.nio.NioEventLoop.processSelectedKey(NioEventLoop.java:707)
	at io.netty.channel.nio.NioEventLoop.processSelectedKeysOptimized(NioEventLoop.java:655)
	at io.netty.channel.nio.NioEventLoop.processSelectedKeys(NioEventLoop.java:581)
	at io.netty.channel.nio.NioEventLoop.run(NioEventLoop.java:493)
	at io.netty.util.concurrent.SingleThreadEventExecutor$4.run(SingleThreadEventExecutor.java:989)
	at io.netty.util.internal.ThreadExecutorMap$2.run(ThreadExecutorMap.java:74)
	at io.netty.util.concurrent.FastThreadLocalRunnable.run(FastThreadLocalRunnable.java:30)
	at java.base/java.lang.Thread.run(Thread.java:829)
2026-02-22 03:05:51.390 - [WARN ] - esl
org.freeswitch.esl.client.inbound.InboundConnectionException: Could not connect to /61.158.166.44:8021
	at org.freeswitch.esl.client.inbound.Client.connect(Client.java:134)
	at cn.psycall.ccmgt.util.FreeSwitchManage.monitor(FreeSwitchManage.java:86)
	at cn.psycall.ccmgt.util.FreeSwitchManage.run(FreeSwitchManage.java:42)
Caused by: io.netty.channel.AbstractChannel$AnnotatedConnectException: Connection refused: /61.158.166.44:8021
Caused by: java.net.ConnectException: Connection refused
	at java.base/sun.nio.ch.SocketChannelImpl.checkConnect(Native Method)
	at java.base/sun.nio.ch.SocketChannelImpl.finishConnect(SocketChannelImpl.java:777)
	at io.netty.channel.socket.nio.NioSocketChannel.doFinishConnect(NioSocketChannel.java:330)
	at io.netty.channel.nio.AbstractNioChannel$AbstractNioUnsafe.finishConnect(AbstractNioChannel.java:334)
	at io.netty.channel.nio.NioEventLoop.processSelectedKey(NioEventLoop.java:707)
	at io.netty.channel.nio.NioEventLoop.processSelectedKeysOptimized(NioEventLoop.java:655)
	at io.netty.channel.nio.NioEventLoop.processSelectedKeys(NioEventLoop.java:581)
	at io.netty.channel.nio.NioEventLoop.run(NioEventLoop.java:493)
	at io.netty.util.concurrent.SingleThreadEventExecutor$4.run(SingleThreadEventExecutor.java:989)
	at io.netty.util.internal.ThreadExecutorMap$2.run(ThreadExecutorMap.java:74)
	at io.netty.util.concurrent.FastThreadLocalRunnable.run(FastThreadLocalRunnable.java:30)
	at java.base/java.lang.Thread.run(Thread.java:829)
2026-02-22 03:05:52.480 - [WARN ] - esl
org.freeswitch.esl.client.inbound.InboundConnectionException: Could not connect to /61.158.166.43:8021
	at org.freeswitch.esl.client.inbound.Client.connect(Client.java:134)
	at cn.psycall.ccmgt.util.FreeSwitchManage.monitor(FreeSwitchManage.java:86)
	at cn.psycall.ccmgt.util.FreeSwitchManage.run(FreeSwitchManage.java:42)
Caused by: io.netty.channel.AbstractChannel$AnnotatedConnectException: Connection refused: /61.158.166.43:8021
Caused by: java.net.ConnectException: Connection refused
	at java.base/sun.nio.ch.SocketChannelImpl.checkConnect(Native Method)
	at java.base/sun.nio.ch.SocketChannelImpl.finishConnect(SocketChannelImpl.java:777)
	at io.netty.channel.socket.nio.NioSocketChannel.doFinishConnect(NioSocketChannel.java:330)
	at io.netty.channel.nio.AbstractNioChannel$AbstractNioUnsafe.finishConnect(AbstractNioChannel.java:334)
	at io.netty.channel.nio.NioEventLoop.processSelectedKey(NioEventLoop.java:707)
	at io.netty.channel.nio.NioEventLoop.processSelectedKeysOptimized(NioEventLoop.java:655)
	at io.netty.channel.nio.NioEventLoop.processSelectedKeys(NioEventLoop.java:581)
	at io.netty.channel.nio.NioEventLoop.run(NioEventLoop.java:493)
	at io.netty.util.concurrent.SingleThreadEventExecutor$4.run(SingleThreadEventExecutor.java:989)
	at io.netty.util.internal.ThreadExecutorMap$2.run(ThreadExecutorMap.java:74)
	at io.netty.util.concurrent.FastThreadLocalRunnable.run(FastThreadLocalRunnable.java:30)
	at java.base/java.lang.Thread.run(Thread.java:829)
2026-02-22 03:05:52.568 - [WARN ] - esl
org.freeswitch.esl.client.inbound.InboundConnectionException: Could not connect to /61.158.166.44:8021
	at org.freeswitch.esl.client.inbound.Client.connect(Client.java:134)
	at cn.psycall.ccmgt.util.FreeSwitchManage.monitor(FreeSwitchManage.java:86)
	at cn.psycall.ccmgt.util.FreeSwitchManage.run(FreeSwitchManage.java:42)
Caused by: io.netty.channel.AbstractChannel$AnnotatedConnectException: Connection refused: /61.158.166.44:8021
Caused by: java.net.ConnectException: Connection refused
	at java.base/sun.nio.ch.SocketChannelImpl.checkConnect(Native Method)
	at java.base/sun.nio.ch.SocketChannelImpl.finishConnect(SocketChannelImpl.java:777)
	at io.netty.channel.socket.nio.NioSocketChannel.doFinishConnect(NioSocketChannel.java:330)
	at io.netty.channel.nio.AbstractNioChannel$AbstractNioUnsafe.finishConnect(AbstractNioChannel.java:334)
	at io.netty.channel.nio.NioEventLoop.processSelectedKey(NioEventLoop.java:707)
	at io.netty.channel.nio.NioEventLoop.processSelectedKeysOptimized(NioEventLoop.java:655)
	at io.netty.channel.nio.NioEventLoop.processSelectedKeys(NioEventLoop.java:581)
	at io.netty.channel.nio.NioEventLoop.run(NioEventLoop.java:493)
	at io.netty.util.concurrent.SingleThreadEventExecutor$4.run(SingleThreadEventExecutor.java:989)
	at io.netty.util.internal.ThreadExecutorMap$2.run(ThreadExecutorMap.java:74)
	at io.netty.util.concurrent.FastThreadLocalRunnable.run(FastThreadLocalRunnable.java:30)
	at java.base/java.lang.Thread.run(Thread.java:829)
2026-02-22 03:05:53.882 - [WARN ] - conn_rabbit_mq
org.springframework.web.client.ResourceAccessException: I/O error on POST request for "http://61.158.166.43:8888/command/conn_rabbit_mq": Connect to 61.158.166.43:8888 [/61.158.166.43] failed: Connection refused (Connection refused); nested exception is org.apache.http.conn.HttpHostConnectException: Connect to 61.158.166.43:8888 [/61.158.166.43] failed: Connection refused (Connection refused)
	at org.springframework.web.client.RestTemplate.doExecute(RestTemplate.java:791)
	at org.springframework.web.client.RestTemplate.execute(RestTemplate.java:717)
	at org.springframework.web.client.RestTemplate.exchange(RestTemplate.java:608)
	at cn.psycall.ccmgt.util.FreeSwitchManage.conn_rabbit_mq(FreeSwitchManage.java:272)
	at cn.psycall.ccmgt.util.FreeSwitchManage.monitor(FreeSwitchManage.java:89)
	at cn.psycall.ccmgt.util.FreeSwitchManage.run(FreeSwitchManage.java:42)
Caused by: org.apache.http.conn.HttpHostConnectException: Connect to 61.158.166.43:8888 [/61.158.166.43] failed: Connection refused (Connection refused)
	at org.apache.http.impl.conn.DefaultHttpClientConnectionOperator.connect(DefaultHttpClientConnectionOperator.java:156)
	at org.apache.http.impl.conn.PoolingHttpClientConnectionManager.connect(PoolingHttpClientConnectionManager.java:376)
	at org.apache.http.impl.execchain.MainClientExec.establishRoute(MainClientExec.java:393)
	at org.apache.http.impl.execchain.MainClientExec.execute(MainClientExec.java:236)
	at org.apache.http.impl.execchain.ProtocolExec.execute(ProtocolExec.java:186)
	at org.apache.http.impl.execchain.RetryExec.execute(RetryExec.java:89)
	at org.apache.http.impl.execchain.RedirectExec.execute(RedirectExec.java:110)
	at org.apache.http.impl.client.InternalHttpClient.doExecute(InternalHttpClient.java:185)
	at org.apache.http.impl.client.CloseableHttpClient.execute(CloseableHttpClient.java:83)
	at org.apache.http.impl.client.CloseableHttpClient.execute(CloseableHttpClient.java:56)
	at org.springframework.http.client.HttpComponentsClientHttpRequest.executeInternal(HttpComponentsClientHttpRequest.java:87)
	at org.springframework.http.client.AbstractBufferingClientHttpRequest.executeInternal(AbstractBufferingClientHttpRequest.java:48)
	at org.springframework.http.client.AbstractClientHttpRequest.execute(AbstractClientHttpRequest.java:66)
	at org.springframework.web.client.RestTemplate.doExecute(RestTemplate.java:782)
	... 5 common frames omitted
Caused by: java.net.ConnectException: Connection refused (Connection refused)
	at java.base/java.net.PlainSocketImpl.socketConnect(Native Method)
	at java.base/java.net.AbstractPlainSocketImpl.doConnect(AbstractPlainSocketImpl.java:412)
	at java.base/java.net.AbstractPlainSocketImpl.connectToAddress(AbstractPlainSocketImpl.java:255)
	at java.base/java.net.AbstractPlainSocketImpl.connect(AbstractPlainSocketImpl.java:237)
	at java.base/java.net.SocksSocketImpl.connect(SocksSocketImpl.java:392)
	at java.base/java.net.Socket.connect(Socket.java:609)
	at org.apache.http.conn.socket.PlainConnectionSocketFactory.connectSocket(PlainConnectionSocketFactory.java:75)
	at org.apache.http.impl.conn.DefaultHttpClientConnectionOperator.connect(DefaultHttpClientConnectionOperator.java:142)
	... 18 common frames omitted
2026-02-22 03:05:53.982 - [WARN ] - esl
org.freeswitch.esl.client.inbound.InboundConnectionException: Could not connect to /61.158.166.44:8021
	at org.freeswitch.esl.client.inbound.Client.connect(Client.java:134)
	at cn.psycall.ccmgt.util.FreeSwitchManage.monitor(FreeSwitchManage.java:86)
	at cn.psycall.ccmgt.util.FreeSwitchManage.run(FreeSwitchManage.java:42)
Caused by: io.netty.channel.AbstractChannel$AnnotatedConnectException: Connection refused: /61.158.166.44:8021
Caused by: java.net.ConnectException: Connection refused
	at java.base/sun.nio.ch.SocketChannelImpl.checkConnect(Native Method)
	at java.base/sun.nio.ch.SocketChannelImpl.finishConnect(SocketChannelImpl.java:777)
	at io.netty.channel.socket.nio.NioSocketChannel.doFinishConnect(NioSocketChannel.java:330)
	at io.netty.channel.nio.AbstractNioChannel$AbstractNioUnsafe.finishConnect(AbstractNioChannel.java:334)
	at io.netty.channel.nio.NioEventLoop.processSelectedKey(NioEventLoop.java:707)
	at io.netty.channel.nio.NioEventLoop.processSelectedKeysOptimized(NioEventLoop.java:655)
	at io.netty.channel.nio.NioEventLoop.processSelectedKeys(NioEventLoop.java:581)
	at io.netty.channel.nio.NioEventLoop.run(NioEventLoop.java:493)
	at io.netty.util.concurrent.SingleThreadEventExecutor$4.run(SingleThreadEventExecutor.java:989)
	at io.netty.util.internal.ThreadExecutorMap$2.run(ThreadExecutorMap.java:74)
	at io.netty.util.concurrent.FastThreadLocalRunnable.run(FastThreadLocalRunnable.java:30)
	at java.base/java.lang.Thread.run(Thread.java:829)
2026-02-22 03:05:55.268 - [WARN ] - conn_rabbit_mq
org.springframework.web.client.ResourceAccessException: I/O error on POST request for "http://61.158.166.43:8888/command/conn_rabbit_mq": Connect to 61.158.166.43:8888 [/61.158.166.43] failed: Connection refused (Connection refused); nested exception is org.apache.http.conn.HttpHostConnectException: Connect to 61.158.166.43:8888 [/61.158.166.43] failed: Connection refused (Connection refused)
	at org.springframework.web.client.RestTemplate.doExecute(RestTemplate.java:791)
	at org.springframework.web.client.RestTemplate.execute(RestTemplate.java:717)
	at org.springframework.web.client.RestTemplate.exchange(RestTemplate.java:608)
	at cn.psycall.ccmgt.util.FreeSwitchManage.conn_rabbit_mq(FreeSwitchManage.java:272)
	at cn.psycall.ccmgt.util.FreeSwitchManage.monitor(FreeSwitchManage.java:89)
	at cn.psycall.ccmgt.util.FreeSwitchManage.run(FreeSwitchManage.java:42)
Caused by: org.apache.http.conn.HttpHostConnectException: Connect to 61.158.166.43:8888 [/61.158.166.43] failed: Connection refused (Connection refused)
	at org.apache.http.impl.conn.DefaultHttpClientConnectionOperator.connect(DefaultHttpClientConnectionOperator.java:156)
	at org.apache.http.impl.conn.PoolingHttpClientConnectionManager.connect(PoolingHttpClientConnectionManager.java:376)
	at org.apache.http.impl.execchain.MainClientExec.establishRoute(MainClientExec.java:393)
	at org.apache.http.impl.execchain.MainClientExec.execute(MainClientExec.java:236)
	at org.apache.http.impl.execchain.ProtocolExec.execute(ProtocolExec.java:186)
	at org.apache.http.impl.execchain.RetryExec.execute(RetryExec.java:89)
	at org.apache.http.impl.execchain.RedirectExec.execute(RedirectExec.java:110)
	at org.apache.http.impl.client.InternalHttpClient.doExecute(InternalHttpClient.java:185)
	at org.apache.http.impl.client.CloseableHttpClient.execute(CloseableHttpClient.java:83)
	at org.apache.http.impl.client.CloseableHttpClient.execute(CloseableHttpClient.java:56)
	at org.springframework.http.client.HttpComponentsClientHttpRequest.executeInternal(HttpComponentsClientHttpRequest.java:87)
	at org.springframework.http.client.AbstractBufferingClientHttpRequest.executeInternal(AbstractBufferingClientHttpRequest.java:48)
	at org.springframework.http.client.AbstractClientHttpRequest.execute(AbstractClientHttpRequest.java:66)
	at org.springframework.web.client.RestTemplate.doExecute(RestTemplate.java:782)
	... 5 common frames omitted
Caused by: java.net.ConnectException: Connection refused (Connection refused)
	at java.base/java.net.PlainSocketImpl.socketConnect(Native Method)
	at java.base/java.net.AbstractPlainSocketImpl.doConnect(AbstractPlainSocketImpl.java:412)
	at java.base/java.net.AbstractPlainSocketImpl.connectToAddress(AbstractPlainSocketImpl.java:255)
	at java.base/java.net.AbstractPlainSocketImpl.connect(AbstractPlainSocketImpl.java:237)
	at java.base/java.net.SocksSocketImpl.connect(SocksSocketImpl.java:392)
	at java.base/java.net.Socket.connect(Socket.java:609)
	at org.apache.http.conn.socket.PlainConnectionSocketFactory.connectSocket(PlainConnectionSocketFactory.java:75)
	at org.apache.http.impl.conn.DefaultHttpClientConnectionOperator.connect(DefaultHttpClientConnectionOperator.java:142)
	... 18 common frames omitted
2026-02-22 03:05:55.358 - [WARN ] - esl
org.freeswitch.esl.client.inbound.InboundConnectionException: Could not connect to /61.158.166.44:8021
	at org.freeswitch.esl.client.inbound.Client.connect(Client.java:134)
	at cn.psycall.ccmgt.util.FreeSwitchManage.monitor(FreeSwitchManage.java:86)
	at cn.psycall.ccmgt.util.FreeSwitchManage.run(FreeSwitchManage.java:42)
Caused by: io.netty.channel.AbstractChannel$AnnotatedConnectException: Connection refused: /61.158.166.44:8021
Caused by: java.net.ConnectException: Connection refused
	at java.base/sun.nio.ch.SocketChannelImpl.checkConnect(Native Method)
	at java.base/sun.nio.ch.SocketChannelImpl.finishConnect(SocketChannelImpl.java:777)
	at io.netty.channel.socket.nio.NioSocketChannel.doFinishConnect(NioSocketChannel.java:330)
	at io.netty.channel.nio.AbstractNioChannel$AbstractNioUnsafe.finishConnect(AbstractNioChannel.java:334)
	at io.netty.channel.nio.NioEventLoop.processSelectedKey(NioEventLoop.java:707)
	at io.netty.channel.nio.NioEventLoop.processSelectedKeysOptimized(NioEventLoop.java:655)
	at io.netty.channel.nio.NioEventLoop.processSelectedKeys(NioEventLoop.java:581)
	at io.netty.channel.nio.NioEventLoop.run(NioEventLoop.java:493)
	at io.netty.util.concurrent.SingleThreadEventExecutor$4.run(SingleThreadEventExecutor.java:989)
	at io.netty.util.internal.ThreadExecutorMap$2.run(ThreadExecutorMap.java:74)
	at io.netty.util.concurrent.FastThreadLocalRunnable.run(FastThreadLocalRunnable.java:30)
	at java.base/java.lang.Thread.run(Thread.java:829)
2026-02-22 03:05:56.935 - [WARN ] - esl
org.freeswitch.esl.client.inbound.InboundConnectionException: Could not connect to /61.158.166.44:8021
	at org.freeswitch.esl.client.inbound.Client.connect(Client.java:134)
	at cn.psycall.ccmgt.util.FreeSwitchManage.monitor(FreeSwitchManage.java:86)
	at cn.psycall.ccmgt.util.FreeSwitchManage.run(FreeSwitchManage.java:42)
Caused by: io.netty.channel.AbstractChannel$AnnotatedConnectException: Connection refused: /61.158.166.44:8021
Caused by: java.net.ConnectException: Connection refused
	at java.base/sun.nio.ch.SocketChannelImpl.checkConnect(Native Method)
	at java.base/sun.nio.ch.SocketChannelImpl.finishConnect(SocketChannelImpl.java:777)
	at io.netty.channel.socket.nio.NioSocketChannel.doFinishConnect(NioSocketChannel.java:330)
	at io.netty.channel.nio.AbstractNioChannel$AbstractNioUnsafe.finishConnect(AbstractNioChannel.java:334)
	at io.netty.channel.nio.NioEventLoop.processSelectedKey(NioEventLoop.java:707)
	at io.netty.channel.nio.NioEventLoop.processSelectedKeysOptimized(NioEventLoop.java:655)
	at io.netty.channel.nio.NioEventLoop.processSelectedKeys(NioEventLoop.java:581)
	at io.netty.channel.nio.NioEventLoop.run(NioEventLoop.java:493)
	at io.netty.util.concurrent.SingleThreadEventExecutor$4.run(SingleThreadEventExecutor.java:989)
	at io.netty.util.internal.ThreadExecutorMap$2.run(ThreadExecutorMap.java:74)
	at io.netty.util.concurrent.FastThreadLocalRunnable.run(FastThreadLocalRunnable.java:30)
	at java.base/java.lang.Thread.run(Thread.java:829)
2026-02-22 03:05:58.305 - [WARN ] - esl
org.freeswitch.esl.client.inbound.InboundConnectionException: Could not connect to /61.158.166.44:8021
	at org.freeswitch.esl.client.inbound.Client.connect(Client.java:134)
	at cn.psycall.ccmgt.util.FreeSwitchManage.monitor(FreeSwitchManage.java:86)
	at cn.psycall.ccmgt.util.FreeSwitchManage.run(FreeSwitchManage.java:42)
Caused by: io.netty.channel.AbstractChannel$AnnotatedConnectException: Connection refused: /61.158.166.44:8021
Caused by: java.net.ConnectException: Connection refused
	at java.base/sun.nio.ch.SocketChannelImpl.checkConnect(Native Method)
	at java.base/sun.nio.ch.SocketChannelImpl.finishConnect(SocketChannelImpl.java:777)
	at io.netty.channel.socket.nio.NioSocketChannel.doFinishConnect(NioSocketChannel.java:330)
	at io.netty.channel.nio.AbstractNioChannel$AbstractNioUnsafe.finishConnect(AbstractNioChannel.java:334)
	at io.netty.channel.nio.NioEventLoop.processSelectedKey(NioEventLoop.java:707)
	at io.netty.channel.nio.NioEventLoop.processSelectedKeysOptimized(NioEventLoop.java:655)
	at io.netty.channel.nio.NioEventLoop.processSelectedKeys(NioEventLoop.java:581)
	at io.netty.channel.nio.NioEventLoop.run(NioEventLoop.java:493)
	at io.netty.util.concurrent.SingleThreadEventExecutor$4.run(SingleThreadEventExecutor.java:989)
	at io.netty.util.internal.ThreadExecutorMap$2.run(ThreadExecutorMap.java:74)
	at io.netty.util.concurrent.FastThreadLocalRunnable.run(FastThreadLocalRunnable.java:30)
	at java.base/java.lang.Thread.run(Thread.java:829)
2026-02-22 03:05:59.683 - [WARN ] - esl
org.freeswitch.esl.client.inbound.InboundConnectionException: Could not connect to /61.158.166.44:8021
	at org.freeswitch.esl.client.inbound.Client.connect(Client.java:134)
	at cn.psycall.ccmgt.util.FreeSwitchManage.monitor(FreeSwitchManage.java:86)
	at cn.psycall.ccmgt.util.FreeSwitchManage.run(FreeSwitchManage.java:42)
Caused by: io.netty.channel.AbstractChannel$AnnotatedConnectException: Connection refused: /61.158.166.44:8021
Caused by: java.net.ConnectException: Connection refused
	at java.base/sun.nio.ch.SocketChannelImpl.checkConnect(Native Method)
	at java.base/sun.nio.ch.SocketChannelImpl.finishConnect(SocketChannelImpl.java:777)
	at io.netty.channel.socket.nio.NioSocketChannel.doFinishConnect(NioSocketChannel.java:330)
	at io.netty.channel.nio.AbstractNioChannel$AbstractNioUnsafe.finishConnect(AbstractNioChannel.java:334)
	at io.netty.channel.nio.NioEventLoop.processSelectedKey(NioEventLoop.java:707)
	at io.netty.channel.nio.NioEventLoop.processSelectedKeysOptimized(NioEventLoop.java:655)
	at io.netty.channel.nio.NioEventLoop.processSelectedKeys(NioEventLoop.java:581)
	at io.netty.channel.nio.NioEventLoop.run(NioEventLoop.java:493)
	at io.netty.util.concurrent.SingleThreadEventExecutor$4.run(SingleThreadEventExecutor.java:989)
	at io.netty.util.internal.ThreadExecutorMap$2.run(ThreadExecutorMap.java:74)
	at io.netty.util.concurrent.FastThreadLocalRunnable.run(FastThreadLocalRunnable.java:30)
	at java.base/java.lang.Thread.run(Thread.java:829)
2026-02-22 03:06:01.072 - [WARN ] - esl
org.freeswitch.esl.client.inbound.InboundConnectionException: Could not connect to /61.158.166.44:8021
	at org.freeswitch.esl.client.inbound.Client.connect(Client.java:134)
	at cn.psycall.ccmgt.util.FreeSwitchManage.monitor(FreeSwitchManage.java:86)
	at cn.psycall.ccmgt.util.FreeSwitchManage.run(FreeSwitchManage.java:42)
Caused by: io.netty.channel.AbstractChannel$AnnotatedConnectException: Connection refused: /61.158.166.44:8021
Caused by: java.net.ConnectException: Connection refused
	at java.base/sun.nio.ch.SocketChannelImpl.checkConnect(Native Method)
	at java.base/sun.nio.ch.SocketChannelImpl.finishConnect(SocketChannelImpl.java:777)
	at io.netty.channel.socket.nio.NioSocketChannel.doFinishConnect(NioSocketChannel.java:330)
	at io.netty.channel.nio.AbstractNioChannel$AbstractNioUnsafe.finishConnect(AbstractNioChannel.java:334)
	at io.netty.channel.nio.NioEventLoop.processSelectedKey(NioEventLoop.java:707)
	at io.netty.channel.nio.NioEventLoop.processSelectedKeysOptimized(NioEventLoop.java:655)
	at io.netty.channel.nio.NioEventLoop.processSelectedKeys(NioEventLoop.java:581)
	at io.netty.channel.nio.NioEventLoop.run(NioEventLoop.java:493)
	at io.netty.util.concurrent.SingleThreadEventExecutor$4.run(SingleThreadEventExecutor.java:989)
	at io.netty.util.internal.ThreadExecutorMap$2.run(ThreadExecutorMap.java:74)
	at io.netty.util.concurrent.FastThreadLocalRunnable.run(FastThreadLocalRunnable.java:30)
	at java.base/java.lang.Thread.run(Thread.java:829)
2026-02-22 03:06:02.463 - [WARN ] - esl
org.freeswitch.esl.client.inbound.InboundConnectionException: Could not connect to /61.158.166.44:8021
	at org.freeswitch.esl.client.inbound.Client.connect(Client.java:134)
	at cn.psycall.ccmgt.util.FreeSwitchManage.monitor(FreeSwitchManage.java:86)
	at cn.psycall.ccmgt.util.FreeSwitchManage.run(FreeSwitchManage.java:42)
Caused by: io.netty.channel.AbstractChannel$AnnotatedConnectException: Connection refused: /61.158.166.44:8021
Caused by: java.net.ConnectException: Connection refused
	at java.base/sun.nio.ch.SocketChannelImpl.checkConnect(Native Method)
	at java.base/sun.nio.ch.SocketChannelImpl.finishConnect(SocketChannelImpl.java:777)
	at io.netty.channel.socket.nio.NioSocketChannel.doFinishConnect(NioSocketChannel.java:330)
	at io.netty.channel.nio.AbstractNioChannel$AbstractNioUnsafe.finishConnect(AbstractNioChannel.java:334)
	at io.netty.channel.nio.NioEventLoop.processSelectedKey(NioEventLoop.java:707)
	at io.netty.channel.nio.NioEventLoop.processSelectedKeysOptimized(NioEventLoop.java:655)
	at io.netty.channel.nio.NioEventLoop.processSelectedKeys(NioEventLoop.java:581)
	at io.netty.channel.nio.NioEventLoop.run(NioEventLoop.java:493)
	at io.netty.util.concurrent.SingleThreadEventExecutor$4.run(SingleThreadEventExecutor.java:989)
	at io.netty.util.internal.ThreadExecutorMap$2.run(ThreadExecutorMap.java:74)
	at io.netty.util.concurrent.FastThreadLocalRunnable.run(FastThreadLocalRunnable.java:30)
	at java.base/java.lang.Thread.run(Thread.java:829)
2026-02-22 03:06:03.847 - [WARN ] - esl
org.freeswitch.esl.client.inbound.InboundConnectionException: Could not connect to /61.158.166.44:8021
	at org.freeswitch.esl.client.inbound.Client.connect(Client.java:134)
	at cn.psycall.ccmgt.util.FreeSwitchManage.monitor(FreeSwitchManage.java:86)
	at cn.psycall.ccmgt.util.FreeSwitchManage.run(FreeSwitchManage.java:42)
Caused by: io.netty.channel.AbstractChannel$AnnotatedConnectException: Connection refused: /61.158.166.44:8021
Caused by: java.net.ConnectException: Connection refused
	at java.base/sun.nio.ch.SocketChannelImpl.checkConnect(Native Method)
	at java.base/sun.nio.ch.SocketChannelImpl.finishConnect(SocketChannelImpl.java:777)
	at io.netty.channel.socket.nio.NioSocketChannel.doFinishConnect(NioSocketChannel.java:330)
	at io.netty.channel.nio.AbstractNioChannel$AbstractNioUnsafe.finishConnect(AbstractNioChannel.java:334)
	at io.netty.channel.nio.NioEventLoop.processSelectedKey(NioEventLoop.java:707)
	at io.netty.channel.nio.NioEventLoop.processSelectedKeysOptimized(NioEventLoop.java:655)
	at io.netty.channel.nio.NioEventLoop.processSelectedKeys(NioEventLoop.java:581)
	at io.netty.channel.nio.NioEventLoop.run(NioEventLoop.java:493)
	at io.netty.util.concurrent.SingleThreadEventExecutor$4.run(SingleThreadEventExecutor.java:989)
	at io.netty.util.internal.ThreadExecutorMap$2.run(ThreadExecutorMap.java:74)
	at io.netty.util.concurrent.FastThreadLocalRunnable.run(FastThreadLocalRunnable.java:30)
	at java.base/java.lang.Thread.run(Thread.java:829)
2026-02-22 03:06:05.210 - [WARN ] - esl
org.freeswitch.esl.client.inbound.InboundConnectionException: Could not connect to /61.158.166.44:8021
	at org.freeswitch.esl.client.inbound.Client.connect(Client.java:134)
	at cn.psycall.ccmgt.util.FreeSwitchManage.monitor(FreeSwitchManage.java:86)
	at cn.psycall.ccmgt.util.FreeSwitchManage.run(FreeSwitchManage.java:42)
Caused by: io.netty.channel.AbstractChannel$AnnotatedConnectException: Connection refused: /61.158.166.44:8021
Caused by: java.net.ConnectException: Connection refused
	at java.base/sun.nio.ch.SocketChannelImpl.checkConnect(Native Method)
	at java.base/sun.nio.ch.SocketChannelImpl.finishConnect(SocketChannelImpl.java:777)
	at io.netty.channel.socket.nio.NioSocketChannel.doFinishConnect(NioSocketChannel.java:330)
	at io.netty.channel.nio.AbstractNioChannel$AbstractNioUnsafe.finishConnect(AbstractNioChannel.java:334)
	at io.netty.channel.nio.NioEventLoop.processSelectedKey(NioEventLoop.java:707)
	at io.netty.channel.nio.NioEventLoop.processSelectedKeysOptimized(NioEventLoop.java:655)
	at io.netty.channel.nio.NioEventLoop.processSelectedKeys(NioEventLoop.java:581)
	at io.netty.channel.nio.NioEventLoop.run(NioEventLoop.java:493)
	at io.netty.util.concurrent.SingleThreadEventExecutor$4.run(SingleThreadEventExecutor.java:989)
	at io.netty.util.internal.ThreadExecutorMap$2.run(ThreadExecutorMap.java:74)
	at io.netty.util.concurrent.FastThreadLocalRunnable.run(FastThreadLocalRunnable.java:30)
	at java.base/java.lang.Thread.run(Thread.java:829)
2026-02-22 03:06:06.627 - [INFO ] - internal->61.158.166.43:5060
2026-02-22 03:06:06.628 - [INFO ] - ESL Client connected ..(61.158.166.43:8021[31d95df1-dfed-4c4d-8e3e-2dcc1b3984f0])
2026-02-22 03:06:07.350 - [INFO ] - internal_sip_port->5060
2026-02-22 03:06:07.350 - [INFO ] - external_sip_port->5080
2026-02-22 03:06:12.844 - [INFO ] - fs[31d95df1-dfed-4c4d-8e3e-2dcc1b3984f0] CallThread start
2026-02-22 03:06:12.920 - [WARN ] - esl
org.freeswitch.esl.client.inbound.InboundConnectionException: Could not connect to /61.158.166.44:8021
	at org.freeswitch.esl.client.inbound.Client.connect(Client.java:134)
	at cn.psycall.ccmgt.util.FreeSwitchManage.monitor(FreeSwitchManage.java:86)
	at cn.psycall.ccmgt.util.FreeSwitchManage.run(FreeSwitchManage.java:42)
Caused by: io.netty.channel.AbstractChannel$AnnotatedConnectException: Connection refused: /61.158.166.44:8021
Caused by: java.net.ConnectException: Connection refused
	at java.base/sun.nio.ch.SocketChannelImpl.checkConnect(Native Method)
	at java.base/sun.nio.ch.SocketChannelImpl.finishConnect(SocketChannelImpl.java:777)
	at io.netty.channel.socket.nio.NioSocketChannel.doFinishConnect(NioSocketChannel.java:330)
	at io.netty.channel.nio.AbstractNioChannel$AbstractNioUnsafe.finishConnect(AbstractNioChannel.java:334)
	at io.netty.channel.nio.NioEventLoop.processSelectedKey(NioEventLoop.java:707)
	at io.netty.channel.nio.NioEventLoop.processSelectedKeysOptimized(NioEventLoop.java:655)
	at io.netty.channel.nio.NioEventLoop.processSelectedKeys(NioEventLoop.java:581)
	at io.netty.channel.nio.NioEventLoop.run(NioEventLoop.java:493)
	at io.netty.util.concurrent.SingleThreadEventExecutor$4.run(SingleThreadEventExecutor.java:989)
	at io.netty.util.internal.ThreadExecutorMap$2.run(ThreadExecutorMap.java:74)
	at io.netty.util.concurrent.FastThreadLocalRunnable.run(FastThreadLocalRunnable.java:30)
	at java.base/java.lang.Thread.run(Thread.java:829)
2026-02-22 03:06:14.011 - [WARN ] - esl
org.freeswitch.esl.client.inbound.InboundConnectionException: Could not connect to /61.158.166.44:8021
	at org.freeswitch.esl.client.inbound.Client.connect(Client.java:134)
	at cn.psycall.ccmgt.util.FreeSwitchManage.monitor(FreeSwitchManage.java:86)
	at cn.psycall.ccmgt.util.FreeSwitchManage.run(FreeSwitchManage.java:42)
Caused by: io.netty.channel.AbstractChannel$AnnotatedConnectException: Connection refused: /61.158.166.44:8021
Caused by: java.net.ConnectException: Connection refused
	at java.base/sun.nio.ch.SocketChannelImpl.checkConnect(Native Method)
	at java.base/sun.nio.ch.SocketChannelImpl.finishConnect(SocketChannelImpl.java:777)
	at io.netty.channel.socket.nio.NioSocketChannel.doFinishConnect(NioSocketChannel.java:330)
	at io.netty.channel.nio.AbstractNioChannel$AbstractNioUnsafe.finishConnect(AbstractNioChannel.java:334)
	at io.netty.channel.nio.NioEventLoop.processSelectedKey(NioEventLoop.java:707)
	at io.netty.channel.nio.NioEventLoop.processSelectedKeysOptimized(NioEventLoop.java:655)
	at io.netty.channel.nio.NioEventLoop.processSelectedKeys(NioEventLoop.java:581)
	at io.netty.channel.nio.NioEventLoop.run(NioEventLoop.java:493)
	at io.netty.util.concurrent.SingleThreadEventExecutor$4.run(SingleThreadEventExecutor.java:989)
	at io.netty.util.internal.ThreadExecutorMap$2.run(ThreadExecutorMap.java:74)
	at io.netty.util.concurrent.FastThreadLocalRunnable.run(FastThreadLocalRunnable.java:30)
	at java.base/java.lang.Thread.run(Thread.java:829)
2026-02-22 03:06:15.098 - [WARN ] - esl
org.freeswitch.esl.client.inbound.InboundConnectionException: Could not connect to /61.158.166.44:8021
	at org.freeswitch.esl.client.inbound.Client.connect(Client.java:134)
	at cn.psycall.ccmgt.util.FreeSwitchManage.monitor(FreeSwitchManage.java:86)
	at cn.psycall.ccmgt.util.FreeSwitchManage.run(FreeSwitchManage.java:42)
Caused by: io.netty.channel.AbstractChannel$AnnotatedConnectException: Connection refused: /61.158.166.44:8021
Caused by: java.net.ConnectException: Connection refused
	at java.base/sun.nio.ch.SocketChannelImpl.checkConnect(Native Method)
	at java.base/sun.nio.ch.SocketChannelImpl.finishConnect(SocketChannelImpl.java:777)
	at io.netty.channel.socket.nio.NioSocketChannel.doFinishConnect(NioSocketChannel.java:330)
	at io.netty.channel.nio.AbstractNioChannel$AbstractNioUnsafe.finishConnect(AbstractNioChannel.java:334)
	at io.netty.channel.nio.NioEventLoop.processSelectedKey(NioEventLoop.java:707)
	at io.netty.channel.nio.NioEventLoop.processSelectedKeysOptimized(NioEventLoop.java:655)
	at io.netty.channel.nio.NioEventLoop.processSelectedKeys(NioEventLoop.java:581)
	at io.netty.channel.nio.NioEventLoop.run(NioEventLoop.java:493)
	at io.netty.util.concurrent.SingleThreadEventExecutor$4.run(SingleThreadEventExecutor.java:989)
	at io.netty.util.internal.ThreadExecutorMap$2.run(ThreadExecutorMap.java:74)
	at io.netty.util.concurrent.FastThreadLocalRunnable.run(FastThreadLocalRunnable.java:30)
	at java.base/java.lang.Thread.run(Thread.java:829)
2026-02-22 03:06:16.180 - [WARN ] - esl
org.freeswitch.esl.client.inbound.InboundConnectionException: Could not connect to /61.158.166.44:8021
	at org.freeswitch.esl.client.inbound.Client.connect(Client.java:134)
	at cn.psycall.ccmgt.util.FreeSwitchManage.monitor(FreeSwitchManage.java:86)
	at cn.psycall.ccmgt.util.FreeSwitchManage.run(FreeSwitchManage.java:42)
Caused by: io.netty.channel.AbstractChannel$AnnotatedConnectException: Connection refused: /61.158.166.44:8021
Caused by: java.net.ConnectException: Connection refused
	at java.base/sun.nio.ch.SocketChannelImpl.checkConnect(Native Method)
	at java.base/sun.nio.ch.SocketChannelImpl.finishConnect(SocketChannelImpl.java:777)
	at io.netty.channel.socket.nio.NioSocketChannel.doFinishConnect(NioSocketChannel.java:330)
	at io.netty.channel.nio.AbstractNioChannel$AbstractNioUnsafe.finishConnect(AbstractNioChannel.java:334)
	at io.netty.channel.nio.NioEventLoop.processSelectedKey(NioEventLoop.java:707)
	at io.netty.channel.nio.NioEventLoop.processSelectedKeysOptimized(NioEventLoop.java:655)
	at io.netty.channel.nio.NioEventLoop.processSelectedKeys(NioEventLoop.java:581)
	at io.netty.channel.nio.NioEventLoop.run(NioEventLoop.java:493)
	at io.netty.util.concurrent.SingleThreadEventExecutor$4.run(SingleThreadEventExecutor.java:989)
	at io.netty.util.internal.ThreadExecutorMap$2.run(ThreadExecutorMap.java:74)
	at io.netty.util.concurrent.FastThreadLocalRunnable.run(FastThreadLocalRunnable.java:30)
	at java.base/java.lang.Thread.run(Thread.java:829)
2026-02-22 03:06:17.265 - [WARN ] - esl
org.freeswitch.esl.client.inbound.InboundConnectionException: Could not connect to /61.158.166.44:8021
	at org.freeswitch.esl.client.inbound.Client.connect(Client.java:134)
	at cn.psycall.ccmgt.util.FreeSwitchManage.monitor(FreeSwitchManage.java:86)
	at cn.psycall.ccmgt.util.FreeSwitchManage.run(FreeSwitchManage.java:42)
Caused by: io.netty.channel.AbstractChannel$AnnotatedConnectException: Connection refused: /61.158.166.44:8021
Caused by: java.net.ConnectException: Connection refused
	at java.base/sun.nio.ch.SocketChannelImpl.checkConnect(Native Method)
	at java.base/sun.nio.ch.SocketChannelImpl.finishConnect(SocketChannelImpl.java:777)
	at io.netty.channel.socket.nio.NioSocketChannel.doFinishConnect(NioSocketChannel.java:330)
	at io.netty.channel.nio.AbstractNioChannel$AbstractNioUnsafe.finishConnect(AbstractNioChannel.java:334)
	at io.netty.channel.nio.NioEventLoop.processSelectedKey(NioEventLoop.java:707)
	at io.netty.channel.nio.NioEventLoop.processSelectedKeysOptimized(NioEventLoop.java:655)
	at io.netty.channel.nio.NioEventLoop.processSelectedKeys(NioEventLoop.java:581)
	at io.netty.channel.nio.NioEventLoop.run(NioEventLoop.java:493)
	at io.netty.util.concurrent.SingleThreadEventExecutor$4.run(SingleThreadEventExecutor.java:989)
	at io.netty.util.internal.ThreadExecutorMap$2.run(ThreadExecutorMap.java:74)
	at io.netty.util.concurrent.FastThreadLocalRunnable.run(FastThreadLocalRunnable.java:30)
	at java.base/java.lang.Thread.run(Thread.java:829)
2026-02-22 03:06:18.355 - [WARN ] - esl
org.freeswitch.esl.client.inbound.InboundConnectionException: Could not connect to /61.158.166.44:8021
	at org.freeswitch.esl.client.inbound.Client.connect(Client.java:134)
	at cn.psycall.ccmgt.util.FreeSwitchManage.monitor(FreeSwitchManage.java:86)
	at cn.psycall.ccmgt.util.FreeSwitchManage.run(FreeSwitchManage.java:42)
Caused by: io.netty.channel.AbstractChannel$AnnotatedConnectException: Connection refused: /61.158.166.44:8021
Caused by: java.net.ConnectException: Connection refused
	at java.base/sun.nio.ch.SocketChannelImpl.checkConnect(Native Method)
	at java.base/sun.nio.ch.SocketChannelImpl.finishConnect(SocketChannelImpl.java:777)
	at io.netty.channel.socket.nio.NioSocketChannel.doFinishConnect(NioSocketChannel.java:330)
	at io.netty.channel.nio.AbstractNioChannel$AbstractNioUnsafe.finishConnect(AbstractNioChannel.java:334)
	at io.netty.channel.nio.NioEventLoop.processSelectedKey(NioEventLoop.java:707)
	at io.netty.channel.nio.NioEventLoop.processSelectedKeysOptimized(NioEventLoop.java:655)
	at io.netty.channel.nio.NioEventLoop.processSelectedKeys(NioEventLoop.java:581)
	at io.netty.channel.nio.NioEventLoop.run(NioEventLoop.java:493)
	at io.netty.util.concurrent.SingleThreadEventExecutor$4.run(SingleThreadEventExecutor.java:989)
	at io.netty.util.internal.ThreadExecutorMap$2.run(ThreadExecutorMap.java:74)
	at io.netty.util.concurrent.FastThreadLocalRunnable.run(FastThreadLocalRunnable.java:30)
	at java.base/java.lang.Thread.run(Thread.java:829)
2026-02-22 03:06:19.441 - [WARN ] - esl
org.freeswitch.esl.client.inbound.InboundConnectionException: Could not connect to /61.158.166.44:8021
	at org.freeswitch.esl.client.inbound.Client.connect(Client.java:134)
	at cn.psycall.ccmgt.util.FreeSwitchManage.monitor(FreeSwitchManage.java:86)
	at cn.psycall.ccmgt.util.FreeSwitchManage.run(FreeSwitchManage.java:42)
Caused by: io.netty.channel.AbstractChannel$AnnotatedConnectException: Connection refused: /61.158.166.44:8021
Caused by: java.net.ConnectException: Connection refused
	at java.base/sun.nio.ch.SocketChannelImpl.checkConnect(Native Method)
	at java.base/sun.nio.ch.SocketChannelImpl.finishConnect(SocketChannelImpl.java:777)
	at io.netty.channel.socket.nio.NioSocketChannel.doFinishConnect(NioSocketChannel.java:330)
	at io.netty.channel.nio.AbstractNioChannel$AbstractNioUnsafe.finishConnect(AbstractNioChannel.java:334)
	at io.netty.channel.nio.NioEventLoop.processSelectedKey(NioEventLoop.java:707)
	at io.netty.channel.nio.NioEventLoop.processSelectedKeysOptimized(NioEventLoop.java:655)
	at io.netty.channel.nio.NioEventLoop.processSelectedKeys(NioEventLoop.java:581)
	at io.netty.channel.nio.NioEventLoop.run(NioEventLoop.java:493)
	at io.netty.util.concurrent.SingleThreadEventExecutor$4.run(SingleThreadEventExecutor.java:989)
	at io.netty.util.internal.ThreadExecutorMap$2.run(ThreadExecutorMap.java:74)
	at io.netty.util.concurrent.FastThreadLocalRunnable.run(FastThreadLocalRunnable.java:30)
	at java.base/java.lang.Thread.run(Thread.java:829)
2026-02-22 03:06:20.527 - [WARN ] - esl
org.freeswitch.esl.client.inbound.InboundConnectionException: Could not connect to /61.158.166.44:8021
	at org.freeswitch.esl.client.inbound.Client.connect(Client.java:134)
	at cn.psycall.ccmgt.util.FreeSwitchManage.monitor(FreeSwitchManage.java:86)
	at cn.psycall.ccmgt.util.FreeSwitchManage.run(FreeSwitchManage.java:42)
Caused by: io.netty.channel.AbstractChannel$AnnotatedConnectException: Connection refused: /61.158.166.44:8021
Caused by: java.net.ConnectException: Connection refused
	at java.base/sun.nio.ch.SocketChannelImpl.checkConnect(Native Method)
	at java.base/sun.nio.ch.SocketChannelImpl.finishConnect(SocketChannelImpl.java:777)
	at io.netty.channel.socket.nio.NioSocketChannel.doFinishConnect(NioSocketChannel.java:330)
	at io.netty.channel.nio.AbstractNioChannel$AbstractNioUnsafe.finishConnect(AbstractNioChannel.java:334)
	at io.netty.channel.nio.NioEventLoop.processSelectedKey(NioEventLoop.java:707)
	at io.netty.channel.nio.NioEventLoop.processSelectedKeysOptimized(NioEventLoop.java:655)
	at io.netty.channel.nio.NioEventLoop.processSelectedKeys(NioEventLoop.java:581)
	at io.netty.channel.nio.NioEventLoop.run(NioEventLoop.java:493)
	at io.netty.util.concurrent.SingleThreadEventExecutor$4.run(SingleThreadEventExecutor.java:989)
	at io.netty.util.internal.ThreadExecutorMap$2.run(ThreadExecutorMap.java:74)
	at io.netty.util.concurrent.FastThreadLocalRunnable.run(FastThreadLocalRunnable.java:30)
	at java.base/java.lang.Thread.run(Thread.java:829)
2026-02-22 03:06:21.615 - [WARN ] - esl
org.freeswitch.esl.client.inbound.InboundConnectionException: Could not connect to /61.158.166.44:8021
	at org.freeswitch.esl.client.inbound.Client.connect(Client.java:134)
	at cn.psycall.ccmgt.util.FreeSwitchManage.monitor(FreeSwitchManage.java:86)
	at cn.psycall.ccmgt.util.FreeSwitchManage.run(FreeSwitchManage.java:42)
Caused by: io.netty.channel.AbstractChannel$AnnotatedConnectException: Connection refused: /61.158.166.44:8021
Caused by: java.net.ConnectException: Connection refused
	at java.base/sun.nio.ch.SocketChannelImpl.checkConnect(Native Method)
	at java.base/sun.nio.ch.SocketChannelImpl.finishConnect(SocketChannelImpl.java:777)
	at io.netty.channel.socket.nio.NioSocketChannel.doFinishConnect(NioSocketChannel.java:330)
	at io.netty.channel.nio.AbstractNioChannel$AbstractNioUnsafe.finishConnect(AbstractNioChannel.java:334)
	at io.netty.channel.nio.NioEventLoop.processSelectedKey(NioEventLoop.java:707)
	at io.netty.channel.nio.NioEventLoop.processSelectedKeysOptimized(NioEventLoop.java:655)
	at io.netty.channel.nio.NioEventLoop.processSelectedKeys(NioEventLoop.java:581)
	at io.netty.channel.nio.NioEventLoop.run(NioEventLoop.java:493)
	at io.netty.util.concurrent.SingleThreadEventExecutor$4.run(SingleThreadEventExecutor.java:989)
	at io.netty.util.internal.ThreadExecutorMap$2.run(ThreadExecutorMap.java:74)
	at io.netty.util.concurrent.FastThreadLocalRunnable.run(FastThreadLocalRunnable.java:30)
	at java.base/java.lang.Thread.run(Thread.java:829)
2026-02-22 03:06:22.706 - [WARN ] - esl
org.freeswitch.esl.client.inbound.InboundConnectionException: Could not connect to /61.158.166.44:8021
	at org.freeswitch.esl.client.inbound.Client.connect(Client.java:134)
	at cn.psycall.ccmgt.util.FreeSwitchManage.monitor(FreeSwitchManage.java:86)
	at cn.psycall.ccmgt.util.FreeSwitchManage.run(FreeSwitchManage.java:42)
Caused by: io.netty.channel.AbstractChannel$AnnotatedConnectException: Connection refused: /61.158.166.44:8021
Caused by: java.net.ConnectException: Connection refused
	at java.base/sun.nio.ch.SocketChannelImpl.checkConnect(Native Method)
	at java.base/sun.nio.ch.SocketChannelImpl.finishConnect(SocketChannelImpl.java:777)
	at io.netty.channel.socket.nio.NioSocketChannel.doFinishConnect(NioSocketChannel.java:330)
	at io.netty.channel.nio.AbstractNioChannel$AbstractNioUnsafe.finishConnect(AbstractNioChannel.java:334)
	at io.netty.channel.nio.NioEventLoop.processSelectedKey(NioEventLoop.java:707)
	at io.netty.channel.nio.NioEventLoop.processSelectedKeysOptimized(NioEventLoop.java:655)
	at io.netty.channel.nio.NioEventLoop.processSelectedKeys(NioEventLoop.java:581)
	at io.netty.channel.nio.NioEventLoop.run(NioEventLoop.java:493)
	at io.netty.util.concurrent.SingleThreadEventExecutor$4.run(SingleThreadEventExecutor.java:989)
	at io.netty.util.internal.ThreadExecutorMap$2.run(ThreadExecutorMap.java:74)
	at io.netty.util.concurrent.FastThreadLocalRunnable.run(FastThreadLocalRunnable.java:30)
	at java.base/java.lang.Thread.run(Thread.java:829)
2026-02-22 03:06:23.790 - [WARN ] - esl
org.freeswitch.esl.client.inbound.InboundConnectionException: Could not connect to /61.158.166.44:8021
	at org.freeswitch.esl.client.inbound.Client.connect(Client.java:134)
	at cn.psycall.ccmgt.util.FreeSwitchManage.monitor(FreeSwitchManage.java:86)
	at cn.psycall.ccmgt.util.FreeSwitchManage.run(FreeSwitchManage.java:42)
Caused by: io.netty.channel.AbstractChannel$AnnotatedConnectException: Connection refused: /61.158.166.44:8021
Caused by: java.net.ConnectException: Connection refused
	at java.base/sun.nio.ch.SocketChannelImpl.checkConnect(Native Method)
	at java.base/sun.nio.ch.SocketChannelImpl.finishConnect(SocketChannelImpl.java:777)
	at io.netty.channel.socket.nio.NioSocketChannel.doFinishConnect(NioSocketChannel.java:330)
	at io.netty.channel.nio.AbstractNioChannel$AbstractNioUnsafe.finishConnect(AbstractNioChannel.java:334)
	at io.netty.channel.nio.NioEventLoop.processSelectedKey(NioEventLoop.java:707)
	at io.netty.channel.nio.NioEventLoop.processSelectedKeysOptimized(NioEventLoop.java:655)
	at io.netty.channel.nio.NioEventLoop.processSelectedKeys(NioEventLoop.java:581)
	at io.netty.channel.nio.NioEventLoop.run(NioEventLoop.java:493)
	at io.netty.util.concurrent.SingleThreadEventExecutor$4.run(SingleThreadEventExecutor.java:989)
	at io.netty.util.internal.ThreadExecutorMap$2.run(ThreadExecutorMap.java:74)
	at io.netty.util.concurrent.FastThreadLocalRunnable.run(FastThreadLocalRunnable.java:30)
	at java.base/java.lang.Thread.run(Thread.java:829)
2026-02-22 03:06:24.880 - [WARN ] - esl
org.freeswitch.esl.client.inbound.InboundConnectionException: Could not connect to /61.158.166.44:8021
	at org.freeswitch.esl.client.inbound.Client.connect(Client.java:134)
	at cn.psycall.ccmgt.util.FreeSwitchManage.monitor(FreeSwitchManage.java:86)
	at cn.psycall.ccmgt.util.FreeSwitchManage.run(FreeSwitchManage.java:42)
Caused by: io.netty.channel.AbstractChannel$AnnotatedConnectException: Connection refused: /61.158.166.44:8021
Caused by: java.net.ConnectException: Connection refused
	at java.base/sun.nio.ch.SocketChannelImpl.checkConnect(Native Method)
	at java.base/sun.nio.ch.SocketChannelImpl.finishConnect(SocketChannelImpl.java:777)
	at io.netty.channel.socket.nio.NioSocketChannel.doFinishConnect(NioSocketChannel.java:330)
	at io.netty.channel.nio.AbstractNioChannel$AbstractNioUnsafe.finishConnect(AbstractNioChannel.java:334)
	at io.netty.channel.nio.NioEventLoop.processSelectedKey(NioEventLoop.java:707)
	at io.netty.channel.nio.NioEventLoop.processSelectedKeysOptimized(NioEventLoop.java:655)
	at io.netty.channel.nio.NioEventLoop.processSelectedKeys(NioEventLoop.java:581)
	at io.netty.channel.nio.NioEventLoop.run(NioEventLoop.java:493)
	at io.netty.util.concurrent.SingleThreadEventExecutor$4.run(SingleThreadEventExecutor.java:989)
	at io.netty.util.internal.ThreadExecutorMap$2.run(ThreadExecutorMap.java:74)
	at io.netty.util.concurrent.FastThreadLocalRunnable.run(FastThreadLocalRunnable.java:30)
	at java.base/java.lang.Thread.run(Thread.java:829)
2026-02-22 03:06:25.966 - [WARN ] - esl
org.freeswitch.esl.client.inbound.InboundConnectionException: Could not connect to /61.158.166.44:8021
	at org.freeswitch.esl.client.inbound.Client.connect(Client.java:134)
	at cn.psycall.ccmgt.util.FreeSwitchManage.monitor(FreeSwitchManage.java:86)
	at cn.psycall.ccmgt.util.FreeSwitchManage.run(FreeSwitchManage.java:42)
Caused by: io.netty.channel.AbstractChannel$AnnotatedConnectException: Connection refused: /61.158.166.44:8021
Caused by: java.net.ConnectException: Connection refused
	at java.base/sun.nio.ch.SocketChannelImpl.checkConnect(Native Method)
	at java.base/sun.nio.ch.SocketChannelImpl.finishConnect(SocketChannelImpl.java:777)
	at io.netty.channel.socket.nio.NioSocketChannel.doFinishConnect(NioSocketChannel.java:330)
	at io.netty.channel.nio.AbstractNioChannel$AbstractNioUnsafe.finishConnect(AbstractNioChannel.java:334)
	at io.netty.channel.nio.NioEventLoop.processSelectedKey(NioEventLoop.java:707)
	at io.netty.channel.nio.NioEventLoop.processSelectedKeysOptimized(NioEventLoop.java:655)
	at io.netty.channel.nio.NioEventLoop.processSelectedKeys(NioEventLoop.java:581)
	at io.netty.channel.nio.NioEventLoop.run(NioEventLoop.java:493)
	at io.netty.util.concurrent.SingleThreadEventExecutor$4.run(SingleThreadEventExecutor.java:989)
	at io.netty.util.internal.ThreadExecutorMap$2.run(ThreadExecutorMap.java:74)
	at io.netty.util.concurrent.FastThreadLocalRunnable.run(FastThreadLocalRunnable.java:30)
	at java.base/java.lang.Thread.run(Thread.java:829)
2026-02-22 03:06:27.049 - [WARN ] - esl
org.freeswitch.esl.client.inbound.InboundConnectionException: Could not connect to /61.158.166.44:8021
	at org.freeswitch.esl.client.inbound.Client.connect(Client.java:134)
	at cn.psycall.ccmgt.util.FreeSwitchManage.monitor(FreeSwitchManage.java:86)
	at cn.psycall.ccmgt.util.FreeSwitchManage.run(FreeSwitchManage.java:42)
Caused by: io.netty.channel.AbstractChannel$AnnotatedConnectException: Connection refused: /61.158.166.44:8021
Caused by: java.net.ConnectException: Connection refused
	at java.base/sun.nio.ch.SocketChannelImpl.checkConnect(Native Method)
	at java.base/sun.nio.ch.SocketChannelImpl.finishConnect(SocketChannelImpl.java:777)
	at io.netty.channel.socket.nio.NioSocketChannel.doFinishConnect(NioSocketChannel.java:330)
	at io.netty.channel.nio.AbstractNioChannel$AbstractNioUnsafe.finishConnect(AbstractNioChannel.java:334)
	at io.netty.channel.nio.NioEventLoop.processSelectedKey(NioEventLoop.java:707)
	at io.netty.channel.nio.NioEventLoop.processSelectedKeysOptimized(NioEventLoop.java:655)
	at io.netty.channel.nio.NioEventLoop.processSelectedKeys(NioEventLoop.java:581)
	at io.netty.channel.nio.NioEventLoop.run(NioEventLoop.java:493)
	at io.netty.util.concurrent.SingleThreadEventExecutor$4.run(SingleThreadEventExecutor.java:989)
	at io.netty.util.internal.ThreadExecutorMap$2.run(ThreadExecutorMap.java:74)
	at io.netty.util.concurrent.FastThreadLocalRunnable.run(FastThreadLocalRunnable.java:30)
	at java.base/java.lang.Thread.run(Thread.java:829)
2026-02-22 03:06:28.128 - [WARN ] - esl
org.freeswitch.esl.client.inbound.InboundConnectionException: Could not connect to /61.158.166.44:8021
	at org.freeswitch.esl.client.inbound.Client.connect(Client.java:134)
	at cn.psycall.ccmgt.util.FreeSwitchManage.monitor(FreeSwitchManage.java:86)
	at cn.psycall.ccmgt.util.FreeSwitchManage.run(FreeSwitchManage.java:42)
Caused by: io.netty.channel.AbstractChannel$AnnotatedConnectException: Connection refused: /61.158.166.44:8021
Caused by: java.net.ConnectException: Connection refused
	at java.base/sun.nio.ch.SocketChannelImpl.checkConnect(Native Method)
	at java.base/sun.nio.ch.SocketChannelImpl.finishConnect(SocketChannelImpl.java:777)
	at io.netty.channel.socket.nio.NioSocketChannel.doFinishConnect(NioSocketChannel.java:330)
	at io.netty.channel.nio.AbstractNioChannel$AbstractNioUnsafe.finishConnect(AbstractNioChannel.java:334)
	at io.netty.channel.nio.NioEventLoop.processSelectedKey(NioEventLoop.java:707)
	at io.netty.channel.nio.NioEventLoop.processSelectedKeysOptimized(NioEventLoop.java:655)
	at io.netty.channel.nio.NioEventLoop.processSelectedKeys(NioEventLoop.java:581)
	at io.netty.channel.nio.NioEventLoop.run(NioEventLoop.java:493)
	at io.netty.util.concurrent.SingleThreadEventExecutor$4.run(SingleThreadEventExecutor.java:989)
	at io.netty.util.internal.ThreadExecutorMap$2.run(ThreadExecutorMap.java:74)
	at io.netty.util.concurrent.FastThreadLocalRunnable.run(FastThreadLocalRunnable.java:30)
	at java.base/java.lang.Thread.run(Thread.java:829)
2026-02-22 03:06:29.218 - [WARN ] - esl
org.freeswitch.esl.client.inbound.InboundConnectionException: Could not connect to /61.158.166.44:8021
	at org.freeswitch.esl.client.inbound.Client.connect(Client.java:134)
	at cn.psycall.ccmgt.util.FreeSwitchManage.monitor(FreeSwitchManage.java:86)
	at cn.psycall.ccmgt.util.FreeSwitchManage.run(FreeSwitchManage.java:42)
Caused by: io.netty.channel.AbstractChannel$AnnotatedConnectException: Connection refused: /61.158.166.44:8021
Caused by: java.net.ConnectException: Connection refused
	at java.base/sun.nio.ch.SocketChannelImpl.checkConnect(Native Method)
	at java.base/sun.nio.ch.SocketChannelImpl.finishConnect(SocketChannelImpl.java:777)
	at io.netty.channel.socket.nio.NioSocketChannel.doFinishConnect(NioSocketChannel.java:330)
	at io.netty.channel.nio.AbstractNioChannel$AbstractNioUnsafe.finishConnect(AbstractNioChannel.java:334)
	at io.netty.channel.nio.NioEventLoop.processSelectedKey(NioEventLoop.java:707)
	at io.netty.channel.nio.NioEventLoop.processSelectedKeysOptimized(NioEventLoop.java:655)
	at io.netty.channel.nio.NioEventLoop.processSelectedKeys(NioEventLoop.java:581)
	at io.netty.channel.nio.NioEventLoop.run(NioEventLoop.java:493)
	at io.netty.util.concurrent.SingleThreadEventExecutor$4.run(SingleThreadEventExecutor.java:989)
	at io.netty.util.internal.ThreadExecutorMap$2.run(ThreadExecutorMap.java:74)
	at io.netty.util.concurrent.FastThreadLocalRunnable.run(FastThreadLocalRunnable.java:30)
	at java.base/java.lang.Thread.run(Thread.java:829)
2026-02-22 03:06:30.307 - [WARN ] - esl
org.freeswitch.esl.client.inbound.InboundConnectionException: Could not connect to /61.158.166.44:8021
	at org.freeswitch.esl.client.inbound.Client.connect(Client.java:134)
	at cn.psycall.ccmgt.util.FreeSwitchManage.monitor(FreeSwitchManage.java:86)
	at cn.psycall.ccmgt.util.FreeSwitchManage.run(FreeSwitchManage.java:42)
Caused by: io.netty.channel.AbstractChannel$AnnotatedConnectException: Connection refused: /61.158.166.44:8021
Caused by: java.net.ConnectException: Connection refused
	at java.base/sun.nio.ch.SocketChannelImpl.checkConnect(Native Method)
	at java.base/sun.nio.ch.SocketChannelImpl.finishConnect(SocketChannelImpl.java:777)
	at io.netty.channel.socket.nio.NioSocketChannel.doFinishConnect(NioSocketChannel.java:330)
	at io.netty.channel.nio.AbstractNioChannel$AbstractNioUnsafe.finishConnect(AbstractNioChannel.java:334)
	at io.netty.channel.nio.NioEventLoop.processSelectedKey(NioEventLoop.java:707)
	at io.netty.channel.nio.NioEventLoop.processSelectedKeysOptimized(NioEventLoop.java:655)
	at io.netty.channel.nio.NioEventLoop.processSelectedKeys(NioEventLoop.java:581)
	at io.netty.channel.nio.NioEventLoop.run(NioEventLoop.java:493)
	at io.netty.util.concurrent.SingleThreadEventExecutor$4.run(SingleThreadEventExecutor.java:989)
	at io.netty.util.internal.ThreadExecutorMap$2.run(ThreadExecutorMap.java:74)
	at io.netty.util.concurrent.FastThreadLocalRunnable.run(FastThreadLocalRunnable.java:30)
	at java.base/java.lang.Thread.run(Thread.java:829)
2026-02-22 03:06:31.396 - [WARN ] - esl
org.freeswitch.esl.client.inbound.InboundConnectionException: Could not connect to /61.158.166.44:8021
	at org.freeswitch.esl.client.inbound.Client.connect(Client.java:134)
	at cn.psycall.ccmgt.util.FreeSwitchManage.monitor(FreeSwitchManage.java:86)
	at cn.psycall.ccmgt.util.FreeSwitchManage.run(FreeSwitchManage.java:42)
Caused by: io.netty.channel.AbstractChannel$AnnotatedConnectException: Connection refused: /61.158.166.44:8021
Caused by: java.net.ConnectException: Connection refused
	at java.base/sun.nio.ch.SocketChannelImpl.checkConnect(Native Method)
	at java.base/sun.nio.ch.SocketChannelImpl.finishConnect(SocketChannelImpl.java:777)
	at io.netty.channel.socket.nio.NioSocketChannel.doFinishConnect(NioSocketChannel.java:330)
	at io.netty.channel.nio.AbstractNioChannel$AbstractNioUnsafe.finishConnect(AbstractNioChannel.java:334)
	at io.netty.channel.nio.NioEventLoop.processSelectedKey(NioEventLoop.java:707)
	at io.netty.channel.nio.NioEventLoop.processSelectedKeysOptimized(NioEventLoop.java:655)
	at io.netty.channel.nio.NioEventLoop.processSelectedKeys(NioEventLoop.java:581)
	at io.netty.channel.nio.NioEventLoop.run(NioEventLoop.java:493)
	at io.netty.util.concurrent.SingleThreadEventExecutor$4.run(SingleThreadEventExecutor.java:989)
	at io.netty.util.internal.ThreadExecutorMap$2.run(ThreadExecutorMap.java:74)
	at io.netty.util.concurrent.FastThreadLocalRunnable.run(FastThreadLocalRunnable.java:30)
	at java.base/java.lang.Thread.run(Thread.java:829)
2026-02-22 03:06:32.620 - [WARN ] - esl
org.freeswitch.esl.client.inbound.InboundConnectionException: Could not connect to /61.158.166.44:8021
	at org.freeswitch.esl.client.inbound.Client.connect(Client.java:134)
	at cn.psycall.ccmgt.util.FreeSwitchManage.monitor(FreeSwitchManage.java:86)
	at cn.psycall.ccmgt.util.FreeSwitchManage.run(FreeSwitchManage.java:42)
Caused by: io.netty.channel.AbstractChannel$AnnotatedConnectException: Connection refused: /61.158.166.44:8021
Caused by: java.net.ConnectException: Connection refused
	at java.base/sun.nio.ch.SocketChannelImpl.checkConnect(Native Method)
	at java.base/sun.nio.ch.SocketChannelImpl.finishConnect(SocketChannelImpl.java:777)
	at io.netty.channel.socket.nio.NioSocketChannel.doFinishConnect(NioSocketChannel.java:330)
	at io.netty.channel.nio.AbstractNioChannel$AbstractNioUnsafe.finishConnect(AbstractNioChannel.java:334)
	at io.netty.channel.nio.NioEventLoop.processSelectedKey(NioEventLoop.java:707)
	at io.netty.channel.nio.NioEventLoop.processSelectedKeysOptimized(NioEventLoop.java:655)
	at io.netty.channel.nio.NioEventLoop.processSelectedKeys(NioEventLoop.java:581)
	at io.netty.channel.nio.NioEventLoop.run(NioEventLoop.java:493)
	at io.netty.util.concurrent.SingleThreadEventExecutor$4.run(SingleThreadEventExecutor.java:989)
	at io.netty.util.internal.ThreadExecutorMap$2.run(ThreadExecutorMap.java:74)
	at io.netty.util.concurrent.FastThreadLocalRunnable.run(FastThreadLocalRunnable.java:30)
	at java.base/java.lang.Thread.run(Thread.java:829)
2026-02-22 03:06:33.707 - [WARN ] - esl
org.freeswitch.esl.client.inbound.InboundConnectionException: Could not connect to /61.158.166.44:8021
	at org.freeswitch.esl.client.inbound.Client.connect(Client.java:134)
	at cn.psycall.ccmgt.util.FreeSwitchManage.monitor(FreeSwitchManage.java:86)
	at cn.psycall.ccmgt.util.FreeSwitchManage.run(FreeSwitchManage.java:42)
Caused by: io.netty.channel.AbstractChannel$AnnotatedConnectException: Connection refused: /61.158.166.44:8021
Caused by: java.net.ConnectException: Connection refused
	at java.base/sun.nio.ch.SocketChannelImpl.checkConnect(Native Method)
	at java.base/sun.nio.ch.SocketChannelImpl.finishConnect(SocketChannelImpl.java:777)
	at io.netty.channel.socket.nio.NioSocketChannel.doFinishConnect(NioSocketChannel.java:330)
	at io.netty.channel.nio.AbstractNioChannel$AbstractNioUnsafe.finishConnect(AbstractNioChannel.java:334)
	at io.netty.channel.nio.NioEventLoop.processSelectedKey(NioEventLoop.java:707)
	at io.netty.channel.nio.NioEventLoop.processSelectedKeysOptimized(NioEventLoop.java:655)
	at io.netty.channel.nio.NioEventLoop.processSelectedKeys(NioEventLoop.java:581)
	at io.netty.channel.nio.NioEventLoop.run(NioEventLoop.java:493)
	at io.netty.util.concurrent.SingleThreadEventExecutor$4.run(SingleThreadEventExecutor.java:989)
	at io.netty.util.internal.ThreadExecutorMap$2.run(ThreadExecutorMap.java:74)
	at io.netty.util.concurrent.FastThreadLocalRunnable.run(FastThreadLocalRunnable.java:30)
	at java.base/java.lang.Thread.run(Thread.java:829)
2026-02-22 03:06:34.799 - [WARN ] - esl
org.freeswitch.esl.client.inbound.InboundConnectionException: Could not connect to /61.158.166.44:8021
	at org.freeswitch.esl.client.inbound.Client.connect(Client.java:134)
	at cn.psycall.ccmgt.util.FreeSwitchManage.monitor(FreeSwitchManage.java:86)
	at cn.psycall.ccmgt.util.FreeSwitchManage.run(FreeSwitchManage.java:42)
Caused by: io.netty.channel.AbstractChannel$AnnotatedConnectException: Connection refused: /61.158.166.44:8021
Caused by: java.net.ConnectException: Connection refused
	at java.base/sun.nio.ch.SocketChannelImpl.checkConnect(Native Method)
	at java.base/sun.nio.ch.SocketChannelImpl.finishConnect(SocketChannelImpl.java:777)
	at io.netty.channel.socket.nio.NioSocketChannel.doFinishConnect(NioSocketChannel.java:330)
	at io.netty.channel.nio.AbstractNioChannel$AbstractNioUnsafe.finishConnect(AbstractNioChannel.java:334)
	at io.netty.channel.nio.NioEventLoop.processSelectedKey(NioEventLoop.java:707)
	at io.netty.channel.nio.NioEventLoop.processSelectedKeysOptimized(NioEventLoop.java:655)
	at io.netty.channel.nio.NioEventLoop.processSelectedKeys(NioEventLoop.java:581)
	at io.netty.channel.nio.NioEventLoop.run(NioEventLoop.java:493)
	at io.netty.util.concurrent.SingleThreadEventExecutor$4.run(SingleThreadEventExecutor.java:989)
	at io.netty.util.internal.ThreadExecutorMap$2.run(ThreadExecutorMap.java:74)
	at io.netty.util.concurrent.FastThreadLocalRunnable.run(FastThreadLocalRunnable.java:30)
	at java.base/java.lang.Thread.run(Thread.java:829)
2026-02-22 03:06:35.889 - [WARN ] - esl
org.freeswitch.esl.client.inbound.InboundConnectionException: Could not connect to /61.158.166.44:8021
	at org.freeswitch.esl.client.inbound.Client.connect(Client.java:134)
	at cn.psycall.ccmgt.util.FreeSwitchManage.monitor(FreeSwitchManage.java:86)
	at cn.psycall.ccmgt.util.FreeSwitchManage.run(FreeSwitchManage.java:42)
Caused by: io.netty.channel.AbstractChannel$AnnotatedConnectException: Connection refused: /61.158.166.44:8021
Caused by: java.net.ConnectException: Connection refused
	at java.base/sun.nio.ch.SocketChannelImpl.checkConnect(Native Method)
	at java.base/sun.nio.ch.SocketChannelImpl.finishConnect(SocketChannelImpl.java:777)
	at io.netty.channel.socket.nio.NioSocketChannel.doFinishConnect(NioSocketChannel.java:330)
	at io.netty.channel.nio.AbstractNioChannel$AbstractNioUnsafe.finishConnect(AbstractNioChannel.java:334)
	at io.netty.channel.nio.NioEventLoop.processSelectedKey(NioEventLoop.java:707)
	at io.netty.channel.nio.NioEventLoop.processSelectedKeysOptimized(NioEventLoop.java:655)
	at io.netty.channel.nio.NioEventLoop.processSelectedKeys(NioEventLoop.java:581)
	at io.netty.channel.nio.NioEventLoop.run(NioEventLoop.java:493)
	at io.netty.util.concurrent.SingleThreadEventExecutor$4.run(SingleThreadEventExecutor.java:989)
	at io.netty.util.internal.ThreadExecutorMap$2.run(ThreadExecutorMap.java:74)
	at io.netty.util.concurrent.FastThreadLocalRunnable.run(FastThreadLocalRunnable.java:30)
	at java.base/java.lang.Thread.run(Thread.java:829)
2026-02-22 03:06:36.972 - [WARN ] - esl
org.freeswitch.esl.client.inbound.InboundConnectionException: Could not connect to /61.158.166.44:8021
	at org.freeswitch.esl.client.inbound.Client.connect(Client.java:134)
	at cn.psycall.ccmgt.util.FreeSwitchManage.monitor(FreeSwitchManage.java:86)
	at cn.psycall.ccmgt.util.FreeSwitchManage.run(FreeSwitchManage.java:42)
Caused by: io.netty.channel.AbstractChannel$AnnotatedConnectException: Connection refused: /61.158.166.44:8021
Caused by: java.net.ConnectException: Connection refused
	at java.base/sun.nio.ch.SocketChannelImpl.checkConnect(Native Method)
	at java.base/sun.nio.ch.SocketChannelImpl.finishConnect(SocketChannelImpl.java:777)
	at io.netty.channel.socket.nio.NioSocketChannel.doFinishConnect(NioSocketChannel.java:330)
	at io.netty.channel.nio.AbstractNioChannel$AbstractNioUnsafe.finishConnect(AbstractNioChannel.java:334)
	at io.netty.channel.nio.NioEventLoop.processSelectedKey(NioEventLoop.java:707)
	at io.netty.channel.nio.NioEventLoop.processSelectedKeysOptimized(NioEventLoop.java:655)
	at io.netty.channel.nio.NioEventLoop.processSelectedKeys(NioEventLoop.java:581)
	at io.netty.channel.nio.NioEventLoop.run(NioEventLoop.java:493)
	at io.netty.util.concurrent.SingleThreadEventExecutor$4.run(SingleThreadEventExecutor.java:989)
	at io.netty.util.internal.ThreadExecutorMap$2.run(ThreadExecutorMap.java:74)
	at io.netty.util.concurrent.FastThreadLocalRunnable.run(FastThreadLocalRunnable.java:30)
	at java.base/java.lang.Thread.run(Thread.java:829)
2026-02-22 03:06:38.055 - [WARN ] - esl
org.freeswitch.esl.client.inbound.InboundConnectionException: Could not connect to /61.158.166.44:8021
	at org.freeswitch.esl.client.inbound.Client.connect(Client.java:134)
	at cn.psycall.ccmgt.util.FreeSwitchManage.monitor(FreeSwitchManage.java:86)
	at cn.psycall.ccmgt.util.FreeSwitchManage.run(FreeSwitchManage.java:42)
Caused by: io.netty.channel.AbstractChannel$AnnotatedConnectException: Connection refused: /61.158.166.44:8021
Caused by: java.net.ConnectException: Connection refused
	at java.base/sun.nio.ch.SocketChannelImpl.checkConnect(Native Method)
	at java.base/sun.nio.ch.SocketChannelImpl.finishConnect(SocketChannelImpl.java:777)
	at io.netty.channel.socket.nio.NioSocketChannel.doFinishConnect(NioSocketChannel.java:330)
	at io.netty.channel.nio.AbstractNioChannel$AbstractNioUnsafe.finishConnect(AbstractNioChannel.java:334)
	at io.netty.channel.nio.NioEventLoop.processSelectedKey(NioEventLoop.java:707)
	at io.netty.channel.nio.NioEventLoop.processSelectedKeysOptimized(NioEventLoop.java:655)
	at io.netty.channel.nio.NioEventLoop.processSelectedKeys(NioEventLoop.java:581)
	at io.netty.channel.nio.NioEventLoop.run(NioEventLoop.java:493)
	at io.netty.util.concurrent.SingleThreadEventExecutor$4.run(SingleThreadEventExecutor.java:989)
	at io.netty.util.internal.ThreadExecutorMap$2.run(ThreadExecutorMap.java:74)
	at io.netty.util.concurrent.FastThreadLocalRunnable.run(FastThreadLocalRunnable.java:30)
	at java.base/java.lang.Thread.run(Thread.java:829)
2026-02-22 03:06:39.145 - [WARN ] - esl
org.freeswitch.esl.client.inbound.InboundConnectionException: Could not connect to /61.158.166.44:8021
	at org.freeswitch.esl.client.inbound.Client.connect(Client.java:134)
	at cn.psycall.ccmgt.util.FreeSwitchManage.monitor(FreeSwitchManage.java:86)
	at cn.psycall.ccmgt.util.FreeSwitchManage.run(FreeSwitchManage.java:42)
Caused by: io.netty.channel.AbstractChannel$AnnotatedConnectException: Connection refused: /61.158.166.44:8021
Caused by: java.net.ConnectException: Connection refused
	at java.base/sun.nio.ch.SocketChannelImpl.checkConnect(Native Method)
	at java.base/sun.nio.ch.SocketChannelImpl.finishConnect(SocketChannelImpl.java:777)
	at io.netty.channel.socket.nio.NioSocketChannel.doFinishConnect(NioSocketChannel.java:330)
	at io.netty.channel.nio.AbstractNioChannel$AbstractNioUnsafe.finishConnect(AbstractNioChannel.java:334)
	at io.netty.channel.nio.NioEventLoop.processSelectedKey(NioEventLoop.java:707)
	at io.netty.channel.nio.NioEventLoop.processSelectedKeysOptimized(NioEventLoop.java:655)
	at io.netty.channel.nio.NioEventLoop.processSelectedKeys(NioEventLoop.java:581)
	at io.netty.channel.nio.NioEventLoop.run(NioEventLoop.java:493)
	at io.netty.util.concurrent.SingleThreadEventExecutor$4.run(SingleThreadEventExecutor.java:989)
	at io.netty.util.internal.ThreadExecutorMap$2.run(ThreadExecutorMap.java:74)
	at io.netty.util.concurrent.FastThreadLocalRunnable.run(FastThreadLocalRunnable.java:30)
	at java.base/java.lang.Thread.run(Thread.java:829)
2026-02-22 03:06:40.230 - [WARN ] - esl
org.freeswitch.esl.client.inbound.InboundConnectionException: Could not connect to /61.158.166.44:8021
	at org.freeswitch.esl.client.inbound.Client.connect(Client.java:134)
	at cn.psycall.ccmgt.util.FreeSwitchManage.monitor(FreeSwitchManage.java:86)
	at cn.psycall.ccmgt.util.FreeSwitchManage.run(FreeSwitchManage.java:42)
Caused by: io.netty.channel.AbstractChannel$AnnotatedConnectException: Connection refused: /61.158.166.44:8021
Caused by: java.net.ConnectException: Connection refused
	at java.base/sun.nio.ch.SocketChannelImpl.checkConnect(Native Method)
	at java.base/sun.nio.ch.SocketChannelImpl.finishConnect(SocketChannelImpl.java:777)
	at io.netty.channel.socket.nio.NioSocketChannel.doFinishConnect(NioSocketChannel.java:330)
	at io.netty.channel.nio.AbstractNioChannel$AbstractNioUnsafe.finishConnect(AbstractNioChannel.java:334)
	at io.netty.channel.nio.NioEventLoop.processSelectedKey(NioEventLoop.java:707)
	at io.netty.channel.nio.NioEventLoop.processSelectedKeysOptimized(NioEventLoop.java:655)
	at io.netty.channel.nio.NioEventLoop.processSelectedKeys(NioEventLoop.java:581)
	at io.netty.channel.nio.NioEventLoop.run(NioEventLoop.java:493)
	at io.netty.util.concurrent.SingleThreadEventExecutor$4.run(SingleThreadEventExecutor.java:989)
	at io.netty.util.internal.ThreadExecutorMap$2.run(ThreadExecutorMap.java:74)
	at io.netty.util.concurrent.FastThreadLocalRunnable.run(FastThreadLocalRunnable.java:30)
	at java.base/java.lang.Thread.run(Thread.java:829)
2026-02-22 03:06:41.321 - [WARN ] - esl
org.freeswitch.esl.client.inbound.InboundConnectionException: Could not connect to /61.158.166.44:8021
	at org.freeswitch.esl.client.inbound.Client.connect(Client.java:134)
	at cn.psycall.ccmgt.util.FreeSwitchManage.monitor(FreeSwitchManage.java:86)
	at cn.psycall.ccmgt.util.FreeSwitchManage.run(FreeSwitchManage.java:42)
Caused by: io.netty.channel.AbstractChannel$AnnotatedConnectException: Connection refused: /61.158.166.44:8021
Caused by: java.net.ConnectException: Connection refused
	at java.base/sun.nio.ch.SocketChannelImpl.checkConnect(Native Method)
	at java.base/sun.nio.ch.SocketChannelImpl.finishConnect(SocketChannelImpl.java:777)
	at io.netty.channel.socket.nio.NioSocketChannel.doFinishConnect(NioSocketChannel.java:330)
	at io.netty.channel.nio.AbstractNioChannel$AbstractNioUnsafe.finishConnect(AbstractNioChannel.java:334)
	at io.netty.channel.nio.NioEventLoop.processSelectedKey(NioEventLoop.java:707)
	at io.netty.channel.nio.NioEventLoop.processSelectedKeysOptimized(NioEventLoop.java:655)
	at io.netty.channel.nio.NioEventLoop.processSelectedKeys(NioEventLoop.java:581)
	at io.netty.channel.nio.NioEventLoop.run(NioEventLoop.java:493)
	at io.netty.util.concurrent.SingleThreadEventExecutor$4.run(SingleThreadEventExecutor.java:989)
	at io.netty.util.internal.ThreadExecutorMap$2.run(ThreadExecutorMap.java:74)
	at io.netty.util.concurrent.FastThreadLocalRunnable.run(FastThreadLocalRunnable.java:30)
	at java.base/java.lang.Thread.run(Thread.java:829)
2026-02-22 03:06:42.408 - [WARN ] - esl
org.freeswitch.esl.client.inbound.InboundConnectionException: Could not connect to /61.158.166.44:8021
	at org.freeswitch.esl.client.inbound.Client.connect(Client.java:134)
	at cn.psycall.ccmgt.util.FreeSwitchManage.monitor(FreeSwitchManage.java:86)
	at cn.psycall.ccmgt.util.FreeSwitchManage.run(FreeSwitchManage.java:42)
Caused by: io.netty.channel.AbstractChannel$AnnotatedConnectException: Connection refused: /61.158.166.44:8021
Caused by: java.net.ConnectException: Connection refused
	at java.base/sun.nio.ch.SocketChannelImpl.checkConnect(Native Method)
	at java.base/sun.nio.ch.SocketChannelImpl.finishConnect(SocketChannelImpl.java:777)
	at io.netty.channel.socket.nio.NioSocketChannel.doFinishConnect(NioSocketChannel.java:330)
	at io.netty.channel.nio.AbstractNioChannel$AbstractNioUnsafe.finishConnect(AbstractNioChannel.java:334)
	at io.netty.channel.nio.NioEventLoop.processSelectedKey(NioEventLoop.java:707)
	at io.netty.channel.nio.NioEventLoop.processSelectedKeysOptimized(NioEventLoop.java:655)
	at io.netty.channel.nio.NioEventLoop.processSelectedKeys(NioEventLoop.java:581)
	at io.netty.channel.nio.NioEventLoop.run(NioEventLoop.java:493)
	at io.netty.util.concurrent.SingleThreadEventExecutor$4.run(SingleThreadEventExecutor.java:989)
	at io.netty.util.internal.ThreadExecutorMap$2.run(ThreadExecutorMap.java:74)
	at io.netty.util.concurrent.FastThreadLocalRunnable.run(FastThreadLocalRunnable.java:30)
	at java.base/java.lang.Thread.run(Thread.java:829)
2026-02-22 03:06:42.417 - [INFO ] - ESL Client Disconnect ..(61.158.166.45:8021)
2026-02-22 03:06:43.731 - [WARN ] - esl
org.freeswitch.esl.client.inbound.InboundConnectionException: Could not connect to /61.158.166.44:8021
	at org.freeswitch.esl.client.inbound.Client.connect(Client.java:134)
	at cn.psycall.ccmgt.util.FreeSwitchManage.monitor(FreeSwitchManage.java:86)
	at cn.psycall.ccmgt.util.FreeSwitchManage.run(FreeSwitchManage.java:42)
Caused by: io.netty.channel.AbstractChannel$AnnotatedConnectException: Connection refused: /61.158.166.44:8021
Caused by: java.net.ConnectException: Connection refused
	at java.base/sun.nio.ch.SocketChannelImpl.checkConnect(Native Method)
	at java.base/sun.nio.ch.SocketChannelImpl.finishConnect(SocketChannelImpl.java:777)
	at io.netty.channel.socket.nio.NioSocketChannel.doFinishConnect(NioSocketChannel.java:330)
	at io.netty.channel.nio.AbstractNioChannel$AbstractNioUnsafe.finishConnect(AbstractNioChannel.java:334)
	at io.netty.channel.nio.NioEventLoop.processSelectedKey(NioEventLoop.java:707)
	at io.netty.channel.nio.NioEventLoop.processSelectedKeysOptimized(NioEventLoop.java:655)
	at io.netty.channel.nio.NioEventLoop.processSelectedKeys(NioEventLoop.java:581)
	at io.netty.channel.nio.NioEventLoop.run(NioEventLoop.java:493)
	at io.netty.util.concurrent.SingleThreadEventExecutor$4.run(SingleThreadEventExecutor.java:989)
	at io.netty.util.internal.ThreadExecutorMap$2.run(ThreadExecutorMap.java:74)
	at io.netty.util.concurrent.FastThreadLocalRunnable.run(FastThreadLocalRunnable.java:30)
	at java.base/java.lang.Thread.run(Thread.java:829)
2026-02-22 03:06:43.844 - [WARN ] - esl
org.freeswitch.esl.client.inbound.InboundConnectionException: Could not connect to /61.158.166.45:8021
	at org.freeswitch.esl.client.inbound.Client.connect(Client.java:134)
	at cn.psycall.ccmgt.util.FreeSwitchManage.monitor(FreeSwitchManage.java:86)
	at cn.psycall.ccmgt.util.FreeSwitchManage.run(FreeSwitchManage.java:42)
Caused by: io.netty.channel.AbstractChannel$AnnotatedConnectException: Connection refused: /61.158.166.45:8021
Caused by: java.net.ConnectException: Connection refused
	at java.base/sun.nio.ch.SocketChannelImpl.checkConnect(Native Method)
	at java.base/sun.nio.ch.SocketChannelImpl.finishConnect(SocketChannelImpl.java:777)
	at io.netty.channel.socket.nio.NioSocketChannel.doFinishConnect(NioSocketChannel.java:330)
	at io.netty.channel.nio.AbstractNioChannel$AbstractNioUnsafe.finishConnect(AbstractNioChannel.java:334)
	at io.netty.channel.nio.NioEventLoop.processSelectedKey(NioEventLoop.java:707)
	at io.netty.channel.nio.NioEventLoop.processSelectedKeysOptimized(NioEventLoop.java:655)
	at io.netty.channel.nio.NioEventLoop.processSelectedKeys(NioEventLoop.java:581)
	at io.netty.channel.nio.NioEventLoop.run(NioEventLoop.java:493)
	at io.netty.util.concurrent.SingleThreadEventExecutor$4.run(SingleThreadEventExecutor.java:989)
	at io.netty.util.internal.ThreadExecutorMap$2.run(ThreadExecutorMap.java:74)
	at io.netty.util.concurrent.FastThreadLocalRunnable.run(FastThreadLocalRunnable.java:30)
	at java.base/java.lang.Thread.run(Thread.java:829)
2026-02-22 03:06:44.925 - [WARN ] - esl
org.freeswitch.esl.client.inbound.InboundConnectionException: Could not connect to /61.158.166.44:8021
	at org.freeswitch.esl.client.inbound.Client.connect(Client.java:134)
	at cn.psycall.ccmgt.util.FreeSwitchManage.monitor(FreeSwitchManage.java:86)
	at cn.psycall.ccmgt.util.FreeSwitchManage.run(FreeSwitchManage.java:42)
Caused by: io.netty.channel.AbstractChannel$AnnotatedConnectException: Connection refused: /61.158.166.44:8021
Caused by: java.net.ConnectException: Connection refused
	at java.base/sun.nio.ch.SocketChannelImpl.checkConnect(Native Method)
	at java.base/sun.nio.ch.SocketChannelImpl.finishConnect(SocketChannelImpl.java:777)
	at io.netty.channel.socket.nio.NioSocketChannel.doFinishConnect(NioSocketChannel.java:330)
	at io.netty.channel.nio.AbstractNioChannel$AbstractNioUnsafe.finishConnect(AbstractNioChannel.java:334)
	at io.netty.channel.nio.NioEventLoop.processSelectedKey(NioEventLoop.java:707)
	at io.netty.channel.nio.NioEventLoop.processSelectedKeysOptimized(NioEventLoop.java:655)
	at io.netty.channel.nio.NioEventLoop.processSelectedKeys(NioEventLoop.java:581)
	at io.netty.channel.nio.NioEventLoop.run(NioEventLoop.java:493)
	at io.netty.util.concurrent.SingleThreadEventExecutor$4.run(SingleThreadEventExecutor.java:989)
	at io.netty.util.internal.ThreadExecutorMap$2.run(ThreadExecutorMap.java:74)
	at io.netty.util.concurrent.FastThreadLocalRunnable.run(FastThreadLocalRunnable.java:30)
	at java.base/java.lang.Thread.run(Thread.java:829)
2026-02-22 03:06:45.021 - [WARN ] - esl
org.freeswitch.esl.client.inbound.InboundConnectionException: Could not connect to /61.158.166.45:8021
	at org.freeswitch.esl.client.inbound.Client.connect(Client.java:134)
	at cn.psycall.ccmgt.util.FreeSwitchManage.monitor(FreeSwitchManage.java:86)
	at cn.psycall.ccmgt.util.FreeSwitchManage.run(FreeSwitchManage.java:42)
Caused by: io.netty.channel.AbstractChannel$AnnotatedConnectException: Connection refused: /61.158.166.45:8021
Caused by: java.net.ConnectException: Connection refused
	at java.base/sun.nio.ch.SocketChannelImpl.checkConnect(Native Method)
	at java.base/sun.nio.ch.SocketChannelImpl.finishConnect(SocketChannelImpl.java:777)
	at io.netty.channel.socket.nio.NioSocketChannel.doFinishConnect(NioSocketChannel.java:330)
	at io.netty.channel.nio.AbstractNioChannel$AbstractNioUnsafe.finishConnect(AbstractNioChannel.java:334)
	at io.netty.channel.nio.NioEventLoop.processSelectedKey(NioEventLoop.java:707)
	at io.netty.channel.nio.NioEventLoop.processSelectedKeysOptimized(NioEventLoop.java:655)
	at io.netty.channel.nio.NioEventLoop.processSelectedKeys(NioEventLoop.java:581)
	at io.netty.channel.nio.NioEventLoop.run(NioEventLoop.java:493)
	at io.netty.util.concurrent.SingleThreadEventExecutor$4.run(SingleThreadEventExecutor.java:989)
	at io.netty.util.internal.ThreadExecutorMap$2.run(ThreadExecutorMap.java:74)
	at io.netty.util.concurrent.FastThreadLocalRunnable.run(FastThreadLocalRunnable.java:30)
	at java.base/java.lang.Thread.run(Thread.java:829)
2026-02-22 03:06:46.113 - [WARN ] - esl
org.freeswitch.esl.client.inbound.InboundConnectionException: Could not connect to /61.158.166.44:8021
	at org.freeswitch.esl.client.inbound.Client.connect(Client.java:134)
	at cn.psycall.ccmgt.util.FreeSwitchManage.monitor(FreeSwitchManage.java:86)
	at cn.psycall.ccmgt.util.FreeSwitchManage.run(FreeSwitchManage.java:42)
Caused by: io.netty.channel.AbstractChannel$AnnotatedConnectException: Connection refused: /61.158.166.44:8021
Caused by: java.net.ConnectException: Connection refused
	at java.base/sun.nio.ch.SocketChannelImpl.checkConnect(Native Method)
	at java.base/sun.nio.ch.SocketChannelImpl.finishConnect(SocketChannelImpl.java:777)
	at io.netty.channel.socket.nio.NioSocketChannel.doFinishConnect(NioSocketChannel.java:330)
	at io.netty.channel.nio.AbstractNioChannel$AbstractNioUnsafe.finishConnect(AbstractNioChannel.java:334)
	at io.netty.channel.nio.NioEventLoop.processSelectedKey(NioEventLoop.java:707)
	at io.netty.channel.nio.NioEventLoop.processSelectedKeysOptimized(NioEventLoop.java:655)
	at io.netty.channel.nio.NioEventLoop.processSelectedKeys(NioEventLoop.java:581)
	at io.netty.channel.nio.NioEventLoop.run(NioEventLoop.java:493)
	at io.netty.util.concurrent.SingleThreadEventExecutor$4.run(SingleThreadEventExecutor.java:989)
	at io.netty.util.internal.ThreadExecutorMap$2.run(ThreadExecutorMap.java:74)
	at io.netty.util.concurrent.FastThreadLocalRunnable.run(FastThreadLocalRunnable.java:30)
	at java.base/java.lang.Thread.run(Thread.java:829)
2026-02-22 03:06:51.717 - [WARN ] - esl
org.freeswitch.esl.client.inbound.InboundConnectionException: Could not connect to /61.158.166.45:8021
	at org.freeswitch.esl.client.inbound.Client.connect(Client.java:134)
	at cn.psycall.ccmgt.util.FreeSwitchManage.monitor(FreeSwitchManage.java:86)
	at cn.psycall.ccmgt.util.FreeSwitchManage.run(FreeSwitchManage.java:42)
Caused by: io.netty.channel.AbstractChannel$AnnotatedConnectException: Connection refused: /61.158.166.45:8021
Caused by: java.net.ConnectException: Connection refused
	at java.base/sun.nio.ch.SocketChannelImpl.checkConnect(Native Method)
	at java.base/sun.nio.ch.SocketChannelImpl.finishConnect(SocketChannelImpl.java:777)
	at io.netty.channel.socket.nio.NioSocketChannel.doFinishConnect(NioSocketChannel.java:330)
	at io.netty.channel.nio.AbstractNioChannel$AbstractNioUnsafe.finishConnect(AbstractNioChannel.java:334)
	at io.netty.channel.nio.NioEventLoop.processSelectedKey(NioEventLoop.java:707)
	at io.netty.channel.nio.NioEventLoop.processSelectedKeysOptimized(NioEventLoop.java:655)
	at io.netty.channel.nio.NioEventLoop.processSelectedKeys(NioEventLoop.java:581)
	at io.netty.channel.nio.NioEventLoop.run(NioEventLoop.java:493)
	at io.netty.util.concurrent.SingleThreadEventExecutor$4.run(SingleThreadEventExecutor.java:989)
	at io.netty.util.internal.ThreadExecutorMap$2.run(ThreadExecutorMap.java:74)
	at io.netty.util.concurrent.FastThreadLocalRunnable.run(FastThreadLocalRunnable.java:30)
	at java.base/java.lang.Thread.run(Thread.java:829)
2026-02-22 03:06:52.808 - [WARN ] - esl
org.freeswitch.esl.client.inbound.InboundConnectionException: Could not connect to /61.158.166.44:8021
	at org.freeswitch.esl.client.inbound.Client.connect(Client.java:134)
	at cn.psycall.ccmgt.util.FreeSwitchManage.monitor(FreeSwitchManage.java:86)
	at cn.psycall.ccmgt.util.FreeSwitchManage.run(FreeSwitchManage.java:42)
Caused by: io.netty.channel.AbstractChannel$AnnotatedConnectException: Connection refused: /61.158.166.44:8021
Caused by: java.net.ConnectException: Connection refused
	at java.base/sun.nio.ch.SocketChannelImpl.checkConnect(Native Method)
	at java.base/sun.nio.ch.SocketChannelImpl.finishConnect(SocketChannelImpl.java:777)
	at io.netty.channel.socket.nio.NioSocketChannel.doFinishConnect(NioSocketChannel.java:330)
	at io.netty.channel.nio.AbstractNioChannel$AbstractNioUnsafe.finishConnect(AbstractNioChannel.java:334)
	at io.netty.channel.nio.NioEventLoop.processSelectedKey(NioEventLoop.java:707)
	at io.netty.channel.nio.NioEventLoop.processSelectedKeysOptimized(NioEventLoop.java:655)
	at io.netty.channel.nio.NioEventLoop.processSelectedKeys(NioEventLoop.java:581)
	at io.netty.channel.nio.NioEventLoop.run(NioEventLoop.java:493)
	at io.netty.util.concurrent.SingleThreadEventExecutor$4.run(SingleThreadEventExecutor.java:989)
	at io.netty.util.internal.ThreadExecutorMap$2.run(ThreadExecutorMap.java:74)
	at io.netty.util.concurrent.FastThreadLocalRunnable.run(FastThreadLocalRunnable.java:30)
	at java.base/java.lang.Thread.run(Thread.java:829)
2026-02-22 03:06:52.899 - [WARN ] - esl
org.freeswitch.esl.client.inbound.InboundConnectionException: Could not connect to /61.158.166.45:8021
	at org.freeswitch.esl.client.inbound.Client.connect(Client.java:134)
	at cn.psycall.ccmgt.util.FreeSwitchManage.monitor(FreeSwitchManage.java:86)
	at cn.psycall.ccmgt.util.FreeSwitchManage.run(FreeSwitchManage.java:42)
Caused by: io.netty.channel.AbstractChannel$AnnotatedConnectException: Connection refused: /61.158.166.45:8021
Caused by: java.net.ConnectException: Connection refused
	at java.base/sun.nio.ch.SocketChannelImpl.checkConnect(Native Method)
	at java.base/sun.nio.ch.SocketChannelImpl.finishConnect(SocketChannelImpl.java:777)
	at io.netty.channel.socket.nio.NioSocketChannel.doFinishConnect(NioSocketChannel.java:330)
	at io.netty.channel.nio.AbstractNioChannel$AbstractNioUnsafe.finishConnect(AbstractNioChannel.java:334)
	at io.netty.channel.nio.NioEventLoop.processSelectedKey(NioEventLoop.java:707)
	at io.netty.channel.nio.NioEventLoop.processSelectedKeysOptimized(NioEventLoop.java:655)
	at io.netty.channel.nio.NioEventLoop.processSelectedKeys(NioEventLoop.java:581)
	at io.netty.channel.nio.NioEventLoop.run(NioEventLoop.java:493)
	at io.netty.util.concurrent.SingleThreadEventExecutor$4.run(SingleThreadEventExecutor.java:989)
	at io.netty.util.internal.ThreadExecutorMap$2.run(ThreadExecutorMap.java:74)
	at io.netty.util.concurrent.FastThreadLocalRunnable.run(FastThreadLocalRunnable.java:30)
	at java.base/java.lang.Thread.run(Thread.java:829)
2026-02-22 03:06:54.195 - [WARN ] - conn_rabbit_mq
org.springframework.web.client.ResourceAccessException: I/O error on POST request for "http://61.158.166.44:8888/command/conn_rabbit_mq": Connect to 61.158.166.44:8888 [/61.158.166.44] failed: Connection refused (Connection refused); nested exception is org.apache.http.conn.HttpHostConnectException: Connect to 61.158.166.44:8888 [/61.158.166.44] failed: Connection refused (Connection refused)
	at org.springframework.web.client.RestTemplate.doExecute(RestTemplate.java:791)
	at org.springframework.web.client.RestTemplate.execute(RestTemplate.java:717)
	at org.springframework.web.client.RestTemplate.exchange(RestTemplate.java:608)
	at cn.psycall.ccmgt.util.FreeSwitchManage.conn_rabbit_mq(FreeSwitchManage.java:272)
	at cn.psycall.ccmgt.util.FreeSwitchManage.monitor(FreeSwitchManage.java:89)
	at cn.psycall.ccmgt.util.FreeSwitchManage.run(FreeSwitchManage.java:42)
Caused by: org.apache.http.conn.HttpHostConnectException: Connect to 61.158.166.44:8888 [/61.158.166.44] failed: Connection refused (Connection refused)
	at org.apache.http.impl.conn.DefaultHttpClientConnectionOperator.connect(DefaultHttpClientConnectionOperator.java:156)
	at org.apache.http.impl.conn.PoolingHttpClientConnectionManager.connect(PoolingHttpClientConnectionManager.java:376)
	at org.apache.http.impl.execchain.MainClientExec.establishRoute(MainClientExec.java:393)
	at org.apache.http.impl.execchain.MainClientExec.execute(MainClientExec.java:236)
	at org.apache.http.impl.execchain.ProtocolExec.execute(ProtocolExec.java:186)
	at org.apache.http.impl.execchain.RetryExec.execute(RetryExec.java:89)
	at org.apache.http.impl.execchain.RedirectExec.execute(RedirectExec.java:110)
	at org.apache.http.impl.client.InternalHttpClient.doExecute(InternalHttpClient.java:185)
	at org.apache.http.impl.client.CloseableHttpClient.execute(CloseableHttpClient.java:83)
	at org.apache.http.impl.client.CloseableHttpClient.execute(CloseableHttpClient.java:56)
	at org.springframework.http.client.HttpComponentsClientHttpRequest.executeInternal(HttpComponentsClientHttpRequest.java:87)
	at org.springframework.http.client.AbstractBufferingClientHttpRequest.executeInternal(AbstractBufferingClientHttpRequest.java:48)
	at org.springframework.http.client.AbstractClientHttpRequest.execute(AbstractClientHttpRequest.java:66)
	at org.springframework.web.client.RestTemplate.doExecute(RestTemplate.java:782)
	... 5 common frames omitted
Caused by: java.net.ConnectException: Connection refused (Connection refused)
	at java.base/java.net.PlainSocketImpl.socketConnect(Native Method)
	at java.base/java.net.AbstractPlainSocketImpl.doConnect(AbstractPlainSocketImpl.java:412)
	at java.base/java.net.AbstractPlainSocketImpl.connectToAddress(AbstractPlainSocketImpl.java:255)
	at java.base/java.net.AbstractPlainSocketImpl.connect(AbstractPlainSocketImpl.java:237)
	at java.base/java.net.SocksSocketImpl.connect(SocksSocketImpl.java:392)
	at java.base/java.net.Socket.connect(Socket.java:609)
	at org.apache.http.conn.socket.PlainConnectionSocketFactory.connectSocket(PlainConnectionSocketFactory.java:75)
	at org.apache.http.impl.conn.DefaultHttpClientConnectionOperator.connect(DefaultHttpClientConnectionOperator.java:142)
	... 18 common frames omitted
2026-02-22 03:06:54.282 - [WARN ] - esl
org.freeswitch.esl.client.inbound.InboundConnectionException: Could not connect to /61.158.166.45:8021
	at org.freeswitch.esl.client.inbound.Client.connect(Client.java:134)
	at cn.psycall.ccmgt.util.FreeSwitchManage.monitor(FreeSwitchManage.java:86)
	at cn.psycall.ccmgt.util.FreeSwitchManage.run(FreeSwitchManage.java:42)
Caused by: io.netty.channel.AbstractChannel$AnnotatedConnectException: Connection refused: /61.158.166.45:8021
Caused by: java.net.ConnectException: Connection refused
	at java.base/sun.nio.ch.SocketChannelImpl.checkConnect(Native Method)
	at java.base/sun.nio.ch.SocketChannelImpl.finishConnect(SocketChannelImpl.java:777)
	at io.netty.channel.socket.nio.NioSocketChannel.doFinishConnect(NioSocketChannel.java:330)
	at io.netty.channel.nio.AbstractNioChannel$AbstractNioUnsafe.finishConnect(AbstractNioChannel.java:334)
	at io.netty.channel.nio.NioEventLoop.processSelectedKey(NioEventLoop.java:707)
	at io.netty.channel.nio.NioEventLoop.processSelectedKeysOptimized(NioEventLoop.java:655)
	at io.netty.channel.nio.NioEventLoop.processSelectedKeys(NioEventLoop.java:581)
	at io.netty.channel.nio.NioEventLoop.run(NioEventLoop.java:493)
	at io.netty.util.concurrent.SingleThreadEventExecutor$4.run(SingleThreadEventExecutor.java:989)
	at io.netty.util.internal.ThreadExecutorMap$2.run(ThreadExecutorMap.java:74)
	at io.netty.util.concurrent.FastThreadLocalRunnable.run(FastThreadLocalRunnable.java:30)
	at java.base/java.lang.Thread.run(Thread.java:829)
2026-02-22 03:06:55.565 - [WARN ] - conn_rabbit_mq
org.springframework.web.client.ResourceAccessException: I/O error on POST request for "http://61.158.166.44:8888/command/conn_rabbit_mq": Connect to 61.158.166.44:8888 [/61.158.166.44] failed: Connection refused (Connection refused); nested exception is org.apache.http.conn.HttpHostConnectException: Connect to 61.158.166.44:8888 [/61.158.166.44] failed: Connection refused (Connection refused)
	at org.springframework.web.client.RestTemplate.doExecute(RestTemplate.java:791)
	at org.springframework.web.client.RestTemplate.execute(RestTemplate.java:717)
	at org.springframework.web.client.RestTemplate.exchange(RestTemplate.java:608)
	at cn.psycall.ccmgt.util.FreeSwitchManage.conn_rabbit_mq(FreeSwitchManage.java:272)
	at cn.psycall.ccmgt.util.FreeSwitchManage.monitor(FreeSwitchManage.java:89)
	at cn.psycall.ccmgt.util.FreeSwitchManage.run(FreeSwitchManage.java:42)
Caused by: org.apache.http.conn.HttpHostConnectException: Connect to 61.158.166.44:8888 [/61.158.166.44] failed: Connection refused (Connection refused)
	at org.apache.http.impl.conn.DefaultHttpClientConnectionOperator.connect(DefaultHttpClientConnectionOperator.java:156)
	at org.apache.http.impl.conn.PoolingHttpClientConnectionManager.connect(PoolingHttpClientConnectionManager.java:376)
	at org.apache.http.impl.execchain.MainClientExec.establishRoute(MainClientExec.java:393)
	at org.apache.http.impl.execchain.MainClientExec.execute(MainClientExec.java:236)
	at org.apache.http.impl.execchain.ProtocolExec.execute(ProtocolExec.java:186)
	at org.apache.http.impl.execchain.RetryExec.execute(RetryExec.java:89)
	at org.apache.http.impl.execchain.RedirectExec.execute(RedirectExec.java:110)
	at org.apache.http.impl.client.InternalHttpClient.doExecute(InternalHttpClient.java:185)
	at org.apache.http.impl.client.CloseableHttpClient.execute(CloseableHttpClient.java:83)
	at org.apache.http.impl.client.CloseableHttpClient.execute(CloseableHttpClient.java:56)
	at org.springframework.http.client.HttpComponentsClientHttpRequest.executeInternal(HttpComponentsClientHttpRequest.java:87)
	at org.springframework.http.client.AbstractBufferingClientHttpRequest.executeInternal(AbstractBufferingClientHttpRequest.java:48)
	at org.springframework.http.client.AbstractClientHttpRequest.execute(AbstractClientHttpRequest.java:66)
	at org.springframework.web.client.RestTemplate.doExecute(RestTemplate.java:782)
	... 5 common frames omitted
Caused by: java.net.ConnectException: Connection refused (Connection refused)
	at java.base/java.net.PlainSocketImpl.socketConnect(Native Method)
	at java.base/java.net.AbstractPlainSocketImpl.doConnect(AbstractPlainSocketImpl.java:412)
	at java.base/java.net.AbstractPlainSocketImpl.connectToAddress(AbstractPlainSocketImpl.java:255)
	at java.base/java.net.AbstractPlainSocketImpl.connect(AbstractPlainSocketImpl.java:237)
	at java.base/java.net.SocksSocketImpl.connect(SocksSocketImpl.java:392)
	at java.base/java.net.Socket.connect(Socket.java:609)
	at org.apache.http.conn.socket.PlainConnectionSocketFactory.connectSocket(PlainConnectionSocketFactory.java:75)
	at org.apache.http.impl.conn.DefaultHttpClientConnectionOperator.connect(DefaultHttpClientConnectionOperator.java:142)
	... 18 common frames omitted
2026-02-22 03:06:55.658 - [WARN ] - esl
org.freeswitch.esl.client.inbound.InboundConnectionException: Could not connect to /61.158.166.45:8021
	at org.freeswitch.esl.client.inbound.Client.connect(Client.java:134)
	at cn.psycall.ccmgt.util.FreeSwitchManage.monitor(FreeSwitchManage.java:86)
	at cn.psycall.ccmgt.util.FreeSwitchManage.run(FreeSwitchManage.java:42)
Caused by: io.netty.channel.AbstractChannel$AnnotatedConnectException: Connection refused: /61.158.166.45:8021
Caused by: java.net.ConnectException: Connection refused
	at java.base/sun.nio.ch.SocketChannelImpl.checkConnect(Native Method)
	at java.base/sun.nio.ch.SocketChannelImpl.finishConnect(SocketChannelImpl.java:777)
	at io.netty.channel.socket.nio.NioSocketChannel.doFinishConnect(NioSocketChannel.java:330)
	at io.netty.channel.nio.AbstractNioChannel$AbstractNioUnsafe.finishConnect(AbstractNioChannel.java:334)
	at io.netty.channel.nio.NioEventLoop.processSelectedKey(NioEventLoop.java:707)
	at io.netty.channel.nio.NioEventLoop.processSelectedKeysOptimized(NioEventLoop.java:655)
	at io.netty.channel.nio.NioEventLoop.processSelectedKeys(NioEventLoop.java:581)
	at io.netty.channel.nio.NioEventLoop.run(NioEventLoop.java:493)
	at io.netty.util.concurrent.SingleThreadEventExecutor$4.run(SingleThreadEventExecutor.java:989)
	at io.netty.util.internal.ThreadExecutorMap$2.run(ThreadExecutorMap.java:74)
	at io.netty.util.concurrent.FastThreadLocalRunnable.run(FastThreadLocalRunnable.java:30)
	at java.base/java.lang.Thread.run(Thread.java:829)
2026-02-22 03:06:57.200 - [WARN ] - esl
org.freeswitch.esl.client.inbound.InboundConnectionException: Could not connect to /61.158.166.45:8021
	at org.freeswitch.esl.client.inbound.Client.connect(Client.java:134)
	at cn.psycall.ccmgt.util.FreeSwitchManage.monitor(FreeSwitchManage.java:86)
	at cn.psycall.ccmgt.util.FreeSwitchManage.run(FreeSwitchManage.java:42)
Caused by: io.netty.channel.AbstractChannel$AnnotatedConnectException: Connection refused: /61.158.166.45:8021
Caused by: java.net.ConnectException: Connection refused
	at java.base/sun.nio.ch.SocketChannelImpl.checkConnect(Native Method)
	at java.base/sun.nio.ch.SocketChannelImpl.finishConnect(SocketChannelImpl.java:777)
	at io.netty.channel.socket.nio.NioSocketChannel.doFinishConnect(NioSocketChannel.java:330)
	at io.netty.channel.nio.AbstractNioChannel$AbstractNioUnsafe.finishConnect(AbstractNioChannel.java:334)
	at io.netty.channel.nio.NioEventLoop.processSelectedKey(NioEventLoop.java:707)
	at io.netty.channel.nio.NioEventLoop.processSelectedKeysOptimized(NioEventLoop.java:655)
	at io.netty.channel.nio.NioEventLoop.processSelectedKeys(NioEventLoop.java:581)
	at io.netty.channel.nio.NioEventLoop.run(NioEventLoop.java:493)
	at io.netty.util.concurrent.SingleThreadEventExecutor$4.run(SingleThreadEventExecutor.java:989)
	at io.netty.util.internal.ThreadExecutorMap$2.run(ThreadExecutorMap.java:74)
	at io.netty.util.concurrent.FastThreadLocalRunnable.run(FastThreadLocalRunnable.java:30)
	at java.base/java.lang.Thread.run(Thread.java:829)
2026-02-22 03:06:58.554 - [WARN ] - esl
org.freeswitch.esl.client.inbound.InboundConnectionException: Could not connect to /61.158.166.45:8021
	at org.freeswitch.esl.client.inbound.Client.connect(Client.java:134)
	at cn.psycall.ccmgt.util.FreeSwitchManage.monitor(FreeSwitchManage.java:86)
	at cn.psycall.ccmgt.util.FreeSwitchManage.run(FreeSwitchManage.java:42)
Caused by: io.netty.channel.AbstractChannel$AnnotatedConnectException: Connection refused: /61.158.166.45:8021
Caused by: java.net.ConnectException: Connection refused
	at java.base/sun.nio.ch.SocketChannelImpl.checkConnect(Native Method)
	at java.base/sun.nio.ch.SocketChannelImpl.finishConnect(SocketChannelImpl.java:777)
	at io.netty.channel.socket.nio.NioSocketChannel.doFinishConnect(NioSocketChannel.java:330)
	at io.netty.channel.nio.AbstractNioChannel$AbstractNioUnsafe.finishConnect(AbstractNioChannel.java:334)
	at io.netty.channel.nio.NioEventLoop.processSelectedKey(NioEventLoop.java:707)
	at io.netty.channel.nio.NioEventLoop.processSelectedKeysOptimized(NioEventLoop.java:655)
	at io.netty.channel.nio.NioEventLoop.processSelectedKeys(NioEventLoop.java:581)
	at io.netty.channel.nio.NioEventLoop.run(NioEventLoop.java:493)
	at io.netty.util.concurrent.SingleThreadEventExecutor$4.run(SingleThreadEventExecutor.java:989)
	at io.netty.util.internal.ThreadExecutorMap$2.run(ThreadExecutorMap.java:74)
	at io.netty.util.concurrent.FastThreadLocalRunnable.run(FastThreadLocalRunnable.java:30)
	at java.base/java.lang.Thread.run(Thread.java:829)
2026-02-22 03:06:59.911 - [WARN ] - esl
org.freeswitch.esl.client.inbound.InboundConnectionException: Could not connect to /61.158.166.45:8021
	at org.freeswitch.esl.client.inbound.Client.connect(Client.java:134)
	at cn.psycall.ccmgt.util.FreeSwitchManage.monitor(FreeSwitchManage.java:86)
	at cn.psycall.ccmgt.util.FreeSwitchManage.run(FreeSwitchManage.java:42)
Caused by: io.netty.channel.AbstractChannel$AnnotatedConnectException: Connection refused: /61.158.166.45:8021
Caused by: java.net.ConnectException: Connection refused
	at java.base/sun.nio.ch.SocketChannelImpl.checkConnect(Native Method)
	at java.base/sun.nio.ch.SocketChannelImpl.finishConnect(SocketChannelImpl.java:777)
	at io.netty.channel.socket.nio.NioSocketChannel.doFinishConnect(NioSocketChannel.java:330)
	at io.netty.channel.nio.AbstractNioChannel$AbstractNioUnsafe.finishConnect(AbstractNioChannel.java:334)
	at io.netty.channel.nio.NioEventLoop.processSelectedKey(NioEventLoop.java:707)
	at io.netty.channel.nio.NioEventLoop.processSelectedKeysOptimized(NioEventLoop.java:655)
	at io.netty.channel.nio.NioEventLoop.processSelectedKeys(NioEventLoop.java:581)
	at io.netty.channel.nio.NioEventLoop.run(NioEventLoop.java:493)
	at io.netty.util.concurrent.SingleThreadEventExecutor$4.run(SingleThreadEventExecutor.java:989)
	at io.netty.util.internal.ThreadExecutorMap$2.run(ThreadExecutorMap.java:74)
	at io.netty.util.concurrent.FastThreadLocalRunnable.run(FastThreadLocalRunnable.java:30)
	at java.base/java.lang.Thread.run(Thread.java:829)
2026-02-22 03:07:01.267 - [WARN ] - esl
org.freeswitch.esl.client.inbound.InboundConnectionException: Could not connect to /61.158.166.45:8021
	at org.freeswitch.esl.client.inbound.Client.connect(Client.java:134)
	at cn.psycall.ccmgt.util.FreeSwitchManage.monitor(FreeSwitchManage.java:86)
	at cn.psycall.ccmgt.util.FreeSwitchManage.run(FreeSwitchManage.java:42)
Caused by: io.netty.channel.AbstractChannel$AnnotatedConnectException: Connection refused: /61.158.166.45:8021
Caused by: java.net.ConnectException: Connection refused
	at java.base/sun.nio.ch.SocketChannelImpl.checkConnect(Native Method)
	at java.base/sun.nio.ch.SocketChannelImpl.finishConnect(SocketChannelImpl.java:777)
	at io.netty.channel.socket.nio.NioSocketChannel.doFinishConnect(NioSocketChannel.java:330)
	at io.netty.channel.nio.AbstractNioChannel$AbstractNioUnsafe.finishConnect(AbstractNioChannel.java:334)
	at io.netty.channel.nio.NioEventLoop.processSelectedKey(NioEventLoop.java:707)
	at io.netty.channel.nio.NioEventLoop.processSelectedKeysOptimized(NioEventLoop.java:655)
	at io.netty.channel.nio.NioEventLoop.processSelectedKeys(NioEventLoop.java:581)
	at io.netty.channel.nio.NioEventLoop.run(NioEventLoop.java:493)
	at io.netty.util.concurrent.SingleThreadEventExecutor$4.run(SingleThreadEventExecutor.java:989)
	at io.netty.util.internal.ThreadExecutorMap$2.run(ThreadExecutorMap.java:74)
	at io.netty.util.concurrent.FastThreadLocalRunnable.run(FastThreadLocalRunnable.java:30)
	at java.base/java.lang.Thread.run(Thread.java:829)
2026-02-22 03:07:02.656 - [WARN ] - esl
org.freeswitch.esl.client.inbound.InboundConnectionException: Could not connect to /61.158.166.45:8021
	at org.freeswitch.esl.client.inbound.Client.connect(Client.java:134)
	at cn.psycall.ccmgt.util.FreeSwitchManage.monitor(FreeSwitchManage.java:86)
	at cn.psycall.ccmgt.util.FreeSwitchManage.run(FreeSwitchManage.java:42)
Caused by: io.netty.channel.AbstractChannel$AnnotatedConnectException: Connection refused: /61.158.166.45:8021
Caused by: java.net.ConnectException: Connection refused
	at java.base/sun.nio.ch.SocketChannelImpl.checkConnect(Native Method)
	at java.base/sun.nio.ch.SocketChannelImpl.finishConnect(SocketChannelImpl.java:777)
	at io.netty.channel.socket.nio.NioSocketChannel.doFinishConnect(NioSocketChannel.java:330)
	at io.netty.channel.nio.AbstractNioChannel$AbstractNioUnsafe.finishConnect(AbstractNioChannel.java:334)
	at io.netty.channel.nio.NioEventLoop.processSelectedKey(NioEventLoop.java:707)
	at io.netty.channel.nio.NioEventLoop.processSelectedKeysOptimized(NioEventLoop.java:655)
	at io.netty.channel.nio.NioEventLoop.processSelectedKeys(NioEventLoop.java:581)
	at io.netty.channel.nio.NioEventLoop.run(NioEventLoop.java:493)
	at io.netty.util.concurrent.SingleThreadEventExecutor$4.run(SingleThreadEventExecutor.java:989)
	at io.netty.util.internal.ThreadExecutorMap$2.run(ThreadExecutorMap.java:74)
	at io.netty.util.concurrent.FastThreadLocalRunnable.run(FastThreadLocalRunnable.java:30)
	at java.base/java.lang.Thread.run(Thread.java:829)
2026-02-22 03:07:04.022 - [WARN ] - esl
org.freeswitch.esl.client.inbound.InboundConnectionException: Could not connect to /61.158.166.45:8021
	at org.freeswitch.esl.client.inbound.Client.connect(Client.java:134)
	at cn.psycall.ccmgt.util.FreeSwitchManage.monitor(FreeSwitchManage.java:86)
	at cn.psycall.ccmgt.util.FreeSwitchManage.run(FreeSwitchManage.java:42)
Caused by: io.netty.channel.AbstractChannel$AnnotatedConnectException: Connection refused: /61.158.166.45:8021
Caused by: java.net.ConnectException: Connection refused
	at java.base/sun.nio.ch.SocketChannelImpl.checkConnect(Native Method)
	at java.base/sun.nio.ch.SocketChannelImpl.finishConnect(SocketChannelImpl.java:777)
	at io.netty.channel.socket.nio.NioSocketChannel.doFinishConnect(NioSocketChannel.java:330)
	at io.netty.channel.nio.AbstractNioChannel$AbstractNioUnsafe.finishConnect(AbstractNioChannel.java:334)
	at io.netty.channel.nio.NioEventLoop.processSelectedKey(NioEventLoop.java:707)
	at io.netty.channel.nio.NioEventLoop.processSelectedKeysOptimized(NioEventLoop.java:655)
	at io.netty.channel.nio.NioEventLoop.processSelectedKeys(NioEventLoop.java:581)
	at io.netty.channel.nio.NioEventLoop.run(NioEventLoop.java:493)
	at io.netty.util.concurrent.SingleThreadEventExecutor$4.run(SingleThreadEventExecutor.java:989)
	at io.netty.util.internal.ThreadExecutorMap$2.run(ThreadExecutorMap.java:74)
	at io.netty.util.concurrent.FastThreadLocalRunnable.run(FastThreadLocalRunnable.java:30)
	at java.base/java.lang.Thread.run(Thread.java:829)
2026-02-22 03:07:05.399 - [WARN ] - esl
org.freeswitch.esl.client.inbound.InboundConnectionException: Could not connect to /61.158.166.45:8021
	at org.freeswitch.esl.client.inbound.Client.connect(Client.java:134)
	at cn.psycall.ccmgt.util.FreeSwitchManage.monitor(FreeSwitchManage.java:86)
	at cn.psycall.ccmgt.util.FreeSwitchManage.run(FreeSwitchManage.java:42)
Caused by: io.netty.channel.AbstractChannel$AnnotatedConnectException: Connection refused: /61.158.166.45:8021
Caused by: java.net.ConnectException: Connection refused
	at java.base/sun.nio.ch.SocketChannelImpl.checkConnect(Native Method)
	at java.base/sun.nio.ch.SocketChannelImpl.finishConnect(SocketChannelImpl.java:777)
	at io.netty.channel.socket.nio.NioSocketChannel.doFinishConnect(NioSocketChannel.java:330)
	at io.netty.channel.nio.AbstractNioChannel$AbstractNioUnsafe.finishConnect(AbstractNioChannel.java:334)
	at io.netty.channel.nio.NioEventLoop.processSelectedKey(NioEventLoop.java:707)
	at io.netty.channel.nio.NioEventLoop.processSelectedKeysOptimized(NioEventLoop.java:655)
	at io.netty.channel.nio.NioEventLoop.processSelectedKeys(NioEventLoop.java:581)
	at io.netty.channel.nio.NioEventLoop.run(NioEventLoop.java:493)
	at io.netty.util.concurrent.SingleThreadEventExecutor$4.run(SingleThreadEventExecutor.java:989)
	at io.netty.util.internal.ThreadExecutorMap$2.run(ThreadExecutorMap.java:74)
	at io.netty.util.concurrent.FastThreadLocalRunnable.run(FastThreadLocalRunnable.java:30)
	at java.base/java.lang.Thread.run(Thread.java:829)
2026-02-22 03:07:06.793 - [INFO ] - internal->61.158.166.44:5060
2026-02-22 03:07:06.794 - [INFO ] - ESL Client connected ..(61.158.166.44:8021[bd9ad5dd-c973-4e22-968f-dc9c3ea1f56c])
2026-02-22 03:07:07.529 - [INFO ] - internal_sip_port->5060
2026-02-22 03:07:07.530 - [INFO ] - external_sip_port->5080
2026-02-22 03:07:13.165 - [INFO ] - fs[bd9ad5dd-c973-4e22-968f-dc9c3ea1f56c] CallThread start
2026-02-22 03:07:13.249 - [WARN ] - esl
org.freeswitch.esl.client.inbound.InboundConnectionException: Could not connect to /61.158.166.45:8021
	at org.freeswitch.esl.client.inbound.Client.connect(Client.java:134)
	at cn.psycall.ccmgt.util.FreeSwitchManage.monitor(FreeSwitchManage.java:86)
	at cn.psycall.ccmgt.util.FreeSwitchManage.run(FreeSwitchManage.java:42)
Caused by: io.netty.channel.AbstractChannel$AnnotatedConnectException: Connection refused: /61.158.166.45:8021
Caused by: java.net.ConnectException: Connection refused
	at java.base/sun.nio.ch.SocketChannelImpl.checkConnect(Native Method)
	at java.base/sun.nio.ch.SocketChannelImpl.finishConnect(SocketChannelImpl.java:777)
	at io.netty.channel.socket.nio.NioSocketChannel.doFinishConnect(NioSocketChannel.java:330)
	at io.netty.channel.nio.AbstractNioChannel$AbstractNioUnsafe.finishConnect(AbstractNioChannel.java:334)
	at io.netty.channel.nio.NioEventLoop.processSelectedKey(NioEventLoop.java:707)
	at io.netty.channel.nio.NioEventLoop.processSelectedKeysOptimized(NioEventLoop.java:655)
	at io.netty.channel.nio.NioEventLoop.processSelectedKeys(NioEventLoop.java:581)
	at io.netty.channel.nio.NioEventLoop.run(NioEventLoop.java:493)
	at io.netty.util.concurrent.SingleThreadEventExecutor$4.run(SingleThreadEventExecutor.java:989)
	at io.netty.util.internal.ThreadExecutorMap$2.run(ThreadExecutorMap.java:74)
	at io.netty.util.concurrent.FastThreadLocalRunnable.run(FastThreadLocalRunnable.java:30)
	at java.base/java.lang.Thread.run(Thread.java:829)
2026-02-22 03:07:14.344 - [WARN ] - esl
org.freeswitch.esl.client.inbound.InboundConnectionException: Could not connect to /61.158.166.45:8021
	at org.freeswitch.esl.client.inbound.Client.connect(Client.java:134)
	at cn.psycall.ccmgt.util.FreeSwitchManage.monitor(FreeSwitchManage.java:86)
	at cn.psycall.ccmgt.util.FreeSwitchManage.run(FreeSwitchManage.java:42)
Caused by: io.netty.channel.AbstractChannel$AnnotatedConnectException: Connection refused: /61.158.166.45:8021
Caused by: java.net.ConnectException: Connection refused
	at java.base/sun.nio.ch.SocketChannelImpl.checkConnect(Native Method)
	at java.base/sun.nio.ch.SocketChannelImpl.finishConnect(SocketChannelImpl.java:777)
	at io.netty.channel.socket.nio.NioSocketChannel.doFinishConnect(NioSocketChannel.java:330)
	at io.netty.channel.nio.AbstractNioChannel$AbstractNioUnsafe.finishConnect(AbstractNioChannel.java:334)
	at io.netty.channel.nio.NioEventLoop.processSelectedKey(NioEventLoop.java:707)
	at io.netty.channel.nio.NioEventLoop.processSelectedKeysOptimized(NioEventLoop.java:655)
	at io.netty.channel.nio.NioEventLoop.processSelectedKeys(NioEventLoop.java:581)
	at io.netty.channel.nio.NioEventLoop.run(NioEventLoop.java:493)
	at io.netty.util.concurrent.SingleThreadEventExecutor$4.run(SingleThreadEventExecutor.java:989)
	at io.netty.util.internal.ThreadExecutorMap$2.run(ThreadExecutorMap.java:74)
	at io.netty.util.concurrent.FastThreadLocalRunnable.run(FastThreadLocalRunnable.java:30)
	at java.base/java.lang.Thread.run(Thread.java:829)
2026-02-22 03:07:15.426 - [WARN ] - esl
org.freeswitch.esl.client.inbound.InboundConnectionException: Could not connect to /61.158.166.45:8021
	at org.freeswitch.esl.client.inbound.Client.connect(Client.java:134)
	at cn.psycall.ccmgt.util.FreeSwitchManage.monitor(FreeSwitchManage.java:86)
	at cn.psycall.ccmgt.util.FreeSwitchManage.run(FreeSwitchManage.java:42)
Caused by: io.netty.channel.AbstractChannel$AnnotatedConnectException: Connection refused: /61.158.166.45:8021
Caused by: java.net.ConnectException: Connection refused
	at java.base/sun.nio.ch.SocketChannelImpl.checkConnect(Native Method)
	at java.base/sun.nio.ch.SocketChannelImpl.finishConnect(SocketChannelImpl.java:777)
	at io.netty.channel.socket.nio.NioSocketChannel.doFinishConnect(NioSocketChannel.java:330)
	at io.netty.channel.nio.AbstractNioChannel$AbstractNioUnsafe.finishConnect(AbstractNioChannel.java:334)
	at io.netty.channel.nio.NioEventLoop.processSelectedKey(NioEventLoop.java:707)
	at io.netty.channel.nio.NioEventLoop.processSelectedKeysOptimized(NioEventLoop.java:655)
	at io.netty.channel.nio.NioEventLoop.processSelectedKeys(NioEventLoop.java:581)
	at io.netty.channel.nio.NioEventLoop.run(NioEventLoop.java:493)
	at io.netty.util.concurrent.SingleThreadEventExecutor$4.run(SingleThreadEventExecutor.java:989)
	at io.netty.util.internal.ThreadExecutorMap$2.run(ThreadExecutorMap.java:74)
	at io.netty.util.concurrent.FastThreadLocalRunnable.run(FastThreadLocalRunnable.java:30)
	at java.base/java.lang.Thread.run(Thread.java:829)
2026-02-22 03:07:16.507 - [WARN ] - esl
org.freeswitch.esl.client.inbound.InboundConnectionException: Could not connect to /61.158.166.45:8021
	at org.freeswitch.esl.client.inbound.Client.connect(Client.java:134)
	at cn.psycall.ccmgt.util.FreeSwitchManage.monitor(FreeSwitchManage.java:86)
	at cn.psycall.ccmgt.util.FreeSwitchManage.run(FreeSwitchManage.java:42)
Caused by: io.netty.channel.AbstractChannel$AnnotatedConnectException: Connection refused: /61.158.166.45:8021
Caused by: java.net.ConnectException: Connection refused
	at java.base/sun.nio.ch.SocketChannelImpl.checkConnect(Native Method)
	at java.base/sun.nio.ch.SocketChannelImpl.finishConnect(SocketChannelImpl.java:777)
	at io.netty.channel.socket.nio.NioSocketChannel.doFinishConnect(NioSocketChannel.java:330)
	at io.netty.channel.nio.AbstractNioChannel$AbstractNioUnsafe.finishConnect(AbstractNioChannel.java:334)
	at io.netty.channel.nio.NioEventLoop.processSelectedKey(NioEventLoop.java:707)
	at io.netty.channel.nio.NioEventLoop.processSelectedKeysOptimized(NioEventLoop.java:655)
	at io.netty.channel.nio.NioEventLoop.processSelectedKeys(NioEventLoop.java:581)
	at io.netty.channel.nio.NioEventLoop.run(NioEventLoop.java:493)
	at io.netty.util.concurrent.SingleThreadEventExecutor$4.run(SingleThreadEventExecutor.java:989)
	at io.netty.util.internal.ThreadExecutorMap$2.run(ThreadExecutorMap.java:74)
	at io.netty.util.concurrent.FastThreadLocalRunnable.run(FastThreadLocalRunnable.java:30)
	at java.base/java.lang.Thread.run(Thread.java:829)
2026-02-22 03:07:17.588 - [WARN ] - esl
org.freeswitch.esl.client.inbound.InboundConnectionException: Could not connect to /61.158.166.45:8021
	at org.freeswitch.esl.client.inbound.Client.connect(Client.java:134)
	at cn.psycall.ccmgt.util.FreeSwitchManage.monitor(FreeSwitchManage.java:86)
	at cn.psycall.ccmgt.util.FreeSwitchManage.run(FreeSwitchManage.java:42)
Caused by: io.netty.channel.AbstractChannel$AnnotatedConnectException: Connection refused: /61.158.166.45:8021
Caused by: java.net.ConnectException: Connection refused
	at java.base/sun.nio.ch.SocketChannelImpl.checkConnect(Native Method)
	at java.base/sun.nio.ch.SocketChannelImpl.finishConnect(SocketChannelImpl.java:777)
	at io.netty.channel.socket.nio.NioSocketChannel.doFinishConnect(NioSocketChannel.java:330)
	at io.netty.channel.nio.AbstractNioChannel$AbstractNioUnsafe.finishConnect(AbstractNioChannel.java:334)
	at io.netty.channel.nio.NioEventLoop.processSelectedKey(NioEventLoop.java:707)
	at io.netty.channel.nio.NioEventLoop.processSelectedKeysOptimized(NioEventLoop.java:655)
	at io.netty.channel.nio.NioEventLoop.processSelectedKeys(NioEventLoop.java:581)
	at io.netty.channel.nio.NioEventLoop.run(NioEventLoop.java:493)
	at io.netty.util.concurrent.SingleThreadEventExecutor$4.run(SingleThreadEventExecutor.java:989)
	at io.netty.util.internal.ThreadExecutorMap$2.run(ThreadExecutorMap.java:74)
	at io.netty.util.concurrent.FastThreadLocalRunnable.run(FastThreadLocalRunnable.java:30)
	at java.base/java.lang.Thread.run(Thread.java:829)
2026-02-22 03:07:18.679 - [WARN ] - esl
org.freeswitch.esl.client.inbound.InboundConnectionException: Could not connect to /61.158.166.45:8021
	at org.freeswitch.esl.client.inbound.Client.connect(Client.java:134)
	at cn.psycall.ccmgt.util.FreeSwitchManage.monitor(FreeSwitchManage.java:86)
	at cn.psycall.ccmgt.util.FreeSwitchManage.run(FreeSwitchManage.java:42)
Caused by: io.netty.channel.AbstractChannel$AnnotatedConnectException: Connection refused: /61.158.166.45:8021
Caused by: java.net.ConnectException: Connection refused
	at java.base/sun.nio.ch.SocketChannelImpl.checkConnect(Native Method)
	at java.base/sun.nio.ch.SocketChannelImpl.finishConnect(SocketChannelImpl.java:777)
	at io.netty.channel.socket.nio.NioSocketChannel.doFinishConnect(NioSocketChannel.java:330)
	at io.netty.channel.nio.AbstractNioChannel$AbstractNioUnsafe.finishConnect(AbstractNioChannel.java:334)
	at io.netty.channel.nio.NioEventLoop.processSelectedKey(NioEventLoop.java:707)
	at io.netty.channel.nio.NioEventLoop.processSelectedKeysOptimized(NioEventLoop.java:655)
	at io.netty.channel.nio.NioEventLoop.processSelectedKeys(NioEventLoop.java:581)
	at io.netty.channel.nio.NioEventLoop.run(NioEventLoop.java:493)
	at io.netty.util.concurrent.SingleThreadEventExecutor$4.run(SingleThreadEventExecutor.java:989)
	at io.netty.util.internal.ThreadExecutorMap$2.run(ThreadExecutorMap.java:74)
	at io.netty.util.concurrent.FastThreadLocalRunnable.run(FastThreadLocalRunnable.java:30)
	at java.base/java.lang.Thread.run(Thread.java:829)
2026-02-22 03:07:19.760 - [WARN ] - esl
org.freeswitch.esl.client.inbound.InboundConnectionException: Could not connect to /61.158.166.45:8021
	at org.freeswitch.esl.client.inbound.Client.connect(Client.java:134)
	at cn.psycall.ccmgt.util.FreeSwitchManage.monitor(FreeSwitchManage.java:86)
	at cn.psycall.ccmgt.util.FreeSwitchManage.run(FreeSwitchManage.java:42)
Caused by: io.netty.channel.AbstractChannel$AnnotatedConnectException: Connection refused: /61.158.166.45:8021
Caused by: java.net.ConnectException: Connection refused
	at java.base/sun.nio.ch.SocketChannelImpl.checkConnect(Native Method)
	at java.base/sun.nio.ch.SocketChannelImpl.finishConnect(SocketChannelImpl.java:777)
	at io.netty.channel.socket.nio.NioSocketChannel.doFinishConnect(NioSocketChannel.java:330)
	at io.netty.channel.nio.AbstractNioChannel$AbstractNioUnsafe.finishConnect(AbstractNioChannel.java:334)
	at io.netty.channel.nio.NioEventLoop.processSelectedKey(NioEventLoop.java:707)
	at io.netty.channel.nio.NioEventLoop.processSelectedKeysOptimized(NioEventLoop.java:655)
	at io.netty.channel.nio.NioEventLoop.processSelectedKeys(NioEventLoop.java:581)
	at io.netty.channel.nio.NioEventLoop.run(NioEventLoop.java:493)
	at io.netty.util.concurrent.SingleThreadEventExecutor$4.run(SingleThreadEventExecutor.java:989)
	at io.netty.util.internal.ThreadExecutorMap$2.run(ThreadExecutorMap.java:74)
	at io.netty.util.concurrent.FastThreadLocalRunnable.run(FastThreadLocalRunnable.java:30)
	at java.base/java.lang.Thread.run(Thread.java:829)
2026-02-22 03:07:20.846 - [WARN ] - esl
org.freeswitch.esl.client.inbound.InboundConnectionException: Could not connect to /61.158.166.45:8021
	at org.freeswitch.esl.client.inbound.Client.connect(Client.java:134)
	at cn.psycall.ccmgt.util.FreeSwitchManage.monitor(FreeSwitchManage.java:86)
	at cn.psycall.ccmgt.util.FreeSwitchManage.run(FreeSwitchManage.java:42)
Caused by: io.netty.channel.AbstractChannel$AnnotatedConnectException: Connection refused: /61.158.166.45:8021
Caused by: java.net.ConnectException: Connection refused
	at java.base/sun.nio.ch.SocketChannelImpl.checkConnect(Native Method)
	at java.base/sun.nio.ch.SocketChannelImpl.finishConnect(SocketChannelImpl.java:777)
	at io.netty.channel.socket.nio.NioSocketChannel.doFinishConnect(NioSocketChannel.java:330)
	at io.netty.channel.nio.AbstractNioChannel$AbstractNioUnsafe.finishConnect(AbstractNioChannel.java:334)
	at io.netty.channel.nio.NioEventLoop.processSelectedKey(NioEventLoop.java:707)
	at io.netty.channel.nio.NioEventLoop.processSelectedKeysOptimized(NioEventLoop.java:655)
	at io.netty.channel.nio.NioEventLoop.processSelectedKeys(NioEventLoop.java:581)
	at io.netty.channel.nio.NioEventLoop.run(NioEventLoop.java:493)
	at io.netty.util.concurrent.SingleThreadEventExecutor$4.run(SingleThreadEventExecutor.java:989)
	at io.netty.util.internal.ThreadExecutorMap$2.run(ThreadExecutorMap.java:74)
	at io.netty.util.concurrent.FastThreadLocalRunnable.run(FastThreadLocalRunnable.java:30)
	at java.base/java.lang.Thread.run(Thread.java:829)
2026-02-22 03:07:21.943 - [WARN ] - esl
org.freeswitch.esl.client.inbound.InboundConnectionException: Could not connect to /61.158.166.45:8021
	at org.freeswitch.esl.client.inbound.Client.connect(Client.java:134)
	at cn.psycall.ccmgt.util.FreeSwitchManage.monitor(FreeSwitchManage.java:86)
	at cn.psycall.ccmgt.util.FreeSwitchManage.run(FreeSwitchManage.java:42)
Caused by: io.netty.channel.AbstractChannel$AnnotatedConnectException: Connection refused: /61.158.166.45:8021
Caused by: java.net.ConnectException: Connection refused
	at java.base/sun.nio.ch.SocketChannelImpl.checkConnect(Native Method)
	at java.base/sun.nio.ch.SocketChannelImpl.finishConnect(SocketChannelImpl.java:777)
	at io.netty.channel.socket.nio.NioSocketChannel.doFinishConnect(NioSocketChannel.java:330)
	at io.netty.channel.nio.AbstractNioChannel$AbstractNioUnsafe.finishConnect(AbstractNioChannel.java:334)
	at io.netty.channel.nio.NioEventLoop.processSelectedKey(NioEventLoop.java:707)
	at io.netty.channel.nio.NioEventLoop.processSelectedKeysOptimized(NioEventLoop.java:655)
	at io.netty.channel.nio.NioEventLoop.processSelectedKeys(NioEventLoop.java:581)
	at io.netty.channel.nio.NioEventLoop.run(NioEventLoop.java:493)
	at io.netty.util.concurrent.SingleThreadEventExecutor$4.run(SingleThreadEventExecutor.java:989)
	at io.netty.util.internal.ThreadExecutorMap$2.run(ThreadExecutorMap.java:74)
	at io.netty.util.concurrent.FastThreadLocalRunnable.run(FastThreadLocalRunnable.java:30)
	at java.base/java.lang.Thread.run(Thread.java:829)
2026-02-22 03:07:23.027 - [WARN ] - esl
org.freeswitch.esl.client.inbound.InboundConnectionException: Could not connect to /61.158.166.45:8021
	at org.freeswitch.esl.client.inbound.Client.connect(Client.java:134)
	at cn.psycall.ccmgt.util.FreeSwitchManage.monitor(FreeSwitchManage.java:86)
	at cn.psycall.ccmgt.util.FreeSwitchManage.run(FreeSwitchManage.java:42)
Caused by: io.netty.channel.AbstractChannel$AnnotatedConnectException: Connection refused: /61.158.166.45:8021
Caused by: java.net.ConnectException: Connection refused
	at java.base/sun.nio.ch.SocketChannelImpl.checkConnect(Native Method)
	at java.base/sun.nio.ch.SocketChannelImpl.finishConnect(SocketChannelImpl.java:777)
	at io.netty.channel.socket.nio.NioSocketChannel.doFinishConnect(NioSocketChannel.java:330)
	at io.netty.channel.nio.AbstractNioChannel$AbstractNioUnsafe.finishConnect(AbstractNioChannel.java:334)
	at io.netty.channel.nio.NioEventLoop.processSelectedKey(NioEventLoop.java:707)
	at io.netty.channel.nio.NioEventLoop.processSelectedKeysOptimized(NioEventLoop.java:655)
	at io.netty.channel.nio.NioEventLoop.processSelectedKeys(NioEventLoop.java:581)
	at io.netty.channel.nio.NioEventLoop.run(NioEventLoop.java:493)
	at io.netty.util.concurrent.SingleThreadEventExecutor$4.run(SingleThreadEventExecutor.java:989)
	at io.netty.util.internal.ThreadExecutorMap$2.run(ThreadExecutorMap.java:74)
	at io.netty.util.concurrent.FastThreadLocalRunnable.run(FastThreadLocalRunnable.java:30)
	at java.base/java.lang.Thread.run(Thread.java:829)
2026-02-22 03:07:24.114 - [WARN ] - esl
org.freeswitch.esl.client.inbound.InboundConnectionException: Could not connect to /61.158.166.45:8021
	at org.freeswitch.esl.client.inbound.Client.connect(Client.java:134)
	at cn.psycall.ccmgt.util.FreeSwitchManage.monitor(FreeSwitchManage.java:86)
	at cn.psycall.ccmgt.util.FreeSwitchManage.run(FreeSwitchManage.java:42)
Caused by: io.netty.channel.AbstractChannel$AnnotatedConnectException: Connection refused: /61.158.166.45:8021
Caused by: java.net.ConnectException: Connection refused
	at java.base/sun.nio.ch.SocketChannelImpl.checkConnect(Native Method)
	at java.base/sun.nio.ch.SocketChannelImpl.finishConnect(SocketChannelImpl.java:777)
	at io.netty.channel.socket.nio.NioSocketChannel.doFinishConnect(NioSocketChannel.java:330)
	at io.netty.channel.nio.AbstractNioChannel$AbstractNioUnsafe.finishConnect(AbstractNioChannel.java:334)
	at io.netty.channel.nio.NioEventLoop.processSelectedKey(NioEventLoop.java:707)
	at io.netty.channel.nio.NioEventLoop.processSelectedKeysOptimized(NioEventLoop.java:655)
	at io.netty.channel.nio.NioEventLoop.processSelectedKeys(NioEventLoop.java:581)
	at io.netty.channel.nio.NioEventLoop.run(NioEventLoop.java:493)
	at io.netty.util.concurrent.SingleThreadEventExecutor$4.run(SingleThreadEventExecutor.java:989)
	at io.netty.util.internal.ThreadExecutorMap$2.run(ThreadExecutorMap.java:74)
	at io.netty.util.concurrent.FastThreadLocalRunnable.run(FastThreadLocalRunnable.java:30)
	at java.base/java.lang.Thread.run(Thread.java:829)
2026-02-22 03:07:25.196 - [WARN ] - esl
org.freeswitch.esl.client.inbound.InboundConnectionException: Could not connect to /61.158.166.45:8021
	at org.freeswitch.esl.client.inbound.Client.connect(Client.java:134)
	at cn.psycall.ccmgt.util.FreeSwitchManage.monitor(FreeSwitchManage.java:86)
	at cn.psycall.ccmgt.util.FreeSwitchManage.run(FreeSwitchManage.java:42)
Caused by: io.netty.channel.AbstractChannel$AnnotatedConnectException: Connection refused: /61.158.166.45:8021
Caused by: java.net.ConnectException: Connection refused
	at java.base/sun.nio.ch.SocketChannelImpl.checkConnect(Native Method)
	at java.base/sun.nio.ch.SocketChannelImpl.finishConnect(SocketChannelImpl.java:777)
	at io.netty.channel.socket.nio.NioSocketChannel.doFinishConnect(NioSocketChannel.java:330)
	at io.netty.channel.nio.AbstractNioChannel$AbstractNioUnsafe.finishConnect(AbstractNioChannel.java:334)
	at io.netty.channel.nio.NioEventLoop.processSelectedKey(NioEventLoop.java:707)
	at io.netty.channel.nio.NioEventLoop.processSelectedKeysOptimized(NioEventLoop.java:655)
	at io.netty.channel.nio.NioEventLoop.processSelectedKeys(NioEventLoop.java:581)
	at io.netty.channel.nio.NioEventLoop.run(NioEventLoop.java:493)
	at io.netty.util.concurrent.SingleThreadEventExecutor$4.run(SingleThreadEventExecutor.java:989)
	at io.netty.util.internal.ThreadExecutorMap$2.run(ThreadExecutorMap.java:74)
	at io.netty.util.concurrent.FastThreadLocalRunnable.run(FastThreadLocalRunnable.java:30)
	at java.base/java.lang.Thread.run(Thread.java:829)
2026-02-22 03:07:26.282 - [WARN ] - esl
org.freeswitch.esl.client.inbound.InboundConnectionException: Could not connect to /61.158.166.45:8021
	at org.freeswitch.esl.client.inbound.Client.connect(Client.java:134)
	at cn.psycall.ccmgt.util.FreeSwitchManage.monitor(FreeSwitchManage.java:86)
	at cn.psycall.ccmgt.util.FreeSwitchManage.run(FreeSwitchManage.java:42)
Caused by: io.netty.channel.AbstractChannel$AnnotatedConnectException: Connection refused: /61.158.166.45:8021
Caused by: java.net.ConnectException: Connection refused
	at java.base/sun.nio.ch.SocketChannelImpl.checkConnect(Native Method)
	at java.base/sun.nio.ch.SocketChannelImpl.finishConnect(SocketChannelImpl.java:777)
	at io.netty.channel.socket.nio.NioSocketChannel.doFinishConnect(NioSocketChannel.java:330)
	at io.netty.channel.nio.AbstractNioChannel$AbstractNioUnsafe.finishConnect(AbstractNioChannel.java:334)
	at io.netty.channel.nio.NioEventLoop.processSelectedKey(NioEventLoop.java:707)
	at io.netty.channel.nio.NioEventLoop.processSelectedKeysOptimized(NioEventLoop.java:655)
	at io.netty.channel.nio.NioEventLoop.processSelectedKeys(NioEventLoop.java:581)
	at io.netty.channel.nio.NioEventLoop.run(NioEventLoop.java:493)
	at io.netty.util.concurrent.SingleThreadEventExecutor$4.run(SingleThreadEventExecutor.java:989)
	at io.netty.util.internal.ThreadExecutorMap$2.run(ThreadExecutorMap.java:74)
	at io.netty.util.concurrent.FastThreadLocalRunnable.run(FastThreadLocalRunnable.java:30)
	at java.base/java.lang.Thread.run(Thread.java:829)
2026-02-22 03:07:27.369 - [WARN ] - esl
org.freeswitch.esl.client.inbound.InboundConnectionException: Could not connect to /61.158.166.45:8021
	at org.freeswitch.esl.client.inbound.Client.connect(Client.java:134)
	at cn.psycall.ccmgt.util.FreeSwitchManage.monitor(FreeSwitchManage.java:86)
	at cn.psycall.ccmgt.util.FreeSwitchManage.run(FreeSwitchManage.java:42)
Caused by: io.netty.channel.AbstractChannel$AnnotatedConnectException: Connection refused: /61.158.166.45:8021
Caused by: java.net.ConnectException: Connection refused
	at java.base/sun.nio.ch.SocketChannelImpl.checkConnect(Native Method)
	at java.base/sun.nio.ch.SocketChannelImpl.finishConnect(SocketChannelImpl.java:777)
	at io.netty.channel.socket.nio.NioSocketChannel.doFinishConnect(NioSocketChannel.java:330)
	at io.netty.channel.nio.AbstractNioChannel$AbstractNioUnsafe.finishConnect(AbstractNioChannel.java:334)
	at io.netty.channel.nio.NioEventLoop.processSelectedKey(NioEventLoop.java:707)
	at io.netty.channel.nio.NioEventLoop.processSelectedKeysOptimized(NioEventLoop.java:655)
	at io.netty.channel.nio.NioEventLoop.processSelectedKeys(NioEventLoop.java:581)
	at io.netty.channel.nio.NioEventLoop.run(NioEventLoop.java:493)
	at io.netty.util.concurrent.SingleThreadEventExecutor$4.run(SingleThreadEventExecutor.java:989)
	at io.netty.util.internal.ThreadExecutorMap$2.run(ThreadExecutorMap.java:74)
	at io.netty.util.concurrent.FastThreadLocalRunnable.run(FastThreadLocalRunnable.java:30)
	at java.base/java.lang.Thread.run(Thread.java:829)
2026-02-22 03:07:28.457 - [WARN ] - esl
org.freeswitch.esl.client.inbound.InboundConnectionException: Could not connect to /61.158.166.45:8021
	at org.freeswitch.esl.client.inbound.Client.connect(Client.java:134)
	at cn.psycall.ccmgt.util.FreeSwitchManage.monitor(FreeSwitchManage.java:86)
	at cn.psycall.ccmgt.util.FreeSwitchManage.run(FreeSwitchManage.java:42)
Caused by: io.netty.channel.AbstractChannel$AnnotatedConnectException: Connection refused: /61.158.166.45:8021
Caused by: java.net.ConnectException: Connection refused
	at java.base/sun.nio.ch.SocketChannelImpl.checkConnect(Native Method)
	at java.base/sun.nio.ch.SocketChannelImpl.finishConnect(SocketChannelImpl.java:777)
	at io.netty.channel.socket.nio.NioSocketChannel.doFinishConnect(NioSocketChannel.java:330)
	at io.netty.channel.nio.AbstractNioChannel$AbstractNioUnsafe.finishConnect(AbstractNioChannel.java:334)
	at io.netty.channel.nio.NioEventLoop.processSelectedKey(NioEventLoop.java:707)
	at io.netty.channel.nio.NioEventLoop.processSelectedKeysOptimized(NioEventLoop.java:655)
	at io.netty.channel.nio.NioEventLoop.processSelectedKeys(NioEventLoop.java:581)
	at io.netty.channel.nio.NioEventLoop.run(NioEventLoop.java:493)
	at io.netty.util.concurrent.SingleThreadEventExecutor$4.run(SingleThreadEventExecutor.java:989)
	at io.netty.util.internal.ThreadExecutorMap$2.run(ThreadExecutorMap.java:74)
	at io.netty.util.concurrent.FastThreadLocalRunnable.run(FastThreadLocalRunnable.java:30)
	at java.base/java.lang.Thread.run(Thread.java:829)
2026-02-22 03:07:29.540 - [WARN ] - esl
org.freeswitch.esl.client.inbound.InboundConnectionException: Could not connect to /61.158.166.45:8021
	at org.freeswitch.esl.client.inbound.Client.connect(Client.java:134)
	at cn.psycall.ccmgt.util.FreeSwitchManage.monitor(FreeSwitchManage.java:86)
	at cn.psycall.ccmgt.util.FreeSwitchManage.run(FreeSwitchManage.java:42)
Caused by: io.netty.channel.AbstractChannel$AnnotatedConnectException: Connection refused: /61.158.166.45:8021
Caused by: java.net.ConnectException: Connection refused
	at java.base/sun.nio.ch.SocketChannelImpl.checkConnect(Native Method)
	at java.base/sun.nio.ch.SocketChannelImpl.finishConnect(SocketChannelImpl.java:777)
	at io.netty.channel.socket.nio.NioSocketChannel.doFinishConnect(NioSocketChannel.java:330)
	at io.netty.channel.nio.AbstractNioChannel$AbstractNioUnsafe.finishConnect(AbstractNioChannel.java:334)
	at io.netty.channel.nio.NioEventLoop.processSelectedKey(NioEventLoop.java:707)
	at io.netty.channel.nio.NioEventLoop.processSelectedKeysOptimized(NioEventLoop.java:655)
	at io.netty.channel.nio.NioEventLoop.processSelectedKeys(NioEventLoop.java:581)
	at io.netty.channel.nio.NioEventLoop.run(NioEventLoop.java:493)
	at io.netty.util.concurrent.SingleThreadEventExecutor$4.run(SingleThreadEventExecutor.java:989)
	at io.netty.util.internal.ThreadExecutorMap$2.run(ThreadExecutorMap.java:74)
	at io.netty.util.concurrent.FastThreadLocalRunnable.run(FastThreadLocalRunnable.java:30)
	at java.base/java.lang.Thread.run(Thread.java:829)
2026-02-22 03:07:30.636 - [WARN ] - esl
org.freeswitch.esl.client.inbound.InboundConnectionException: Could not connect to /61.158.166.45:8021
	at org.freeswitch.esl.client.inbound.Client.connect(Client.java:134)
	at cn.psycall.ccmgt.util.FreeSwitchManage.monitor(FreeSwitchManage.java:86)
	at cn.psycall.ccmgt.util.FreeSwitchManage.run(FreeSwitchManage.java:42)
Caused by: io.netty.channel.AbstractChannel$AnnotatedConnectException: Connection refused: /61.158.166.45:8021
Caused by: java.net.ConnectException: Connection refused
	at java.base/sun.nio.ch.SocketChannelImpl.checkConnect(Native Method)
	at java.base/sun.nio.ch.SocketChannelImpl.finishConnect(SocketChannelImpl.java:777)
	at io.netty.channel.socket.nio.NioSocketChannel.doFinishConnect(NioSocketChannel.java:330)
	at io.netty.channel.nio.AbstractNioChannel$AbstractNioUnsafe.finishConnect(AbstractNioChannel.java:334)
	at io.netty.channel.nio.NioEventLoop.processSelectedKey(NioEventLoop.java:707)
	at io.netty.channel.nio.NioEventLoop.processSelectedKeysOptimized(NioEventLoop.java:655)
	at io.netty.channel.nio.NioEventLoop.processSelectedKeys(NioEventLoop.java:581)
	at io.netty.channel.nio.NioEventLoop.run(NioEventLoop.java:493)
	at io.netty.util.concurrent.SingleThreadEventExecutor$4.run(SingleThreadEventExecutor.java:989)
	at io.netty.util.internal.ThreadExecutorMap$2.run(ThreadExecutorMap.java:74)
	at io.netty.util.concurrent.FastThreadLocalRunnable.run(FastThreadLocalRunnable.java:30)
	at java.base/java.lang.Thread.run(Thread.java:829)
2026-02-22 03:07:31.722 - [WARN ] - esl
org.freeswitch.esl.client.inbound.InboundConnectionException: Could not connect to /61.158.166.45:8021
	at org.freeswitch.esl.client.inbound.Client.connect(Client.java:134)
	at cn.psycall.ccmgt.util.FreeSwitchManage.monitor(FreeSwitchManage.java:86)
	at cn.psycall.ccmgt.util.FreeSwitchManage.run(FreeSwitchManage.java:42)
Caused by: io.netty.channel.AbstractChannel$AnnotatedConnectException: Connection refused: /61.158.166.45:8021
Caused by: java.net.ConnectException: Connection refused
	at java.base/sun.nio.ch.SocketChannelImpl.checkConnect(Native Method)
	at java.base/sun.nio.ch.SocketChannelImpl.finishConnect(SocketChannelImpl.java:777)
	at io.netty.channel.socket.nio.NioSocketChannel.doFinishConnect(NioSocketChannel.java:330)
	at io.netty.channel.nio.AbstractNioChannel$AbstractNioUnsafe.finishConnect(AbstractNioChannel.java:334)
	at io.netty.channel.nio.NioEventLoop.processSelectedKey(NioEventLoop.java:707)
	at io.netty.channel.nio.NioEventLoop.processSelectedKeysOptimized(NioEventLoop.java:655)
	at io.netty.channel.nio.NioEventLoop.processSelectedKeys(NioEventLoop.java:581)
	at io.netty.channel.nio.NioEventLoop.run(NioEventLoop.java:493)
	at io.netty.util.concurrent.SingleThreadEventExecutor$4.run(SingleThreadEventExecutor.java:989)
	at io.netty.util.internal.ThreadExecutorMap$2.run(ThreadExecutorMap.java:74)
	at io.netty.util.concurrent.FastThreadLocalRunnable.run(FastThreadLocalRunnable.java:30)
	at java.base/java.lang.Thread.run(Thread.java:829)
2026-02-22 03:07:32.809 - [WARN ] - esl
org.freeswitch.esl.client.inbound.InboundConnectionException: Could not connect to /61.158.166.45:8021
	at org.freeswitch.esl.client.inbound.Client.connect(Client.java:134)
	at cn.psycall.ccmgt.util.FreeSwitchManage.monitor(FreeSwitchManage.java:86)
	at cn.psycall.ccmgt.util.FreeSwitchManage.run(FreeSwitchManage.java:42)
Caused by: io.netty.channel.AbstractChannel$AnnotatedConnectException: Connection refused: /61.158.166.45:8021
Caused by: java.net.ConnectException: Connection refused
	at java.base/sun.nio.ch.SocketChannelImpl.checkConnect(Native Method)
	at java.base/sun.nio.ch.SocketChannelImpl.finishConnect(SocketChannelImpl.java:777)
	at io.netty.channel.socket.nio.NioSocketChannel.doFinishConnect(NioSocketChannel.java:330)
	at io.netty.channel.nio.AbstractNioChannel$AbstractNioUnsafe.finishConnect(AbstractNioChannel.java:334)
	at io.netty.channel.nio.NioEventLoop.processSelectedKey(NioEventLoop.java:707)
	at io.netty.channel.nio.NioEventLoop.processSelectedKeysOptimized(NioEventLoop.java:655)
	at io.netty.channel.nio.NioEventLoop.processSelectedKeys(NioEventLoop.java:581)
	at io.netty.channel.nio.NioEventLoop.run(NioEventLoop.java:493)
	at io.netty.util.concurrent.SingleThreadEventExecutor$4.run(SingleThreadEventExecutor.java:989)
	at io.netty.util.internal.ThreadExecutorMap$2.run(ThreadExecutorMap.java:74)
	at io.netty.util.concurrent.FastThreadLocalRunnable.run(FastThreadLocalRunnable.java:30)
	at java.base/java.lang.Thread.run(Thread.java:829)
2026-02-22 03:07:33.895 - [WARN ] - esl
org.freeswitch.esl.client.inbound.InboundConnectionException: Could not connect to /61.158.166.45:8021
	at org.freeswitch.esl.client.inbound.Client.connect(Client.java:134)
	at cn.psycall.ccmgt.util.FreeSwitchManage.monitor(FreeSwitchManage.java:86)
	at cn.psycall.ccmgt.util.FreeSwitchManage.run(FreeSwitchManage.java:42)
Caused by: io.netty.channel.AbstractChannel$AnnotatedConnectException: Connection refused: /61.158.166.45:8021
Caused by: java.net.ConnectException: Connection refused
	at java.base/sun.nio.ch.SocketChannelImpl.checkConnect(Native Method)
	at java.base/sun.nio.ch.SocketChannelImpl.finishConnect(SocketChannelImpl.java:777)
	at io.netty.channel.socket.nio.NioSocketChannel.doFinishConnect(NioSocketChannel.java:330)
	at io.netty.channel.nio.AbstractNioChannel$AbstractNioUnsafe.finishConnect(AbstractNioChannel.java:334)
	at io.netty.channel.nio.NioEventLoop.processSelectedKey(NioEventLoop.java:707)
	at io.netty.channel.nio.NioEventLoop.processSelectedKeysOptimized(NioEventLoop.java:655)
	at io.netty.channel.nio.NioEventLoop.processSelectedKeys(NioEventLoop.java:581)
	at io.netty.channel.nio.NioEventLoop.run(NioEventLoop.java:493)
	at io.netty.util.concurrent.SingleThreadEventExecutor$4.run(SingleThreadEventExecutor.java:989)
	at io.netty.util.internal.ThreadExecutorMap$2.run(ThreadExecutorMap.java:74)
	at io.netty.util.concurrent.FastThreadLocalRunnable.run(FastThreadLocalRunnable.java:30)
	at java.base/java.lang.Thread.run(Thread.java:829)
2026-02-22 03:07:34.974 - [WARN ] - esl
org.freeswitch.esl.client.inbound.InboundConnectionException: Could not connect to /61.158.166.45:8021
	at org.freeswitch.esl.client.inbound.Client.connect(Client.java:134)
	at cn.psycall.ccmgt.util.FreeSwitchManage.monitor(FreeSwitchManage.java:86)
	at cn.psycall.ccmgt.util.FreeSwitchManage.run(FreeSwitchManage.java:42)
Caused by: io.netty.channel.AbstractChannel$AnnotatedConnectException: Connection refused: /61.158.166.45:8021
Caused by: java.net.ConnectException: Connection refused
	at java.base/sun.nio.ch.SocketChannelImpl.checkConnect(Native Method)
	at java.base/sun.nio.ch.SocketChannelImpl.finishConnect(SocketChannelImpl.java:777)
	at io.netty.channel.socket.nio.NioSocketChannel.doFinishConnect(NioSocketChannel.java:330)
	at io.netty.channel.nio.AbstractNioChannel$AbstractNioUnsafe.finishConnect(AbstractNioChannel.java:334)
	at io.netty.channel.nio.NioEventLoop.processSelectedKey(NioEventLoop.java:707)
	at io.netty.channel.nio.NioEventLoop.processSelectedKeysOptimized(NioEventLoop.java:655)
	at io.netty.channel.nio.NioEventLoop.processSelectedKeys(NioEventLoop.java:581)
	at io.netty.channel.nio.NioEventLoop.run(NioEventLoop.java:493)
	at io.netty.util.concurrent.SingleThreadEventExecutor$4.run(SingleThreadEventExecutor.java:989)
	at io.netty.util.internal.ThreadExecutorMap$2.run(ThreadExecutorMap.java:74)
	at io.netty.util.concurrent.FastThreadLocalRunnable.run(FastThreadLocalRunnable.java:30)
	at java.base/java.lang.Thread.run(Thread.java:829)
2026-02-22 03:07:36.058 - [WARN ] - esl
org.freeswitch.esl.client.inbound.InboundConnectionException: Could not connect to /61.158.166.45:8021
	at org.freeswitch.esl.client.inbound.Client.connect(Client.java:134)
	at cn.psycall.ccmgt.util.FreeSwitchManage.monitor(FreeSwitchManage.java:86)
	at cn.psycall.ccmgt.util.FreeSwitchManage.run(FreeSwitchManage.java:42)
Caused by: io.netty.channel.AbstractChannel$AnnotatedConnectException: Connection refused: /61.158.166.45:8021
Caused by: java.net.ConnectException: Connection refused
	at java.base/sun.nio.ch.SocketChannelImpl.checkConnect(Native Method)
	at java.base/sun.nio.ch.SocketChannelImpl.finishConnect(SocketChannelImpl.java:777)
	at io.netty.channel.socket.nio.NioSocketChannel.doFinishConnect(NioSocketChannel.java:330)
	at io.netty.channel.nio.AbstractNioChannel$AbstractNioUnsafe.finishConnect(AbstractNioChannel.java:334)
	at io.netty.channel.nio.NioEventLoop.processSelectedKey(NioEventLoop.java:707)
	at io.netty.channel.nio.NioEventLoop.processSelectedKeysOptimized(NioEventLoop.java:655)
	at io.netty.channel.nio.NioEventLoop.processSelectedKeys(NioEventLoop.java:581)
	at io.netty.channel.nio.NioEventLoop.run(NioEventLoop.java:493)
	at io.netty.util.concurrent.SingleThreadEventExecutor$4.run(SingleThreadEventExecutor.java:989)
	at io.netty.util.internal.ThreadExecutorMap$2.run(ThreadExecutorMap.java:74)
	at io.netty.util.concurrent.FastThreadLocalRunnable.run(FastThreadLocalRunnable.java:30)
	at java.base/java.lang.Thread.run(Thread.java:829)
2026-02-22 03:07:37.142 - [WARN ] - esl
org.freeswitch.esl.client.inbound.InboundConnectionException: Could not connect to /61.158.166.45:8021
	at org.freeswitch.esl.client.inbound.Client.connect(Client.java:134)
	at cn.psycall.ccmgt.util.FreeSwitchManage.monitor(FreeSwitchManage.java:86)
	at cn.psycall.ccmgt.util.FreeSwitchManage.run(FreeSwitchManage.java:42)
Caused by: io.netty.channel.AbstractChannel$AnnotatedConnectException: Connection refused: /61.158.166.45:8021
Caused by: java.net.ConnectException: Connection refused
	at java.base/sun.nio.ch.SocketChannelImpl.checkConnect(Native Method)
	at java.base/sun.nio.ch.SocketChannelImpl.finishConnect(SocketChannelImpl.java:777)
	at io.netty.channel.socket.nio.NioSocketChannel.doFinishConnect(NioSocketChannel.java:330)
	at io.netty.channel.nio.AbstractNioChannel$AbstractNioUnsafe.finishConnect(AbstractNioChannel.java:334)
	at io.netty.channel.nio.NioEventLoop.processSelectedKey(NioEventLoop.java:707)
	at io.netty.channel.nio.NioEventLoop.processSelectedKeysOptimized(NioEventLoop.java:655)
	at io.netty.channel.nio.NioEventLoop.processSelectedKeys(NioEventLoop.java:581)
	at io.netty.channel.nio.NioEventLoop.run(NioEventLoop.java:493)
	at io.netty.util.concurrent.SingleThreadEventExecutor$4.run(SingleThreadEventExecutor.java:989)
	at io.netty.util.internal.ThreadExecutorMap$2.run(ThreadExecutorMap.java:74)
	at io.netty.util.concurrent.FastThreadLocalRunnable.run(FastThreadLocalRunnable.java:30)
	at java.base/java.lang.Thread.run(Thread.java:829)
2026-02-22 03:07:38.454 - [WARN ] - esl
org.freeswitch.esl.client.inbound.InboundConnectionException: Could not connect to /61.158.166.45:8021
	at org.freeswitch.esl.client.inbound.Client.connect(Client.java:134)
	at cn.psycall.ccmgt.util.FreeSwitchManage.monitor(FreeSwitchManage.java:86)
	at cn.psycall.ccmgt.util.FreeSwitchManage.run(FreeSwitchManage.java:42)
Caused by: io.netty.channel.AbstractChannel$AnnotatedConnectException: Connection refused: /61.158.166.45:8021
Caused by: java.net.ConnectException: Connection refused
	at java.base/sun.nio.ch.SocketChannelImpl.checkConnect(Native Method)
	at java.base/sun.nio.ch.SocketChannelImpl.finishConnect(SocketChannelImpl.java:777)
	at io.netty.channel.socket.nio.NioSocketChannel.doFinishConnect(NioSocketChannel.java:330)
	at io.netty.channel.nio.AbstractNioChannel$AbstractNioUnsafe.finishConnect(AbstractNioChannel.java:334)
	at io.netty.channel.nio.NioEventLoop.processSelectedKey(NioEventLoop.java:707)
	at io.netty.channel.nio.NioEventLoop.processSelectedKeysOptimized(NioEventLoop.java:655)
	at io.netty.channel.nio.NioEventLoop.processSelectedKeys(NioEventLoop.java:581)
	at io.netty.channel.nio.NioEventLoop.run(NioEventLoop.java:493)
	at io.netty.util.concurrent.SingleThreadEventExecutor$4.run(SingleThreadEventExecutor.java:989)
	at io.netty.util.internal.ThreadExecutorMap$2.run(ThreadExecutorMap.java:74)
	at io.netty.util.concurrent.FastThreadLocalRunnable.run(FastThreadLocalRunnable.java:30)
	at java.base/java.lang.Thread.run(Thread.java:829)
2026-02-22 03:07:39.538 - [WARN ] - esl
org.freeswitch.esl.client.inbound.InboundConnectionException: Could not connect to /61.158.166.45:8021
	at org.freeswitch.esl.client.inbound.Client.connect(Client.java:134)
	at cn.psycall.ccmgt.util.FreeSwitchManage.monitor(FreeSwitchManage.java:86)
	at cn.psycall.ccmgt.util.FreeSwitchManage.run(FreeSwitchManage.java:42)
Caused by: io.netty.channel.AbstractChannel$AnnotatedConnectException: Connection refused: /61.158.166.45:8021
Caused by: java.net.ConnectException: Connection refused
	at java.base/sun.nio.ch.SocketChannelImpl.checkConnect(Native Method)
	at java.base/sun.nio.ch.SocketChannelImpl.finishConnect(SocketChannelImpl.java:777)
	at io.netty.channel.socket.nio.NioSocketChannel.doFinishConnect(NioSocketChannel.java:330)
	at io.netty.channel.nio.AbstractNioChannel$AbstractNioUnsafe.finishConnect(AbstractNioChannel.java:334)
	at io.netty.channel.nio.NioEventLoop.processSelectedKey(NioEventLoop.java:707)
	at io.netty.channel.nio.NioEventLoop.processSelectedKeysOptimized(NioEventLoop.java:655)
	at io.netty.channel.nio.NioEventLoop.processSelectedKeys(NioEventLoop.java:581)
	at io.netty.channel.nio.NioEventLoop.run(NioEventLoop.java:493)
	at io.netty.util.concurrent.SingleThreadEventExecutor$4.run(SingleThreadEventExecutor.java:989)
	at io.netty.util.internal.ThreadExecutorMap$2.run(ThreadExecutorMap.java:74)
	at io.netty.util.concurrent.FastThreadLocalRunnable.run(FastThreadLocalRunnable.java:30)
	at java.base/java.lang.Thread.run(Thread.java:829)
2026-02-22 03:07:40.625 - [WARN ] - esl
org.freeswitch.esl.client.inbound.InboundConnectionException: Could not connect to /61.158.166.45:8021
	at org.freeswitch.esl.client.inbound.Client.connect(Client.java:134)
	at cn.psycall.ccmgt.util.FreeSwitchManage.monitor(FreeSwitchManage.java:86)
	at cn.psycall.ccmgt.util.FreeSwitchManage.run(FreeSwitchManage.java:42)
Caused by: io.netty.channel.AbstractChannel$AnnotatedConnectException: Connection refused: /61.158.166.45:8021
Caused by: java.net.ConnectException: Connection refused
	at java.base/sun.nio.ch.SocketChannelImpl.checkConnect(Native Method)
	at java.base/sun.nio.ch.SocketChannelImpl.finishConnect(SocketChannelImpl.java:777)
	at io.netty.channel.socket.nio.NioSocketChannel.doFinishConnect(NioSocketChannel.java:330)
	at io.netty.channel.nio.AbstractNioChannel$AbstractNioUnsafe.finishConnect(AbstractNioChannel.java:334)
	at io.netty.channel.nio.NioEventLoop.processSelectedKey(NioEventLoop.java:707)
	at io.netty.channel.nio.NioEventLoop.processSelectedKeysOptimized(NioEventLoop.java:655)
	at io.netty.channel.nio.NioEventLoop.processSelectedKeys(NioEventLoop.java:581)
	at io.netty.channel.nio.NioEventLoop.run(NioEventLoop.java:493)
	at io.netty.util.concurrent.SingleThreadEventExecutor$4.run(SingleThreadEventExecutor.java:989)
	at io.netty.util.internal.ThreadExecutorMap$2.run(ThreadExecutorMap.java:74)
	at io.netty.util.concurrent.FastThreadLocalRunnable.run(FastThreadLocalRunnable.java:30)
	at java.base/java.lang.Thread.run(Thread.java:829)
2026-02-22 03:07:41.705 - [WARN ] - esl
org.freeswitch.esl.client.inbound.InboundConnectionException: Could not connect to /61.158.166.45:8021
	at org.freeswitch.esl.client.inbound.Client.connect(Client.java:134)
	at cn.psycall.ccmgt.util.FreeSwitchManage.monitor(FreeSwitchManage.java:86)
	at cn.psycall.ccmgt.util.FreeSwitchManage.run(FreeSwitchManage.java:42)
Caused by: io.netty.channel.AbstractChannel$AnnotatedConnectException: Connection refused: /61.158.166.45:8021
Caused by: java.net.ConnectException: Connection refused
	at java.base/sun.nio.ch.SocketChannelImpl.checkConnect(Native Method)
	at java.base/sun.nio.ch.SocketChannelImpl.finishConnect(SocketChannelImpl.java:777)
	at io.netty.channel.socket.nio.NioSocketChannel.doFinishConnect(NioSocketChannel.java:330)
	at io.netty.channel.nio.AbstractNioChannel$AbstractNioUnsafe.finishConnect(AbstractNioChannel.java:334)
	at io.netty.channel.nio.NioEventLoop.processSelectedKey(NioEventLoop.java:707)
	at io.netty.channel.nio.NioEventLoop.processSelectedKeysOptimized(NioEventLoop.java:655)
	at io.netty.channel.nio.NioEventLoop.processSelectedKeys(NioEventLoop.java:581)
	at io.netty.channel.nio.NioEventLoop.run(NioEventLoop.java:493)
	at io.netty.util.concurrent.SingleThreadEventExecutor$4.run(SingleThreadEventExecutor.java:989)
	at io.netty.util.internal.ThreadExecutorMap$2.run(ThreadExecutorMap.java:74)
	at io.netty.util.concurrent.FastThreadLocalRunnable.run(FastThreadLocalRunnable.java:30)
	at java.base/java.lang.Thread.run(Thread.java:829)
2026-02-22 03:07:42.786 - [WARN ] - esl
org.freeswitch.esl.client.inbound.InboundConnectionException: Could not connect to /61.158.166.45:8021
	at org.freeswitch.esl.client.inbound.Client.connect(Client.java:134)
	at cn.psycall.ccmgt.util.FreeSwitchManage.monitor(FreeSwitchManage.java:86)
	at cn.psycall.ccmgt.util.FreeSwitchManage.run(FreeSwitchManage.java:42)
Caused by: io.netty.channel.AbstractChannel$AnnotatedConnectException: Connection refused: /61.158.166.45:8021
Caused by: java.net.ConnectException: Connection refused
	at java.base/sun.nio.ch.SocketChannelImpl.checkConnect(Native Method)
	at java.base/sun.nio.ch.SocketChannelImpl.finishConnect(SocketChannelImpl.java:777)
	at io.netty.channel.socket.nio.NioSocketChannel.doFinishConnect(NioSocketChannel.java:330)
	at io.netty.channel.nio.AbstractNioChannel$AbstractNioUnsafe.finishConnect(AbstractNioChannel.java:334)
	at io.netty.channel.nio.NioEventLoop.processSelectedKey(NioEventLoop.java:707)
	at io.netty.channel.nio.NioEventLoop.processSelectedKeysOptimized(NioEventLoop.java:655)
	at io.netty.channel.nio.NioEventLoop.processSelectedKeys(NioEventLoop.java:581)
	at io.netty.channel.nio.NioEventLoop.run(NioEventLoop.java:493)
	at io.netty.util.concurrent.SingleThreadEventExecutor$4.run(SingleThreadEventExecutor.java:989)
	at io.netty.util.internal.ThreadExecutorMap$2.run(ThreadExecutorMap.java:74)
	at io.netty.util.concurrent.FastThreadLocalRunnable.run(FastThreadLocalRunnable.java:30)
	at java.base/java.lang.Thread.run(Thread.java:829)
2026-02-22 03:07:42.794 - [INFO ] - ESL Client Disconnect ..(61.158.166.46:8021)
2026-02-22 03:07:44.165 - [WARN ] - esl
org.freeswitch.esl.client.inbound.InboundConnectionException: Could not connect to /61.158.166.45:8021
	at org.freeswitch.esl.client.inbound.Client.connect(Client.java:134)
	at cn.psycall.ccmgt.util.FreeSwitchManage.monitor(FreeSwitchManage.java:86)
	at cn.psycall.ccmgt.util.FreeSwitchManage.run(FreeSwitchManage.java:42)
Caused by: io.netty.channel.AbstractChannel$AnnotatedConnectException: Connection refused: /61.158.166.45:8021
Caused by: java.net.ConnectException: Connection refused
	at java.base/sun.nio.ch.SocketChannelImpl.checkConnect(Native Method)
	at java.base/sun.nio.ch.SocketChannelImpl.finishConnect(SocketChannelImpl.java:777)
	at io.netty.channel.socket.nio.NioSocketChannel.doFinishConnect(NioSocketChannel.java:330)
	at io.netty.channel.nio.AbstractNioChannel$AbstractNioUnsafe.finishConnect(AbstractNioChannel.java:334)
	at io.netty.channel.nio.NioEventLoop.processSelectedKey(NioEventLoop.java:707)
	at io.netty.channel.nio.NioEventLoop.processSelectedKeysOptimized(NioEventLoop.java:655)
	at io.netty.channel.nio.NioEventLoop.processSelectedKeys(NioEventLoop.java:581)
	at io.netty.channel.nio.NioEventLoop.run(NioEventLoop.java:493)
	at io.netty.util.concurrent.SingleThreadEventExecutor$4.run(SingleThreadEventExecutor.java:989)
	at io.netty.util.internal.ThreadExecutorMap$2.run(ThreadExecutorMap.java:74)
	at io.netty.util.concurrent.FastThreadLocalRunnable.run(FastThreadLocalRunnable.java:30)
	at java.base/java.lang.Thread.run(Thread.java:829)
2026-02-22 03:07:44.279 - [WARN ] - esl
org.freeswitch.esl.client.inbound.InboundConnectionException: Could not connect to /61.158.166.46:8021
	at org.freeswitch.esl.client.inbound.Client.connect(Client.java:134)
	at cn.psycall.ccmgt.util.FreeSwitchManage.monitor(FreeSwitchManage.java:86)
	at cn.psycall.ccmgt.util.FreeSwitchManage.run(FreeSwitchManage.java:42)
Caused by: io.netty.channel.AbstractChannel$AnnotatedConnectException: Connection refused: /61.158.166.46:8021
Caused by: java.net.ConnectException: Connection refused
	at java.base/sun.nio.ch.SocketChannelImpl.checkConnect(Native Method)
	at java.base/sun.nio.ch.SocketChannelImpl.finishConnect(SocketChannelImpl.java:777)
	at io.netty.channel.socket.nio.NioSocketChannel.doFinishConnect(NioSocketChannel.java:330)
	at io.netty.channel.nio.AbstractNioChannel$AbstractNioUnsafe.finishConnect(AbstractNioChannel.java:334)
	at io.netty.channel.nio.NioEventLoop.processSelectedKey(NioEventLoop.java:707)
	at io.netty.channel.nio.NioEventLoop.processSelectedKeysOptimized(NioEventLoop.java:655)
	at io.netty.channel.nio.NioEventLoop.processSelectedKeys(NioEventLoop.java:581)
	at io.netty.channel.nio.NioEventLoop.run(NioEventLoop.java:493)
	at io.netty.util.concurrent.SingleThreadEventExecutor$4.run(SingleThreadEventExecutor.java:989)
	at io.netty.util.internal.ThreadExecutorMap$2.run(ThreadExecutorMap.java:74)
	at io.netty.util.concurrent.FastThreadLocalRunnable.run(FastThreadLocalRunnable.java:30)
	at java.base/java.lang.Thread.run(Thread.java:829)
2026-02-22 03:07:45.375 - [WARN ] - esl
org.freeswitch.esl.client.inbound.InboundConnectionException: Could not connect to /61.158.166.45:8021
	at org.freeswitch.esl.client.inbound.Client.connect(Client.java:134)
	at cn.psycall.ccmgt.util.FreeSwitchManage.monitor(FreeSwitchManage.java:86)
	at cn.psycall.ccmgt.util.FreeSwitchManage.run(FreeSwitchManage.java:42)
Caused by: io.netty.channel.AbstractChannel$AnnotatedConnectException: Connection refused: /61.158.166.45:8021
Caused by: java.net.ConnectException: Connection refused
	at java.base/sun.nio.ch.SocketChannelImpl.checkConnect(Native Method)
	at java.base/sun.nio.ch.SocketChannelImpl.finishConnect(SocketChannelImpl.java:777)
	at io.netty.channel.socket.nio.NioSocketChannel.doFinishConnect(NioSocketChannel.java:330)
	at io.netty.channel.nio.AbstractNioChannel$AbstractNioUnsafe.finishConnect(AbstractNioChannel.java:334)
	at io.netty.channel.nio.NioEventLoop.processSelectedKey(NioEventLoop.java:707)
	at io.netty.channel.nio.NioEventLoop.processSelectedKeysOptimized(NioEventLoop.java:655)
	at io.netty.channel.nio.NioEventLoop.processSelectedKeys(NioEventLoop.java:581)
	at io.netty.channel.nio.NioEventLoop.run(NioEventLoop.java:493)
	at io.netty.util.concurrent.SingleThreadEventExecutor$4.run(SingleThreadEventExecutor.java:989)
	at io.netty.util.internal.ThreadExecutorMap$2.run(ThreadExecutorMap.java:74)
	at io.netty.util.concurrent.FastThreadLocalRunnable.run(FastThreadLocalRunnable.java:30)
	at java.base/java.lang.Thread.run(Thread.java:829)
2026-02-22 03:07:51.682 - [WARN ] - esl
org.freeswitch.esl.client.inbound.InboundConnectionException: Could not connect to /61.158.166.46:8021
	at org.freeswitch.esl.client.inbound.Client.connect(Client.java:134)
	at cn.psycall.ccmgt.util.FreeSwitchManage.monitor(FreeSwitchManage.java:86)
	at cn.psycall.ccmgt.util.FreeSwitchManage.run(FreeSwitchManage.java:42)
Caused by: io.netty.channel.AbstractChannel$AnnotatedConnectException: Connection refused: /61.158.166.46:8021
Caused by: java.net.ConnectException: Connection refused
	at java.base/sun.nio.ch.SocketChannelImpl.checkConnect(Native Method)
	at java.base/sun.nio.ch.SocketChannelImpl.finishConnect(SocketChannelImpl.java:777)
	at io.netty.channel.socket.nio.NioSocketChannel.doFinishConnect(NioSocketChannel.java:330)
	at io.netty.channel.nio.AbstractNioChannel$AbstractNioUnsafe.finishConnect(AbstractNioChannel.java:334)
	at io.netty.channel.nio.NioEventLoop.processSelectedKey(NioEventLoop.java:707)
	at io.netty.channel.nio.NioEventLoop.processSelectedKeysOptimized(NioEventLoop.java:655)
	at io.netty.channel.nio.NioEventLoop.processSelectedKeys(NioEventLoop.java:581)
	at io.netty.channel.nio.NioEventLoop.run(NioEventLoop.java:493)
	at io.netty.util.concurrent.SingleThreadEventExecutor$4.run(SingleThreadEventExecutor.java:989)
	at io.netty.util.internal.ThreadExecutorMap$2.run(ThreadExecutorMap.java:74)
	at io.netty.util.concurrent.FastThreadLocalRunnable.run(FastThreadLocalRunnable.java:30)
	at java.base/java.lang.Thread.run(Thread.java:829)
2026-02-22 03:07:52.769 - [WARN ] - esl
org.freeswitch.esl.client.inbound.InboundConnectionException: Could not connect to /61.158.166.45:8021
	at org.freeswitch.esl.client.inbound.Client.connect(Client.java:134)
	at cn.psycall.ccmgt.util.FreeSwitchManage.monitor(FreeSwitchManage.java:86)
	at cn.psycall.ccmgt.util.FreeSwitchManage.run(FreeSwitchManage.java:42)
Caused by: io.netty.channel.AbstractChannel$AnnotatedConnectException: Connection refused: /61.158.166.45:8021
Caused by: java.net.ConnectException: Connection refused
	at java.base/sun.nio.ch.SocketChannelImpl.checkConnect(Native Method)
	at java.base/sun.nio.ch.SocketChannelImpl.finishConnect(SocketChannelImpl.java:777)
	at io.netty.channel.socket.nio.NioSocketChannel.doFinishConnect(NioSocketChannel.java:330)
	at io.netty.channel.nio.AbstractNioChannel$AbstractNioUnsafe.finishConnect(AbstractNioChannel.java:334)
	at io.netty.channel.nio.NioEventLoop.processSelectedKey(NioEventLoop.java:707)
	at io.netty.channel.nio.NioEventLoop.processSelectedKeysOptimized(NioEventLoop.java:655)
	at io.netty.channel.nio.NioEventLoop.processSelectedKeys(NioEventLoop.java:581)
	at io.netty.channel.nio.NioEventLoop.run(NioEventLoop.java:493)
	at io.netty.util.concurrent.SingleThreadEventExecutor$4.run(SingleThreadEventExecutor.java:989)
	at io.netty.util.internal.ThreadExecutorMap$2.run(ThreadExecutorMap.java:74)
	at io.netty.util.concurrent.FastThreadLocalRunnable.run(FastThreadLocalRunnable.java:30)
	at java.base/java.lang.Thread.run(Thread.java:829)
2026-02-22 03:07:52.856 - [WARN ] - esl
org.freeswitch.esl.client.inbound.InboundConnectionException: Could not connect to /61.158.166.46:8021
	at org.freeswitch.esl.client.inbound.Client.connect(Client.java:134)
	at cn.psycall.ccmgt.util.FreeSwitchManage.monitor(FreeSwitchManage.java:86)
	at cn.psycall.ccmgt.util.FreeSwitchManage.run(FreeSwitchManage.java:42)
Caused by: io.netty.channel.AbstractChannel$AnnotatedConnectException: Connection refused: /61.158.166.46:8021
Caused by: java.net.ConnectException: Connection refused
	at java.base/sun.nio.ch.SocketChannelImpl.checkConnect(Native Method)
	at java.base/sun.nio.ch.SocketChannelImpl.finishConnect(SocketChannelImpl.java:777)
	at io.netty.channel.socket.nio.NioSocketChannel.doFinishConnect(NioSocketChannel.java:330)
	at io.netty.channel.nio.AbstractNioChannel$AbstractNioUnsafe.finishConnect(AbstractNioChannel.java:334)
	at io.netty.channel.nio.NioEventLoop.processSelectedKey(NioEventLoop.java:707)
	at io.netty.channel.nio.NioEventLoop.processSelectedKeysOptimized(NioEventLoop.java:655)
	at io.netty.channel.nio.NioEventLoop.processSelectedKeys(NioEventLoop.java:581)
	at io.netty.channel.nio.NioEventLoop.run(NioEventLoop.java:493)
	at io.netty.util.concurrent.SingleThreadEventExecutor$4.run(SingleThreadEventExecutor.java:989)
	at io.netty.util.internal.ThreadExecutorMap$2.run(ThreadExecutorMap.java:74)
	at io.netty.util.concurrent.FastThreadLocalRunnable.run(FastThreadLocalRunnable.java:30)
	at java.base/java.lang.Thread.run(Thread.java:829)
2026-02-22 03:07:54.147 - [WARN ] - conn_rabbit_mq
org.springframework.web.client.ResourceAccessException: I/O error on POST request for "http://61.158.166.45:8888/command/conn_rabbit_mq": Connect to 61.158.166.45:8888 [/61.158.166.45] failed: Connection refused (Connection refused); nested exception is org.apache.http.conn.HttpHostConnectException: Connect to 61.158.166.45:8888 [/61.158.166.45] failed: Connection refused (Connection refused)
	at org.springframework.web.client.RestTemplate.doExecute(RestTemplate.java:791)
	at org.springframework.web.client.RestTemplate.execute(RestTemplate.java:717)
	at org.springframework.web.client.RestTemplate.exchange(RestTemplate.java:608)
	at cn.psycall.ccmgt.util.FreeSwitchManage.conn_rabbit_mq(FreeSwitchManage.java:272)
	at cn.psycall.ccmgt.util.FreeSwitchManage.monitor(FreeSwitchManage.java:89)
	at cn.psycall.ccmgt.util.FreeSwitchManage.run(FreeSwitchManage.java:42)
Caused by: org.apache.http.conn.HttpHostConnectException: Connect to 61.158.166.45:8888 [/61.158.166.45] failed: Connection refused (Connection refused)
	at org.apache.http.impl.conn.DefaultHttpClientConnectionOperator.connect(DefaultHttpClientConnectionOperator.java:156)
	at org.apache.http.impl.conn.PoolingHttpClientConnectionManager.connect(PoolingHttpClientConnectionManager.java:376)
	at org.apache.http.impl.execchain.MainClientExec.establishRoute(MainClientExec.java:393)
	at org.apache.http.impl.execchain.MainClientExec.execute(MainClientExec.java:236)
	at org.apache.http.impl.execchain.ProtocolExec.execute(ProtocolExec.java:186)
	at org.apache.http.impl.execchain.RetryExec.execute(RetryExec.java:89)
	at org.apache.http.impl.execchain.RedirectExec.execute(RedirectExec.java:110)
	at org.apache.http.impl.client.InternalHttpClient.doExecute(InternalHttpClient.java:185)
	at org.apache.http.impl.client.CloseableHttpClient.execute(CloseableHttpClient.java:83)
	at org.apache.http.impl.client.CloseableHttpClient.execute(CloseableHttpClient.java:56)
	at org.springframework.http.client.HttpComponentsClientHttpRequest.executeInternal(HttpComponentsClientHttpRequest.java:87)
	at org.springframework.http.client.AbstractBufferingClientHttpRequest.executeInternal(AbstractBufferingClientHttpRequest.java:48)
	at org.springframework.http.client.AbstractClientHttpRequest.execute(AbstractClientHttpRequest.java:66)
	at org.springframework.web.client.RestTemplate.doExecute(RestTemplate.java:782)
	... 5 common frames omitted
Caused by: java.net.ConnectException: Connection refused (Connection refused)
	at java.base/java.net.PlainSocketImpl.socketConnect(Native Method)
	at java.base/java.net.AbstractPlainSocketImpl.doConnect(AbstractPlainSocketImpl.java:412)
	at java.base/java.net.AbstractPlainSocketImpl.connectToAddress(AbstractPlainSocketImpl.java:255)
	at java.base/java.net.AbstractPlainSocketImpl.connect(AbstractPlainSocketImpl.java:237)
	at java.base/java.net.SocksSocketImpl.connect(SocksSocketImpl.java:392)
	at java.base/java.net.Socket.connect(Socket.java:609)
	at org.apache.http.conn.socket.PlainConnectionSocketFactory.connectSocket(PlainConnectionSocketFactory.java:75)
	at org.apache.http.impl.conn.DefaultHttpClientConnectionOperator.connect(DefaultHttpClientConnectionOperator.java:142)
	... 18 common frames omitted
2026-02-22 03:07:54.236 - [WARN ] - esl
org.freeswitch.esl.client.inbound.InboundConnectionException: Could not connect to /61.158.166.46:8021
	at org.freeswitch.esl.client.inbound.Client.connect(Client.java:134)
	at cn.psycall.ccmgt.util.FreeSwitchManage.monitor(FreeSwitchManage.java:86)
	at cn.psycall.ccmgt.util.FreeSwitchManage.run(FreeSwitchManage.java:42)
Caused by: io.netty.channel.AbstractChannel$AnnotatedConnectException: Connection refused: /61.158.166.46:8021
Caused by: java.net.ConnectException: Connection refused
	at java.base/sun.nio.ch.SocketChannelImpl.checkConnect(Native Method)
	at java.base/sun.nio.ch.SocketChannelImpl.finishConnect(SocketChannelImpl.java:777)
	at io.netty.channel.socket.nio.NioSocketChannel.doFinishConnect(NioSocketChannel.java:330)
	at io.netty.channel.nio.AbstractNioChannel$AbstractNioUnsafe.finishConnect(AbstractNioChannel.java:334)
	at io.netty.channel.nio.NioEventLoop.processSelectedKey(NioEventLoop.java:707)
	at io.netty.channel.nio.NioEventLoop.processSelectedKeysOptimized(NioEventLoop.java:655)
	at io.netty.channel.nio.NioEventLoop.processSelectedKeys(NioEventLoop.java:581)
	at io.netty.channel.nio.NioEventLoop.run(NioEventLoop.java:493)
	at io.netty.util.concurrent.SingleThreadEventExecutor$4.run(SingleThreadEventExecutor.java:989)
	at io.netty.util.internal.ThreadExecutorMap$2.run(ThreadExecutorMap.java:74)
	at io.netty.util.concurrent.FastThreadLocalRunnable.run(FastThreadLocalRunnable.java:30)
	at java.base/java.lang.Thread.run(Thread.java:829)
2026-02-22 03:07:55.514 - [WARN ] - conn_rabbit_mq
org.springframework.web.client.ResourceAccessException: I/O error on POST request for "http://61.158.166.45:8888/command/conn_rabbit_mq": Connect to 61.158.166.45:8888 [/61.158.166.45] failed: Connection refused (Connection refused); nested exception is org.apache.http.conn.HttpHostConnectException: Connect to 61.158.166.45:8888 [/61.158.166.45] failed: Connection refused (Connection refused)
	at org.springframework.web.client.RestTemplate.doExecute(RestTemplate.java:791)
	at org.springframework.web.client.RestTemplate.execute(RestTemplate.java:717)
	at org.springframework.web.client.RestTemplate.exchange(RestTemplate.java:608)
	at cn.psycall.ccmgt.util.FreeSwitchManage.conn_rabbit_mq(FreeSwitchManage.java:272)
	at cn.psycall.ccmgt.util.FreeSwitchManage.monitor(FreeSwitchManage.java:89)
	at cn.psycall.ccmgt.util.FreeSwitchManage.run(FreeSwitchManage.java:42)
Caused by: org.apache.http.conn.HttpHostConnectException: Connect to 61.158.166.45:8888 [/61.158.166.45] failed: Connection refused (Connection refused)
	at org.apache.http.impl.conn.DefaultHttpClientConnectionOperator.connect(DefaultHttpClientConnectionOperator.java:156)
	at org.apache.http.impl.conn.PoolingHttpClientConnectionManager.connect(PoolingHttpClientConnectionManager.java:376)
	at org.apache.http.impl.execchain.MainClientExec.establishRoute(MainClientExec.java:393)
	at org.apache.http.impl.execchain.MainClientExec.execute(MainClientExec.java:236)
	at org.apache.http.impl.execchain.ProtocolExec.execute(ProtocolExec.java:186)
	at org.apache.http.impl.execchain.RetryExec.execute(RetryExec.java:89)
	at org.apache.http.impl.execchain.RedirectExec.execute(RedirectExec.java:110)
	at org.apache.http.impl.client.InternalHttpClient.doExecute(InternalHttpClient.java:185)
	at org.apache.http.impl.client.CloseableHttpClient.execute(CloseableHttpClient.java:83)
	at org.apache.http.impl.client.CloseableHttpClient.execute(CloseableHttpClient.java:56)
	at org.springframework.http.client.HttpComponentsClientHttpRequest.executeInternal(HttpComponentsClientHttpRequest.java:87)
	at org.springframework.http.client.AbstractBufferingClientHttpRequest.executeInternal(AbstractBufferingClientHttpRequest.java:48)
	at org.springframework.http.client.AbstractClientHttpRequest.execute(AbstractClientHttpRequest.java:66)
	at org.springframework.web.client.RestTemplate.doExecute(RestTemplate.java:782)
	... 5 common frames omitted
Caused by: java.net.ConnectException: Connection refused (Connection refused)
	at java.base/java.net.PlainSocketImpl.socketConnect(Native Method)
	at java.base/java.net.AbstractPlainSocketImpl.doConnect(AbstractPlainSocketImpl.java:412)
	at java.base/java.net.AbstractPlainSocketImpl.connectToAddress(AbstractPlainSocketImpl.java:255)
	at java.base/java.net.AbstractPlainSocketImpl.connect(AbstractPlainSocketImpl.java:237)
	at java.base/java.net.SocksSocketImpl.connect(SocksSocketImpl.java:392)
	at java.base/java.net.Socket.connect(Socket.java:609)
	at org.apache.http.conn.socket.PlainConnectionSocketFactory.connectSocket(PlainConnectionSocketFactory.java:75)
	at org.apache.http.impl.conn.DefaultHttpClientConnectionOperator.connect(DefaultHttpClientConnectionOperator.java:142)
	... 18 common frames omitted
2026-02-22 03:07:55.595 - [WARN ] - esl
org.freeswitch.esl.client.inbound.InboundConnectionException: Could not connect to /61.158.166.46:8021
	at org.freeswitch.esl.client.inbound.Client.connect(Client.java:134)
	at cn.psycall.ccmgt.util.FreeSwitchManage.monitor(FreeSwitchManage.java:86)
	at cn.psycall.ccmgt.util.FreeSwitchManage.run(FreeSwitchManage.java:42)
Caused by: io.netty.channel.AbstractChannel$AnnotatedConnectException: Connection refused: /61.158.166.46:8021
Caused by: java.net.ConnectException: Connection refused
	at java.base/sun.nio.ch.SocketChannelImpl.checkConnect(Native Method)
	at java.base/sun.nio.ch.SocketChannelImpl.finishConnect(SocketChannelImpl.java:777)
	at io.netty.channel.socket.nio.NioSocketChannel.doFinishConnect(NioSocketChannel.java:330)
	at io.netty.channel.nio.AbstractNioChannel$AbstractNioUnsafe.finishConnect(AbstractNioChannel.java:334)
	at io.netty.channel.nio.NioEventLoop.processSelectedKey(NioEventLoop.java:707)
	at io.netty.channel.nio.NioEventLoop.processSelectedKeysOptimized(NioEventLoop.java:655)
	at io.netty.channel.nio.NioEventLoop.processSelectedKeys(NioEventLoop.java:581)
	at io.netty.channel.nio.NioEventLoop.run(NioEventLoop.java:493)
	at io.netty.util.concurrent.SingleThreadEventExecutor$4.run(SingleThreadEventExecutor.java:989)
	at io.netty.util.internal.ThreadExecutorMap$2.run(ThreadExecutorMap.java:74)
	at io.netty.util.concurrent.FastThreadLocalRunnable.run(FastThreadLocalRunnable.java:30)
	at java.base/java.lang.Thread.run(Thread.java:829)
2026-02-22 03:07:57.100 - [WARN ] - esl
org.freeswitch.esl.client.inbound.InboundConnectionException: Could not connect to /61.158.166.46:8021
	at org.freeswitch.esl.client.inbound.Client.connect(Client.java:134)
	at cn.psycall.ccmgt.util.FreeSwitchManage.monitor(FreeSwitchManage.java:86)
	at cn.psycall.ccmgt.util.FreeSwitchManage.run(FreeSwitchManage.java:42)
Caused by: io.netty.channel.AbstractChannel$AnnotatedConnectException: Connection refused: /61.158.166.46:8021
Caused by: java.net.ConnectException: Connection refused
	at java.base/sun.nio.ch.SocketChannelImpl.checkConnect(Native Method)
	at java.base/sun.nio.ch.SocketChannelImpl.finishConnect(SocketChannelImpl.java:777)
	at io.netty.channel.socket.nio.NioSocketChannel.doFinishConnect(NioSocketChannel.java:330)
	at io.netty.channel.nio.AbstractNioChannel$AbstractNioUnsafe.finishConnect(AbstractNioChannel.java:334)
	at io.netty.channel.nio.NioEventLoop.processSelectedKey(NioEventLoop.java:707)
	at io.netty.channel.nio.NioEventLoop.processSelectedKeysOptimized(NioEventLoop.java:655)
	at io.netty.channel.nio.NioEventLoop.processSelectedKeys(NioEventLoop.java:581)
	at io.netty.channel.nio.NioEventLoop.run(NioEventLoop.java:493)
	at io.netty.util.concurrent.SingleThreadEventExecutor$4.run(SingleThreadEventExecutor.java:989)
	at io.netty.util.internal.ThreadExecutorMap$2.run(ThreadExecutorMap.java:74)
	at io.netty.util.concurrent.FastThreadLocalRunnable.run(FastThreadLocalRunnable.java:30)
	at java.base/java.lang.Thread.run(Thread.java:829)
2026-02-22 03:07:58.476 - [WARN ] - esl
org.freeswitch.esl.client.inbound.InboundConnectionException: Could not connect to /61.158.166.46:8021
	at org.freeswitch.esl.client.inbound.Client.connect(Client.java:134)
	at cn.psycall.ccmgt.util.FreeSwitchManage.monitor(FreeSwitchManage.java:86)
	at cn.psycall.ccmgt.util.FreeSwitchManage.run(FreeSwitchManage.java:42)
Caused by: io.netty.channel.AbstractChannel$AnnotatedConnectException: Connection refused: /61.158.166.46:8021
Caused by: java.net.ConnectException: Connection refused
	at java.base/sun.nio.ch.SocketChannelImpl.checkConnect(Native Method)
	at java.base/sun.nio.ch.SocketChannelImpl.finishConnect(SocketChannelImpl.java:777)
	at io.netty.channel.socket.nio.NioSocketChannel.doFinishConnect(NioSocketChannel.java:330)
	at io.netty.channel.nio.AbstractNioChannel$AbstractNioUnsafe.finishConnect(AbstractNioChannel.java:334)
	at io.netty.channel.nio.NioEventLoop.processSelectedKey(NioEventLoop.java:707)
	at io.netty.channel.nio.NioEventLoop.processSelectedKeysOptimized(NioEventLoop.java:655)
	at io.netty.channel.nio.NioEventLoop.processSelectedKeys(NioEventLoop.java:581)
	at io.netty.channel.nio.NioEventLoop.run(NioEventLoop.java:493)
	at io.netty.util.concurrent.SingleThreadEventExecutor$4.run(SingleThreadEventExecutor.java:989)
	at io.netty.util.internal.ThreadExecutorMap$2.run(ThreadExecutorMap.java:74)
	at io.netty.util.concurrent.FastThreadLocalRunnable.run(FastThreadLocalRunnable.java:30)
	at java.base/java.lang.Thread.run(Thread.java:829)
2026-02-22 03:07:59.846 - [WARN ] - esl
org.freeswitch.esl.client.inbound.InboundConnectionException: Could not connect to /61.158.166.46:8021
	at org.freeswitch.esl.client.inbound.Client.connect(Client.java:134)
	at cn.psycall.ccmgt.util.FreeSwitchManage.monitor(FreeSwitchManage.java:86)
	at cn.psycall.ccmgt.util.FreeSwitchManage.run(FreeSwitchManage.java:42)
Caused by: io.netty.channel.AbstractChannel$AnnotatedConnectException: Connection refused: /61.158.166.46:8021
Caused by: java.net.ConnectException: Connection refused
	at java.base/sun.nio.ch.SocketChannelImpl.checkConnect(Native Method)
	at java.base/sun.nio.ch.SocketChannelImpl.finishConnect(SocketChannelImpl.java:777)
	at io.netty.channel.socket.nio.NioSocketChannel.doFinishConnect(NioSocketChannel.java:330)
	at io.netty.channel.nio.AbstractNioChannel$AbstractNioUnsafe.finishConnect(AbstractNioChannel.java:334)
	at io.netty.channel.nio.NioEventLoop.processSelectedKey(NioEventLoop.java:707)
	at io.netty.channel.nio.NioEventLoop.processSelectedKeysOptimized(NioEventLoop.java:655)
	at io.netty.channel.nio.NioEventLoop.processSelectedKeys(NioEventLoop.java:581)
	at io.netty.channel.nio.NioEventLoop.run(NioEventLoop.java:493)
	at io.netty.util.concurrent.SingleThreadEventExecutor$4.run(SingleThreadEventExecutor.java:989)
	at io.netty.util.internal.ThreadExecutorMap$2.run(ThreadExecutorMap.java:74)
	at io.netty.util.concurrent.FastThreadLocalRunnable.run(FastThreadLocalRunnable.java:30)
	at java.base/java.lang.Thread.run(Thread.java:829)
2026-02-22 03:08:01.200 - [WARN ] - esl
org.freeswitch.esl.client.inbound.InboundConnectionException: Could not connect to /61.158.166.46:8021
	at org.freeswitch.esl.client.inbound.Client.connect(Client.java:134)
	at cn.psycall.ccmgt.util.FreeSwitchManage.monitor(FreeSwitchManage.java:86)
	at cn.psycall.ccmgt.util.FreeSwitchManage.run(FreeSwitchManage.java:42)
Caused by: io.netty.channel.AbstractChannel$AnnotatedConnectException: Connection refused: /61.158.166.46:8021
Caused by: java.net.ConnectException: Connection refused
	at java.base/sun.nio.ch.SocketChannelImpl.checkConnect(Native Method)
	at java.base/sun.nio.ch.SocketChannelImpl.finishConnect(SocketChannelImpl.java:777)
	at io.netty.channel.socket.nio.NioSocketChannel.doFinishConnect(NioSocketChannel.java:330)
	at io.netty.channel.nio.AbstractNioChannel$AbstractNioUnsafe.finishConnect(AbstractNioChannel.java:334)
	at io.netty.channel.nio.NioEventLoop.processSelectedKey(NioEventLoop.java:707)
	at io.netty.channel.nio.NioEventLoop.processSelectedKeysOptimized(NioEventLoop.java:655)
	at io.netty.channel.nio.NioEventLoop.processSelectedKeys(NioEventLoop.java:581)
	at io.netty.channel.nio.NioEventLoop.run(NioEventLoop.java:493)
	at io.netty.util.concurrent.SingleThreadEventExecutor$4.run(SingleThreadEventExecutor.java:989)
	at io.netty.util.internal.ThreadExecutorMap$2.run(ThreadExecutorMap.java:74)
	at io.netty.util.concurrent.FastThreadLocalRunnable.run(FastThreadLocalRunnable.java:30)
	at java.base/java.lang.Thread.run(Thread.java:829)
2026-02-22 03:08:02.588 - [WARN ] - esl
org.freeswitch.esl.client.inbound.InboundConnectionException: Could not connect to /61.158.166.46:8021
	at org.freeswitch.esl.client.inbound.Client.connect(Client.java:134)
	at cn.psycall.ccmgt.util.FreeSwitchManage.monitor(FreeSwitchManage.java:86)
	at cn.psycall.ccmgt.util.FreeSwitchManage.run(FreeSwitchManage.java:42)
Caused by: io.netty.channel.AbstractChannel$AnnotatedConnectException: Connection refused: /61.158.166.46:8021
Caused by: java.net.ConnectException: Connection refused
	at java.base/sun.nio.ch.SocketChannelImpl.checkConnect(Native Method)
	at java.base/sun.nio.ch.SocketChannelImpl.finishConnect(SocketChannelImpl.java:777)
	at io.netty.channel.socket.nio.NioSocketChannel.doFinishConnect(NioSocketChannel.java:330)
	at io.netty.channel.nio.AbstractNioChannel$AbstractNioUnsafe.finishConnect(AbstractNioChannel.java:334)
	at io.netty.channel.nio.NioEventLoop.processSelectedKey(NioEventLoop.java:707)
	at io.netty.channel.nio.NioEventLoop.processSelectedKeysOptimized(NioEventLoop.java:655)
	at io.netty.channel.nio.NioEventLoop.processSelectedKeys(NioEventLoop.java:581)
	at io.netty.channel.nio.NioEventLoop.run(NioEventLoop.java:493)
	at io.netty.util.concurrent.SingleThreadEventExecutor$4.run(SingleThreadEventExecutor.java:989)
	at io.netty.util.internal.ThreadExecutorMap$2.run(ThreadExecutorMap.java:74)
	at io.netty.util.concurrent.FastThreadLocalRunnable.run(FastThreadLocalRunnable.java:30)
	at java.base/java.lang.Thread.run(Thread.java:829)
2026-02-22 03:08:04.008 - [WARN ] - esl
org.freeswitch.esl.client.inbound.InboundConnectionException: Could not connect to /61.158.166.46:8021
	at org.freeswitch.esl.client.inbound.Client.connect(Client.java:134)
	at cn.psycall.ccmgt.util.FreeSwitchManage.monitor(FreeSwitchManage.java:86)
	at cn.psycall.ccmgt.util.FreeSwitchManage.run(FreeSwitchManage.java:42)
Caused by: io.netty.channel.AbstractChannel$AnnotatedConnectException: Connection refused: /61.158.166.46:8021
Caused by: java.net.ConnectException: Connection refused
	at java.base/sun.nio.ch.SocketChannelImpl.checkConnect(Native Method)
	at java.base/sun.nio.ch.SocketChannelImpl.finishConnect(SocketChannelImpl.java:777)
	at io.netty.channel.socket.nio.NioSocketChannel.doFinishConnect(NioSocketChannel.java:330)
	at io.netty.channel.nio.AbstractNioChannel$AbstractNioUnsafe.finishConnect(AbstractNioChannel.java:334)
	at io.netty.channel.nio.NioEventLoop.processSelectedKey(NioEventLoop.java:707)
	at io.netty.channel.nio.NioEventLoop.processSelectedKeysOptimized(NioEventLoop.java:655)
	at io.netty.channel.nio.NioEventLoop.processSelectedKeys(NioEventLoop.java:581)
	at io.netty.channel.nio.NioEventLoop.run(NioEventLoop.java:493)
	at io.netty.util.concurrent.SingleThreadEventExecutor$4.run(SingleThreadEventExecutor.java:989)
	at io.netty.util.internal.ThreadExecutorMap$2.run(ThreadExecutorMap.java:74)
	at io.netty.util.concurrent.FastThreadLocalRunnable.run(FastThreadLocalRunnable.java:30)
	at java.base/java.lang.Thread.run(Thread.java:829)
2026-02-22 03:08:05.402 - [WARN ] - esl
org.freeswitch.esl.client.inbound.InboundConnectionException: Could not connect to /61.158.166.46:8021
	at org.freeswitch.esl.client.inbound.Client.connect(Client.java:134)
	at cn.psycall.ccmgt.util.FreeSwitchManage.monitor(FreeSwitchManage.java:86)
	at cn.psycall.ccmgt.util.FreeSwitchManage.run(FreeSwitchManage.java:42)
Caused by: io.netty.channel.AbstractChannel$AnnotatedConnectException: Connection refused: /61.158.166.46:8021
Caused by: java.net.ConnectException: Connection refused
	at java.base/sun.nio.ch.SocketChannelImpl.checkConnect(Native Method)
	at java.base/sun.nio.ch.SocketChannelImpl.finishConnect(SocketChannelImpl.java:777)
	at io.netty.channel.socket.nio.NioSocketChannel.doFinishConnect(NioSocketChannel.java:330)
	at io.netty.channel.nio.AbstractNioChannel$AbstractNioUnsafe.finishConnect(AbstractNioChannel.java:334)
	at io.netty.channel.nio.NioEventLoop.processSelectedKey(NioEventLoop.java:707)
	at io.netty.channel.nio.NioEventLoop.processSelectedKeysOptimized(NioEventLoop.java:655)
	at io.netty.channel.nio.NioEventLoop.processSelectedKeys(NioEventLoop.java:581)
	at io.netty.channel.nio.NioEventLoop.run(NioEventLoop.java:493)
	at io.netty.util.concurrent.SingleThreadEventExecutor$4.run(SingleThreadEventExecutor.java:989)
	at io.netty.util.internal.ThreadExecutorMap$2.run(ThreadExecutorMap.java:74)
	at io.netty.util.concurrent.FastThreadLocalRunnable.run(FastThreadLocalRunnable.java:30)
	at java.base/java.lang.Thread.run(Thread.java:829)
2026-02-22 03:08:06.988 - [INFO ] - internal->61.158.166.45:5060
2026-02-22 03:08:06.989 - [INFO ] - ESL Client connected ..(61.158.166.45:8021[296f705a-ff6b-4e8a-b87c-2b6d9ecebe81])
2026-02-22 03:08:07.704 - [INFO ] - internal_sip_port->5060
2026-02-22 03:08:07.704 - [INFO ] - external_sip_port->5080
2026-02-22 03:08:13.365 - [INFO ] - fs[296f705a-ff6b-4e8a-b87c-2b6d9ecebe81] CallThread start
2026-02-22 03:08:13.445 - [WARN ] - esl
org.freeswitch.esl.client.inbound.InboundConnectionException: Could not connect to /61.158.166.46:8021
	at org.freeswitch.esl.client.inbound.Client.connect(Client.java:134)
	at cn.psycall.ccmgt.util.FreeSwitchManage.monitor(FreeSwitchManage.java:86)
	at cn.psycall.ccmgt.util.FreeSwitchManage.run(FreeSwitchManage.java:42)
Caused by: io.netty.channel.AbstractChannel$AnnotatedConnectException: Connection refused: /61.158.166.46:8021
Caused by: java.net.ConnectException: Connection refused
	at java.base/sun.nio.ch.SocketChannelImpl.checkConnect(Native Method)
	at java.base/sun.nio.ch.SocketChannelImpl.finishConnect(SocketChannelImpl.java:777)
	at io.netty.channel.socket.nio.NioSocketChannel.doFinishConnect(NioSocketChannel.java:330)
	at io.netty.channel.nio.AbstractNioChannel$AbstractNioUnsafe.finishConnect(AbstractNioChannel.java:334)
	at io.netty.channel.nio.NioEventLoop.processSelectedKey(NioEventLoop.java:707)
	at io.netty.channel.nio.NioEventLoop.processSelectedKeysOptimized(NioEventLoop.java:655)
	at io.netty.channel.nio.NioEventLoop.processSelectedKeys(NioEventLoop.java:581)
	at io.netty.channel.nio.NioEventLoop.run(NioEventLoop.java:493)
	at io.netty.util.concurrent.SingleThreadEventExecutor$4.run(SingleThreadEventExecutor.java:989)
	at io.netty.util.internal.ThreadExecutorMap$2.run(ThreadExecutorMap.java:74)
	at io.netty.util.concurrent.FastThreadLocalRunnable.run(FastThreadLocalRunnable.java:30)
	at java.base/java.lang.Thread.run(Thread.java:829)
2026-02-22 03:08:14.534 - [WARN ] - esl
org.freeswitch.esl.client.inbound.InboundConnectionException: Could not connect to /61.158.166.46:8021
	at org.freeswitch.esl.client.inbound.Client.connect(Client.java:134)
	at cn.psycall.ccmgt.util.FreeSwitchManage.monitor(FreeSwitchManage.java:86)
	at cn.psycall.ccmgt.util.FreeSwitchManage.run(FreeSwitchManage.java:42)
Caused by: io.netty.channel.AbstractChannel$AnnotatedConnectException: Connection refused: /61.158.166.46:8021
Caused by: java.net.ConnectException: Connection refused
	at java.base/sun.nio.ch.SocketChannelImpl.checkConnect(Native Method)
	at java.base/sun.nio.ch.SocketChannelImpl.finishConnect(SocketChannelImpl.java:777)
	at io.netty.channel.socket.nio.NioSocketChannel.doFinishConnect(NioSocketChannel.java:330)
	at io.netty.channel.nio.AbstractNioChannel$AbstractNioUnsafe.finishConnect(AbstractNioChannel.java:334)
	at io.netty.channel.nio.NioEventLoop.processSelectedKey(NioEventLoop.java:707)
	at io.netty.channel.nio.NioEventLoop.processSelectedKeysOptimized(NioEventLoop.java:655)
	at io.netty.channel.nio.NioEventLoop.processSelectedKeys(NioEventLoop.java:581)
	at io.netty.channel.nio.NioEventLoop.run(NioEventLoop.java:493)
	at io.netty.util.concurrent.SingleThreadEventExecutor$4.run(SingleThreadEventExecutor.java:989)
	at io.netty.util.internal.ThreadExecutorMap$2.run(ThreadExecutorMap.java:74)
	at io.netty.util.concurrent.FastThreadLocalRunnable.run(FastThreadLocalRunnable.java:30)
	at java.base/java.lang.Thread.run(Thread.java:829)
2026-02-22 03:08:15.620 - [WARN ] - esl
org.freeswitch.esl.client.inbound.InboundConnectionException: Could not connect to /61.158.166.46:8021
	at org.freeswitch.esl.client.inbound.Client.connect(Client.java:134)
	at cn.psycall.ccmgt.util.FreeSwitchManage.monitor(FreeSwitchManage.java:86)
	at cn.psycall.ccmgt.util.FreeSwitchManage.run(FreeSwitchManage.java:42)
Caused by: io.netty.channel.AbstractChannel$AnnotatedConnectException: Connection refused: /61.158.166.46:8021
Caused by: java.net.ConnectException: Connection refused
	at java.base/sun.nio.ch.SocketChannelImpl.checkConnect(Native Method)
	at java.base/sun.nio.ch.SocketChannelImpl.finishConnect(SocketChannelImpl.java:777)
	at io.netty.channel.socket.nio.NioSocketChannel.doFinishConnect(NioSocketChannel.java:330)
	at io.netty.channel.nio.AbstractNioChannel$AbstractNioUnsafe.finishConnect(AbstractNioChannel.java:334)
	at io.netty.channel.nio.NioEventLoop.processSelectedKey(NioEventLoop.java:707)
	at io.netty.channel.nio.NioEventLoop.processSelectedKeysOptimized(NioEventLoop.java:655)
	at io.netty.channel.nio.NioEventLoop.processSelectedKeys(NioEventLoop.java:581)
	at io.netty.channel.nio.NioEventLoop.run(NioEventLoop.java:493)
	at io.netty.util.concurrent.SingleThreadEventExecutor$4.run(SingleThreadEventExecutor.java:989)
	at io.netty.util.internal.ThreadExecutorMap$2.run(ThreadExecutorMap.java:74)
	at io.netty.util.concurrent.FastThreadLocalRunnable.run(FastThreadLocalRunnable.java:30)
	at java.base/java.lang.Thread.run(Thread.java:829)
2026-02-22 03:08:16.706 - [WARN ] - esl
org.freeswitch.esl.client.inbound.InboundConnectionException: Could not connect to /61.158.166.46:8021
	at org.freeswitch.esl.client.inbound.Client.connect(Client.java:134)
	at cn.psycall.ccmgt.util.FreeSwitchManage.monitor(FreeSwitchManage.java:86)
	at cn.psycall.ccmgt.util.FreeSwitchManage.run(FreeSwitchManage.java:42)
Caused by: io.netty.channel.AbstractChannel$AnnotatedConnectException: Connection refused: /61.158.166.46:8021
Caused by: java.net.ConnectException: Connection refused
	at java.base/sun.nio.ch.SocketChannelImpl.checkConnect(Native Method)
	at java.base/sun.nio.ch.SocketChannelImpl.finishConnect(SocketChannelImpl.java:777)
	at io.netty.channel.socket.nio.NioSocketChannel.doFinishConnect(NioSocketChannel.java:330)
	at io.netty.channel.nio.AbstractNioChannel$AbstractNioUnsafe.finishConnect(AbstractNioChannel.java:334)
	at io.netty.channel.nio.NioEventLoop.processSelectedKey(NioEventLoop.java:707)
	at io.netty.channel.nio.NioEventLoop.processSelectedKeysOptimized(NioEventLoop.java:655)
	at io.netty.channel.nio.NioEventLoop.processSelectedKeys(NioEventLoop.java:581)
	at io.netty.channel.nio.NioEventLoop.run(NioEventLoop.java:493)
	at io.netty.util.concurrent.SingleThreadEventExecutor$4.run(SingleThreadEventExecutor.java:989)
	at io.netty.util.internal.ThreadExecutorMap$2.run(ThreadExecutorMap.java:74)
	at io.netty.util.concurrent.FastThreadLocalRunnable.run(FastThreadLocalRunnable.java:30)
	at java.base/java.lang.Thread.run(Thread.java:829)
2026-02-22 03:08:17.794 - [WARN ] - esl
org.freeswitch.esl.client.inbound.InboundConnectionException: Could not connect to /61.158.166.46:8021
	at org.freeswitch.esl.client.inbound.Client.connect(Client.java:134)
	at cn.psycall.ccmgt.util.FreeSwitchManage.monitor(FreeSwitchManage.java:86)
	at cn.psycall.ccmgt.util.FreeSwitchManage.run(FreeSwitchManage.java:42)
Caused by: io.netty.channel.AbstractChannel$AnnotatedConnectException: Connection refused: /61.158.166.46:8021
Caused by: java.net.ConnectException: Connection refused
	at java.base/sun.nio.ch.SocketChannelImpl.checkConnect(Native Method)
	at java.base/sun.nio.ch.SocketChannelImpl.finishConnect(SocketChannelImpl.java:777)
	at io.netty.channel.socket.nio.NioSocketChannel.doFinishConnect(NioSocketChannel.java:330)
	at io.netty.channel.nio.AbstractNioChannel$AbstractNioUnsafe.finishConnect(AbstractNioChannel.java:334)
	at io.netty.channel.nio.NioEventLoop.processSelectedKey(NioEventLoop.java:707)
	at io.netty.channel.nio.NioEventLoop.processSelectedKeysOptimized(NioEventLoop.java:655)
	at io.netty.channel.nio.NioEventLoop.processSelectedKeys(NioEventLoop.java:581)
	at io.netty.channel.nio.NioEventLoop.run(NioEventLoop.java:493)
	at io.netty.util.concurrent.SingleThreadEventExecutor$4.run(SingleThreadEventExecutor.java:989)
	at io.netty.util.internal.ThreadExecutorMap$2.run(ThreadExecutorMap.java:74)
	at io.netty.util.concurrent.FastThreadLocalRunnable.run(FastThreadLocalRunnable.java:30)
	at java.base/java.lang.Thread.run(Thread.java:829)
2026-02-22 03:08:18.875 - [WARN ] - esl
org.freeswitch.esl.client.inbound.InboundConnectionException: Could not connect to /61.158.166.46:8021
	at org.freeswitch.esl.client.inbound.Client.connect(Client.java:134)
	at cn.psycall.ccmgt.util.FreeSwitchManage.monitor(FreeSwitchManage.java:86)
	at cn.psycall.ccmgt.util.FreeSwitchManage.run(FreeSwitchManage.java:42)
Caused by: io.netty.channel.AbstractChannel$AnnotatedConnectException: Connection refused: /61.158.166.46:8021
Caused by: java.net.ConnectException: Connection refused
	at java.base/sun.nio.ch.SocketChannelImpl.checkConnect(Native Method)
	at java.base/sun.nio.ch.SocketChannelImpl.finishConnect(SocketChannelImpl.java:777)
	at io.netty.channel.socket.nio.NioSocketChannel.doFinishConnect(NioSocketChannel.java:330)
	at io.netty.channel.nio.AbstractNioChannel$AbstractNioUnsafe.finishConnect(AbstractNioChannel.java:334)
	at io.netty.channel.nio.NioEventLoop.processSelectedKey(NioEventLoop.java:707)
	at io.netty.channel.nio.NioEventLoop.processSelectedKeysOptimized(NioEventLoop.java:655)
	at io.netty.channel.nio.NioEventLoop.processSelectedKeys(NioEventLoop.java:581)
	at io.netty.channel.nio.NioEventLoop.run(NioEventLoop.java:493)
	at io.netty.util.concurrent.SingleThreadEventExecutor$4.run(SingleThreadEventExecutor.java:989)
	at io.netty.util.internal.ThreadExecutorMap$2.run(ThreadExecutorMap.java:74)
	at io.netty.util.concurrent.FastThreadLocalRunnable.run(FastThreadLocalRunnable.java:30)
	at java.base/java.lang.Thread.run(Thread.java:829)
2026-02-22 03:08:19.957 - [WARN ] - esl
org.freeswitch.esl.client.inbound.InboundConnectionException: Could not connect to /61.158.166.46:8021
	at org.freeswitch.esl.client.inbound.Client.connect(Client.java:134)
	at cn.psycall.ccmgt.util.FreeSwitchManage.monitor(FreeSwitchManage.java:86)
	at cn.psycall.ccmgt.util.FreeSwitchManage.run(FreeSwitchManage.java:42)
Caused by: io.netty.channel.AbstractChannel$AnnotatedConnectException: Connection refused: /61.158.166.46:8021
Caused by: java.net.ConnectException: Connection refused
	at java.base/sun.nio.ch.SocketChannelImpl.checkConnect(Native Method)
	at java.base/sun.nio.ch.SocketChannelImpl.finishConnect(SocketChannelImpl.java:777)
	at io.netty.channel.socket.nio.NioSocketChannel.doFinishConnect(NioSocketChannel.java:330)
	at io.netty.channel.nio.AbstractNioChannel$AbstractNioUnsafe.finishConnect(AbstractNioChannel.java:334)
	at io.netty.channel.nio.NioEventLoop.processSelectedKey(NioEventLoop.java:707)
	at io.netty.channel.nio.NioEventLoop.processSelectedKeysOptimized(NioEventLoop.java:655)
	at io.netty.channel.nio.NioEventLoop.processSelectedKeys(NioEventLoop.java:581)
	at io.netty.channel.nio.NioEventLoop.run(NioEventLoop.java:493)
	at io.netty.util.concurrent.SingleThreadEventExecutor$4.run(SingleThreadEventExecutor.java:989)
	at io.netty.util.internal.ThreadExecutorMap$2.run(ThreadExecutorMap.java:74)
	at io.netty.util.concurrent.FastThreadLocalRunnable.run(FastThreadLocalRunnable.java:30)
	at java.base/java.lang.Thread.run(Thread.java:829)
2026-02-22 03:08:21.039 - [WARN ] - esl
org.freeswitch.esl.client.inbound.InboundConnectionException: Could not connect to /61.158.166.46:8021
	at org.freeswitch.esl.client.inbound.Client.connect(Client.java:134)
	at cn.psycall.ccmgt.util.FreeSwitchManage.monitor(FreeSwitchManage.java:86)
	at cn.psycall.ccmgt.util.FreeSwitchManage.run(FreeSwitchManage.java:42)
Caused by: io.netty.channel.AbstractChannel$AnnotatedConnectException: Connection refused: /61.158.166.46:8021
Caused by: java.net.ConnectException: Connection refused
	at java.base/sun.nio.ch.SocketChannelImpl.checkConnect(Native Method)
	at java.base/sun.nio.ch.SocketChannelImpl.finishConnect(SocketChannelImpl.java:777)
	at io.netty.channel.socket.nio.NioSocketChannel.doFinishConnect(NioSocketChannel.java:330)
	at io.netty.channel.nio.AbstractNioChannel$AbstractNioUnsafe.finishConnect(AbstractNioChannel.java:334)
	at io.netty.channel.nio.NioEventLoop.processSelectedKey(NioEventLoop.java:707)
	at io.netty.channel.nio.NioEventLoop.processSelectedKeysOptimized(NioEventLoop.java:655)
	at io.netty.channel.nio.NioEventLoop.processSelectedKeys(NioEventLoop.java:581)
	at io.netty.channel.nio.NioEventLoop.run(NioEventLoop.java:493)
	at io.netty.util.concurrent.SingleThreadEventExecutor$4.run(SingleThreadEventExecutor.java:989)
	at io.netty.util.internal.ThreadExecutorMap$2.run(ThreadExecutorMap.java:74)
	at io.netty.util.concurrent.FastThreadLocalRunnable.run(FastThreadLocalRunnable.java:30)
	at java.base/java.lang.Thread.run(Thread.java:829)
2026-02-22 03:08:22.134 - [WARN ] - esl
org.freeswitch.esl.client.inbound.InboundConnectionException: Could not connect to /61.158.166.46:8021
	at org.freeswitch.esl.client.inbound.Client.connect(Client.java:134)
	at cn.psycall.ccmgt.util.FreeSwitchManage.monitor(FreeSwitchManage.java:86)
	at cn.psycall.ccmgt.util.FreeSwitchManage.run(FreeSwitchManage.java:42)
Caused by: io.netty.channel.AbstractChannel$AnnotatedConnectException: Connection refused: /61.158.166.46:8021
Caused by: java.net.ConnectException: Connection refused
	at java.base/sun.nio.ch.SocketChannelImpl.checkConnect(Native Method)
	at java.base/sun.nio.ch.SocketChannelImpl.finishConnect(SocketChannelImpl.java:777)
	at io.netty.channel.socket.nio.NioSocketChannel.doFinishConnect(NioSocketChannel.java:330)
	at io.netty.channel.nio.AbstractNioChannel$AbstractNioUnsafe.finishConnect(AbstractNioChannel.java:334)
	at io.netty.channel.nio.NioEventLoop.processSelectedKey(NioEventLoop.java:707)
	at io.netty.channel.nio.NioEventLoop.processSelectedKeysOptimized(NioEventLoop.java:655)
	at io.netty.channel.nio.NioEventLoop.processSelectedKeys(NioEventLoop.java:581)
	at io.netty.channel.nio.NioEventLoop.run(NioEventLoop.java:493)
	at io.netty.util.concurrent.SingleThreadEventExecutor$4.run(SingleThreadEventExecutor.java:989)
	at io.netty.util.internal.ThreadExecutorMap$2.run(ThreadExecutorMap.java:74)
	at io.netty.util.concurrent.FastThreadLocalRunnable.run(FastThreadLocalRunnable.java:30)
	at java.base/java.lang.Thread.run(Thread.java:829)
2026-02-22 03:08:23.213 - [WARN ] - esl
org.freeswitch.esl.client.inbound.InboundConnectionException: Could not connect to /61.158.166.46:8021
	at org.freeswitch.esl.client.inbound.Client.connect(Client.java:134)
	at cn.psycall.ccmgt.util.FreeSwitchManage.monitor(FreeSwitchManage.java:86)
	at cn.psycall.ccmgt.util.FreeSwitchManage.run(FreeSwitchManage.java:42)
Caused by: io.netty.channel.AbstractChannel$AnnotatedConnectException: Connection refused: /61.158.166.46:8021
Caused by: java.net.ConnectException: Connection refused
	at java.base/sun.nio.ch.SocketChannelImpl.checkConnect(Native Method)
	at java.base/sun.nio.ch.SocketChannelImpl.finishConnect(SocketChannelImpl.java:777)
	at io.netty.channel.socket.nio.NioSocketChannel.doFinishConnect(NioSocketChannel.java:330)
	at io.netty.channel.nio.AbstractNioChannel$AbstractNioUnsafe.finishConnect(AbstractNioChannel.java:334)
	at io.netty.channel.nio.NioEventLoop.processSelectedKey(NioEventLoop.java:707)
	at io.netty.channel.nio.NioEventLoop.processSelectedKeysOptimized(NioEventLoop.java:655)
	at io.netty.channel.nio.NioEventLoop.processSelectedKeys(NioEventLoop.java:581)
	at io.netty.channel.nio.NioEventLoop.run(NioEventLoop.java:493)
	at io.netty.util.concurrent.SingleThreadEventExecutor$4.run(SingleThreadEventExecutor.java:989)
	at io.netty.util.internal.ThreadExecutorMap$2.run(ThreadExecutorMap.java:74)
	at io.netty.util.concurrent.FastThreadLocalRunnable.run(FastThreadLocalRunnable.java:30)
	at java.base/java.lang.Thread.run(Thread.java:829)
2026-02-22 03:08:24.295 - [WARN ] - esl
org.freeswitch.esl.client.inbound.InboundConnectionException: Could not connect to /61.158.166.46:8021
	at org.freeswitch.esl.client.inbound.Client.connect(Client.java:134)
	at cn.psycall.ccmgt.util.FreeSwitchManage.monitor(FreeSwitchManage.java:86)
	at cn.psycall.ccmgt.util.FreeSwitchManage.run(FreeSwitchManage.java:42)
Caused by: io.netty.channel.AbstractChannel$AnnotatedConnectException: Connection refused: /61.158.166.46:8021
Caused by: java.net.ConnectException: Connection refused
	at java.base/sun.nio.ch.SocketChannelImpl.checkConnect(Native Method)
	at java.base/sun.nio.ch.SocketChannelImpl.finishConnect(SocketChannelImpl.java:777)
	at io.netty.channel.socket.nio.NioSocketChannel.doFinishConnect(NioSocketChannel.java:330)
	at io.netty.channel.nio.AbstractNioChannel$AbstractNioUnsafe.finishConnect(AbstractNioChannel.java:334)
	at io.netty.channel.nio.NioEventLoop.processSelectedKey(NioEventLoop.java:707)
	at io.netty.channel.nio.NioEventLoop.processSelectedKeysOptimized(NioEventLoop.java:655)
	at io.netty.channel.nio.NioEventLoop.processSelectedKeys(NioEventLoop.java:581)
	at io.netty.channel.nio.NioEventLoop.run(NioEventLoop.java:493)
	at io.netty.util.concurrent.SingleThreadEventExecutor$4.run(SingleThreadEventExecutor.java:989)
	at io.netty.util.internal.ThreadExecutorMap$2.run(ThreadExecutorMap.java:74)
	at io.netty.util.concurrent.FastThreadLocalRunnable.run(FastThreadLocalRunnable.java:30)
	at java.base/java.lang.Thread.run(Thread.java:829)
2026-02-22 03:08:25.377 - [WARN ] - esl
org.freeswitch.esl.client.inbound.InboundConnectionException: Could not connect to /61.158.166.46:8021
	at org.freeswitch.esl.client.inbound.Client.connect(Client.java:134)
	at cn.psycall.ccmgt.util.FreeSwitchManage.monitor(FreeSwitchManage.java:86)
	at cn.psycall.ccmgt.util.FreeSwitchManage.run(FreeSwitchManage.java:42)
Caused by: io.netty.channel.AbstractChannel$AnnotatedConnectException: Connection refused: /61.158.166.46:8021
Caused by: java.net.ConnectException: Connection refused
	at java.base/sun.nio.ch.SocketChannelImpl.checkConnect(Native Method)
	at java.base/sun.nio.ch.SocketChannelImpl.finishConnect(SocketChannelImpl.java:777)
	at io.netty.channel.socket.nio.NioSocketChannel.doFinishConnect(NioSocketChannel.java:330)
	at io.netty.channel.nio.AbstractNioChannel$AbstractNioUnsafe.finishConnect(AbstractNioChannel.java:334)
	at io.netty.channel.nio.NioEventLoop.processSelectedKey(NioEventLoop.java:707)
	at io.netty.channel.nio.NioEventLoop.processSelectedKeysOptimized(NioEventLoop.java:655)
	at io.netty.channel.nio.NioEventLoop.processSelectedKeys(NioEventLoop.java:581)
	at io.netty.channel.nio.NioEventLoop.run(NioEventLoop.java:493)
	at io.netty.util.concurrent.SingleThreadEventExecutor$4.run(SingleThreadEventExecutor.java:989)
	at io.netty.util.internal.ThreadExecutorMap$2.run(ThreadExecutorMap.java:74)
	at io.netty.util.concurrent.FastThreadLocalRunnable.run(FastThreadLocalRunnable.java:30)
	at java.base/java.lang.Thread.run(Thread.java:829)
2026-02-22 03:08:26.466 - [WARN ] - esl
org.freeswitch.esl.client.inbound.InboundConnectionException: Could not connect to /61.158.166.46:8021
	at org.freeswitch.esl.client.inbound.Client.connect(Client.java:134)
	at cn.psycall.ccmgt.util.FreeSwitchManage.monitor(FreeSwitchManage.java:86)
	at cn.psycall.ccmgt.util.FreeSwitchManage.run(FreeSwitchManage.java:42)
Caused by: io.netty.channel.AbstractChannel$AnnotatedConnectException: Connection refused: /61.158.166.46:8021
Caused by: java.net.ConnectException: Connection refused
	at java.base/sun.nio.ch.SocketChannelImpl.checkConnect(Native Method)
	at java.base/sun.nio.ch.SocketChannelImpl.finishConnect(SocketChannelImpl.java:777)
	at io.netty.channel.socket.nio.NioSocketChannel.doFinishConnect(NioSocketChannel.java:330)
	at io.netty.channel.nio.AbstractNioChannel$AbstractNioUnsafe.finishConnect(AbstractNioChannel.java:334)
	at io.netty.channel.nio.NioEventLoop.processSelectedKey(NioEventLoop.java:707)
	at io.netty.channel.nio.NioEventLoop.processSelectedKeysOptimized(NioEventLoop.java:655)
	at io.netty.channel.nio.NioEventLoop.processSelectedKeys(NioEventLoop.java:581)
	at io.netty.channel.nio.NioEventLoop.run(NioEventLoop.java:493)
	at io.netty.util.concurrent.SingleThreadEventExecutor$4.run(SingleThreadEventExecutor.java:989)
	at io.netty.util.internal.ThreadExecutorMap$2.run(ThreadExecutorMap.java:74)
	at io.netty.util.concurrent.FastThreadLocalRunnable.run(FastThreadLocalRunnable.java:30)
	at java.base/java.lang.Thread.run(Thread.java:829)
2026-02-22 03:08:27.553 - [WARN ] - esl
org.freeswitch.esl.client.inbound.InboundConnectionException: Could not connect to /61.158.166.46:8021
	at org.freeswitch.esl.client.inbound.Client.connect(Client.java:134)
	at cn.psycall.ccmgt.util.FreeSwitchManage.monitor(FreeSwitchManage.java:86)
	at cn.psycall.ccmgt.util.FreeSwitchManage.run(FreeSwitchManage.java:42)
Caused by: io.netty.channel.AbstractChannel$AnnotatedConnectException: Connection refused: /61.158.166.46:8021
Caused by: java.net.ConnectException: Connection refused
	at java.base/sun.nio.ch.SocketChannelImpl.checkConnect(Native Method)
	at java.base/sun.nio.ch.SocketChannelImpl.finishConnect(SocketChannelImpl.java:777)
	at io.netty.channel.socket.nio.NioSocketChannel.doFinishConnect(NioSocketChannel.java:330)
	at io.netty.channel.nio.AbstractNioChannel$AbstractNioUnsafe.finishConnect(AbstractNioChannel.java:334)
	at io.netty.channel.nio.NioEventLoop.processSelectedKey(NioEventLoop.java:707)
	at io.netty.channel.nio.NioEventLoop.processSelectedKeysOptimized(NioEventLoop.java:655)
	at io.netty.channel.nio.NioEventLoop.processSelectedKeys(NioEventLoop.java:581)
	at io.netty.channel.nio.NioEventLoop.run(NioEventLoop.java:493)
	at io.netty.util.concurrent.SingleThreadEventExecutor$4.run(SingleThreadEventExecutor.java:989)
	at io.netty.util.internal.ThreadExecutorMap$2.run(ThreadExecutorMap.java:74)
	at io.netty.util.concurrent.FastThreadLocalRunnable.run(FastThreadLocalRunnable.java:30)
	at java.base/java.lang.Thread.run(Thread.java:829)
2026-02-22 03:08:28.649 - [WARN ] - esl
org.freeswitch.esl.client.inbound.InboundConnectionException: Could not connect to /61.158.166.46:8021
	at org.freeswitch.esl.client.inbound.Client.connect(Client.java:134)
	at cn.psycall.ccmgt.util.FreeSwitchManage.monitor(FreeSwitchManage.java:86)
	at cn.psycall.ccmgt.util.FreeSwitchManage.run(FreeSwitchManage.java:42)
Caused by: io.netty.channel.AbstractChannel$AnnotatedConnectException: Connection refused: /61.158.166.46:8021
Caused by: java.net.ConnectException: Connection refused
	at java.base/sun.nio.ch.SocketChannelImpl.checkConnect(Native Method)
	at java.base/sun.nio.ch.SocketChannelImpl.finishConnect(SocketChannelImpl.java:777)
	at io.netty.channel.socket.nio.NioSocketChannel.doFinishConnect(NioSocketChannel.java:330)
	at io.netty.channel.nio.AbstractNioChannel$AbstractNioUnsafe.finishConnect(AbstractNioChannel.java:334)
	at io.netty.channel.nio.NioEventLoop.processSelectedKey(NioEventLoop.java:707)
	at io.netty.channel.nio.NioEventLoop.processSelectedKeysOptimized(NioEventLoop.java:655)
	at io.netty.channel.nio.NioEventLoop.processSelectedKeys(NioEventLoop.java:581)
	at io.netty.channel.nio.NioEventLoop.run(NioEventLoop.java:493)
	at io.netty.util.concurrent.SingleThreadEventExecutor$4.run(SingleThreadEventExecutor.java:989)
	at io.netty.util.internal.ThreadExecutorMap$2.run(ThreadExecutorMap.java:74)
	at io.netty.util.concurrent.FastThreadLocalRunnable.run(FastThreadLocalRunnable.java:30)
	at java.base/java.lang.Thread.run(Thread.java:829)
2026-02-22 03:08:29.731 - [WARN ] - esl
org.freeswitch.esl.client.inbound.InboundConnectionException: Could not connect to /61.158.166.46:8021
	at org.freeswitch.esl.client.inbound.Client.connect(Client.java:134)
	at cn.psycall.ccmgt.util.FreeSwitchManage.monitor(FreeSwitchManage.java:86)
	at cn.psycall.ccmgt.util.FreeSwitchManage.run(FreeSwitchManage.java:42)
Caused by: io.netty.channel.AbstractChannel$AnnotatedConnectException: Connection refused: /61.158.166.46:8021
Caused by: java.net.ConnectException: Connection refused
	at java.base/sun.nio.ch.SocketChannelImpl.checkConnect(Native Method)
	at java.base/sun.nio.ch.SocketChannelImpl.finishConnect(SocketChannelImpl.java:777)
	at io.netty.channel.socket.nio.NioSocketChannel.doFinishConnect(NioSocketChannel.java:330)
	at io.netty.channel.nio.AbstractNioChannel$AbstractNioUnsafe.finishConnect(AbstractNioChannel.java:334)
	at io.netty.channel.nio.NioEventLoop.processSelectedKey(NioEventLoop.java:707)
	at io.netty.channel.nio.NioEventLoop.processSelectedKeysOptimized(NioEventLoop.java:655)
	at io.netty.channel.nio.NioEventLoop.processSelectedKeys(NioEventLoop.java:581)
	at io.netty.channel.nio.NioEventLoop.run(NioEventLoop.java:493)
	at io.netty.util.concurrent.SingleThreadEventExecutor$4.run(SingleThreadEventExecutor.java:989)
	at io.netty.util.internal.ThreadExecutorMap$2.run(ThreadExecutorMap.java:74)
	at io.netty.util.concurrent.FastThreadLocalRunnable.run(FastThreadLocalRunnable.java:30)
	at java.base/java.lang.Thread.run(Thread.java:829)
2026-02-22 03:08:30.820 - [WARN ] - esl
org.freeswitch.esl.client.inbound.InboundConnectionException: Could not connect to /61.158.166.46:8021
	at org.freeswitch.esl.client.inbound.Client.connect(Client.java:134)
	at cn.psycall.ccmgt.util.FreeSwitchManage.monitor(FreeSwitchManage.java:86)
	at cn.psycall.ccmgt.util.FreeSwitchManage.run(FreeSwitchManage.java:42)
Caused by: io.netty.channel.AbstractChannel$AnnotatedConnectException: Connection refused: /61.158.166.46:8021
Caused by: java.net.ConnectException: Connection refused
	at java.base/sun.nio.ch.SocketChannelImpl.checkConnect(Native Method)
	at java.base/sun.nio.ch.SocketChannelImpl.finishConnect(SocketChannelImpl.java:777)
	at io.netty.channel.socket.nio.NioSocketChannel.doFinishConnect(NioSocketChannel.java:330)
	at io.netty.channel.nio.AbstractNioChannel$AbstractNioUnsafe.finishConnect(AbstractNioChannel.java:334)
	at io.netty.channel.nio.NioEventLoop.processSelectedKey(NioEventLoop.java:707)
	at io.netty.channel.nio.NioEventLoop.processSelectedKeysOptimized(NioEventLoop.java:655)
	at io.netty.channel.nio.NioEventLoop.processSelectedKeys(NioEventLoop.java:581)
	at io.netty.channel.nio.NioEventLoop.run(NioEventLoop.java:493)
	at io.netty.util.concurrent.SingleThreadEventExecutor$4.run(SingleThreadEventExecutor.java:989)
	at io.netty.util.internal.ThreadExecutorMap$2.run(ThreadExecutorMap.java:74)
	at io.netty.util.concurrent.FastThreadLocalRunnable.run(FastThreadLocalRunnable.java:30)
	at java.base/java.lang.Thread.run(Thread.java:829)
2026-02-22 03:08:31.905 - [WARN ] - esl
org.freeswitch.esl.client.inbound.InboundConnectionException: Could not connect to /61.158.166.46:8021
	at org.freeswitch.esl.client.inbound.Client.connect(Client.java:134)
	at cn.psycall.ccmgt.util.FreeSwitchManage.monitor(FreeSwitchManage.java:86)
	at cn.psycall.ccmgt.util.FreeSwitchManage.run(FreeSwitchManage.java:42)
Caused by: io.netty.channel.AbstractChannel$AnnotatedConnectException: Connection refused: /61.158.166.46:8021
Caused by: java.net.ConnectException: Connection refused
	at java.base/sun.nio.ch.SocketChannelImpl.checkConnect(Native Method)
	at java.base/sun.nio.ch.SocketChannelImpl.finishConnect(SocketChannelImpl.java:777)
	at io.netty.channel.socket.nio.NioSocketChannel.doFinishConnect(NioSocketChannel.java:330)
	at io.netty.channel.nio.AbstractNioChannel$AbstractNioUnsafe.finishConnect(AbstractNioChannel.java:334)
	at io.netty.channel.nio.NioEventLoop.processSelectedKey(NioEventLoop.java:707)
	at io.netty.channel.nio.NioEventLoop.processSelectedKeysOptimized(NioEventLoop.java:655)
	at io.netty.channel.nio.NioEventLoop.processSelectedKeys(NioEventLoop.java:581)
	at io.netty.channel.nio.NioEventLoop.run(NioEventLoop.java:493)
	at io.netty.util.concurrent.SingleThreadEventExecutor$4.run(SingleThreadEventExecutor.java:989)
	at io.netty.util.internal.ThreadExecutorMap$2.run(ThreadExecutorMap.java:74)
	at io.netty.util.concurrent.FastThreadLocalRunnable.run(FastThreadLocalRunnable.java:30)
	at java.base/java.lang.Thread.run(Thread.java:829)
2026-02-22 03:08:32.987 - [WARN ] - esl
org.freeswitch.esl.client.inbound.InboundConnectionException: Could not connect to /61.158.166.46:8021
	at org.freeswitch.esl.client.inbound.Client.connect(Client.java:134)
	at cn.psycall.ccmgt.util.FreeSwitchManage.monitor(FreeSwitchManage.java:86)
	at cn.psycall.ccmgt.util.FreeSwitchManage.run(FreeSwitchManage.java:42)
Caused by: io.netty.channel.AbstractChannel$AnnotatedConnectException: Connection refused: /61.158.166.46:8021
Caused by: java.net.ConnectException: Connection refused
	at java.base/sun.nio.ch.SocketChannelImpl.checkConnect(Native Method)
	at java.base/sun.nio.ch.SocketChannelImpl.finishConnect(SocketChannelImpl.java:777)
	at io.netty.channel.socket.nio.NioSocketChannel.doFinishConnect(NioSocketChannel.java:330)
	at io.netty.channel.nio.AbstractNioChannel$AbstractNioUnsafe.finishConnect(AbstractNioChannel.java:334)
	at io.netty.channel.nio.NioEventLoop.processSelectedKey(NioEventLoop.java:707)
	at io.netty.channel.nio.NioEventLoop.processSelectedKeysOptimized(NioEventLoop.java:655)
	at io.netty.channel.nio.NioEventLoop.processSelectedKeys(NioEventLoop.java:581)
	at io.netty.channel.nio.NioEventLoop.run(NioEventLoop.java:493)
	at io.netty.util.concurrent.SingleThreadEventExecutor$4.run(SingleThreadEventExecutor.java:989)
	at io.netty.util.internal.ThreadExecutorMap$2.run(ThreadExecutorMap.java:74)
	at io.netty.util.concurrent.FastThreadLocalRunnable.run(FastThreadLocalRunnable.java:30)
	at java.base/java.lang.Thread.run(Thread.java:829)
2026-02-22 03:08:34.069 - [WARN ] - esl
org.freeswitch.esl.client.inbound.InboundConnectionException: Could not connect to /61.158.166.46:8021
	at org.freeswitch.esl.client.inbound.Client.connect(Client.java:134)
	at cn.psycall.ccmgt.util.FreeSwitchManage.monitor(FreeSwitchManage.java:86)
	at cn.psycall.ccmgt.util.FreeSwitchManage.run(FreeSwitchManage.java:42)
Caused by: io.netty.channel.AbstractChannel$AnnotatedConnectException: Connection refused: /61.158.166.46:8021
Caused by: java.net.ConnectException: Connection refused
	at java.base/sun.nio.ch.SocketChannelImpl.checkConnect(Native Method)
	at java.base/sun.nio.ch.SocketChannelImpl.finishConnect(SocketChannelImpl.java:777)
	at io.netty.channel.socket.nio.NioSocketChannel.doFinishConnect(NioSocketChannel.java:330)
	at io.netty.channel.nio.AbstractNioChannel$AbstractNioUnsafe.finishConnect(AbstractNioChannel.java:334)
	at io.netty.channel.nio.NioEventLoop.processSelectedKey(NioEventLoop.java:707)
	at io.netty.channel.nio.NioEventLoop.processSelectedKeysOptimized(NioEventLoop.java:655)
	at io.netty.channel.nio.NioEventLoop.processSelectedKeys(NioEventLoop.java:581)
	at io.netty.channel.nio.NioEventLoop.run(NioEventLoop.java:493)
	at io.netty.util.concurrent.SingleThreadEventExecutor$4.run(SingleThreadEventExecutor.java:989)
	at io.netty.util.internal.ThreadExecutorMap$2.run(ThreadExecutorMap.java:74)
	at io.netty.util.concurrent.FastThreadLocalRunnable.run(FastThreadLocalRunnable.java:30)
	at java.base/java.lang.Thread.run(Thread.java:829)
2026-02-22 03:08:35.154 - [WARN ] - esl
org.freeswitch.esl.client.inbound.InboundConnectionException: Could not connect to /61.158.166.46:8021
	at org.freeswitch.esl.client.inbound.Client.connect(Client.java:134)
	at cn.psycall.ccmgt.util.FreeSwitchManage.monitor(FreeSwitchManage.java:86)
	at cn.psycall.ccmgt.util.FreeSwitchManage.run(FreeSwitchManage.java:42)
Caused by: io.netty.channel.AbstractChannel$AnnotatedConnectException: Connection refused: /61.158.166.46:8021
Caused by: java.net.ConnectException: Connection refused
	at java.base/sun.nio.ch.SocketChannelImpl.checkConnect(Native Method)
	at java.base/sun.nio.ch.SocketChannelImpl.finishConnect(SocketChannelImpl.java:777)
	at io.netty.channel.socket.nio.NioSocketChannel.doFinishConnect(NioSocketChannel.java:330)
	at io.netty.channel.nio.AbstractNioChannel$AbstractNioUnsafe.finishConnect(AbstractNioChannel.java:334)
	at io.netty.channel.nio.NioEventLoop.processSelectedKey(NioEventLoop.java:707)
	at io.netty.channel.nio.NioEventLoop.processSelectedKeysOptimized(NioEventLoop.java:655)
	at io.netty.channel.nio.NioEventLoop.processSelectedKeys(NioEventLoop.java:581)
	at io.netty.channel.nio.NioEventLoop.run(NioEventLoop.java:493)
	at io.netty.util.concurrent.SingleThreadEventExecutor$4.run(SingleThreadEventExecutor.java:989)
	at io.netty.util.internal.ThreadExecutorMap$2.run(ThreadExecutorMap.java:74)
	at io.netty.util.concurrent.FastThreadLocalRunnable.run(FastThreadLocalRunnable.java:30)
	at java.base/java.lang.Thread.run(Thread.java:829)
2026-02-22 03:08:36.236 - [WARN ] - esl
org.freeswitch.esl.client.inbound.InboundConnectionException: Could not connect to /61.158.166.46:8021
	at org.freeswitch.esl.client.inbound.Client.connect(Client.java:134)
	at cn.psycall.ccmgt.util.FreeSwitchManage.monitor(FreeSwitchManage.java:86)
	at cn.psycall.ccmgt.util.FreeSwitchManage.run(FreeSwitchManage.java:42)
Caused by: io.netty.channel.AbstractChannel$AnnotatedConnectException: Connection refused: /61.158.166.46:8021
Caused by: java.net.ConnectException: Connection refused
	at java.base/sun.nio.ch.SocketChannelImpl.checkConnect(Native Method)
	at java.base/sun.nio.ch.SocketChannelImpl.finishConnect(SocketChannelImpl.java:777)
	at io.netty.channel.socket.nio.NioSocketChannel.doFinishConnect(NioSocketChannel.java:330)
	at io.netty.channel.nio.AbstractNioChannel$AbstractNioUnsafe.finishConnect(AbstractNioChannel.java:334)
	at io.netty.channel.nio.NioEventLoop.processSelectedKey(NioEventLoop.java:707)
	at io.netty.channel.nio.NioEventLoop.processSelectedKeysOptimized(NioEventLoop.java:655)
	at io.netty.channel.nio.NioEventLoop.processSelectedKeys(NioEventLoop.java:581)
	at io.netty.channel.nio.NioEventLoop.run(NioEventLoop.java:493)
	at io.netty.util.concurrent.SingleThreadEventExecutor$4.run(SingleThreadEventExecutor.java:989)
	at io.netty.util.internal.ThreadExecutorMap$2.run(ThreadExecutorMap.java:74)
	at io.netty.util.concurrent.FastThreadLocalRunnable.run(FastThreadLocalRunnable.java:30)
	at java.base/java.lang.Thread.run(Thread.java:829)
2026-02-22 03:08:37.320 - [WARN ] - esl
org.freeswitch.esl.client.inbound.InboundConnectionException: Could not connect to /61.158.166.46:8021
	at org.freeswitch.esl.client.inbound.Client.connect(Client.java:134)
	at cn.psycall.ccmgt.util.FreeSwitchManage.monitor(FreeSwitchManage.java:86)
	at cn.psycall.ccmgt.util.FreeSwitchManage.run(FreeSwitchManage.java:42)
Caused by: io.netty.channel.AbstractChannel$AnnotatedConnectException: Connection refused: /61.158.166.46:8021
Caused by: java.net.ConnectException: Connection refused
	at java.base/sun.nio.ch.SocketChannelImpl.checkConnect(Native Method)
	at java.base/sun.nio.ch.SocketChannelImpl.finishConnect(SocketChannelImpl.java:777)
	at io.netty.channel.socket.nio.NioSocketChannel.doFinishConnect(NioSocketChannel.java:330)
	at io.netty.channel.nio.AbstractNioChannel$AbstractNioUnsafe.finishConnect(AbstractNioChannel.java:334)
	at io.netty.channel.nio.NioEventLoop.processSelectedKey(NioEventLoop.java:707)
	at io.netty.channel.nio.NioEventLoop.processSelectedKeysOptimized(NioEventLoop.java:655)
	at io.netty.channel.nio.NioEventLoop.processSelectedKeys(NioEventLoop.java:581)
	at io.netty.channel.nio.NioEventLoop.run(NioEventLoop.java:493)
	at io.netty.util.concurrent.SingleThreadEventExecutor$4.run(SingleThreadEventExecutor.java:989)
	at io.netty.util.internal.ThreadExecutorMap$2.run(ThreadExecutorMap.java:74)
	at io.netty.util.concurrent.FastThreadLocalRunnable.run(FastThreadLocalRunnable.java:30)
	at java.base/java.lang.Thread.run(Thread.java:829)
2026-02-22 03:08:38.405 - [WARN ] - esl
org.freeswitch.esl.client.inbound.InboundConnectionException: Could not connect to /61.158.166.46:8021
	at org.freeswitch.esl.client.inbound.Client.connect(Client.java:134)
	at cn.psycall.ccmgt.util.FreeSwitchManage.monitor(FreeSwitchManage.java:86)
	at cn.psycall.ccmgt.util.FreeSwitchManage.run(FreeSwitchManage.java:42)
Caused by: io.netty.channel.AbstractChannel$AnnotatedConnectException: Connection refused: /61.158.166.46:8021
Caused by: java.net.ConnectException: Connection refused
	at java.base/sun.nio.ch.SocketChannelImpl.checkConnect(Native Method)
	at java.base/sun.nio.ch.SocketChannelImpl.finishConnect(SocketChannelImpl.java:777)
	at io.netty.channel.socket.nio.NioSocketChannel.doFinishConnect(NioSocketChannel.java:330)
	at io.netty.channel.nio.AbstractNioChannel$AbstractNioUnsafe.finishConnect(AbstractNioChannel.java:334)
	at io.netty.channel.nio.NioEventLoop.processSelectedKey(NioEventLoop.java:707)
	at io.netty.channel.nio.NioEventLoop.processSelectedKeysOptimized(NioEventLoop.java:655)
	at io.netty.channel.nio.NioEventLoop.processSelectedKeys(NioEventLoop.java:581)
	at io.netty.channel.nio.NioEventLoop.run(NioEventLoop.java:493)
	at io.netty.util.concurrent.SingleThreadEventExecutor$4.run(SingleThreadEventExecutor.java:989)
	at io.netty.util.internal.ThreadExecutorMap$2.run(ThreadExecutorMap.java:74)
	at io.netty.util.concurrent.FastThreadLocalRunnable.run(FastThreadLocalRunnable.java:30)
	at java.base/java.lang.Thread.run(Thread.java:829)
2026-02-22 03:08:39.487 - [WARN ] - esl
org.freeswitch.esl.client.inbound.InboundConnectionException: Could not connect to /61.158.166.46:8021
	at org.freeswitch.esl.client.inbound.Client.connect(Client.java:134)
	at cn.psycall.ccmgt.util.FreeSwitchManage.monitor(FreeSwitchManage.java:86)
	at cn.psycall.ccmgt.util.FreeSwitchManage.run(FreeSwitchManage.java:42)
Caused by: io.netty.channel.AbstractChannel$AnnotatedConnectException: Connection refused: /61.158.166.46:8021
Caused by: java.net.ConnectException: Connection refused
	at java.base/sun.nio.ch.SocketChannelImpl.checkConnect(Native Method)
	at java.base/sun.nio.ch.SocketChannelImpl.finishConnect(SocketChannelImpl.java:777)
	at io.netty.channel.socket.nio.NioSocketChannel.doFinishConnect(NioSocketChannel.java:330)
	at io.netty.channel.nio.AbstractNioChannel$AbstractNioUnsafe.finishConnect(AbstractNioChannel.java:334)
	at io.netty.channel.nio.NioEventLoop.processSelectedKey(NioEventLoop.java:707)
	at io.netty.channel.nio.NioEventLoop.processSelectedKeysOptimized(NioEventLoop.java:655)
	at io.netty.channel.nio.NioEventLoop.processSelectedKeys(NioEventLoop.java:581)
	at io.netty.channel.nio.NioEventLoop.run(NioEventLoop.java:493)
	at io.netty.util.concurrent.SingleThreadEventExecutor$4.run(SingleThreadEventExecutor.java:989)
	at io.netty.util.internal.ThreadExecutorMap$2.run(ThreadExecutorMap.java:74)
	at io.netty.util.concurrent.FastThreadLocalRunnable.run(FastThreadLocalRunnable.java:30)
	at java.base/java.lang.Thread.run(Thread.java:829)
2026-02-22 03:08:40.570 - [WARN ] - esl
org.freeswitch.esl.client.inbound.InboundConnectionException: Could not connect to /61.158.166.46:8021
	at org.freeswitch.esl.client.inbound.Client.connect(Client.java:134)
	at cn.psycall.ccmgt.util.FreeSwitchManage.monitor(FreeSwitchManage.java:86)
	at cn.psycall.ccmgt.util.FreeSwitchManage.run(FreeSwitchManage.java:42)
Caused by: io.netty.channel.AbstractChannel$AnnotatedConnectException: Connection refused: /61.158.166.46:8021
Caused by: java.net.ConnectException: Connection refused
	at java.base/sun.nio.ch.SocketChannelImpl.checkConnect(Native Method)
	at java.base/sun.nio.ch.SocketChannelImpl.finishConnect(SocketChannelImpl.java:777)
	at io.netty.channel.socket.nio.NioSocketChannel.doFinishConnect(NioSocketChannel.java:330)
	at io.netty.channel.nio.AbstractNioChannel$AbstractNioUnsafe.finishConnect(AbstractNioChannel.java:334)
	at io.netty.channel.nio.NioEventLoop.processSelectedKey(NioEventLoop.java:707)
	at io.netty.channel.nio.NioEventLoop.processSelectedKeysOptimized(NioEventLoop.java:655)
	at io.netty.channel.nio.NioEventLoop.processSelectedKeys(NioEventLoop.java:581)
	at io.netty.channel.nio.NioEventLoop.run(NioEventLoop.java:493)
	at io.netty.util.concurrent.SingleThreadEventExecutor$4.run(SingleThreadEventExecutor.java:989)
	at io.netty.util.internal.ThreadExecutorMap$2.run(ThreadExecutorMap.java:74)
	at io.netty.util.concurrent.FastThreadLocalRunnable.run(FastThreadLocalRunnable.java:30)
	at java.base/java.lang.Thread.run(Thread.java:829)
2026-02-22 03:08:41.656 - [WARN ] - esl
org.freeswitch.esl.client.inbound.InboundConnectionException: Could not connect to /61.158.166.46:8021
	at org.freeswitch.esl.client.inbound.Client.connect(Client.java:134)
	at cn.psycall.ccmgt.util.FreeSwitchManage.monitor(FreeSwitchManage.java:86)
	at cn.psycall.ccmgt.util.FreeSwitchManage.run(FreeSwitchManage.java:42)
Caused by: io.netty.channel.AbstractChannel$AnnotatedConnectException: Connection refused: /61.158.166.46:8021
Caused by: java.net.ConnectException: Connection refused
	at java.base/sun.nio.ch.SocketChannelImpl.checkConnect(Native Method)
	at java.base/sun.nio.ch.SocketChannelImpl.finishConnect(SocketChannelImpl.java:777)
	at io.netty.channel.socket.nio.NioSocketChannel.doFinishConnect(NioSocketChannel.java:330)
	at io.netty.channel.nio.AbstractNioChannel$AbstractNioUnsafe.finishConnect(AbstractNioChannel.java:334)
	at io.netty.channel.nio.NioEventLoop.processSelectedKey(NioEventLoop.java:707)
	at io.netty.channel.nio.NioEventLoop.processSelectedKeysOptimized(NioEventLoop.java:655)
	at io.netty.channel.nio.NioEventLoop.processSelectedKeys(NioEventLoop.java:581)
	at io.netty.channel.nio.NioEventLoop.run(NioEventLoop.java:493)
	at io.netty.util.concurrent.SingleThreadEventExecutor$4.run(SingleThreadEventExecutor.java:989)
	at io.netty.util.internal.ThreadExecutorMap$2.run(ThreadExecutorMap.java:74)
	at io.netty.util.concurrent.FastThreadLocalRunnable.run(FastThreadLocalRunnable.java:30)
	at java.base/java.lang.Thread.run(Thread.java:829)
2026-02-22 03:08:42.740 - [WARN ] - esl
org.freeswitch.esl.client.inbound.InboundConnectionException: Could not connect to /61.158.166.46:8021
	at org.freeswitch.esl.client.inbound.Client.connect(Client.java:134)
	at cn.psycall.ccmgt.util.FreeSwitchManage.monitor(FreeSwitchManage.java:86)
	at cn.psycall.ccmgt.util.FreeSwitchManage.run(FreeSwitchManage.java:42)
Caused by: io.netty.channel.AbstractChannel$AnnotatedConnectException: Connection refused: /61.158.166.46:8021
Caused by: java.net.ConnectException: Connection refused
	at java.base/sun.nio.ch.SocketChannelImpl.checkConnect(Native Method)
	at java.base/sun.nio.ch.SocketChannelImpl.finishConnect(SocketChannelImpl.java:777)
	at io.netty.channel.socket.nio.NioSocketChannel.doFinishConnect(NioSocketChannel.java:330)
	at io.netty.channel.nio.AbstractNioChannel$AbstractNioUnsafe.finishConnect(AbstractNioChannel.java:334)
	at io.netty.channel.nio.NioEventLoop.processSelectedKey(NioEventLoop.java:707)
	at io.netty.channel.nio.NioEventLoop.processSelectedKeysOptimized(NioEventLoop.java:655)
	at io.netty.channel.nio.NioEventLoop.processSelectedKeys(NioEventLoop.java:581)
	at io.netty.channel.nio.NioEventLoop.run(NioEventLoop.java:493)
	at io.netty.util.concurrent.SingleThreadEventExecutor$4.run(SingleThreadEventExecutor.java:989)
	at io.netty.util.internal.ThreadExecutorMap$2.run(ThreadExecutorMap.java:74)
	at io.netty.util.concurrent.FastThreadLocalRunnable.run(FastThreadLocalRunnable.java:30)
	at java.base/java.lang.Thread.run(Thread.java:829)
2026-02-22 03:08:43.825 - [WARN ] - esl
org.freeswitch.esl.client.inbound.InboundConnectionException: Could not connect to /61.158.166.46:8021
	at org.freeswitch.esl.client.inbound.Client.connect(Client.java:134)
	at cn.psycall.ccmgt.util.FreeSwitchManage.monitor(FreeSwitchManage.java:86)
	at cn.psycall.ccmgt.util.FreeSwitchManage.run(FreeSwitchManage.java:42)
Caused by: io.netty.channel.AbstractChannel$AnnotatedConnectException: Connection refused: /61.158.166.46:8021
Caused by: java.net.ConnectException: Connection refused
	at java.base/sun.nio.ch.SocketChannelImpl.checkConnect(Native Method)
	at java.base/sun.nio.ch.SocketChannelImpl.finishConnect(SocketChannelImpl.java:777)
	at io.netty.channel.socket.nio.NioSocketChannel.doFinishConnect(NioSocketChannel.java:330)
	at io.netty.channel.nio.AbstractNioChannel$AbstractNioUnsafe.finishConnect(AbstractNioChannel.java:334)
	at io.netty.channel.nio.NioEventLoop.processSelectedKey(NioEventLoop.java:707)
	at io.netty.channel.nio.NioEventLoop.processSelectedKeysOptimized(NioEventLoop.java:655)
	at io.netty.channel.nio.NioEventLoop.processSelectedKeys(NioEventLoop.java:581)
	at io.netty.channel.nio.NioEventLoop.run(NioEventLoop.java:493)
	at io.netty.util.concurrent.SingleThreadEventExecutor$4.run(SingleThreadEventExecutor.java:989)
	at io.netty.util.internal.ThreadExecutorMap$2.run(ThreadExecutorMap.java:74)
	at io.netty.util.concurrent.FastThreadLocalRunnable.run(FastThreadLocalRunnable.java:30)
	at java.base/java.lang.Thread.run(Thread.java:829)
2026-02-22 03:08:44.906 - [WARN ] - esl
org.freeswitch.esl.client.inbound.InboundConnectionException: Could not connect to /61.158.166.46:8021
	at org.freeswitch.esl.client.inbound.Client.connect(Client.java:134)
	at cn.psycall.ccmgt.util.FreeSwitchManage.monitor(FreeSwitchManage.java:86)
	at cn.psycall.ccmgt.util.FreeSwitchManage.run(FreeSwitchManage.java:42)
Caused by: io.netty.channel.AbstractChannel$AnnotatedConnectException: Connection refused: /61.158.166.46:8021
Caused by: java.net.ConnectException: Connection refused
	at java.base/sun.nio.ch.SocketChannelImpl.checkConnect(Native Method)
	at java.base/sun.nio.ch.SocketChannelImpl.finishConnect(SocketChannelImpl.java:777)
	at io.netty.channel.socket.nio.NioSocketChannel.doFinishConnect(NioSocketChannel.java:330)
	at io.netty.channel.nio.AbstractNioChannel$AbstractNioUnsafe.finishConnect(AbstractNioChannel.java:334)
	at io.netty.channel.nio.NioEventLoop.processSelectedKey(NioEventLoop.java:707)
	at io.netty.channel.nio.NioEventLoop.processSelectedKeysOptimized(NioEventLoop.java:655)
	at io.netty.channel.nio.NioEventLoop.processSelectedKeys(NioEventLoop.java:581)
	at io.netty.channel.nio.NioEventLoop.run(NioEventLoop.java:493)
	at io.netty.util.concurrent.SingleThreadEventExecutor$4.run(SingleThreadEventExecutor.java:989)
	at io.netty.util.internal.ThreadExecutorMap$2.run(ThreadExecutorMap.java:74)
	at io.netty.util.concurrent.FastThreadLocalRunnable.run(FastThreadLocalRunnable.java:30)
	at java.base/java.lang.Thread.run(Thread.java:829)
2026-02-22 03:08:45.988 - [WARN ] - esl
org.freeswitch.esl.client.inbound.InboundConnectionException: Could not connect to /61.158.166.46:8021
	at org.freeswitch.esl.client.inbound.Client.connect(Client.java:134)
	at cn.psycall.ccmgt.util.FreeSwitchManage.monitor(FreeSwitchManage.java:86)
	at cn.psycall.ccmgt.util.FreeSwitchManage.run(FreeSwitchManage.java:42)
Caused by: io.netty.channel.AbstractChannel$AnnotatedConnectException: Connection refused: /61.158.166.46:8021
Caused by: java.net.ConnectException: Connection refused
	at java.base/sun.nio.ch.SocketChannelImpl.checkConnect(Native Method)
	at java.base/sun.nio.ch.SocketChannelImpl.finishConnect(SocketChannelImpl.java:777)
	at io.netty.channel.socket.nio.NioSocketChannel.doFinishConnect(NioSocketChannel.java:330)
	at io.netty.channel.nio.AbstractNioChannel$AbstractNioUnsafe.finishConnect(AbstractNioChannel.java:334)
	at io.netty.channel.nio.NioEventLoop.processSelectedKey(NioEventLoop.java:707)
	at io.netty.channel.nio.NioEventLoop.processSelectedKeysOptimized(NioEventLoop.java:655)
	at io.netty.channel.nio.NioEventLoop.processSelectedKeys(NioEventLoop.java:581)
	at io.netty.channel.nio.NioEventLoop.run(NioEventLoop.java:493)
	at io.netty.util.concurrent.SingleThreadEventExecutor$4.run(SingleThreadEventExecutor.java:989)
	at io.netty.util.internal.ThreadExecutorMap$2.run(ThreadExecutorMap.java:74)
	at io.netty.util.concurrent.FastThreadLocalRunnable.run(FastThreadLocalRunnable.java:30)
	at java.base/java.lang.Thread.run(Thread.java:829)
2026-02-22 03:08:47.073 - [WARN ] - esl
org.freeswitch.esl.client.inbound.InboundConnectionException: Could not connect to /61.158.166.46:8021
	at org.freeswitch.esl.client.inbound.Client.connect(Client.java:134)
	at cn.psycall.ccmgt.util.FreeSwitchManage.monitor(FreeSwitchManage.java:86)
	at cn.psycall.ccmgt.util.FreeSwitchManage.run(FreeSwitchManage.java:42)
Caused by: io.netty.channel.AbstractChannel$AnnotatedConnectException: Connection refused: /61.158.166.46:8021
Caused by: java.net.ConnectException: Connection refused
	at java.base/sun.nio.ch.SocketChannelImpl.checkConnect(Native Method)
	at java.base/sun.nio.ch.SocketChannelImpl.finishConnect(SocketChannelImpl.java:777)
	at io.netty.channel.socket.nio.NioSocketChannel.doFinishConnect(NioSocketChannel.java:330)
	at io.netty.channel.nio.AbstractNioChannel$AbstractNioUnsafe.finishConnect(AbstractNioChannel.java:334)
	at io.netty.channel.nio.NioEventLoop.processSelectedKey(NioEventLoop.java:707)
	at io.netty.channel.nio.NioEventLoop.processSelectedKeysOptimized(NioEventLoop.java:655)
	at io.netty.channel.nio.NioEventLoop.processSelectedKeys(NioEventLoop.java:581)
	at io.netty.channel.nio.NioEventLoop.run(NioEventLoop.java:493)
	at io.netty.util.concurrent.SingleThreadEventExecutor$4.run(SingleThreadEventExecutor.java:989)
	at io.netty.util.internal.ThreadExecutorMap$2.run(ThreadExecutorMap.java:74)
	at io.netty.util.concurrent.FastThreadLocalRunnable.run(FastThreadLocalRunnable.java:30)
	at java.base/java.lang.Thread.run(Thread.java:829)
2026-02-22 03:08:48.154 - [WARN ] - esl
org.freeswitch.esl.client.inbound.InboundConnectionException: Could not connect to /61.158.166.46:8021
	at org.freeswitch.esl.client.inbound.Client.connect(Client.java:134)
	at cn.psycall.ccmgt.util.FreeSwitchManage.monitor(FreeSwitchManage.java:86)
	at cn.psycall.ccmgt.util.FreeSwitchManage.run(FreeSwitchManage.java:42)
Caused by: io.netty.channel.AbstractChannel$AnnotatedConnectException: Connection refused: /61.158.166.46:8021
Caused by: java.net.ConnectException: Connection refused
	at java.base/sun.nio.ch.SocketChannelImpl.checkConnect(Native Method)
	at java.base/sun.nio.ch.SocketChannelImpl.finishConnect(SocketChannelImpl.java:777)
	at io.netty.channel.socket.nio.NioSocketChannel.doFinishConnect(NioSocketChannel.java:330)
	at io.netty.channel.nio.AbstractNioChannel$AbstractNioUnsafe.finishConnect(AbstractNioChannel.java:334)
	at io.netty.channel.nio.NioEventLoop.processSelectedKey(NioEventLoop.java:707)
	at io.netty.channel.nio.NioEventLoop.processSelectedKeysOptimized(NioEventLoop.java:655)
	at io.netty.channel.nio.NioEventLoop.processSelectedKeys(NioEventLoop.java:581)
	at io.netty.channel.nio.NioEventLoop.run(NioEventLoop.java:493)
	at io.netty.util.concurrent.SingleThreadEventExecutor$4.run(SingleThreadEventExecutor.java:989)
	at io.netty.util.internal.ThreadExecutorMap$2.run(ThreadExecutorMap.java:74)
	at io.netty.util.concurrent.FastThreadLocalRunnable.run(FastThreadLocalRunnable.java:30)
	at java.base/java.lang.Thread.run(Thread.java:829)
2026-02-22 03:08:49.238 - [WARN ] - esl
org.freeswitch.esl.client.inbound.InboundConnectionException: Could not connect to /61.158.166.46:8021
	at org.freeswitch.esl.client.inbound.Client.connect(Client.java:134)
	at cn.psycall.ccmgt.util.FreeSwitchManage.monitor(FreeSwitchManage.java:86)
	at cn.psycall.ccmgt.util.FreeSwitchManage.run(FreeSwitchManage.java:42)
Caused by: io.netty.channel.AbstractChannel$AnnotatedConnectException: Connection refused: /61.158.166.46:8021
Caused by: java.net.ConnectException: Connection refused
	at java.base/sun.nio.ch.SocketChannelImpl.checkConnect(Native Method)
	at java.base/sun.nio.ch.SocketChannelImpl.finishConnect(SocketChannelImpl.java:777)
	at io.netty.channel.socket.nio.NioSocketChannel.doFinishConnect(NioSocketChannel.java:330)
	at io.netty.channel.nio.AbstractNioChannel$AbstractNioUnsafe.finishConnect(AbstractNioChannel.java:334)
	at io.netty.channel.nio.NioEventLoop.processSelectedKey(NioEventLoop.java:707)
	at io.netty.channel.nio.NioEventLoop.processSelectedKeysOptimized(NioEventLoop.java:655)
	at io.netty.channel.nio.NioEventLoop.processSelectedKeys(NioEventLoop.java:581)
	at io.netty.channel.nio.NioEventLoop.run(NioEventLoop.java:493)
	at io.netty.util.concurrent.SingleThreadEventExecutor$4.run(SingleThreadEventExecutor.java:989)
	at io.netty.util.internal.ThreadExecutorMap$2.run(ThreadExecutorMap.java:74)
	at io.netty.util.concurrent.FastThreadLocalRunnable.run(FastThreadLocalRunnable.java:30)
	at java.base/java.lang.Thread.run(Thread.java:829)
2026-02-22 03:08:50.320 - [WARN ] - esl
org.freeswitch.esl.client.inbound.InboundConnectionException: Could not connect to /61.158.166.46:8021
	at org.freeswitch.esl.client.inbound.Client.connect(Client.java:134)
	at cn.psycall.ccmgt.util.FreeSwitchManage.monitor(FreeSwitchManage.java:86)
	at cn.psycall.ccmgt.util.FreeSwitchManage.run(FreeSwitchManage.java:42)
Caused by: io.netty.channel.AbstractChannel$AnnotatedConnectException: Connection refused: /61.158.166.46:8021
Caused by: java.net.ConnectException: Connection refused
	at java.base/sun.nio.ch.SocketChannelImpl.checkConnect(Native Method)
	at java.base/sun.nio.ch.SocketChannelImpl.finishConnect(SocketChannelImpl.java:777)
	at io.netty.channel.socket.nio.NioSocketChannel.doFinishConnect(NioSocketChannel.java:330)
	at io.netty.channel.nio.AbstractNioChannel$AbstractNioUnsafe.finishConnect(AbstractNioChannel.java:334)
	at io.netty.channel.nio.NioEventLoop.processSelectedKey(NioEventLoop.java:707)
	at io.netty.channel.nio.NioEventLoop.processSelectedKeysOptimized(NioEventLoop.java:655)
	at io.netty.channel.nio.NioEventLoop.processSelectedKeys(NioEventLoop.java:581)
	at io.netty.channel.nio.NioEventLoop.run(NioEventLoop.java:493)
	at io.netty.util.concurrent.SingleThreadEventExecutor$4.run(SingleThreadEventExecutor.java:989)
	at io.netty.util.internal.ThreadExecutorMap$2.run(ThreadExecutorMap.java:74)
	at io.netty.util.concurrent.FastThreadLocalRunnable.run(FastThreadLocalRunnable.java:30)
	at java.base/java.lang.Thread.run(Thread.java:829)
2026-02-22 03:08:51.408 - [WARN ] - esl
org.freeswitch.esl.client.inbound.InboundConnectionException: Could not connect to /61.158.166.46:8021
	at org.freeswitch.esl.client.inbound.Client.connect(Client.java:134)
	at cn.psycall.ccmgt.util.FreeSwitchManage.monitor(FreeSwitchManage.java:86)
	at cn.psycall.ccmgt.util.FreeSwitchManage.run(FreeSwitchManage.java:42)
Caused by: io.netty.channel.AbstractChannel$AnnotatedConnectException: Connection refused: /61.158.166.46:8021
Caused by: java.net.ConnectException: Connection refused
	at java.base/sun.nio.ch.SocketChannelImpl.checkConnect(Native Method)
	at java.base/sun.nio.ch.SocketChannelImpl.finishConnect(SocketChannelImpl.java:777)
	at io.netty.channel.socket.nio.NioSocketChannel.doFinishConnect(NioSocketChannel.java:330)
	at io.netty.channel.nio.AbstractNioChannel$AbstractNioUnsafe.finishConnect(AbstractNioChannel.java:334)
	at io.netty.channel.nio.NioEventLoop.processSelectedKey(NioEventLoop.java:707)
	at io.netty.channel.nio.NioEventLoop.processSelectedKeysOptimized(NioEventLoop.java:655)
	at io.netty.channel.nio.NioEventLoop.processSelectedKeys(NioEventLoop.java:581)
	at io.netty.channel.nio.NioEventLoop.run(NioEventLoop.java:493)
	at io.netty.util.concurrent.SingleThreadEventExecutor$4.run(SingleThreadEventExecutor.java:989)
	at io.netty.util.internal.ThreadExecutorMap$2.run(ThreadExecutorMap.java:74)
	at io.netty.util.concurrent.FastThreadLocalRunnable.run(FastThreadLocalRunnable.java:30)
	at java.base/java.lang.Thread.run(Thread.java:829)
2026-02-22 03:08:52.493 - [WARN ] - esl
org.freeswitch.esl.client.inbound.InboundConnectionException: Could not connect to /61.158.166.46:8021
	at org.freeswitch.esl.client.inbound.Client.connect(Client.java:134)
	at cn.psycall.ccmgt.util.FreeSwitchManage.monitor(FreeSwitchManage.java:86)
	at cn.psycall.ccmgt.util.FreeSwitchManage.run(FreeSwitchManage.java:42)
Caused by: io.netty.channel.AbstractChannel$AnnotatedConnectException: Connection refused: /61.158.166.46:8021
Caused by: java.net.ConnectException: Connection refused
	at java.base/sun.nio.ch.SocketChannelImpl.checkConnect(Native Method)
	at java.base/sun.nio.ch.SocketChannelImpl.finishConnect(SocketChannelImpl.java:777)
	at io.netty.channel.socket.nio.NioSocketChannel.doFinishConnect(NioSocketChannel.java:330)
	at io.netty.channel.nio.AbstractNioChannel$AbstractNioUnsafe.finishConnect(AbstractNioChannel.java:334)
	at io.netty.channel.nio.NioEventLoop.processSelectedKey(NioEventLoop.java:707)
	at io.netty.channel.nio.NioEventLoop.processSelectedKeysOptimized(NioEventLoop.java:655)
	at io.netty.channel.nio.NioEventLoop.processSelectedKeys(NioEventLoop.java:581)
	at io.netty.channel.nio.NioEventLoop.run(NioEventLoop.java:493)
	at io.netty.util.concurrent.SingleThreadEventExecutor$4.run(SingleThreadEventExecutor.java:989)
	at io.netty.util.internal.ThreadExecutorMap$2.run(ThreadExecutorMap.java:74)
	at io.netty.util.concurrent.FastThreadLocalRunnable.run(FastThreadLocalRunnable.java:30)
	at java.base/java.lang.Thread.run(Thread.java:829)
2026-02-22 03:08:53.783 - [WARN ] - conn_rabbit_mq
org.springframework.web.client.ResourceAccessException: I/O error on POST request for "http://61.158.166.46:8888/command/conn_rabbit_mq": Connect to 61.158.166.46:8888 [/61.158.166.46] failed: Connection refused (Connection refused); nested exception is org.apache.http.conn.HttpHostConnectException: Connect to 61.158.166.46:8888 [/61.158.166.46] failed: Connection refused (Connection refused)
	at org.springframework.web.client.RestTemplate.doExecute(RestTemplate.java:791)
	at org.springframework.web.client.RestTemplate.execute(RestTemplate.java:717)
	at org.springframework.web.client.RestTemplate.exchange(RestTemplate.java:608)
	at cn.psycall.ccmgt.util.FreeSwitchManage.conn_rabbit_mq(FreeSwitchManage.java:272)
	at cn.psycall.ccmgt.util.FreeSwitchManage.monitor(FreeSwitchManage.java:89)
	at cn.psycall.ccmgt.util.FreeSwitchManage.run(FreeSwitchManage.java:42)
Caused by: org.apache.http.conn.HttpHostConnectException: Connect to 61.158.166.46:8888 [/61.158.166.46] failed: Connection refused (Connection refused)
	at org.apache.http.impl.conn.DefaultHttpClientConnectionOperator.connect(DefaultHttpClientConnectionOperator.java:156)
	at org.apache.http.impl.conn.PoolingHttpClientConnectionManager.connect(PoolingHttpClientConnectionManager.java:376)
	at org.apache.http.impl.execchain.MainClientExec.establishRoute(MainClientExec.java:393)
	at org.apache.http.impl.execchain.MainClientExec.execute(MainClientExec.java:236)
	at org.apache.http.impl.execchain.ProtocolExec.execute(ProtocolExec.java:186)
	at org.apache.http.impl.execchain.RetryExec.execute(RetryExec.java:89)
	at org.apache.http.impl.execchain.RedirectExec.execute(RedirectExec.java:110)
	at org.apache.http.impl.client.InternalHttpClient.doExecute(InternalHttpClient.java:185)
	at org.apache.http.impl.client.CloseableHttpClient.execute(CloseableHttpClient.java:83)
	at org.apache.http.impl.client.CloseableHttpClient.execute(CloseableHttpClient.java:56)
	at org.springframework.http.client.HttpComponentsClientHttpRequest.executeInternal(HttpComponentsClientHttpRequest.java:87)
	at org.springframework.http.client.AbstractBufferingClientHttpRequest.executeInternal(AbstractBufferingClientHttpRequest.java:48)
	at org.springframework.http.client.AbstractClientHttpRequest.execute(AbstractClientHttpRequest.java:66)
	at org.springframework.web.client.RestTemplate.doExecute(RestTemplate.java:782)
	... 5 common frames omitted
Caused by: java.net.ConnectException: Connection refused (Connection refused)
	at java.base/java.net.PlainSocketImpl.socketConnect(Native Method)
	at java.base/java.net.AbstractPlainSocketImpl.doConnect(AbstractPlainSocketImpl.java:412)
	at java.base/java.net.AbstractPlainSocketImpl.connectToAddress(AbstractPlainSocketImpl.java:255)
	at java.base/java.net.AbstractPlainSocketImpl.connect(AbstractPlainSocketImpl.java:237)
	at java.base/java.net.SocksSocketImpl.connect(SocksSocketImpl.java:392)
	at java.base/java.net.Socket.connect(Socket.java:609)
	at org.apache.http.conn.socket.PlainConnectionSocketFactory.connectSocket(PlainConnectionSocketFactory.java:75)
	at org.apache.http.impl.conn.DefaultHttpClientConnectionOperator.connect(DefaultHttpClientConnectionOperator.java:142)
	... 18 common frames omitted
2026-02-22 03:08:55.067 - [WARN ] - conn_rabbit_mq
org.springframework.web.client.ResourceAccessException: I/O error on POST request for "http://61.158.166.46:8888/command/conn_rabbit_mq": Connect to 61.158.166.46:8888 [/61.158.166.46] failed: Connection refused (Connection refused); nested exception is org.apache.http.conn.HttpHostConnectException: Connect to 61.158.166.46:8888 [/61.158.166.46] failed: Connection refused (Connection refused)
	at org.springframework.web.client.RestTemplate.doExecute(RestTemplate.java:791)
	at org.springframework.web.client.RestTemplate.execute(RestTemplate.java:717)
	at org.springframework.web.client.RestTemplate.exchange(RestTemplate.java:608)
	at cn.psycall.ccmgt.util.FreeSwitchManage.conn_rabbit_mq(FreeSwitchManage.java:272)
	at cn.psycall.ccmgt.util.FreeSwitchManage.monitor(FreeSwitchManage.java:89)
	at cn.psycall.ccmgt.util.FreeSwitchManage.run(FreeSwitchManage.java:42)
Caused by: org.apache.http.conn.HttpHostConnectException: Connect to 61.158.166.46:8888 [/61.158.166.46] failed: Connection refused (Connection refused)
	at org.apache.http.impl.conn.DefaultHttpClientConnectionOperator.connect(DefaultHttpClientConnectionOperator.java:156)
	at org.apache.http.impl.conn.PoolingHttpClientConnectionManager.connect(PoolingHttpClientConnectionManager.java:376)
	at org.apache.http.impl.execchain.MainClientExec.establishRoute(MainClientExec.java:393)
	at org.apache.http.impl.execchain.MainClientExec.execute(MainClientExec.java:236)
	at org.apache.http.impl.execchain.ProtocolExec.execute(ProtocolExec.java:186)
	at org.apache.http.impl.execchain.RetryExec.execute(RetryExec.java:89)
	at org.apache.http.impl.execchain.RedirectExec.execute(RedirectExec.java:110)
	at org.apache.http.impl.client.InternalHttpClient.doExecute(InternalHttpClient.java:185)
	at org.apache.http.impl.client.CloseableHttpClient.execute(CloseableHttpClient.java:83)
	at org.apache.http.impl.client.CloseableHttpClient.execute(CloseableHttpClient.java:56)
	at org.springframework.http.client.HttpComponentsClientHttpRequest.executeInternal(HttpComponentsClientHttpRequest.java:87)
	at org.springframework.http.client.AbstractBufferingClientHttpRequest.executeInternal(AbstractBufferingClientHttpRequest.java:48)
	at org.springframework.http.client.AbstractClientHttpRequest.execute(AbstractClientHttpRequest.java:66)
	at org.springframework.web.client.RestTemplate.doExecute(RestTemplate.java:782)
	... 5 common frames omitted
Caused by: java.net.ConnectException: Connection refused (Connection refused)
	at java.base/java.net.PlainSocketImpl.socketConnect(Native Method)
	at java.base/java.net.AbstractPlainSocketImpl.doConnect(AbstractPlainSocketImpl.java:412)
	at java.base/java.net.AbstractPlainSocketImpl.connectToAddress(AbstractPlainSocketImpl.java:255)
	at java.base/java.net.AbstractPlainSocketImpl.connect(AbstractPlainSocketImpl.java:237)
	at java.base/java.net.SocksSocketImpl.connect(SocksSocketImpl.java:392)
	at java.base/java.net.Socket.connect(Socket.java:609)
	at org.apache.http.conn.socket.PlainConnectionSocketFactory.connectSocket(PlainConnectionSocketFactory.java:75)
	at org.apache.http.impl.conn.DefaultHttpClientConnectionOperator.connect(DefaultHttpClientConnectionOperator.java:142)
	... 18 common frames omitted
2026-02-22 03:09:07.131 - [INFO ] - internal->61.158.166.46:5060
2026-02-22 03:09:07.132 - [INFO ] - ESL Client connected ..(61.158.166.46:8021[badceef2-f88c-497d-b118-9cb70d459145])
2026-02-22 03:09:07.857 - [INFO ] - internal_sip_port->5060
2026-02-22 03:09:07.857 - [INFO ] - external_sip_port->5080
2026-02-22 03:09:13.663 - [INFO ] - fs[badceef2-f88c-497d-b118-9cb70d459145] CallThread start
2026-02-22 04:01:26.406 - [INFO ] - Error parsing HTTP request header
 Note: further occurrences of HTTP request parsing errors will be logged at DEBUG level.
java.lang.IllegalArgumentException: Invalid character found in method name [0x160x030x010x000xee0x010x000x000xea0x030x030x130x860x05<0xfe0x870x810xa3]. HTTP method names must be tokens
	at org.apache.coyote.http11.Http11InputBuffer.parseRequestLine(Http11InputBuffer.java:417)
	at org.apache.coyote.http11.Http11Processor.service(Http11Processor.java:261)
	at org.apache.coyote.AbstractProcessorLight.process(AbstractProcessorLight.java:65)
	at org.apache.coyote.AbstractProtocol$ConnectionHandler.process(AbstractProtocol.java:888)
	at org.apache.tomcat.util.net.NioEndpoint$SocketProcessor.doRun(NioEndpoint.java:1597)
	at org.apache.tomcat.util.net.SocketProcessorBase.run(SocketProcessorBase.java:49)
	at java.base/java.util.concurrent.ThreadPoolExecutor.runWorker(ThreadPoolExecutor.java:1128)
	at java.base/java.util.concurrent.ThreadPoolExecutor$Worker.run(ThreadPoolExecutor.java:628)
	at org.apache.tomcat.util.threads.TaskThread$WrappingRunnable.run(TaskThread.java:61)
	at java.base/java.lang.Thread.run(Thread.java:829)
2026-02-22 04:08:42.536 - [INFO ] - hikari-pool - Shutdown initiated...
2026-02-22 04:08:42.544 - [INFO ] - hikari-pool - Shutdown completed.
2026-02-22 04:11:03.472 - [INFO ] - Starting CcmgtApplication v1.0 using Java 11.0.29 on 142-0 with PID 4822 (/usr/local/cc/ccmgt-1.0.jar started by root in /usr/local/cc)
2026-02-22 04:11:03.505 - [INFO ] - No active profile set, falling back to default profiles: default
2026-02-22 04:11:13.165 - [INFO ] - Initializing ProtocolHandler ["http-nio-8020"]
2026-02-22 04:11:13.170 - [INFO ] - Starting service [Tomcat]
2026-02-22 04:11:13.171 - [INFO ] - Starting Servlet engine: [Apache Tomcat/9.0.41]
2026-02-22 04:11:13.567 - [INFO ] - Initializing Spring embedded WebApplicationContext
2026-02-22 04:11:20.995 - [INFO ] - Starting ProtocolHandler ["http-nio-8020"]
2026-02-22 04:11:21.360 - [INFO ] - Started CcmgtApplication in 23.405 seconds (JVM running for 28.354)
2026-02-22 04:11:21.418 - [INFO ] - ccmgt init
2026-02-22 04:11:21.939 - [INFO ] - hikari-pool - Starting...
2026-02-22 04:11:22.458 - [INFO ] - RabbitMQ connected!
2026-02-22 04:11:23.836 - [INFO ] - hikari-pool - Start completed.
2026-02-22 04:11:32.586 - [INFO ] - Initializing Spring DispatcherServlet 'dispatcherServlet'
2026-02-22 04:11:55.958 - [INFO ] - internal->61.158.166.43:5060
2026-02-22 04:11:55.960 - [INFO ] - ESL Client connected ..(61.158.166.43:8021[31d95df1-dfed-4c4d-8e3e-2dcc1b3984f0])
2026-02-22 04:11:56.037 - [INFO ] - internal_sip_port->5060
2026-02-22 04:11:56.038 - [INFO ] - external_sip_port->5080
2026-02-22 04:12:01.512 - [INFO ] - fs[31d95df1-dfed-4c4d-8e3e-2dcc1b3984f0] CallThread start
2026-02-22 04:12:01.889 - [INFO ] - internal->61.158.166.44:5060
2026-02-22 04:12:01.890 - [INFO ] - ESL Client connected ..(61.158.166.44:8021[bd9ad5dd-c973-4e22-968f-dc9c3ea1f56c])
2026-02-22 04:12:01.937 - [INFO ] - internal_sip_port->5060
2026-02-22 04:12:01.939 - [INFO ] - external_sip_port->5080
2026-02-22 04:12:07.465 - [INFO ] - fs[bd9ad5dd-c973-4e22-968f-dc9c3ea1f56c] CallThread start
2026-02-22 04:12:08.107 - [INFO ] - internal->61.158.166.45:5060
2026-02-22 04:12:08.108 - [INFO ] - ESL Client connected ..(61.158.166.45:8021[296f705a-ff6b-4e8a-b87c-2b6d9ecebe81])
2026-02-22 04:12:08.152 - [INFO ] - internal_sip_port->5060
2026-02-22 04:12:08.153 - [INFO ] - external_sip_port->5080
2026-02-22 04:12:13.693 - [INFO ] - fs[296f705a-ff6b-4e8a-b87c-2b6d9ecebe81] CallThread start
2026-02-22 04:12:14.036 - [INFO ] - internal->61.158.166.46:5060
2026-02-22 04:12:14.037 - [INFO ] - ESL Client connected ..(61.158.166.46:8021[badceef2-f88c-497d-b118-9cb70d459145])
2026-02-22 04:12:14.078 - [INFO ] - internal_sip_port->5060
2026-02-22 04:12:14.079 - [INFO ] - external_sip_port->5080
2026-02-22 04:12:19.570 - [INFO ] - fs[badceef2-f88c-497d-b118-9cb70d459145] CallThread start
2026-02-22 06:29:40.538 - [INFO ] - Error parsing HTTP request header
 Note: further occurrences of HTTP request parsing errors will be logged at DEBUG level.
java.lang.IllegalArgumentException: Invalid character found in method name [0x030x000x00/*0xe00x000x000x000x000x00Cookie:]. HTTP method names must be tokens
	at org.apache.coyote.http11.Http11InputBuffer.parseRequestLine(Http11InputBuffer.java:417)
	at org.apache.coyote.http11.Http11Processor.service(Http11Processor.java:261)
	at org.apache.coyote.AbstractProcessorLight.process(AbstractProcessorLight.java:65)
	at org.apache.coyote.AbstractProtocol$ConnectionHandler.process(AbstractProtocol.java:888)
	at org.apache.tomcat.util.net.NioEndpoint$SocketProcessor.doRun(NioEndpoint.java:1597)
	at org.apache.tomcat.util.net.SocketProcessorBase.run(SocketProcessorBase.java:49)
	at java.base/java.util.concurrent.ThreadPoolExecutor.runWorker(ThreadPoolExecutor.java:1128)
	at java.base/java.util.concurrent.ThreadPoolExecutor$Worker.run(ThreadPoolExecutor.java:628)
	at org.apache.tomcat.util.threads.TaskThread$WrappingRunnable.run(TaskThread.java:61)
	at java.base/java.lang.Thread.run(Thread.java:829)
2026-02-22 08:23:49.285 - [INFO ] - Error parsing HTTP request header
 Note: further occurrences of HTTP request parsing errors will be logged at DEBUG level.
java.lang.IllegalArgumentException: Invalid character found in method name [SSH-2.0-Go0x0d...]. HTTP method names must be tokens
	at org.apache.coyote.http11.Http11InputBuffer.parseRequestLine(Http11InputBuffer.java:417)
	at org.apache.coyote.http11.Http11Processor.service(Http11Processor.java:261)
	at org.apache.coyote.AbstractProcessorLight.process(AbstractProcessorLight.java:65)
	at org.apache.coyote.AbstractProtocol$ConnectionHandler.process(AbstractProtocol.java:888)
	at org.apache.tomcat.util.net.NioEndpoint$SocketProcessor.doRun(NioEndpoint.java:1597)
	at org.apache.tomcat.util.net.SocketProcessorBase.run(SocketProcessorBase.java:49)
	at java.base/java.util.concurrent.ThreadPoolExecutor.runWorker(ThreadPoolExecutor.java:1128)
	at java.base/java.util.concurrent.ThreadPoolExecutor$Worker.run(ThreadPoolExecutor.java:628)
	at org.apache.tomcat.util.threads.TaskThread$WrappingRunnable.run(TaskThread.java:61)
	at java.base/java.lang.Thread.run(Thread.java:829)
2026-02-22 09:05:06.356 - [WARN ] - ChannelPark
java.lang.NullPointerException: null
	at cn.psycall.ccmgt.cti.AssignedAgent.execute(AssignedAgent.java:34)
	at cn.psycall.ccmgt.cti.ChannelPark.run(ChannelPark.java:328)
	at java.base/java.util.concurrent.ThreadPoolExecutor.runWorker(ThreadPoolExecutor.java:1128)
	at java.base/java.util.concurrent.ThreadPoolExecutor$Worker.run(ThreadPoolExecutor.java:628)
	at java.base/java.lang.Thread.run(Thread.java:829)
2026-02-22 09:50:16.504 - [WARN ] - ChannelPark
java.lang.NullPointerException: null
	at cn.psycall.ccmgt.cti.ChannelPark.run(ChannelPark.java:83)
	at java.base/java.util.concurrent.ThreadPoolExecutor.runWorker(ThreadPoolExecutor.java:1128)
	at java.base/java.util.concurrent.ThreadPoolExecutor$Worker.run(ThreadPoolExecutor.java:628)
	at java.base/java.lang.Thread.run(Thread.java:829)
2026-02-22 09:55:53.860 - [WARN ] - ChannelPark
java.lang.NullPointerException: null
2026-02-22 10:19:04.990 - [WARN ] - ChannelPark
java.lang.NullPointerException: null
2026-02-22 10:19:05.193 - [WARN ] - ChannelPark
java.lang.NullPointerException: null
2026-02-22 10:19:05.218 - [WARN ] - ChannelPark
java.lang.NullPointerException: null
2026-02-22 10:41:44.864 - [WARN ] - ChannelPark
java.lang.NullPointerException: null
2026-02-22 10:41:44.938 - [WARN ] - ChannelPark
java.lang.NullPointerException: null
2026-02-22 10:58:33.892 - [WARN ] - ChannelPark
java.lang.NullPointerException: null
2026-02-22 13:38:05.732 - [INFO ] - Error parsing HTTP request header
 Note: further occurrences of HTTP request parsing errors will be logged at DEBUG level.
java.lang.IllegalArgumentException: Invalid character found in method name [0x160x030x010x00{0x010x000x00w0x030x030x9f0x040x8e0xfa0xcf0x09p0x8c0xe1T0x8e0xc80xb4/q)0xc430xc40xf8@0x17{30x840xab0xf7=o0x8e0x8670x000x000x1a0xc0/0xc0+0xc00x110xc00x070xc00x130xc00x090xc00x140xc00x0a0x000x050x00/0x0050xc00x120x000x0a0x010x000x0040x000x050x000x050x010x000x000x000x000x000x0a0x000x080x000x060x000x170x000x180x000x190x000x0b0x000x020x010x000x000x0d0x000x100x000x0e0x040x010x040x030x020x010x020x030x040x010x050x010x060x010xff0x010x000x01...]. HTTP method names must be tokens
	at org.apache.coyote.http11.Http11InputBuffer.parseRequestLine(Http11InputBuffer.java:417)
	at org.apache.coyote.http11.Http11Processor.service(Http11Processor.java:261)
	at org.apache.coyote.AbstractProcessorLight.process(AbstractProcessorLight.java:65)
	at org.apache.coyote.AbstractProtocol$ConnectionHandler.process(AbstractProtocol.java:888)
	at org.apache.tomcat.util.net.NioEndpoint$SocketProcessor.doRun(NioEndpoint.java:1597)
	at org.apache.tomcat.util.net.SocketProcessorBase.run(SocketProcessorBase.java:49)
	at java.base/java.util.concurrent.ThreadPoolExecutor.runWorker(ThreadPoolExecutor.java:1128)
	at java.base/java.util.concurrent.ThreadPoolExecutor$Worker.run(ThreadPoolExecutor.java:628)
	at org.apache.tomcat.util.threads.TaskThread$WrappingRunnable.run(TaskThread.java:61)
	at java.base/java.lang.Thread.run(Thread.java:829)
2026-02-22 13:38:36.469 - [INFO ] - Error parsing HTTP request header
 Note: further occurrences of HTTP request parsing errors will be logged at DEBUG level.
java.lang.IllegalArgumentException: Invalid character found in method name [SSH-2.0-Go0x0d...]. HTTP method names must be tokens
	at org.apache.coyote.http11.Http11InputBuffer.parseRequestLine(Http11InputBuffer.java:417)
	at org.apache.coyote.http11.Http11Processor.service(Http11Processor.java:261)
	at org.apache.coyote.AbstractProcessorLight.process(AbstractProcessorLight.java:65)
	at org.apache.coyote.AbstractProtocol$ConnectionHandler.process(AbstractProtocol.java:888)
	at org.apache.tomcat.util.net.NioEndpoint$SocketProcessor.doRun(NioEndpoint.java:1597)
	at org.apache.tomcat.util.net.SocketProcessorBase.run(SocketProcessorBase.java:49)
	at java.base/java.util.concurrent.ThreadPoolExecutor.runWorker(ThreadPoolExecutor.java:1128)
	at java.base/java.util.concurrent.ThreadPoolExecutor$Worker.run(ThreadPoolExecutor.java:628)
	at org.apache.tomcat.util.threads.TaskThread$WrappingRunnable.run(TaskThread.java:61)
	at java.base/java.lang.Thread.run(Thread.java:829)
2026-02-22 15:05:13.805 - [WARN ] - AgentQueue
java.lang.NullPointerException: null
2026-02-22 15:05:14.171 - [WARN ] - ChannelPark
java.lang.NullPointerException: null
2026-02-22 15:05:14.349 - [WARN ] - AgentQueue
java.lang.NullPointerException: null
2026-02-22 15:05:14.642 - [WARN ] - ChannelPark
java.lang.NullPointerException: null
2026-02-22 15:41:09.290 - [WARN ] - ChannelPark
java.lang.NullPointerException: null
2026-02-22 15:41:09.347 - [WARN ] - ChannelPark
java.lang.NullPointerException: null
2026-02-22 17:27:27.742 - [WARN ] - AgentQueue
java.lang.NullPointerException: null
2026-02-22 17:27:27.876 - [WARN ] - ChannelPark
java.lang.NullPointerException: null
2026-02-22 17:27:28.247 - [WARN ] - AgentQueue
java.lang.NullPointerException: null
2026-02-22 17:27:28.449 - [WARN ] - ChannelPark
java.lang.NullPointerException: null
