2026-02-24 00:01:02.654 - [INFO ] - hikari-pool - Shutdown initiated...
2026-02-24 00:01:02.683 - [INFO ] - hikari-pool - Shutdown completed.
2026-02-24 00:03:17.705 - [INFO ] - Starting CcmgtApplication v1.0 using Java 11.0.29 on 142-0 with PID 4776 (/usr/local/cc/ccmgt-1.0.jar started by root in /usr/local/cc)
2026-02-24 00:03:17.741 - [INFO ] - No active profile set, falling back to default profiles: default
2026-02-24 00:03:27.198 - [INFO ] - Initializing ProtocolHandler ["http-nio-8020"]
2026-02-24 00:03:27.202 - [INFO ] - Starting service [Tomcat]
2026-02-24 00:03:27.204 - [INFO ] - Starting Servlet engine: [Apache Tomcat/9.0.41]
2026-02-24 00:03:27.539 - [INFO ] - Initializing Spring embedded WebApplicationContext
2026-02-24 00:03:35.091 - [INFO ] - Starting ProtocolHandler ["http-nio-8020"]
2026-02-24 00:03:35.403 - [INFO ] - Started CcmgtApplication in 22.398 seconds (JVM running for 27.077)
2026-02-24 00:03:35.448 - [INFO ] - ccmgt init
2026-02-24 00:03:35.987 - [INFO ] - hikari-pool - Starting...
2026-02-24 00:03:36.395 - [INFO ] - RabbitMQ connected!
2026-02-24 00:03:37.816 - [INFO ] - hikari-pool - Start completed.
2026-02-24 00:03:44.220 - [INFO ] - Initializing Spring DispatcherServlet 'dispatcherServlet'
2026-02-24 00:04:04.495 - [INFO ] - internal->61.158.166.43:5060
2026-02-24 00:04:04.499 - [INFO ] - ESL Client connected ..(61.158.166.43:8021[500678eb-8180-4f21-bd97-38206e1ee156])
2026-02-24 00:04:04.574 - [INFO ] - internal_sip_port->5060
2026-02-24 00:04:04.575 - [INFO ] - external_sip_port->5080
2026-02-24 00:04:10.131 - [INFO ] - fs[500678eb-8180-4f21-bd97-38206e1ee156] CallThread start
2026-02-24 00:04:10.522 - [INFO ] - internal->61.158.166.44:5060
2026-02-24 00:04:10.523 - [INFO ] - ESL Client connected ..(61.158.166.44:8021[86bf046b-8b1e-4add-82c3-18ebd5ba43ec])
2026-02-24 00:04:10.576 - [INFO ] - internal_sip_port->5060
2026-02-24 00:04:10.577 - [INFO ] - external_sip_port->5080
2026-02-24 00:04:16.089 - [INFO ] - fs[86bf046b-8b1e-4add-82c3-18ebd5ba43ec] CallThread start
2026-02-24 00:04:16.606 - [INFO ] - internal->61.158.166.45:5060
2026-02-24 00:04:16.608 - [INFO ] - ESL Client connected ..(61.158.166.45:8021[ef74ca02-172b-41a6-b666-8c773018ee36])
2026-02-24 00:04:16.661 - [INFO ] - internal_sip_port->5060
2026-02-24 00:04:16.661 - [INFO ] - external_sip_port->5080
2026-02-24 00:04:22.171 - [INFO ] - fs[ef74ca02-172b-41a6-b666-8c773018ee36] CallThread start
2026-02-24 00:04:22.511 - [INFO ] - internal->61.158.166.46:5060
2026-02-24 00:04:22.512 - [INFO ] - ESL Client connected ..(61.158.166.46:8021[aba1e3e9-d4ab-4302-8a2b-a2f8661d9682])
2026-02-24 00:04:22.554 - [INFO ] - internal_sip_port->5060
2026-02-24 00:04:22.555 - [INFO ] - external_sip_port->5080
2026-02-24 00:04:28.068 - [INFO ] - fs[aba1e3e9-d4ab-4302-8a2b-a2f8661d9682] CallThread start
2026-02-24 00:26:53.589 - [INFO ] - Error parsing HTTP request header
 Note: further occurrences of HTTP request parsing errors will be logged at DEBUG level.
java.lang.IllegalArgumentException: Invalid character found in method name [SSH-2.0-Go0x0d...]. HTTP method names must be tokens
	at org.apache.coyote.http11.Http11InputBuffer.parseRequestLine(Http11InputBuffer.java:417)
	at org.apache.coyote.http11.Http11Processor.service(Http11Processor.java:261)
	at org.apache.coyote.AbstractProcessorLight.process(AbstractProcessorLight.java:65)
	at org.apache.coyote.AbstractProtocol$ConnectionHandler.process(AbstractProtocol.java:888)
	at org.apache.tomcat.util.net.NioEndpoint$SocketProcessor.doRun(NioEndpoint.java:1597)
	at org.apache.tomcat.util.net.SocketProcessorBase.run(SocketProcessorBase.java:49)
	at java.base/java.util.concurrent.ThreadPoolExecutor.runWorker(ThreadPoolExecutor.java:1128)
	at java.base/java.util.concurrent.ThreadPoolExecutor$Worker.run(ThreadPoolExecutor.java:628)
	at org.apache.tomcat.util.threads.TaskThread$WrappingRunnable.run(TaskThread.java:61)
	at java.base/java.lang.Thread.run(Thread.java:829)
2026-02-24 02:00:00.033 - [INFO ] - Failed to access file: /usr/local/freeswitch/sounds - /usr/local/freeswitch/sounds
2026-02-24 02:00:00.372 - [INFO ] - earliest ->20251226
2026-02-24 02:00:00.373 - [INFO ] - drop table ->customer_cdr_20251226
2026-02-24 02:02:44.677 - [INFO ] - [delete from customer_cdr_20251227 where answered=1 and admin_id=6, delete from customer_cdr_20251228 where answered=1 and admin_id=6, delete from customer_cdr_20251229 where answered=1 and admin_id=6, delete from customer_cdr_20251230 where answered=1 and admin_id=6, delete from customer_cdr_20251231 where answered=1 and admin_id=6, delete from customer_cdr_20260101 where answered=1 and admin_id=6, delete from customer_cdr_20260102 where answered=1 and admin_id=6, delete from customer_cdr_20260103 where answered=1 and admin_id=6, delete from customer_cdr_20260104 where answered=1 and admin_id=6, delete from customer_cdr_20260105 where answered=1 and admin_id=6, delete from customer_cdr_20260106 where answered=1 and admin_id=6, delete from customer_cdr_20260107 where answered=1 and admin_id=6, delete from customer_cdr_20260108 where answered=1 and admin_id=6, delete from customer_cdr_20260109 where answered=1 and admin_id=6, delete from customer_cdr_20260110 where answered=1 and admin_id=6, delete from customer_cdr_20260111 where answered=1 and admin_id=6, delete from customer_cdr_20260112 where answered=1 and admin_id=6, delete from customer_cdr_20260113 where answered=1 and admin_id=6, delete from customer_cdr_20260114 where answered=1 and admin_id=6, delete from customer_cdr_20260115 where answered=1 and admin_id=6, delete from customer_cdr_20260116 where answered=1 and admin_id=6, delete from customer_cdr_20260117 where answered=1 and admin_id=6, delete from customer_cdr_20260118 where answered=1 and admin_id=6, delete from customer_cdr_20260119 where answered=1 and admin_id=6, delete from customer_cdr_20260120 where answered=1 and admin_id=6, delete from customer_cdr_20260121 where answered=1 and admin_id=6, delete from customer_cdr_20260122 where answered=1 and admin_id=6, delete from customer_cdr_20260123 where answered=1 and admin_id=6, delete from customer_cdr_20260124 where answered=1 and admin_id=6, delete from customer_cdr_20260125 where answered=1 and admin_id=6]
2026-02-24 02:02:44.677 - [INFO ] - start
2026-02-24 02:02:44.824 - [INFO ] - end
2026-02-24 02:02:44.825 - [INFO ] - [delete from customer_cdr_20251227 where answered=0 and admin_id=6, delete from customer_cdr_20251228 where answered=0 and admin_id=6, delete from customer_cdr_20251229 where answered=0 and admin_id=6, delete from customer_cdr_20251230 where answered=0 and admin_id=6, delete from customer_cdr_20251231 where answered=0 and admin_id=6, delete from customer_cdr_20260101 where answered=0 and admin_id=6, delete from customer_cdr_20260102 where answered=0 and admin_id=6, delete from customer_cdr_20260103 where answered=0 and admin_id=6, delete from customer_cdr_20260104 where answered=0 and admin_id=6, delete from customer_cdr_20260105 where answered=0 and admin_id=6, delete from customer_cdr_20260106 where answered=0 and admin_id=6, delete from customer_cdr_20260107 where answered=0 and admin_id=6, delete from customer_cdr_20260108 where answered=0 and admin_id=6, delete from customer_cdr_20260109 where answered=0 and admin_id=6, delete from customer_cdr_20260110 where answered=0 and admin_id=6, delete from customer_cdr_20260111 where answered=0 and admin_id=6, delete from customer_cdr_20260112 where answered=0 and admin_id=6, delete from customer_cdr_20260113 where answered=0 and admin_id=6, delete from customer_cdr_20260114 where answered=0 and admin_id=6, delete from customer_cdr_20260115 where answered=0 and admin_id=6, delete from customer_cdr_20260116 where answered=0 and admin_id=6, delete from customer_cdr_20260117 where answered=0 and admin_id=6, delete from customer_cdr_20260118 where answered=0 and admin_id=6, delete from customer_cdr_20260119 where answered=0 and admin_id=6, delete from customer_cdr_20260120 where answered=0 and admin_id=6, delete from customer_cdr_20260121 where answered=0 and admin_id=6, delete from customer_cdr_20260122 where answered=0 and admin_id=6, delete from customer_cdr_20260123 where answered=0 and admin_id=6, delete from customer_cdr_20260124 where answered=0 and admin_id=6, delete from customer_cdr_20260125 where answered=0 and admin_id=6]
2026-02-24 02:02:44.825 - [INFO ] - start
2026-02-24 02:02:44.859 - [INFO ] - end
2026-02-24 02:06:28.072 - [INFO ] - [delete from customer_cdr_20251227 where answered=1 and admin_id=7, delete from customer_cdr_20251228 where answered=1 and admin_id=7, delete from customer_cdr_20251229 where answered=1 and admin_id=7, delete from customer_cdr_20251230 where answered=1 and admin_id=7, delete from customer_cdr_20251231 where answered=1 and admin_id=7, delete from customer_cdr_20260101 where answered=1 and admin_id=7, delete from customer_cdr_20260102 where answered=1 and admin_id=7, delete from customer_cdr_20260103 where answered=1 and admin_id=7, delete from customer_cdr_20260104 where answered=1 and admin_id=7, delete from customer_cdr_20260105 where answered=1 and admin_id=7, delete from customer_cdr_20260106 where answered=1 and admin_id=7, delete from customer_cdr_20260107 where answered=1 and admin_id=7, delete from customer_cdr_20260108 where answered=1 and admin_id=7, delete from customer_cdr_20260109 where answered=1 and admin_id=7, delete from customer_cdr_20260110 where answered=1 and admin_id=7, delete from customer_cdr_20260111 where answered=1 and admin_id=7, delete from customer_cdr_20260112 where answered=1 and admin_id=7, delete from customer_cdr_20260113 where answered=1 and admin_id=7, delete from customer_cdr_20260114 where answered=1 and admin_id=7, delete from customer_cdr_20260115 where answered=1 and admin_id=7, delete from customer_cdr_20260116 where answered=1 and admin_id=7, delete from customer_cdr_20260117 where answered=1 and admin_id=7, delete from customer_cdr_20260118 where answered=1 and admin_id=7, delete from customer_cdr_20260119 where answered=1 and admin_id=7, delete from customer_cdr_20260120 where answered=1 and admin_id=7, delete from customer_cdr_20260121 where answered=1 and admin_id=7, delete from customer_cdr_20260122 where answered=1 and admin_id=7, delete from customer_cdr_20260123 where answered=1 and admin_id=7, delete from customer_cdr_20260124 where answered=1 and admin_id=7, delete from customer_cdr_20260125 where answered=1 and admin_id=7]
2026-02-24 02:06:28.074 - [INFO ] - start
2026-02-24 02:06:28.099 - [INFO ] - end
2026-02-24 02:06:28.100 - [INFO ] - [delete from customer_cdr_20251227 where answered=0 and admin_id=7, delete from customer_cdr_20251228 where answered=0 and admin_id=7, delete from customer_cdr_20251229 where answered=0 and admin_id=7, delete from customer_cdr_20251230 where answered=0 and admin_id=7, delete from customer_cdr_20251231 where answered=0 and admin_id=7, delete from customer_cdr_20260101 where answered=0 and admin_id=7, delete from customer_cdr_20260102 where answered=0 and admin_id=7, delete from customer_cdr_20260103 where answered=0 and admin_id=7, delete from customer_cdr_20260104 where answered=0 and admin_id=7, delete from customer_cdr_20260105 where answered=0 and admin_id=7, delete from customer_cdr_20260106 where answered=0 and admin_id=7, delete from customer_cdr_20260107 where answered=0 and admin_id=7, delete from customer_cdr_20260108 where answered=0 and admin_id=7, delete from customer_cdr_20260109 where answered=0 and admin_id=7, delete from customer_cdr_20260110 where answered=0 and admin_id=7, delete from customer_cdr_20260111 where answered=0 and admin_id=7, delete from customer_cdr_20260112 where answered=0 and admin_id=7, delete from customer_cdr_20260113 where answered=0 and admin_id=7, delete from customer_cdr_20260114 where answered=0 and admin_id=7, delete from customer_cdr_20260115 where answered=0 and admin_id=7, delete from customer_cdr_20260116 where answered=0 and admin_id=7, delete from customer_cdr_20260117 where answered=0 and admin_id=7, delete from customer_cdr_20260118 where answered=0 and admin_id=7, delete from customer_cdr_20260119 where answered=0 and admin_id=7, delete from customer_cdr_20260120 where answered=0 and admin_id=7, delete from customer_cdr_20260121 where answered=0 and admin_id=7, delete from customer_cdr_20260122 where answered=0 and admin_id=7, delete from customer_cdr_20260123 where answered=0 and admin_id=7, delete from customer_cdr_20260124 where answered=0 and admin_id=7, delete from customer_cdr_20260125 where answered=0 and admin_id=7]
2026-02-24 02:06:28.100 - [INFO ] - start
2026-02-24 02:06:28.135 - [INFO ] - end
2026-02-24 03:02:48.888 - [INFO ] - ESL Client Disconnect ..(61.158.166.43:8021)
2026-02-24 03:02:50.205 - [WARN ] - esl
org.freeswitch.esl.client.inbound.InboundConnectionException: Could not connect to /61.158.166.43:8021
	at org.freeswitch.esl.client.inbound.Client.connect(Client.java:134)
	at cn.psycall.ccmgt.util.FreeSwitchManage.monitor(FreeSwitchManage.java:86)
	at cn.psycall.ccmgt.util.FreeSwitchManage.run(FreeSwitchManage.java:42)
Caused by: io.netty.channel.AbstractChannel$AnnotatedConnectException: Connection refused: /61.158.166.43:8021
Caused by: java.net.ConnectException: Connection refused
	at java.base/sun.nio.ch.SocketChannelImpl.checkConnect(Native Method)
	at java.base/sun.nio.ch.SocketChannelImpl.finishConnect(SocketChannelImpl.java:777)
	at io.netty.channel.socket.nio.NioSocketChannel.doFinishConnect(NioSocketChannel.java:330)
	at io.netty.channel.nio.AbstractNioChannel$AbstractNioUnsafe.finishConnect(AbstractNioChannel.java:334)
	at io.netty.channel.nio.NioEventLoop.processSelectedKey(NioEventLoop.java:707)
	at io.netty.channel.nio.NioEventLoop.processSelectedKeysOptimized(NioEventLoop.java:655)
	at io.netty.channel.nio.NioEventLoop.processSelectedKeys(NioEventLoop.java:581)
	at io.netty.channel.nio.NioEventLoop.run(NioEventLoop.java:493)
	at io.netty.util.concurrent.SingleThreadEventExecutor$4.run(SingleThreadEventExecutor.java:989)
	at io.netty.util.internal.ThreadExecutorMap$2.run(ThreadExecutorMap.java:74)
	at io.netty.util.concurrent.FastThreadLocalRunnable.run(FastThreadLocalRunnable.java:30)
	at java.base/java.lang.Thread.run(Thread.java:829)
2026-02-24 03:02:51.363 - [WARN ] - esl
org.freeswitch.esl.client.inbound.InboundConnectionException: Could not connect to /61.158.166.43:8021
	at org.freeswitch.esl.client.inbound.Client.connect(Client.java:134)
	at cn.psycall.ccmgt.util.FreeSwitchManage.monitor(FreeSwitchManage.java:86)
	at cn.psycall.ccmgt.util.FreeSwitchManage.run(FreeSwitchManage.java:42)
Caused by: io.netty.channel.AbstractChannel$AnnotatedConnectException: Connection refused: /61.158.166.43:8021
Caused by: java.net.ConnectException: Connection refused
	at java.base/sun.nio.ch.SocketChannelImpl.checkConnect(Native Method)
	at java.base/sun.nio.ch.SocketChannelImpl.finishConnect(SocketChannelImpl.java:777)
	at io.netty.channel.socket.nio.NioSocketChannel.doFinishConnect(NioSocketChannel.java:330)
	at io.netty.channel.nio.AbstractNioChannel$AbstractNioUnsafe.finishConnect(AbstractNioChannel.java:334)
	at io.netty.channel.nio.NioEventLoop.processSelectedKey(NioEventLoop.java:707)
	at io.netty.channel.nio.NioEventLoop.processSelectedKeysOptimized(NioEventLoop.java:655)
	at io.netty.channel.nio.NioEventLoop.processSelectedKeys(NioEventLoop.java:581)
	at io.netty.channel.nio.NioEventLoop.run(NioEventLoop.java:493)
	at io.netty.util.concurrent.SingleThreadEventExecutor$4.run(SingleThreadEventExecutor.java:989)
	at io.netty.util.internal.ThreadExecutorMap$2.run(ThreadExecutorMap.java:74)
	at io.netty.util.concurrent.FastThreadLocalRunnable.run(FastThreadLocalRunnable.java:30)
	at java.base/java.lang.Thread.run(Thread.java:829)
2026-02-24 03:02:52.478 - [WARN ] - esl
org.freeswitch.esl.client.inbound.InboundConnectionException: Could not connect to /61.158.166.43:8021
	at org.freeswitch.esl.client.inbound.Client.connect(Client.java:134)
	at cn.psycall.ccmgt.util.FreeSwitchManage.monitor(FreeSwitchManage.java:86)
	at cn.psycall.ccmgt.util.FreeSwitchManage.run(FreeSwitchManage.java:42)
Caused by: io.netty.channel.AbstractChannel$AnnotatedConnectException: Connection refused: /61.158.166.43:8021
Caused by: java.net.ConnectException: Connection refused
	at java.base/sun.nio.ch.SocketChannelImpl.checkConnect(Native Method)
	at java.base/sun.nio.ch.SocketChannelImpl.finishConnect(SocketChannelImpl.java:777)
	at io.netty.channel.socket.nio.NioSocketChannel.doFinishConnect(NioSocketChannel.java:330)
	at io.netty.channel.nio.AbstractNioChannel$AbstractNioUnsafe.finishConnect(AbstractNioChannel.java:334)
	at io.netty.channel.nio.NioEventLoop.processSelectedKey(NioEventLoop.java:707)
	at io.netty.channel.nio.NioEventLoop.processSelectedKeysOptimized(NioEventLoop.java:655)
	at io.netty.channel.nio.NioEventLoop.processSelectedKeys(NioEventLoop.java:581)
	at io.netty.channel.nio.NioEventLoop.run(NioEventLoop.java:493)
	at io.netty.util.concurrent.SingleThreadEventExecutor$4.run(SingleThreadEventExecutor.java:989)
	at io.netty.util.internal.ThreadExecutorMap$2.run(ThreadExecutorMap.java:74)
	at io.netty.util.concurrent.FastThreadLocalRunnable.run(FastThreadLocalRunnable.java:30)
	at java.base/java.lang.Thread.run(Thread.java:829)
2026-02-24 03:02:53.576 - [WARN ] - esl
org.freeswitch.esl.client.inbound.InboundConnectionException: Could not connect to /61.158.166.43:8021
	at org.freeswitch.esl.client.inbound.Client.connect(Client.java:134)
	at cn.psycall.ccmgt.util.FreeSwitchManage.monitor(FreeSwitchManage.java:86)
	at cn.psycall.ccmgt.util.FreeSwitchManage.run(FreeSwitchManage.java:42)
Caused by: io.netty.channel.AbstractChannel$AnnotatedConnectException: Connection refused: /61.158.166.43:8021
Caused by: java.net.ConnectException: Connection refused
	at java.base/sun.nio.ch.SocketChannelImpl.checkConnect(Native Method)
	at java.base/sun.nio.ch.SocketChannelImpl.finishConnect(SocketChannelImpl.java:777)
	at io.netty.channel.socket.nio.NioSocketChannel.doFinishConnect(NioSocketChannel.java:330)
	at io.netty.channel.nio.AbstractNioChannel$AbstractNioUnsafe.finishConnect(AbstractNioChannel.java:334)
	at io.netty.channel.nio.NioEventLoop.processSelectedKey(NioEventLoop.java:707)
	at io.netty.channel.nio.NioEventLoop.processSelectedKeysOptimized(NioEventLoop.java:655)
	at io.netty.channel.nio.NioEventLoop.processSelectedKeys(NioEventLoop.java:581)
	at io.netty.channel.nio.NioEventLoop.run(NioEventLoop.java:493)
	at io.netty.util.concurrent.SingleThreadEventExecutor$4.run(SingleThreadEventExecutor.java:989)
	at io.netty.util.internal.ThreadExecutorMap$2.run(ThreadExecutorMap.java:74)
	at io.netty.util.concurrent.FastThreadLocalRunnable.run(FastThreadLocalRunnable.java:30)
	at java.base/java.lang.Thread.run(Thread.java:829)
2026-02-24 03:02:54.654 - [WARN ] - esl
org.freeswitch.esl.client.inbound.InboundConnectionException: Could not connect to /61.158.166.43:8021
	at org.freeswitch.esl.client.inbound.Client.connect(Client.java:134)
	at cn.psycall.ccmgt.util.FreeSwitchManage.monitor(FreeSwitchManage.java:86)
	at cn.psycall.ccmgt.util.FreeSwitchManage.run(FreeSwitchManage.java:42)
Caused by: io.netty.channel.AbstractChannel$AnnotatedConnectException: Connection refused: /61.158.166.43:8021
Caused by: java.net.ConnectException: Connection refused
	at java.base/sun.nio.ch.SocketChannelImpl.checkConnect(Native Method)
	at java.base/sun.nio.ch.SocketChannelImpl.finishConnect(SocketChannelImpl.java:777)
	at io.netty.channel.socket.nio.NioSocketChannel.doFinishConnect(NioSocketChannel.java:330)
	at io.netty.channel.nio.AbstractNioChannel$AbstractNioUnsafe.finishConnect(AbstractNioChannel.java:334)
	at io.netty.channel.nio.NioEventLoop.processSelectedKey(NioEventLoop.java:707)
	at io.netty.channel.nio.NioEventLoop.processSelectedKeysOptimized(NioEventLoop.java:655)
	at io.netty.channel.nio.NioEventLoop.processSelectedKeys(NioEventLoop.java:581)
	at io.netty.channel.nio.NioEventLoop.run(NioEventLoop.java:493)
	at io.netty.util.concurrent.SingleThreadEventExecutor$4.run(SingleThreadEventExecutor.java:989)
	at io.netty.util.internal.ThreadExecutorMap$2.run(ThreadExecutorMap.java:74)
	at io.netty.util.concurrent.FastThreadLocalRunnable.run(FastThreadLocalRunnable.java:30)
	at java.base/java.lang.Thread.run(Thread.java:829)
2026-02-24 03:02:55.754 - [WARN ] - esl
org.freeswitch.esl.client.inbound.InboundConnectionException: Could not connect to /61.158.166.43:8021
	at org.freeswitch.esl.client.inbound.Client.connect(Client.java:134)
	at cn.psycall.ccmgt.util.FreeSwitchManage.monitor(FreeSwitchManage.java:86)
	at cn.psycall.ccmgt.util.FreeSwitchManage.run(FreeSwitchManage.java:42)
Caused by: io.netty.channel.AbstractChannel$AnnotatedConnectException: Connection refused: /61.158.166.43:8021
Caused by: java.net.ConnectException: Connection refused
	at java.base/sun.nio.ch.SocketChannelImpl.checkConnect(Native Method)
	at java.base/sun.nio.ch.SocketChannelImpl.finishConnect(SocketChannelImpl.java:777)
	at io.netty.channel.socket.nio.NioSocketChannel.doFinishConnect(NioSocketChannel.java:330)
	at io.netty.channel.nio.AbstractNioChannel$AbstractNioUnsafe.finishConnect(AbstractNioChannel.java:334)
	at io.netty.channel.nio.NioEventLoop.processSelectedKey(NioEventLoop.java:707)
	at io.netty.channel.nio.NioEventLoop.processSelectedKeysOptimized(NioEventLoop.java:655)
	at io.netty.channel.nio.NioEventLoop.processSelectedKeys(NioEventLoop.java:581)
	at io.netty.channel.nio.NioEventLoop.run(NioEventLoop.java:493)
	at io.netty.util.concurrent.SingleThreadEventExecutor$4.run(SingleThreadEventExecutor.java:989)
	at io.netty.util.internal.ThreadExecutorMap$2.run(ThreadExecutorMap.java:74)
	at io.netty.util.concurrent.FastThreadLocalRunnable.run(FastThreadLocalRunnable.java:30)
	at java.base/java.lang.Thread.run(Thread.java:829)
2026-02-24 03:02:56.857 - [WARN ] - esl
org.freeswitch.esl.client.inbound.InboundConnectionException: Could not connect to /61.158.166.43:8021
	at org.freeswitch.esl.client.inbound.Client.connect(Client.java:134)
	at cn.psycall.ccmgt.util.FreeSwitchManage.monitor(FreeSwitchManage.java:86)
	at cn.psycall.ccmgt.util.FreeSwitchManage.run(FreeSwitchManage.java:42)
Caused by: io.netty.channel.AbstractChannel$AnnotatedConnectException: Connection refused: /61.158.166.43:8021
Caused by: java.net.ConnectException: Connection refused
	at java.base/sun.nio.ch.SocketChannelImpl.checkConnect(Native Method)
	at java.base/sun.nio.ch.SocketChannelImpl.finishConnect(SocketChannelImpl.java:777)
	at io.netty.channel.socket.nio.NioSocketChannel.doFinishConnect(NioSocketChannel.java:330)
	at io.netty.channel.nio.AbstractNioChannel$AbstractNioUnsafe.finishConnect(AbstractNioChannel.java:334)
	at io.netty.channel.nio.NioEventLoop.processSelectedKey(NioEventLoop.java:707)
	at io.netty.channel.nio.NioEventLoop.processSelectedKeysOptimized(NioEventLoop.java:655)
	at io.netty.channel.nio.NioEventLoop.processSelectedKeys(NioEventLoop.java:581)
	at io.netty.channel.nio.NioEventLoop.run(NioEventLoop.java:493)
	at io.netty.util.concurrent.SingleThreadEventExecutor$4.run(SingleThreadEventExecutor.java:989)
	at io.netty.util.internal.ThreadExecutorMap$2.run(ThreadExecutorMap.java:74)
	at io.netty.util.concurrent.FastThreadLocalRunnable.run(FastThreadLocalRunnable.java:30)
	at java.base/java.lang.Thread.run(Thread.java:829)
2026-02-24 03:02:57.955 - [WARN ] - esl
org.freeswitch.esl.client.inbound.InboundConnectionException: Could not connect to /61.158.166.43:8021
	at org.freeswitch.esl.client.inbound.Client.connect(Client.java:134)
	at cn.psycall.ccmgt.util.FreeSwitchManage.monitor(FreeSwitchManage.java:86)
	at cn.psycall.ccmgt.util.FreeSwitchManage.run(FreeSwitchManage.java:42)
Caused by: io.netty.channel.AbstractChannel$AnnotatedConnectException: Connection refused: /61.158.166.43:8021
Caused by: java.net.ConnectException: Connection refused
	at java.base/sun.nio.ch.SocketChannelImpl.checkConnect(Native Method)
	at java.base/sun.nio.ch.SocketChannelImpl.finishConnect(SocketChannelImpl.java:777)
	at io.netty.channel.socket.nio.NioSocketChannel.doFinishConnect(NioSocketChannel.java:330)
	at io.netty.channel.nio.AbstractNioChannel$AbstractNioUnsafe.finishConnect(AbstractNioChannel.java:334)
	at io.netty.channel.nio.NioEventLoop.processSelectedKey(NioEventLoop.java:707)
	at io.netty.channel.nio.NioEventLoop.processSelectedKeysOptimized(NioEventLoop.java:655)
	at io.netty.channel.nio.NioEventLoop.processSelectedKeys(NioEventLoop.java:581)
	at io.netty.channel.nio.NioEventLoop.run(NioEventLoop.java:493)
	at io.netty.util.concurrent.SingleThreadEventExecutor$4.run(SingleThreadEventExecutor.java:989)
	at io.netty.util.internal.ThreadExecutorMap$2.run(ThreadExecutorMap.java:74)
	at io.netty.util.concurrent.FastThreadLocalRunnable.run(FastThreadLocalRunnable.java:30)
	at java.base/java.lang.Thread.run(Thread.java:829)
2026-02-24 03:02:59.055 - [WARN ] - esl
org.freeswitch.esl.client.inbound.InboundConnectionException: Could not connect to /61.158.166.43:8021
	at org.freeswitch.esl.client.inbound.Client.connect(Client.java:134)
	at cn.psycall.ccmgt.util.FreeSwitchManage.monitor(FreeSwitchManage.java:86)
	at cn.psycall.ccmgt.util.FreeSwitchManage.run(FreeSwitchManage.java:42)
Caused by: io.netty.channel.AbstractChannel$AnnotatedConnectException: Connection refused: /61.158.166.43:8021
Caused by: java.net.ConnectException: Connection refused
	at java.base/sun.nio.ch.SocketChannelImpl.checkConnect(Native Method)
	at java.base/sun.nio.ch.SocketChannelImpl.finishConnect(SocketChannelImpl.java:777)
	at io.netty.channel.socket.nio.NioSocketChannel.doFinishConnect(NioSocketChannel.java:330)
	at io.netty.channel.nio.AbstractNioChannel$AbstractNioUnsafe.finishConnect(AbstractNioChannel.java:334)
	at io.netty.channel.nio.NioEventLoop.processSelectedKey(NioEventLoop.java:707)
	at io.netty.channel.nio.NioEventLoop.processSelectedKeysOptimized(NioEventLoop.java:655)
	at io.netty.channel.nio.NioEventLoop.processSelectedKeys(NioEventLoop.java:581)
	at io.netty.channel.nio.NioEventLoop.run(NioEventLoop.java:493)
	at io.netty.util.concurrent.SingleThreadEventExecutor$4.run(SingleThreadEventExecutor.java:989)
	at io.netty.util.internal.ThreadExecutorMap$2.run(ThreadExecutorMap.java:74)
	at io.netty.util.concurrent.FastThreadLocalRunnable.run(FastThreadLocalRunnable.java:30)
	at java.base/java.lang.Thread.run(Thread.java:829)
2026-02-24 03:03:00.126 - [WARN ] - esl
org.freeswitch.esl.client.inbound.InboundConnectionException: Could not connect to /61.158.166.43:8021
	at org.freeswitch.esl.client.inbound.Client.connect(Client.java:134)
	at cn.psycall.ccmgt.util.FreeSwitchManage.monitor(FreeSwitchManage.java:86)
	at cn.psycall.ccmgt.util.FreeSwitchManage.run(FreeSwitchManage.java:42)
Caused by: io.netty.channel.AbstractChannel$AnnotatedConnectException: Connection refused: /61.158.166.43:8021
Caused by: java.net.ConnectException: Connection refused
	at java.base/sun.nio.ch.SocketChannelImpl.checkConnect(Native Method)
	at java.base/sun.nio.ch.SocketChannelImpl.finishConnect(SocketChannelImpl.java:777)
	at io.netty.channel.socket.nio.NioSocketChannel.doFinishConnect(NioSocketChannel.java:330)
	at io.netty.channel.nio.AbstractNioChannel$AbstractNioUnsafe.finishConnect(AbstractNioChannel.java:334)
	at io.netty.channel.nio.NioEventLoop.processSelectedKey(NioEventLoop.java:707)
	at io.netty.channel.nio.NioEventLoop.processSelectedKeysOptimized(NioEventLoop.java:655)
	at io.netty.channel.nio.NioEventLoop.processSelectedKeys(NioEventLoop.java:581)
	at io.netty.channel.nio.NioEventLoop.run(NioEventLoop.java:493)
	at io.netty.util.concurrent.SingleThreadEventExecutor$4.run(SingleThreadEventExecutor.java:989)
	at io.netty.util.internal.ThreadExecutorMap$2.run(ThreadExecutorMap.java:74)
	at io.netty.util.concurrent.FastThreadLocalRunnable.run(FastThreadLocalRunnable.java:30)
	at java.base/java.lang.Thread.run(Thread.java:829)
2026-02-24 03:03:01.243 - [WARN ] - esl
org.freeswitch.esl.client.inbound.InboundConnectionException: Could not connect to /61.158.166.43:8021
	at org.freeswitch.esl.client.inbound.Client.connect(Client.java:134)
	at cn.psycall.ccmgt.util.FreeSwitchManage.monitor(FreeSwitchManage.java:86)
	at cn.psycall.ccmgt.util.FreeSwitchManage.run(FreeSwitchManage.java:42)
Caused by: io.netty.channel.AbstractChannel$AnnotatedConnectException: Connection refused: /61.158.166.43:8021
Caused by: java.net.ConnectException: Connection refused
	at java.base/sun.nio.ch.SocketChannelImpl.checkConnect(Native Method)
	at java.base/sun.nio.ch.SocketChannelImpl.finishConnect(SocketChannelImpl.java:777)
	at io.netty.channel.socket.nio.NioSocketChannel.doFinishConnect(NioSocketChannel.java:330)
	at io.netty.channel.nio.AbstractNioChannel$AbstractNioUnsafe.finishConnect(AbstractNioChannel.java:334)
	at io.netty.channel.nio.NioEventLoop.processSelectedKey(NioEventLoop.java:707)
	at io.netty.channel.nio.NioEventLoop.processSelectedKeysOptimized(NioEventLoop.java:655)
	at io.netty.channel.nio.NioEventLoop.processSelectedKeys(NioEventLoop.java:581)
	at io.netty.channel.nio.NioEventLoop.run(NioEventLoop.java:493)
	at io.netty.util.concurrent.SingleThreadEventExecutor$4.run(SingleThreadEventExecutor.java:989)
	at io.netty.util.internal.ThreadExecutorMap$2.run(ThreadExecutorMap.java:74)
	at io.netty.util.concurrent.FastThreadLocalRunnable.run(FastThreadLocalRunnable.java:30)
	at java.base/java.lang.Thread.run(Thread.java:829)
2026-02-24 03:03:02.347 - [WARN ] - esl
org.freeswitch.esl.client.inbound.InboundConnectionException: Could not connect to /61.158.166.43:8021
	at org.freeswitch.esl.client.inbound.Client.connect(Client.java:134)
	at cn.psycall.ccmgt.util.FreeSwitchManage.monitor(FreeSwitchManage.java:86)
	at cn.psycall.ccmgt.util.FreeSwitchManage.run(FreeSwitchManage.java:42)
Caused by: io.netty.channel.AbstractChannel$AnnotatedConnectException: Connection refused: /61.158.166.43:8021
Caused by: java.net.ConnectException: Connection refused
	at java.base/sun.nio.ch.SocketChannelImpl.checkConnect(Native Method)
	at java.base/sun.nio.ch.SocketChannelImpl.finishConnect(SocketChannelImpl.java:777)
	at io.netty.channel.socket.nio.NioSocketChannel.doFinishConnect(NioSocketChannel.java:330)
	at io.netty.channel.nio.AbstractNioChannel$AbstractNioUnsafe.finishConnect(AbstractNioChannel.java:334)
	at io.netty.channel.nio.NioEventLoop.processSelectedKey(NioEventLoop.java:707)
	at io.netty.channel.nio.NioEventLoop.processSelectedKeysOptimized(NioEventLoop.java:655)
	at io.netty.channel.nio.NioEventLoop.processSelectedKeys(NioEventLoop.java:581)
	at io.netty.channel.nio.NioEventLoop.run(NioEventLoop.java:493)
	at io.netty.util.concurrent.SingleThreadEventExecutor$4.run(SingleThreadEventExecutor.java:989)
	at io.netty.util.internal.ThreadExecutorMap$2.run(ThreadExecutorMap.java:74)
	at io.netty.util.concurrent.FastThreadLocalRunnable.run(FastThreadLocalRunnable.java:30)
	at java.base/java.lang.Thread.run(Thread.java:829)
2026-02-24 03:03:03.454 - [WARN ] - esl
org.freeswitch.esl.client.inbound.InboundConnectionException: Could not connect to /61.158.166.43:8021
	at org.freeswitch.esl.client.inbound.Client.connect(Client.java:134)
	at cn.psycall.ccmgt.util.FreeSwitchManage.monitor(FreeSwitchManage.java:86)
	at cn.psycall.ccmgt.util.FreeSwitchManage.run(FreeSwitchManage.java:42)
Caused by: io.netty.channel.AbstractChannel$AnnotatedConnectException: Connection refused: /61.158.166.43:8021
Caused by: java.net.ConnectException: Connection refused
	at java.base/sun.nio.ch.SocketChannelImpl.checkConnect(Native Method)
	at java.base/sun.nio.ch.SocketChannelImpl.finishConnect(SocketChannelImpl.java:777)
	at io.netty.channel.socket.nio.NioSocketChannel.doFinishConnect(NioSocketChannel.java:330)
	at io.netty.channel.nio.AbstractNioChannel$AbstractNioUnsafe.finishConnect(AbstractNioChannel.java:334)
	at io.netty.channel.nio.NioEventLoop.processSelectedKey(NioEventLoop.java:707)
	at io.netty.channel.nio.NioEventLoop.processSelectedKeysOptimized(NioEventLoop.java:655)
	at io.netty.channel.nio.NioEventLoop.processSelectedKeys(NioEventLoop.java:581)
	at io.netty.channel.nio.NioEventLoop.run(NioEventLoop.java:493)
	at io.netty.util.concurrent.SingleThreadEventExecutor$4.run(SingleThreadEventExecutor.java:989)
	at io.netty.util.internal.ThreadExecutorMap$2.run(ThreadExecutorMap.java:74)
	at io.netty.util.concurrent.FastThreadLocalRunnable.run(FastThreadLocalRunnable.java:30)
	at java.base/java.lang.Thread.run(Thread.java:829)
2026-02-24 03:03:04.554 - [WARN ] - esl
org.freeswitch.esl.client.inbound.InboundConnectionException: Could not connect to /61.158.166.43:8021
	at org.freeswitch.esl.client.inbound.Client.connect(Client.java:134)
	at cn.psycall.ccmgt.util.FreeSwitchManage.monitor(FreeSwitchManage.java:86)
	at cn.psycall.ccmgt.util.FreeSwitchManage.run(FreeSwitchManage.java:42)
Caused by: io.netty.channel.AbstractChannel$AnnotatedConnectException: Connection refused: /61.158.166.43:8021
Caused by: java.net.ConnectException: Connection refused
	at java.base/sun.nio.ch.SocketChannelImpl.checkConnect(Native Method)
	at java.base/sun.nio.ch.SocketChannelImpl.finishConnect(SocketChannelImpl.java:777)
	at io.netty.channel.socket.nio.NioSocketChannel.doFinishConnect(NioSocketChannel.java:330)
	at io.netty.channel.nio.AbstractNioChannel$AbstractNioUnsafe.finishConnect(AbstractNioChannel.java:334)
	at io.netty.channel.nio.NioEventLoop.processSelectedKey(NioEventLoop.java:707)
	at io.netty.channel.nio.NioEventLoop.processSelectedKeysOptimized(NioEventLoop.java:655)
	at io.netty.channel.nio.NioEventLoop.processSelectedKeys(NioEventLoop.java:581)
	at io.netty.channel.nio.NioEventLoop.run(NioEventLoop.java:493)
	at io.netty.util.concurrent.SingleThreadEventExecutor$4.run(SingleThreadEventExecutor.java:989)
	at io.netty.util.internal.ThreadExecutorMap$2.run(ThreadExecutorMap.java:74)
	at io.netty.util.concurrent.FastThreadLocalRunnable.run(FastThreadLocalRunnable.java:30)
	at java.base/java.lang.Thread.run(Thread.java:829)
2026-02-24 03:03:05.663 - [WARN ] - esl
org.freeswitch.esl.client.inbound.InboundConnectionException: Could not connect to /61.158.166.43:8021
	at org.freeswitch.esl.client.inbound.Client.connect(Client.java:134)
	at cn.psycall.ccmgt.util.FreeSwitchManage.monitor(FreeSwitchManage.java:86)
	at cn.psycall.ccmgt.util.FreeSwitchManage.run(FreeSwitchManage.java:42)
Caused by: io.netty.channel.AbstractChannel$AnnotatedConnectException: Connection refused: /61.158.166.43:8021
Caused by: java.net.ConnectException: Connection refused
	at java.base/sun.nio.ch.SocketChannelImpl.checkConnect(Native Method)
	at java.base/sun.nio.ch.SocketChannelImpl.finishConnect(SocketChannelImpl.java:777)
	at io.netty.channel.socket.nio.NioSocketChannel.doFinishConnect(NioSocketChannel.java:330)
	at io.netty.channel.nio.AbstractNioChannel$AbstractNioUnsafe.finishConnect(AbstractNioChannel.java:334)
	at io.netty.channel.nio.NioEventLoop.processSelectedKey(NioEventLoop.java:707)
	at io.netty.channel.nio.NioEventLoop.processSelectedKeysOptimized(NioEventLoop.java:655)
	at io.netty.channel.nio.NioEventLoop.processSelectedKeys(NioEventLoop.java:581)
	at io.netty.channel.nio.NioEventLoop.run(NioEventLoop.java:493)
	at io.netty.util.concurrent.SingleThreadEventExecutor$4.run(SingleThreadEventExecutor.java:989)
	at io.netty.util.internal.ThreadExecutorMap$2.run(ThreadExecutorMap.java:74)
	at io.netty.util.concurrent.FastThreadLocalRunnable.run(FastThreadLocalRunnable.java:30)
	at java.base/java.lang.Thread.run(Thread.java:829)
2026-02-24 03:03:06.759 - [WARN ] - esl
org.freeswitch.esl.client.inbound.InboundConnectionException: Could not connect to /61.158.166.43:8021
	at org.freeswitch.esl.client.inbound.Client.connect(Client.java:134)
	at cn.psycall.ccmgt.util.FreeSwitchManage.monitor(FreeSwitchManage.java:86)
	at cn.psycall.ccmgt.util.FreeSwitchManage.run(FreeSwitchManage.java:42)
Caused by: io.netty.channel.AbstractChannel$AnnotatedConnectException: Connection refused: /61.158.166.43:8021
Caused by: java.net.ConnectException: Connection refused
	at java.base/sun.nio.ch.SocketChannelImpl.checkConnect(Native Method)
	at java.base/sun.nio.ch.SocketChannelImpl.finishConnect(SocketChannelImpl.java:777)
	at io.netty.channel.socket.nio.NioSocketChannel.doFinishConnect(NioSocketChannel.java:330)
	at io.netty.channel.nio.AbstractNioChannel$AbstractNioUnsafe.finishConnect(AbstractNioChannel.java:334)
	at io.netty.channel.nio.NioEventLoop.processSelectedKey(NioEventLoop.java:707)
	at io.netty.channel.nio.NioEventLoop.processSelectedKeysOptimized(NioEventLoop.java:655)
	at io.netty.channel.nio.NioEventLoop.processSelectedKeys(NioEventLoop.java:581)
	at io.netty.channel.nio.NioEventLoop.run(NioEventLoop.java:493)
	at io.netty.util.concurrent.SingleThreadEventExecutor$4.run(SingleThreadEventExecutor.java:989)
	at io.netty.util.internal.ThreadExecutorMap$2.run(ThreadExecutorMap.java:74)
	at io.netty.util.concurrent.FastThreadLocalRunnable.run(FastThreadLocalRunnable.java:30)
	at java.base/java.lang.Thread.run(Thread.java:829)
2026-02-24 03:03:07.857 - [WARN ] - esl
org.freeswitch.esl.client.inbound.InboundConnectionException: Could not connect to /61.158.166.43:8021
	at org.freeswitch.esl.client.inbound.Client.connect(Client.java:134)
	at cn.psycall.ccmgt.util.FreeSwitchManage.monitor(FreeSwitchManage.java:86)
	at cn.psycall.ccmgt.util.FreeSwitchManage.run(FreeSwitchManage.java:42)
Caused by: io.netty.channel.AbstractChannel$AnnotatedConnectException: Connection refused: /61.158.166.43:8021
Caused by: java.net.ConnectException: Connection refused
	at java.base/sun.nio.ch.SocketChannelImpl.checkConnect(Native Method)
	at java.base/sun.nio.ch.SocketChannelImpl.finishConnect(SocketChannelImpl.java:777)
	at io.netty.channel.socket.nio.NioSocketChannel.doFinishConnect(NioSocketChannel.java:330)
	at io.netty.channel.nio.AbstractNioChannel$AbstractNioUnsafe.finishConnect(AbstractNioChannel.java:334)
	at io.netty.channel.nio.NioEventLoop.processSelectedKey(NioEventLoop.java:707)
	at io.netty.channel.nio.NioEventLoop.processSelectedKeysOptimized(NioEventLoop.java:655)
	at io.netty.channel.nio.NioEventLoop.processSelectedKeys(NioEventLoop.java:581)
	at io.netty.channel.nio.NioEventLoop.run(NioEventLoop.java:493)
	at io.netty.util.concurrent.SingleThreadEventExecutor$4.run(SingleThreadEventExecutor.java:989)
	at io.netty.util.internal.ThreadExecutorMap$2.run(ThreadExecutorMap.java:74)
	at io.netty.util.concurrent.FastThreadLocalRunnable.run(FastThreadLocalRunnable.java:30)
	at java.base/java.lang.Thread.run(Thread.java:829)
2026-02-24 03:03:08.953 - [WARN ] - esl
org.freeswitch.esl.client.inbound.InboundConnectionException: Could not connect to /61.158.166.43:8021
	at org.freeswitch.esl.client.inbound.Client.connect(Client.java:134)
	at cn.psycall.ccmgt.util.FreeSwitchManage.monitor(FreeSwitchManage.java:86)
	at cn.psycall.ccmgt.util.FreeSwitchManage.run(FreeSwitchManage.java:42)
Caused by: io.netty.channel.AbstractChannel$AnnotatedConnectException: Connection refused: /61.158.166.43:8021
Caused by: java.net.ConnectException: Connection refused
	at java.base/sun.nio.ch.SocketChannelImpl.checkConnect(Native Method)
	at java.base/sun.nio.ch.SocketChannelImpl.finishConnect(SocketChannelImpl.java:777)
	at io.netty.channel.socket.nio.NioSocketChannel.doFinishConnect(NioSocketChannel.java:330)
	at io.netty.channel.nio.AbstractNioChannel$AbstractNioUnsafe.finishConnect(AbstractNioChannel.java:334)
	at io.netty.channel.nio.NioEventLoop.processSelectedKey(NioEventLoop.java:707)
	at io.netty.channel.nio.NioEventLoop.processSelectedKeysOptimized(NioEventLoop.java:655)
	at io.netty.channel.nio.NioEventLoop.processSelectedKeys(NioEventLoop.java:581)
	at io.netty.channel.nio.NioEventLoop.run(NioEventLoop.java:493)
	at io.netty.util.concurrent.SingleThreadEventExecutor$4.run(SingleThreadEventExecutor.java:989)
	at io.netty.util.internal.ThreadExecutorMap$2.run(ThreadExecutorMap.java:74)
	at io.netty.util.concurrent.FastThreadLocalRunnable.run(FastThreadLocalRunnable.java:30)
	at java.base/java.lang.Thread.run(Thread.java:829)
2026-02-24 03:03:10.049 - [WARN ] - esl
org.freeswitch.esl.client.inbound.InboundConnectionException: Could not connect to /61.158.166.43:8021
	at org.freeswitch.esl.client.inbound.Client.connect(Client.java:134)
	at cn.psycall.ccmgt.util.FreeSwitchManage.monitor(FreeSwitchManage.java:86)
	at cn.psycall.ccmgt.util.FreeSwitchManage.run(FreeSwitchManage.java:42)
Caused by: io.netty.channel.AbstractChannel$AnnotatedConnectException: Connection refused: /61.158.166.43:8021
Caused by: java.net.ConnectException: Connection refused
	at java.base/sun.nio.ch.SocketChannelImpl.checkConnect(Native Method)
	at java.base/sun.nio.ch.SocketChannelImpl.finishConnect(SocketChannelImpl.java:777)
	at io.netty.channel.socket.nio.NioSocketChannel.doFinishConnect(NioSocketChannel.java:330)
	at io.netty.channel.nio.AbstractNioChannel$AbstractNioUnsafe.finishConnect(AbstractNioChannel.java:334)
	at io.netty.channel.nio.NioEventLoop.processSelectedKey(NioEventLoop.java:707)
	at io.netty.channel.nio.NioEventLoop.processSelectedKeysOptimized(NioEventLoop.java:655)
	at io.netty.channel.nio.NioEventLoop.processSelectedKeys(NioEventLoop.java:581)
	at io.netty.channel.nio.NioEventLoop.run(NioEventLoop.java:493)
	at io.netty.util.concurrent.SingleThreadEventExecutor$4.run(SingleThreadEventExecutor.java:989)
	at io.netty.util.internal.ThreadExecutorMap$2.run(ThreadExecutorMap.java:74)
	at io.netty.util.concurrent.FastThreadLocalRunnable.run(FastThreadLocalRunnable.java:30)
	at java.base/java.lang.Thread.run(Thread.java:829)
2026-02-24 03:03:11.168 - [WARN ] - esl
org.freeswitch.esl.client.inbound.InboundConnectionException: Could not connect to /61.158.166.43:8021
	at org.freeswitch.esl.client.inbound.Client.connect(Client.java:134)
	at cn.psycall.ccmgt.util.FreeSwitchManage.monitor(FreeSwitchManage.java:86)
	at cn.psycall.ccmgt.util.FreeSwitchManage.run(FreeSwitchManage.java:42)
Caused by: io.netty.channel.AbstractChannel$AnnotatedConnectException: Connection refused: /61.158.166.43:8021
Caused by: java.net.ConnectException: Connection refused
	at java.base/sun.nio.ch.SocketChannelImpl.checkConnect(Native Method)
	at java.base/sun.nio.ch.SocketChannelImpl.finishConnect(SocketChannelImpl.java:777)
	at io.netty.channel.socket.nio.NioSocketChannel.doFinishConnect(NioSocketChannel.java:330)
	at io.netty.channel.nio.AbstractNioChannel$AbstractNioUnsafe.finishConnect(AbstractNioChannel.java:334)
	at io.netty.channel.nio.NioEventLoop.processSelectedKey(NioEventLoop.java:707)
	at io.netty.channel.nio.NioEventLoop.processSelectedKeysOptimized(NioEventLoop.java:655)
	at io.netty.channel.nio.NioEventLoop.processSelectedKeys(NioEventLoop.java:581)
	at io.netty.channel.nio.NioEventLoop.run(NioEventLoop.java:493)
	at io.netty.util.concurrent.SingleThreadEventExecutor$4.run(SingleThreadEventExecutor.java:989)
	at io.netty.util.internal.ThreadExecutorMap$2.run(ThreadExecutorMap.java:74)
	at io.netty.util.concurrent.FastThreadLocalRunnable.run(FastThreadLocalRunnable.java:30)
	at java.base/java.lang.Thread.run(Thread.java:829)
2026-02-24 03:03:18.023 - [WARN ] - esl
org.freeswitch.esl.client.inbound.InboundConnectionException: Could not connect to /61.158.166.43:8021
	at org.freeswitch.esl.client.inbound.Client.connect(Client.java:134)
	at cn.psycall.ccmgt.util.FreeSwitchManage.monitor(FreeSwitchManage.java:86)
	at cn.psycall.ccmgt.util.FreeSwitchManage.run(FreeSwitchManage.java:42)
Caused by: io.netty.channel.AbstractChannel$AnnotatedConnectException: Connection refused: /61.158.166.43:8021
Caused by: java.net.ConnectException: Connection refused
	at java.base/sun.nio.ch.SocketChannelImpl.checkConnect(Native Method)
	at java.base/sun.nio.ch.SocketChannelImpl.finishConnect(SocketChannelImpl.java:777)
	at io.netty.channel.socket.nio.NioSocketChannel.doFinishConnect(NioSocketChannel.java:330)
	at io.netty.channel.nio.AbstractNioChannel$AbstractNioUnsafe.finishConnect(AbstractNioChannel.java:334)
	at io.netty.channel.nio.NioEventLoop.processSelectedKey(NioEventLoop.java:707)
	at io.netty.channel.nio.NioEventLoop.processSelectedKeysOptimized(NioEventLoop.java:655)
	at io.netty.channel.nio.NioEventLoop.processSelectedKeys(NioEventLoop.java:581)
	at io.netty.channel.nio.NioEventLoop.run(NioEventLoop.java:493)
	at io.netty.util.concurrent.SingleThreadEventExecutor$4.run(SingleThreadEventExecutor.java:989)
	at io.netty.util.internal.ThreadExecutorMap$2.run(ThreadExecutorMap.java:74)
	at io.netty.util.concurrent.FastThreadLocalRunnable.run(FastThreadLocalRunnable.java:30)
	at java.base/java.lang.Thread.run(Thread.java:829)
2026-02-24 03:03:19.117 - [WARN ] - esl
org.freeswitch.esl.client.inbound.InboundConnectionException: Could not connect to /61.158.166.43:8021
	at org.freeswitch.esl.client.inbound.Client.connect(Client.java:134)
	at cn.psycall.ccmgt.util.FreeSwitchManage.monitor(FreeSwitchManage.java:86)
	at cn.psycall.ccmgt.util.FreeSwitchManage.run(FreeSwitchManage.java:42)
Caused by: io.netty.channel.AbstractChannel$AnnotatedConnectException: Connection refused: /61.158.166.43:8021
Caused by: java.net.ConnectException: Connection refused
	at java.base/sun.nio.ch.SocketChannelImpl.checkConnect(Native Method)
	at java.base/sun.nio.ch.SocketChannelImpl.finishConnect(SocketChannelImpl.java:777)
	at io.netty.channel.socket.nio.NioSocketChannel.doFinishConnect(NioSocketChannel.java:330)
	at io.netty.channel.nio.AbstractNioChannel$AbstractNioUnsafe.finishConnect(AbstractNioChannel.java:334)
	at io.netty.channel.nio.NioEventLoop.processSelectedKey(NioEventLoop.java:707)
	at io.netty.channel.nio.NioEventLoop.processSelectedKeysOptimized(NioEventLoop.java:655)
	at io.netty.channel.nio.NioEventLoop.processSelectedKeys(NioEventLoop.java:581)
	at io.netty.channel.nio.NioEventLoop.run(NioEventLoop.java:493)
	at io.netty.util.concurrent.SingleThreadEventExecutor$4.run(SingleThreadEventExecutor.java:989)
	at io.netty.util.internal.ThreadExecutorMap$2.run(ThreadExecutorMap.java:74)
	at io.netty.util.concurrent.FastThreadLocalRunnable.run(FastThreadLocalRunnable.java:30)
	at java.base/java.lang.Thread.run(Thread.java:829)
2026-02-24 03:03:20.212 - [WARN ] - esl
org.freeswitch.esl.client.inbound.InboundConnectionException: Could not connect to /61.158.166.43:8021
	at org.freeswitch.esl.client.inbound.Client.connect(Client.java:134)
	at cn.psycall.ccmgt.util.FreeSwitchManage.monitor(FreeSwitchManage.java:86)
	at cn.psycall.ccmgt.util.FreeSwitchManage.run(FreeSwitchManage.java:42)
Caused by: io.netty.channel.AbstractChannel$AnnotatedConnectException: Connection refused: /61.158.166.43:8021
Caused by: java.net.ConnectException: Connection refused
	at java.base/sun.nio.ch.SocketChannelImpl.checkConnect(Native Method)
	at java.base/sun.nio.ch.SocketChannelImpl.finishConnect(SocketChannelImpl.java:777)
	at io.netty.channel.socket.nio.NioSocketChannel.doFinishConnect(NioSocketChannel.java:330)
	at io.netty.channel.nio.AbstractNioChannel$AbstractNioUnsafe.finishConnect(AbstractNioChannel.java:334)
	at io.netty.channel.nio.NioEventLoop.processSelectedKey(NioEventLoop.java:707)
	at io.netty.channel.nio.NioEventLoop.processSelectedKeysOptimized(NioEventLoop.java:655)
	at io.netty.channel.nio.NioEventLoop.processSelectedKeys(NioEventLoop.java:581)
	at io.netty.channel.nio.NioEventLoop.run(NioEventLoop.java:493)
	at io.netty.util.concurrent.SingleThreadEventExecutor$4.run(SingleThreadEventExecutor.java:989)
	at io.netty.util.internal.ThreadExecutorMap$2.run(ThreadExecutorMap.java:74)
	at io.netty.util.concurrent.FastThreadLocalRunnable.run(FastThreadLocalRunnable.java:30)
	at java.base/java.lang.Thread.run(Thread.java:829)
2026-02-24 03:03:21.303 - [WARN ] - esl
org.freeswitch.esl.client.inbound.InboundConnectionException: Could not connect to /61.158.166.43:8021
	at org.freeswitch.esl.client.inbound.Client.connect(Client.java:134)
	at cn.psycall.ccmgt.util.FreeSwitchManage.monitor(FreeSwitchManage.java:86)
	at cn.psycall.ccmgt.util.FreeSwitchManage.run(FreeSwitchManage.java:42)
Caused by: io.netty.channel.AbstractChannel$AnnotatedConnectException: Connection refused: /61.158.166.43:8021
Caused by: java.net.ConnectException: Connection refused
	at java.base/sun.nio.ch.SocketChannelImpl.checkConnect(Native Method)
	at java.base/sun.nio.ch.SocketChannelImpl.finishConnect(SocketChannelImpl.java:777)
	at io.netty.channel.socket.nio.NioSocketChannel.doFinishConnect(NioSocketChannel.java:330)
	at io.netty.channel.nio.AbstractNioChannel$AbstractNioUnsafe.finishConnect(AbstractNioChannel.java:334)
	at io.netty.channel.nio.NioEventLoop.processSelectedKey(NioEventLoop.java:707)
	at io.netty.channel.nio.NioEventLoop.processSelectedKeysOptimized(NioEventLoop.java:655)
	at io.netty.channel.nio.NioEventLoop.processSelectedKeys(NioEventLoop.java:581)
	at io.netty.channel.nio.NioEventLoop.run(NioEventLoop.java:493)
	at io.netty.util.concurrent.SingleThreadEventExecutor$4.run(SingleThreadEventExecutor.java:989)
	at io.netty.util.internal.ThreadExecutorMap$2.run(ThreadExecutorMap.java:74)
	at io.netty.util.concurrent.FastThreadLocalRunnable.run(FastThreadLocalRunnable.java:30)
	at java.base/java.lang.Thread.run(Thread.java:829)
2026-02-24 03:03:22.397 - [WARN ] - esl
org.freeswitch.esl.client.inbound.InboundConnectionException: Could not connect to /61.158.166.43:8021
	at org.freeswitch.esl.client.inbound.Client.connect(Client.java:134)
	at cn.psycall.ccmgt.util.FreeSwitchManage.monitor(FreeSwitchManage.java:86)
	at cn.psycall.ccmgt.util.FreeSwitchManage.run(FreeSwitchManage.java:42)
Caused by: io.netty.channel.AbstractChannel$AnnotatedConnectException: Connection refused: /61.158.166.43:8021
Caused by: java.net.ConnectException: Connection refused
	at java.base/sun.nio.ch.SocketChannelImpl.checkConnect(Native Method)
	at java.base/sun.nio.ch.SocketChannelImpl.finishConnect(SocketChannelImpl.java:777)
	at io.netty.channel.socket.nio.NioSocketChannel.doFinishConnect(NioSocketChannel.java:330)
	at io.netty.channel.nio.AbstractNioChannel$AbstractNioUnsafe.finishConnect(AbstractNioChannel.java:334)
	at io.netty.channel.nio.NioEventLoop.processSelectedKey(NioEventLoop.java:707)
	at io.netty.channel.nio.NioEventLoop.processSelectedKeysOptimized(NioEventLoop.java:655)
	at io.netty.channel.nio.NioEventLoop.processSelectedKeys(NioEventLoop.java:581)
	at io.netty.channel.nio.NioEventLoop.run(NioEventLoop.java:493)
	at io.netty.util.concurrent.SingleThreadEventExecutor$4.run(SingleThreadEventExecutor.java:989)
	at io.netty.util.internal.ThreadExecutorMap$2.run(ThreadExecutorMap.java:74)
	at io.netty.util.concurrent.FastThreadLocalRunnable.run(FastThreadLocalRunnable.java:30)
	at java.base/java.lang.Thread.run(Thread.java:829)
2026-02-24 03:03:23.489 - [WARN ] - esl
org.freeswitch.esl.client.inbound.InboundConnectionException: Could not connect to /61.158.166.43:8021
	at org.freeswitch.esl.client.inbound.Client.connect(Client.java:134)
	at cn.psycall.ccmgt.util.FreeSwitchManage.monitor(FreeSwitchManage.java:86)
	at cn.psycall.ccmgt.util.FreeSwitchManage.run(FreeSwitchManage.java:42)
Caused by: io.netty.channel.AbstractChannel$AnnotatedConnectException: Connection refused: /61.158.166.43:8021
Caused by: java.net.ConnectException: Connection refused
	at java.base/sun.nio.ch.SocketChannelImpl.checkConnect(Native Method)
	at java.base/sun.nio.ch.SocketChannelImpl.finishConnect(SocketChannelImpl.java:777)
	at io.netty.channel.socket.nio.NioSocketChannel.doFinishConnect(NioSocketChannel.java:330)
	at io.netty.channel.nio.AbstractNioChannel$AbstractNioUnsafe.finishConnect(AbstractNioChannel.java:334)
	at io.netty.channel.nio.NioEventLoop.processSelectedKey(NioEventLoop.java:707)
	at io.netty.channel.nio.NioEventLoop.processSelectedKeysOptimized(NioEventLoop.java:655)
	at io.netty.channel.nio.NioEventLoop.processSelectedKeys(NioEventLoop.java:581)
	at io.netty.channel.nio.NioEventLoop.run(NioEventLoop.java:493)
	at io.netty.util.concurrent.SingleThreadEventExecutor$4.run(SingleThreadEventExecutor.java:989)
	at io.netty.util.internal.ThreadExecutorMap$2.run(ThreadExecutorMap.java:74)
	at io.netty.util.concurrent.FastThreadLocalRunnable.run(FastThreadLocalRunnable.java:30)
	at java.base/java.lang.Thread.run(Thread.java:829)
2026-02-24 03:03:24.582 - [WARN ] - esl
org.freeswitch.esl.client.inbound.InboundConnectionException: Could not connect to /61.158.166.43:8021
	at org.freeswitch.esl.client.inbound.Client.connect(Client.java:134)
	at cn.psycall.ccmgt.util.FreeSwitchManage.monitor(FreeSwitchManage.java:86)
	at cn.psycall.ccmgt.util.FreeSwitchManage.run(FreeSwitchManage.java:42)
Caused by: io.netty.channel.AbstractChannel$AnnotatedConnectException: Connection refused: /61.158.166.43:8021
Caused by: java.net.ConnectException: Connection refused
	at java.base/sun.nio.ch.SocketChannelImpl.checkConnect(Native Method)
	at java.base/sun.nio.ch.SocketChannelImpl.finishConnect(SocketChannelImpl.java:777)
	at io.netty.channel.socket.nio.NioSocketChannel.doFinishConnect(NioSocketChannel.java:330)
	at io.netty.channel.nio.AbstractNioChannel$AbstractNioUnsafe.finishConnect(AbstractNioChannel.java:334)
	at io.netty.channel.nio.NioEventLoop.processSelectedKey(NioEventLoop.java:707)
	at io.netty.channel.nio.NioEventLoop.processSelectedKeysOptimized(NioEventLoop.java:655)
	at io.netty.channel.nio.NioEventLoop.processSelectedKeys(NioEventLoop.java:581)
	at io.netty.channel.nio.NioEventLoop.run(NioEventLoop.java:493)
	at io.netty.util.concurrent.SingleThreadEventExecutor$4.run(SingleThreadEventExecutor.java:989)
	at io.netty.util.internal.ThreadExecutorMap$2.run(ThreadExecutorMap.java:74)
	at io.netty.util.concurrent.FastThreadLocalRunnable.run(FastThreadLocalRunnable.java:30)
	at java.base/java.lang.Thread.run(Thread.java:829)
2026-02-24 03:03:25.674 - [WARN ] - esl
org.freeswitch.esl.client.inbound.InboundConnectionException: Could not connect to /61.158.166.43:8021
	at org.freeswitch.esl.client.inbound.Client.connect(Client.java:134)
	at cn.psycall.ccmgt.util.FreeSwitchManage.monitor(FreeSwitchManage.java:86)
	at cn.psycall.ccmgt.util.FreeSwitchManage.run(FreeSwitchManage.java:42)
Caused by: io.netty.channel.AbstractChannel$AnnotatedConnectException: Connection refused: /61.158.166.43:8021
Caused by: java.net.ConnectException: Connection refused
	at java.base/sun.nio.ch.SocketChannelImpl.checkConnect(Native Method)
	at java.base/sun.nio.ch.SocketChannelImpl.finishConnect(SocketChannelImpl.java:777)
	at io.netty.channel.socket.nio.NioSocketChannel.doFinishConnect(NioSocketChannel.java:330)
	at io.netty.channel.nio.AbstractNioChannel$AbstractNioUnsafe.finishConnect(AbstractNioChannel.java:334)
	at io.netty.channel.nio.NioEventLoop.processSelectedKey(NioEventLoop.java:707)
	at io.netty.channel.nio.NioEventLoop.processSelectedKeysOptimized(NioEventLoop.java:655)
	at io.netty.channel.nio.NioEventLoop.processSelectedKeys(NioEventLoop.java:581)
	at io.netty.channel.nio.NioEventLoop.run(NioEventLoop.java:493)
	at io.netty.util.concurrent.SingleThreadEventExecutor$4.run(SingleThreadEventExecutor.java:989)
	at io.netty.util.internal.ThreadExecutorMap$2.run(ThreadExecutorMap.java:74)
	at io.netty.util.concurrent.FastThreadLocalRunnable.run(FastThreadLocalRunnable.java:30)
	at java.base/java.lang.Thread.run(Thread.java:829)
2026-02-24 03:03:26.764 - [WARN ] - esl
org.freeswitch.esl.client.inbound.InboundConnectionException: Could not connect to /61.158.166.43:8021
	at org.freeswitch.esl.client.inbound.Client.connect(Client.java:134)
	at cn.psycall.ccmgt.util.FreeSwitchManage.monitor(FreeSwitchManage.java:86)
	at cn.psycall.ccmgt.util.FreeSwitchManage.run(FreeSwitchManage.java:42)
Caused by: io.netty.channel.AbstractChannel$AnnotatedConnectException: Connection refused: /61.158.166.43:8021
Caused by: java.net.ConnectException: Connection refused
	at java.base/sun.nio.ch.SocketChannelImpl.checkConnect(Native Method)
	at java.base/sun.nio.ch.SocketChannelImpl.finishConnect(SocketChannelImpl.java:777)
	at io.netty.channel.socket.nio.NioSocketChannel.doFinishConnect(NioSocketChannel.java:330)
	at io.netty.channel.nio.AbstractNioChannel$AbstractNioUnsafe.finishConnect(AbstractNioChannel.java:334)
	at io.netty.channel.nio.NioEventLoop.processSelectedKey(NioEventLoop.java:707)
	at io.netty.channel.nio.NioEventLoop.processSelectedKeysOptimized(NioEventLoop.java:655)
	at io.netty.channel.nio.NioEventLoop.processSelectedKeys(NioEventLoop.java:581)
	at io.netty.channel.nio.NioEventLoop.run(NioEventLoop.java:493)
	at io.netty.util.concurrent.SingleThreadEventExecutor$4.run(SingleThreadEventExecutor.java:989)
	at io.netty.util.internal.ThreadExecutorMap$2.run(ThreadExecutorMap.java:74)
	at io.netty.util.concurrent.FastThreadLocalRunnable.run(FastThreadLocalRunnable.java:30)
	at java.base/java.lang.Thread.run(Thread.java:829)
2026-02-24 03:03:27.857 - [WARN ] - esl
org.freeswitch.esl.client.inbound.InboundConnectionException: Could not connect to /61.158.166.43:8021
	at org.freeswitch.esl.client.inbound.Client.connect(Client.java:134)
	at cn.psycall.ccmgt.util.FreeSwitchManage.monitor(FreeSwitchManage.java:86)
	at cn.psycall.ccmgt.util.FreeSwitchManage.run(FreeSwitchManage.java:42)
Caused by: io.netty.channel.AbstractChannel$AnnotatedConnectException: Connection refused: /61.158.166.43:8021
Caused by: java.net.ConnectException: Connection refused
	at java.base/sun.nio.ch.SocketChannelImpl.checkConnect(Native Method)
	at java.base/sun.nio.ch.SocketChannelImpl.finishConnect(SocketChannelImpl.java:777)
	at io.netty.channel.socket.nio.NioSocketChannel.doFinishConnect(NioSocketChannel.java:330)
	at io.netty.channel.nio.AbstractNioChannel$AbstractNioUnsafe.finishConnect(AbstractNioChannel.java:334)
	at io.netty.channel.nio.NioEventLoop.processSelectedKey(NioEventLoop.java:707)
	at io.netty.channel.nio.NioEventLoop.processSelectedKeysOptimized(NioEventLoop.java:655)
	at io.netty.channel.nio.NioEventLoop.processSelectedKeys(NioEventLoop.java:581)
	at io.netty.channel.nio.NioEventLoop.run(NioEventLoop.java:493)
	at io.netty.util.concurrent.SingleThreadEventExecutor$4.run(SingleThreadEventExecutor.java:989)
	at io.netty.util.internal.ThreadExecutorMap$2.run(ThreadExecutorMap.java:74)
	at io.netty.util.concurrent.FastThreadLocalRunnable.run(FastThreadLocalRunnable.java:30)
	at java.base/java.lang.Thread.run(Thread.java:829)
2026-02-24 03:03:28.952 - [WARN ] - esl
org.freeswitch.esl.client.inbound.InboundConnectionException: Could not connect to /61.158.166.43:8021
	at org.freeswitch.esl.client.inbound.Client.connect(Client.java:134)
	at cn.psycall.ccmgt.util.FreeSwitchManage.monitor(FreeSwitchManage.java:86)
	at cn.psycall.ccmgt.util.FreeSwitchManage.run(FreeSwitchManage.java:42)
Caused by: io.netty.channel.AbstractChannel$AnnotatedConnectException: Connection refused: /61.158.166.43:8021
Caused by: java.net.ConnectException: Connection refused
	at java.base/sun.nio.ch.SocketChannelImpl.checkConnect(Native Method)
	at java.base/sun.nio.ch.SocketChannelImpl.finishConnect(SocketChannelImpl.java:777)
	at io.netty.channel.socket.nio.NioSocketChannel.doFinishConnect(NioSocketChannel.java:330)
	at io.netty.channel.nio.AbstractNioChannel$AbstractNioUnsafe.finishConnect(AbstractNioChannel.java:334)
	at io.netty.channel.nio.NioEventLoop.processSelectedKey(NioEventLoop.java:707)
	at io.netty.channel.nio.NioEventLoop.processSelectedKeysOptimized(NioEventLoop.java:655)
	at io.netty.channel.nio.NioEventLoop.processSelectedKeys(NioEventLoop.java:581)
	at io.netty.channel.nio.NioEventLoop.run(NioEventLoop.java:493)
	at io.netty.util.concurrent.SingleThreadEventExecutor$4.run(SingleThreadEventExecutor.java:989)
	at io.netty.util.internal.ThreadExecutorMap$2.run(ThreadExecutorMap.java:74)
	at io.netty.util.concurrent.FastThreadLocalRunnable.run(FastThreadLocalRunnable.java:30)
	at java.base/java.lang.Thread.run(Thread.java:829)
2026-02-24 03:03:30.020 - [WARN ] - esl
org.freeswitch.esl.client.inbound.InboundConnectionException: Could not connect to /61.158.166.43:8021
	at org.freeswitch.esl.client.inbound.Client.connect(Client.java:134)
	at cn.psycall.ccmgt.util.FreeSwitchManage.monitor(FreeSwitchManage.java:86)
	at cn.psycall.ccmgt.util.FreeSwitchManage.run(FreeSwitchManage.java:42)
Caused by: io.netty.channel.AbstractChannel$AnnotatedConnectException: Connection refused: /61.158.166.43:8021
Caused by: java.net.ConnectException: Connection refused
	at java.base/sun.nio.ch.SocketChannelImpl.checkConnect(Native Method)
	at java.base/sun.nio.ch.SocketChannelImpl.finishConnect(SocketChannelImpl.java:777)
	at io.netty.channel.socket.nio.NioSocketChannel.doFinishConnect(NioSocketChannel.java:330)
	at io.netty.channel.nio.AbstractNioChannel$AbstractNioUnsafe.finishConnect(AbstractNioChannel.java:334)
	at io.netty.channel.nio.NioEventLoop.processSelectedKey(NioEventLoop.java:707)
	at io.netty.channel.nio.NioEventLoop.processSelectedKeysOptimized(NioEventLoop.java:655)
	at io.netty.channel.nio.NioEventLoop.processSelectedKeys(NioEventLoop.java:581)
	at io.netty.channel.nio.NioEventLoop.run(NioEventLoop.java:493)
	at io.netty.util.concurrent.SingleThreadEventExecutor$4.run(SingleThreadEventExecutor.java:989)
	at io.netty.util.internal.ThreadExecutorMap$2.run(ThreadExecutorMap.java:74)
	at io.netty.util.concurrent.FastThreadLocalRunnable.run(FastThreadLocalRunnable.java:30)
	at java.base/java.lang.Thread.run(Thread.java:829)
2026-02-24 03:03:31.113 - [WARN ] - esl
org.freeswitch.esl.client.inbound.InboundConnectionException: Could not connect to /61.158.166.43:8021
	at org.freeswitch.esl.client.inbound.Client.connect(Client.java:134)
	at cn.psycall.ccmgt.util.FreeSwitchManage.monitor(FreeSwitchManage.java:86)
	at cn.psycall.ccmgt.util.FreeSwitchManage.run(FreeSwitchManage.java:42)
Caused by: io.netty.channel.AbstractChannel$AnnotatedConnectException: Connection refused: /61.158.166.43:8021
Caused by: java.net.ConnectException: Connection refused
	at java.base/sun.nio.ch.SocketChannelImpl.checkConnect(Native Method)
	at java.base/sun.nio.ch.SocketChannelImpl.finishConnect(SocketChannelImpl.java:777)
	at io.netty.channel.socket.nio.NioSocketChannel.doFinishConnect(NioSocketChannel.java:330)
	at io.netty.channel.nio.AbstractNioChannel$AbstractNioUnsafe.finishConnect(AbstractNioChannel.java:334)
	at io.netty.channel.nio.NioEventLoop.processSelectedKey(NioEventLoop.java:707)
	at io.netty.channel.nio.NioEventLoop.processSelectedKeysOptimized(NioEventLoop.java:655)
	at io.netty.channel.nio.NioEventLoop.processSelectedKeys(NioEventLoop.java:581)
	at io.netty.channel.nio.NioEventLoop.run(NioEventLoop.java:493)
	at io.netty.util.concurrent.SingleThreadEventExecutor$4.run(SingleThreadEventExecutor.java:989)
	at io.netty.util.internal.ThreadExecutorMap$2.run(ThreadExecutorMap.java:74)
	at io.netty.util.concurrent.FastThreadLocalRunnable.run(FastThreadLocalRunnable.java:30)
	at java.base/java.lang.Thread.run(Thread.java:829)
2026-02-24 03:03:32.207 - [WARN ] - esl
org.freeswitch.esl.client.inbound.InboundConnectionException: Could not connect to /61.158.166.43:8021
	at org.freeswitch.esl.client.inbound.Client.connect(Client.java:134)
	at cn.psycall.ccmgt.util.FreeSwitchManage.monitor(FreeSwitchManage.java:86)
	at cn.psycall.ccmgt.util.FreeSwitchManage.run(FreeSwitchManage.java:42)
Caused by: io.netty.channel.AbstractChannel$AnnotatedConnectException: Connection refused: /61.158.166.43:8021
Caused by: java.net.ConnectException: Connection refused
	at java.base/sun.nio.ch.SocketChannelImpl.checkConnect(Native Method)
	at java.base/sun.nio.ch.SocketChannelImpl.finishConnect(SocketChannelImpl.java:777)
	at io.netty.channel.socket.nio.NioSocketChannel.doFinishConnect(NioSocketChannel.java:330)
	at io.netty.channel.nio.AbstractNioChannel$AbstractNioUnsafe.finishConnect(AbstractNioChannel.java:334)
	at io.netty.channel.nio.NioEventLoop.processSelectedKey(NioEventLoop.java:707)
	at io.netty.channel.nio.NioEventLoop.processSelectedKeysOptimized(NioEventLoop.java:655)
	at io.netty.channel.nio.NioEventLoop.processSelectedKeys(NioEventLoop.java:581)
	at io.netty.channel.nio.NioEventLoop.run(NioEventLoop.java:493)
	at io.netty.util.concurrent.SingleThreadEventExecutor$4.run(SingleThreadEventExecutor.java:989)
	at io.netty.util.internal.ThreadExecutorMap$2.run(ThreadExecutorMap.java:74)
	at io.netty.util.concurrent.FastThreadLocalRunnable.run(FastThreadLocalRunnable.java:30)
	at java.base/java.lang.Thread.run(Thread.java:829)
2026-02-24 03:03:33.301 - [WARN ] - esl
org.freeswitch.esl.client.inbound.InboundConnectionException: Could not connect to /61.158.166.43:8021
	at org.freeswitch.esl.client.inbound.Client.connect(Client.java:134)
	at cn.psycall.ccmgt.util.FreeSwitchManage.monitor(FreeSwitchManage.java:86)
	at cn.psycall.ccmgt.util.FreeSwitchManage.run(FreeSwitchManage.java:42)
Caused by: io.netty.channel.AbstractChannel$AnnotatedConnectException: Connection refused: /61.158.166.43:8021
Caused by: java.net.ConnectException: Connection refused
	at java.base/sun.nio.ch.SocketChannelImpl.checkConnect(Native Method)
	at java.base/sun.nio.ch.SocketChannelImpl.finishConnect(SocketChannelImpl.java:777)
	at io.netty.channel.socket.nio.NioSocketChannel.doFinishConnect(NioSocketChannel.java:330)
	at io.netty.channel.nio.AbstractNioChannel$AbstractNioUnsafe.finishConnect(AbstractNioChannel.java:334)
	at io.netty.channel.nio.NioEventLoop.processSelectedKey(NioEventLoop.java:707)
	at io.netty.channel.nio.NioEventLoop.processSelectedKeysOptimized(NioEventLoop.java:655)
	at io.netty.channel.nio.NioEventLoop.processSelectedKeys(NioEventLoop.java:581)
	at io.netty.channel.nio.NioEventLoop.run(NioEventLoop.java:493)
	at io.netty.util.concurrent.SingleThreadEventExecutor$4.run(SingleThreadEventExecutor.java:989)
	at io.netty.util.internal.ThreadExecutorMap$2.run(ThreadExecutorMap.java:74)
	at io.netty.util.concurrent.FastThreadLocalRunnable.run(FastThreadLocalRunnable.java:30)
	at java.base/java.lang.Thread.run(Thread.java:829)
2026-02-24 03:03:34.400 - [WARN ] - esl
org.freeswitch.esl.client.inbound.InboundConnectionException: Could not connect to /61.158.166.43:8021
	at org.freeswitch.esl.client.inbound.Client.connect(Client.java:134)
	at cn.psycall.ccmgt.util.FreeSwitchManage.monitor(FreeSwitchManage.java:86)
	at cn.psycall.ccmgt.util.FreeSwitchManage.run(FreeSwitchManage.java:42)
Caused by: io.netty.channel.AbstractChannel$AnnotatedConnectException: Connection refused: /61.158.166.43:8021
Caused by: java.net.ConnectException: Connection refused
	at java.base/sun.nio.ch.SocketChannelImpl.checkConnect(Native Method)
	at java.base/sun.nio.ch.SocketChannelImpl.finishConnect(SocketChannelImpl.java:777)
	at io.netty.channel.socket.nio.NioSocketChannel.doFinishConnect(NioSocketChannel.java:330)
	at io.netty.channel.nio.AbstractNioChannel$AbstractNioUnsafe.finishConnect(AbstractNioChannel.java:334)
	at io.netty.channel.nio.NioEventLoop.processSelectedKey(NioEventLoop.java:707)
	at io.netty.channel.nio.NioEventLoop.processSelectedKeysOptimized(NioEventLoop.java:655)
	at io.netty.channel.nio.NioEventLoop.processSelectedKeys(NioEventLoop.java:581)
	at io.netty.channel.nio.NioEventLoop.run(NioEventLoop.java:493)
	at io.netty.util.concurrent.SingleThreadEventExecutor$4.run(SingleThreadEventExecutor.java:989)
	at io.netty.util.internal.ThreadExecutorMap$2.run(ThreadExecutorMap.java:74)
	at io.netty.util.concurrent.FastThreadLocalRunnable.run(FastThreadLocalRunnable.java:30)
	at java.base/java.lang.Thread.run(Thread.java:829)
2026-02-24 03:03:35.503 - [WARN ] - esl
org.freeswitch.esl.client.inbound.InboundConnectionException: Could not connect to /61.158.166.43:8021
	at org.freeswitch.esl.client.inbound.Client.connect(Client.java:134)
	at cn.psycall.ccmgt.util.FreeSwitchManage.monitor(FreeSwitchManage.java:86)
	at cn.psycall.ccmgt.util.FreeSwitchManage.run(FreeSwitchManage.java:42)
Caused by: io.netty.channel.AbstractChannel$AnnotatedConnectException: Connection refused: /61.158.166.43:8021
Caused by: java.net.ConnectException: Connection refused
	at java.base/sun.nio.ch.SocketChannelImpl.checkConnect(Native Method)
	at java.base/sun.nio.ch.SocketChannelImpl.finishConnect(SocketChannelImpl.java:777)
	at io.netty.channel.socket.nio.NioSocketChannel.doFinishConnect(NioSocketChannel.java:330)
	at io.netty.channel.nio.AbstractNioChannel$AbstractNioUnsafe.finishConnect(AbstractNioChannel.java:334)
	at io.netty.channel.nio.NioEventLoop.processSelectedKey(NioEventLoop.java:707)
	at io.netty.channel.nio.NioEventLoop.processSelectedKeysOptimized(NioEventLoop.java:655)
	at io.netty.channel.nio.NioEventLoop.processSelectedKeys(NioEventLoop.java:581)
	at io.netty.channel.nio.NioEventLoop.run(NioEventLoop.java:493)
	at io.netty.util.concurrent.SingleThreadEventExecutor$4.run(SingleThreadEventExecutor.java:989)
	at io.netty.util.internal.ThreadExecutorMap$2.run(ThreadExecutorMap.java:74)
	at io.netty.util.concurrent.FastThreadLocalRunnable.run(FastThreadLocalRunnable.java:30)
	at java.base/java.lang.Thread.run(Thread.java:829)
2026-02-24 03:03:36.599 - [WARN ] - esl
org.freeswitch.esl.client.inbound.InboundConnectionException: Could not connect to /61.158.166.43:8021
	at org.freeswitch.esl.client.inbound.Client.connect(Client.java:134)
	at cn.psycall.ccmgt.util.FreeSwitchManage.monitor(FreeSwitchManage.java:86)
	at cn.psycall.ccmgt.util.FreeSwitchManage.run(FreeSwitchManage.java:42)
Caused by: io.netty.channel.AbstractChannel$AnnotatedConnectException: Connection refused: /61.158.166.43:8021
Caused by: java.net.ConnectException: Connection refused
	at java.base/sun.nio.ch.SocketChannelImpl.checkConnect(Native Method)
	at java.base/sun.nio.ch.SocketChannelImpl.finishConnect(SocketChannelImpl.java:777)
	at io.netty.channel.socket.nio.NioSocketChannel.doFinishConnect(NioSocketChannel.java:330)
	at io.netty.channel.nio.AbstractNioChannel$AbstractNioUnsafe.finishConnect(AbstractNioChannel.java:334)
	at io.netty.channel.nio.NioEventLoop.processSelectedKey(NioEventLoop.java:707)
	at io.netty.channel.nio.NioEventLoop.processSelectedKeysOptimized(NioEventLoop.java:655)
	at io.netty.channel.nio.NioEventLoop.processSelectedKeys(NioEventLoop.java:581)
	at io.netty.channel.nio.NioEventLoop.run(NioEventLoop.java:493)
	at io.netty.util.concurrent.SingleThreadEventExecutor$4.run(SingleThreadEventExecutor.java:989)
	at io.netty.util.internal.ThreadExecutorMap$2.run(ThreadExecutorMap.java:74)
	at io.netty.util.concurrent.FastThreadLocalRunnable.run(FastThreadLocalRunnable.java:30)
	at java.base/java.lang.Thread.run(Thread.java:829)
2026-02-24 03:03:37.684 - [WARN ] - esl
org.freeswitch.esl.client.inbound.InboundConnectionException: Could not connect to /61.158.166.43:8021
	at org.freeswitch.esl.client.inbound.Client.connect(Client.java:134)
	at cn.psycall.ccmgt.util.FreeSwitchManage.monitor(FreeSwitchManage.java:86)
	at cn.psycall.ccmgt.util.FreeSwitchManage.run(FreeSwitchManage.java:42)
Caused by: io.netty.channel.AbstractChannel$AnnotatedConnectException: Connection refused: /61.158.166.43:8021
Caused by: java.net.ConnectException: Connection refused
	at java.base/sun.nio.ch.SocketChannelImpl.checkConnect(Native Method)
	at java.base/sun.nio.ch.SocketChannelImpl.finishConnect(SocketChannelImpl.java:777)
	at io.netty.channel.socket.nio.NioSocketChannel.doFinishConnect(NioSocketChannel.java:330)
	at io.netty.channel.nio.AbstractNioChannel$AbstractNioUnsafe.finishConnect(AbstractNioChannel.java:334)
	at io.netty.channel.nio.NioEventLoop.processSelectedKey(NioEventLoop.java:707)
	at io.netty.channel.nio.NioEventLoop.processSelectedKeysOptimized(NioEventLoop.java:655)
	at io.netty.channel.nio.NioEventLoop.processSelectedKeys(NioEventLoop.java:581)
	at io.netty.channel.nio.NioEventLoop.run(NioEventLoop.java:493)
	at io.netty.util.concurrent.SingleThreadEventExecutor$4.run(SingleThreadEventExecutor.java:989)
	at io.netty.util.internal.ThreadExecutorMap$2.run(ThreadExecutorMap.java:74)
	at io.netty.util.concurrent.FastThreadLocalRunnable.run(FastThreadLocalRunnable.java:30)
	at java.base/java.lang.Thread.run(Thread.java:829)
2026-02-24 03:03:38.761 - [WARN ] - esl
org.freeswitch.esl.client.inbound.InboundConnectionException: Could not connect to /61.158.166.43:8021
	at org.freeswitch.esl.client.inbound.Client.connect(Client.java:134)
	at cn.psycall.ccmgt.util.FreeSwitchManage.monitor(FreeSwitchManage.java:86)
	at cn.psycall.ccmgt.util.FreeSwitchManage.run(FreeSwitchManage.java:42)
Caused by: io.netty.channel.AbstractChannel$AnnotatedConnectException: Connection refused: /61.158.166.43:8021
Caused by: java.net.ConnectException: Connection refused
	at java.base/sun.nio.ch.SocketChannelImpl.checkConnect(Native Method)
	at java.base/sun.nio.ch.SocketChannelImpl.finishConnect(SocketChannelImpl.java:777)
	at io.netty.channel.socket.nio.NioSocketChannel.doFinishConnect(NioSocketChannel.java:330)
	at io.netty.channel.nio.AbstractNioChannel$AbstractNioUnsafe.finishConnect(AbstractNioChannel.java:334)
	at io.netty.channel.nio.NioEventLoop.processSelectedKey(NioEventLoop.java:707)
	at io.netty.channel.nio.NioEventLoop.processSelectedKeysOptimized(NioEventLoop.java:655)
	at io.netty.channel.nio.NioEventLoop.processSelectedKeys(NioEventLoop.java:581)
	at io.netty.channel.nio.NioEventLoop.run(NioEventLoop.java:493)
	at io.netty.util.concurrent.SingleThreadEventExecutor$4.run(SingleThreadEventExecutor.java:989)
	at io.netty.util.internal.ThreadExecutorMap$2.run(ThreadExecutorMap.java:74)
	at io.netty.util.concurrent.FastThreadLocalRunnable.run(FastThreadLocalRunnable.java:30)
	at java.base/java.lang.Thread.run(Thread.java:829)
2026-02-24 03:03:39.836 - [WARN ] - esl
org.freeswitch.esl.client.inbound.InboundConnectionException: Could not connect to /61.158.166.43:8021
	at org.freeswitch.esl.client.inbound.Client.connect(Client.java:134)
	at cn.psycall.ccmgt.util.FreeSwitchManage.monitor(FreeSwitchManage.java:86)
	at cn.psycall.ccmgt.util.FreeSwitchManage.run(FreeSwitchManage.java:42)
Caused by: io.netty.channel.AbstractChannel$AnnotatedConnectException: Connection refused: /61.158.166.43:8021
Caused by: java.net.ConnectException: Connection refused
	at java.base/sun.nio.ch.SocketChannelImpl.checkConnect(Native Method)
	at java.base/sun.nio.ch.SocketChannelImpl.finishConnect(SocketChannelImpl.java:777)
	at io.netty.channel.socket.nio.NioSocketChannel.doFinishConnect(NioSocketChannel.java:330)
	at io.netty.channel.nio.AbstractNioChannel$AbstractNioUnsafe.finishConnect(AbstractNioChannel.java:334)
	at io.netty.channel.nio.NioEventLoop.processSelectedKey(NioEventLoop.java:707)
	at io.netty.channel.nio.NioEventLoop.processSelectedKeysOptimized(NioEventLoop.java:655)
	at io.netty.channel.nio.NioEventLoop.processSelectedKeys(NioEventLoop.java:581)
	at io.netty.channel.nio.NioEventLoop.run(NioEventLoop.java:493)
	at io.netty.util.concurrent.SingleThreadEventExecutor$4.run(SingleThreadEventExecutor.java:989)
	at io.netty.util.internal.ThreadExecutorMap$2.run(ThreadExecutorMap.java:74)
	at io.netty.util.concurrent.FastThreadLocalRunnable.run(FastThreadLocalRunnable.java:30)
	at java.base/java.lang.Thread.run(Thread.java:829)
2026-02-24 03:03:40.927 - [WARN ] - esl
org.freeswitch.esl.client.inbound.InboundConnectionException: Could not connect to /61.158.166.43:8021
	at org.freeswitch.esl.client.inbound.Client.connect(Client.java:134)
	at cn.psycall.ccmgt.util.FreeSwitchManage.monitor(FreeSwitchManage.java:86)
	at cn.psycall.ccmgt.util.FreeSwitchManage.run(FreeSwitchManage.java:42)
Caused by: io.netty.channel.AbstractChannel$AnnotatedConnectException: Connection refused: /61.158.166.43:8021
Caused by: java.net.ConnectException: Connection refused
	at java.base/sun.nio.ch.SocketChannelImpl.checkConnect(Native Method)
	at java.base/sun.nio.ch.SocketChannelImpl.finishConnect(SocketChannelImpl.java:777)
	at io.netty.channel.socket.nio.NioSocketChannel.doFinishConnect(NioSocketChannel.java:330)
	at io.netty.channel.nio.AbstractNioChannel$AbstractNioUnsafe.finishConnect(AbstractNioChannel.java:334)
	at io.netty.channel.nio.NioEventLoop.processSelectedKey(NioEventLoop.java:707)
	at io.netty.channel.nio.NioEventLoop.processSelectedKeysOptimized(NioEventLoop.java:655)
	at io.netty.channel.nio.NioEventLoop.processSelectedKeys(NioEventLoop.java:581)
	at io.netty.channel.nio.NioEventLoop.run(NioEventLoop.java:493)
	at io.netty.util.concurrent.SingleThreadEventExecutor$4.run(SingleThreadEventExecutor.java:989)
	at io.netty.util.internal.ThreadExecutorMap$2.run(ThreadExecutorMap.java:74)
	at io.netty.util.concurrent.FastThreadLocalRunnable.run(FastThreadLocalRunnable.java:30)
	at java.base/java.lang.Thread.run(Thread.java:829)
2026-02-24 03:03:42.000 - [WARN ] - esl
org.freeswitch.esl.client.inbound.InboundConnectionException: Could not connect to /61.158.166.43:8021
	at org.freeswitch.esl.client.inbound.Client.connect(Client.java:134)
	at cn.psycall.ccmgt.util.FreeSwitchManage.monitor(FreeSwitchManage.java:86)
	at cn.psycall.ccmgt.util.FreeSwitchManage.run(FreeSwitchManage.java:42)
Caused by: io.netty.channel.AbstractChannel$AnnotatedConnectException: Connection refused: /61.158.166.43:8021
Caused by: java.net.ConnectException: Connection refused
	at java.base/sun.nio.ch.SocketChannelImpl.checkConnect(Native Method)
	at java.base/sun.nio.ch.SocketChannelImpl.finishConnect(SocketChannelImpl.java:777)
	at io.netty.channel.socket.nio.NioSocketChannel.doFinishConnect(NioSocketChannel.java:330)
	at io.netty.channel.nio.AbstractNioChannel$AbstractNioUnsafe.finishConnect(AbstractNioChannel.java:334)
	at io.netty.channel.nio.NioEventLoop.processSelectedKey(NioEventLoop.java:707)
	at io.netty.channel.nio.NioEventLoop.processSelectedKeysOptimized(NioEventLoop.java:655)
	at io.netty.channel.nio.NioEventLoop.processSelectedKeys(NioEventLoop.java:581)
	at io.netty.channel.nio.NioEventLoop.run(NioEventLoop.java:493)
	at io.netty.util.concurrent.SingleThreadEventExecutor$4.run(SingleThreadEventExecutor.java:989)
	at io.netty.util.internal.ThreadExecutorMap$2.run(ThreadExecutorMap.java:74)
	at io.netty.util.concurrent.FastThreadLocalRunnable.run(FastThreadLocalRunnable.java:30)
	at java.base/java.lang.Thread.run(Thread.java:829)
2026-02-24 03:03:43.090 - [WARN ] - esl
org.freeswitch.esl.client.inbound.InboundConnectionException: Could not connect to /61.158.166.43:8021
	at org.freeswitch.esl.client.inbound.Client.connect(Client.java:134)
	at cn.psycall.ccmgt.util.FreeSwitchManage.monitor(FreeSwitchManage.java:86)
	at cn.psycall.ccmgt.util.FreeSwitchManage.run(FreeSwitchManage.java:42)
Caused by: io.netty.channel.AbstractChannel$AnnotatedConnectException: Connection refused: /61.158.166.43:8021
Caused by: java.net.ConnectException: Connection refused
	at java.base/sun.nio.ch.SocketChannelImpl.checkConnect(Native Method)
	at java.base/sun.nio.ch.SocketChannelImpl.finishConnect(SocketChannelImpl.java:777)
	at io.netty.channel.socket.nio.NioSocketChannel.doFinishConnect(NioSocketChannel.java:330)
	at io.netty.channel.nio.AbstractNioChannel$AbstractNioUnsafe.finishConnect(AbstractNioChannel.java:334)
	at io.netty.channel.nio.NioEventLoop.processSelectedKey(NioEventLoop.java:707)
	at io.netty.channel.nio.NioEventLoop.processSelectedKeysOptimized(NioEventLoop.java:655)
	at io.netty.channel.nio.NioEventLoop.processSelectedKeys(NioEventLoop.java:581)
	at io.netty.channel.nio.NioEventLoop.run(NioEventLoop.java:493)
	at io.netty.util.concurrent.SingleThreadEventExecutor$4.run(SingleThreadEventExecutor.java:989)
	at io.netty.util.internal.ThreadExecutorMap$2.run(ThreadExecutorMap.java:74)
	at io.netty.util.concurrent.FastThreadLocalRunnable.run(FastThreadLocalRunnable.java:30)
	at java.base/java.lang.Thread.run(Thread.java:829)
2026-02-24 03:03:44.179 - [WARN ] - esl
org.freeswitch.esl.client.inbound.InboundConnectionException: Could not connect to /61.158.166.43:8021
	at org.freeswitch.esl.client.inbound.Client.connect(Client.java:134)
	at cn.psycall.ccmgt.util.FreeSwitchManage.monitor(FreeSwitchManage.java:86)
	at cn.psycall.ccmgt.util.FreeSwitchManage.run(FreeSwitchManage.java:42)
Caused by: io.netty.channel.AbstractChannel$AnnotatedConnectException: Connection refused: /61.158.166.43:8021
Caused by: java.net.ConnectException: Connection refused
	at java.base/sun.nio.ch.SocketChannelImpl.checkConnect(Native Method)
	at java.base/sun.nio.ch.SocketChannelImpl.finishConnect(SocketChannelImpl.java:777)
	at io.netty.channel.socket.nio.NioSocketChannel.doFinishConnect(NioSocketChannel.java:330)
	at io.netty.channel.nio.AbstractNioChannel$AbstractNioUnsafe.finishConnect(AbstractNioChannel.java:334)
	at io.netty.channel.nio.NioEventLoop.processSelectedKey(NioEventLoop.java:707)
	at io.netty.channel.nio.NioEventLoop.processSelectedKeysOptimized(NioEventLoop.java:655)
	at io.netty.channel.nio.NioEventLoop.processSelectedKeys(NioEventLoop.java:581)
	at io.netty.channel.nio.NioEventLoop.run(NioEventLoop.java:493)
	at io.netty.util.concurrent.SingleThreadEventExecutor$4.run(SingleThreadEventExecutor.java:989)
	at io.netty.util.internal.ThreadExecutorMap$2.run(ThreadExecutorMap.java:74)
	at io.netty.util.concurrent.FastThreadLocalRunnable.run(FastThreadLocalRunnable.java:30)
	at java.base/java.lang.Thread.run(Thread.java:829)
2026-02-24 03:03:45.254 - [WARN ] - esl
org.freeswitch.esl.client.inbound.InboundConnectionException: Could not connect to /61.158.166.43:8021
	at org.freeswitch.esl.client.inbound.Client.connect(Client.java:134)
	at cn.psycall.ccmgt.util.FreeSwitchManage.monitor(FreeSwitchManage.java:86)
	at cn.psycall.ccmgt.util.FreeSwitchManage.run(FreeSwitchManage.java:42)
Caused by: io.netty.channel.AbstractChannel$AnnotatedConnectException: Connection refused: /61.158.166.43:8021
Caused by: java.net.ConnectException: Connection refused
	at java.base/sun.nio.ch.SocketChannelImpl.checkConnect(Native Method)
	at java.base/sun.nio.ch.SocketChannelImpl.finishConnect(SocketChannelImpl.java:777)
	at io.netty.channel.socket.nio.NioSocketChannel.doFinishConnect(NioSocketChannel.java:330)
	at io.netty.channel.nio.AbstractNioChannel$AbstractNioUnsafe.finishConnect(AbstractNioChannel.java:334)
	at io.netty.channel.nio.NioEventLoop.processSelectedKey(NioEventLoop.java:707)
	at io.netty.channel.nio.NioEventLoop.processSelectedKeysOptimized(NioEventLoop.java:655)
	at io.netty.channel.nio.NioEventLoop.processSelectedKeys(NioEventLoop.java:581)
	at io.netty.channel.nio.NioEventLoop.run(NioEventLoop.java:493)
	at io.netty.util.concurrent.SingleThreadEventExecutor$4.run(SingleThreadEventExecutor.java:989)
	at io.netty.util.internal.ThreadExecutorMap$2.run(ThreadExecutorMap.java:74)
	at io.netty.util.concurrent.FastThreadLocalRunnable.run(FastThreadLocalRunnable.java:30)
	at java.base/java.lang.Thread.run(Thread.java:829)
2026-02-24 03:03:46.335 - [WARN ] - esl
org.freeswitch.esl.client.inbound.InboundConnectionException: Could not connect to /61.158.166.43:8021
	at org.freeswitch.esl.client.inbound.Client.connect(Client.java:134)
	at cn.psycall.ccmgt.util.FreeSwitchManage.monitor(FreeSwitchManage.java:86)
	at cn.psycall.ccmgt.util.FreeSwitchManage.run(FreeSwitchManage.java:42)
Caused by: io.netty.channel.AbstractChannel$AnnotatedConnectException: Connection refused: /61.158.166.43:8021
Caused by: java.net.ConnectException: Connection refused
	at java.base/sun.nio.ch.SocketChannelImpl.checkConnect(Native Method)
	at java.base/sun.nio.ch.SocketChannelImpl.finishConnect(SocketChannelImpl.java:777)
	at io.netty.channel.socket.nio.NioSocketChannel.doFinishConnect(NioSocketChannel.java:330)
	at io.netty.channel.nio.AbstractNioChannel$AbstractNioUnsafe.finishConnect(AbstractNioChannel.java:334)
	at io.netty.channel.nio.NioEventLoop.processSelectedKey(NioEventLoop.java:707)
	at io.netty.channel.nio.NioEventLoop.processSelectedKeysOptimized(NioEventLoop.java:655)
	at io.netty.channel.nio.NioEventLoop.processSelectedKeys(NioEventLoop.java:581)
	at io.netty.channel.nio.NioEventLoop.run(NioEventLoop.java:493)
	at io.netty.util.concurrent.SingleThreadEventExecutor$4.run(SingleThreadEventExecutor.java:989)
	at io.netty.util.internal.ThreadExecutorMap$2.run(ThreadExecutorMap.java:74)
	at io.netty.util.concurrent.FastThreadLocalRunnable.run(FastThreadLocalRunnable.java:30)
	at java.base/java.lang.Thread.run(Thread.java:829)
2026-02-24 03:03:47.411 - [WARN ] - esl
org.freeswitch.esl.client.inbound.InboundConnectionException: Could not connect to /61.158.166.43:8021
	at org.freeswitch.esl.client.inbound.Client.connect(Client.java:134)
	at cn.psycall.ccmgt.util.FreeSwitchManage.monitor(FreeSwitchManage.java:86)
	at cn.psycall.ccmgt.util.FreeSwitchManage.run(FreeSwitchManage.java:42)
Caused by: io.netty.channel.AbstractChannel$AnnotatedConnectException: Connection refused: /61.158.166.43:8021
Caused by: java.net.ConnectException: Connection refused
	at java.base/sun.nio.ch.SocketChannelImpl.checkConnect(Native Method)
	at java.base/sun.nio.ch.SocketChannelImpl.finishConnect(SocketChannelImpl.java:777)
	at io.netty.channel.socket.nio.NioSocketChannel.doFinishConnect(NioSocketChannel.java:330)
	at io.netty.channel.nio.AbstractNioChannel$AbstractNioUnsafe.finishConnect(AbstractNioChannel.java:334)
	at io.netty.channel.nio.NioEventLoop.processSelectedKey(NioEventLoop.java:707)
	at io.netty.channel.nio.NioEventLoop.processSelectedKeysOptimized(NioEventLoop.java:655)
	at io.netty.channel.nio.NioEventLoop.processSelectedKeys(NioEventLoop.java:581)
	at io.netty.channel.nio.NioEventLoop.run(NioEventLoop.java:493)
	at io.netty.util.concurrent.SingleThreadEventExecutor$4.run(SingleThreadEventExecutor.java:989)
	at io.netty.util.internal.ThreadExecutorMap$2.run(ThreadExecutorMap.java:74)
	at io.netty.util.concurrent.FastThreadLocalRunnable.run(FastThreadLocalRunnable.java:30)
	at java.base/java.lang.Thread.run(Thread.java:829)
2026-02-24 03:03:48.488 - [WARN ] - esl
org.freeswitch.esl.client.inbound.InboundConnectionException: Could not connect to /61.158.166.43:8021
	at org.freeswitch.esl.client.inbound.Client.connect(Client.java:134)
	at cn.psycall.ccmgt.util.FreeSwitchManage.monitor(FreeSwitchManage.java:86)
	at cn.psycall.ccmgt.util.FreeSwitchManage.run(FreeSwitchManage.java:42)
Caused by: io.netty.channel.AbstractChannel$AnnotatedConnectException: Connection refused: /61.158.166.43:8021
Caused by: java.net.ConnectException: Connection refused
	at java.base/sun.nio.ch.SocketChannelImpl.checkConnect(Native Method)
	at java.base/sun.nio.ch.SocketChannelImpl.finishConnect(SocketChannelImpl.java:777)
	at io.netty.channel.socket.nio.NioSocketChannel.doFinishConnect(NioSocketChannel.java:330)
	at io.netty.channel.nio.AbstractNioChannel$AbstractNioUnsafe.finishConnect(AbstractNioChannel.java:334)
	at io.netty.channel.nio.NioEventLoop.processSelectedKey(NioEventLoop.java:707)
	at io.netty.channel.nio.NioEventLoop.processSelectedKeysOptimized(NioEventLoop.java:655)
	at io.netty.channel.nio.NioEventLoop.processSelectedKeys(NioEventLoop.java:581)
	at io.netty.channel.nio.NioEventLoop.run(NioEventLoop.java:493)
	at io.netty.util.concurrent.SingleThreadEventExecutor$4.run(SingleThreadEventExecutor.java:989)
	at io.netty.util.internal.ThreadExecutorMap$2.run(ThreadExecutorMap.java:74)
	at io.netty.util.concurrent.FastThreadLocalRunnable.run(FastThreadLocalRunnable.java:30)
	at java.base/java.lang.Thread.run(Thread.java:829)
2026-02-24 03:03:49.566 - [WARN ] - esl
org.freeswitch.esl.client.inbound.InboundConnectionException: Could not connect to /61.158.166.43:8021
	at org.freeswitch.esl.client.inbound.Client.connect(Client.java:134)
	at cn.psycall.ccmgt.util.FreeSwitchManage.monitor(FreeSwitchManage.java:86)
	at cn.psycall.ccmgt.util.FreeSwitchManage.run(FreeSwitchManage.java:42)
Caused by: io.netty.channel.AbstractChannel$AnnotatedConnectException: Connection refused: /61.158.166.43:8021
Caused by: java.net.ConnectException: Connection refused
	at java.base/sun.nio.ch.SocketChannelImpl.checkConnect(Native Method)
	at java.base/sun.nio.ch.SocketChannelImpl.finishConnect(SocketChannelImpl.java:777)
	at io.netty.channel.socket.nio.NioSocketChannel.doFinishConnect(NioSocketChannel.java:330)
	at io.netty.channel.nio.AbstractNioChannel$AbstractNioUnsafe.finishConnect(AbstractNioChannel.java:334)
	at io.netty.channel.nio.NioEventLoop.processSelectedKey(NioEventLoop.java:707)
	at io.netty.channel.nio.NioEventLoop.processSelectedKeysOptimized(NioEventLoop.java:655)
	at io.netty.channel.nio.NioEventLoop.processSelectedKeys(NioEventLoop.java:581)
	at io.netty.channel.nio.NioEventLoop.run(NioEventLoop.java:493)
	at io.netty.util.concurrent.SingleThreadEventExecutor$4.run(SingleThreadEventExecutor.java:989)
	at io.netty.util.internal.ThreadExecutorMap$2.run(ThreadExecutorMap.java:74)
	at io.netty.util.concurrent.FastThreadLocalRunnable.run(FastThreadLocalRunnable.java:30)
	at java.base/java.lang.Thread.run(Thread.java:829)
2026-02-24 03:03:49.573 - [INFO ] - ESL Client Disconnect ..(61.158.166.44:8021)
2026-02-24 03:03:50.815 - [WARN ] - esl
org.freeswitch.esl.client.inbound.InboundConnectionException: Could not connect to /61.158.166.43:8021
	at org.freeswitch.esl.client.inbound.Client.connect(Client.java:134)
	at cn.psycall.ccmgt.util.FreeSwitchManage.monitor(FreeSwitchManage.java:86)
	at cn.psycall.ccmgt.util.FreeSwitchManage.run(FreeSwitchManage.java:42)
Caused by: io.netty.channel.AbstractChannel$AnnotatedConnectException: Connection refused: /61.158.166.43:8021
Caused by: java.net.ConnectException: Connection refused
	at java.base/sun.nio.ch.SocketChannelImpl.checkConnect(Native Method)
	at java.base/sun.nio.ch.SocketChannelImpl.finishConnect(SocketChannelImpl.java:777)
	at io.netty.channel.socket.nio.NioSocketChannel.doFinishConnect(NioSocketChannel.java:330)
	at io.netty.channel.nio.AbstractNioChannel$AbstractNioUnsafe.finishConnect(AbstractNioChannel.java:334)
	at io.netty.channel.nio.NioEventLoop.processSelectedKey(NioEventLoop.java:707)
	at io.netty.channel.nio.NioEventLoop.processSelectedKeysOptimized(NioEventLoop.java:655)
	at io.netty.channel.nio.NioEventLoop.processSelectedKeys(NioEventLoop.java:581)
	at io.netty.channel.nio.NioEventLoop.run(NioEventLoop.java:493)
	at io.netty.util.concurrent.SingleThreadEventExecutor$4.run(SingleThreadEventExecutor.java:989)
	at io.netty.util.internal.ThreadExecutorMap$2.run(ThreadExecutorMap.java:74)
	at io.netty.util.concurrent.FastThreadLocalRunnable.run(FastThreadLocalRunnable.java:30)
	at java.base/java.lang.Thread.run(Thread.java:829)
2026-02-24 03:03:50.928 - [WARN ] - esl
org.freeswitch.esl.client.inbound.InboundConnectionException: Could not connect to /61.158.166.44:8021
	at org.freeswitch.esl.client.inbound.Client.connect(Client.java:134)
	at cn.psycall.ccmgt.util.FreeSwitchManage.monitor(FreeSwitchManage.java:86)
	at cn.psycall.ccmgt.util.FreeSwitchManage.run(FreeSwitchManage.java:42)
Caused by: io.netty.channel.AbstractChannel$AnnotatedConnectException: Connection refused: /61.158.166.44:8021
Caused by: java.net.ConnectException: Connection refused
	at java.base/sun.nio.ch.SocketChannelImpl.checkConnect(Native Method)
	at java.base/sun.nio.ch.SocketChannelImpl.finishConnect(SocketChannelImpl.java:777)
	at io.netty.channel.socket.nio.NioSocketChannel.doFinishConnect(NioSocketChannel.java:330)
	at io.netty.channel.nio.AbstractNioChannel$AbstractNioUnsafe.finishConnect(AbstractNioChannel.java:334)
	at io.netty.channel.nio.NioEventLoop.processSelectedKey(NioEventLoop.java:707)
	at io.netty.channel.nio.NioEventLoop.processSelectedKeysOptimized(NioEventLoop.java:655)
	at io.netty.channel.nio.NioEventLoop.processSelectedKeys(NioEventLoop.java:581)
	at io.netty.channel.nio.NioEventLoop.run(NioEventLoop.java:493)
	at io.netty.util.concurrent.SingleThreadEventExecutor$4.run(SingleThreadEventExecutor.java:989)
	at io.netty.util.internal.ThreadExecutorMap$2.run(ThreadExecutorMap.java:74)
	at io.netty.util.concurrent.FastThreadLocalRunnable.run(FastThreadLocalRunnable.java:30)
	at java.base/java.lang.Thread.run(Thread.java:829)
2026-02-24 03:03:52.094 - [WARN ] - esl
org.freeswitch.esl.client.inbound.InboundConnectionException: Could not connect to /61.158.166.43:8021
	at org.freeswitch.esl.client.inbound.Client.connect(Client.java:134)
	at cn.psycall.ccmgt.util.FreeSwitchManage.monitor(FreeSwitchManage.java:86)
	at cn.psycall.ccmgt.util.FreeSwitchManage.run(FreeSwitchManage.java:42)
Caused by: io.netty.channel.AbstractChannel$AnnotatedConnectException: Connection refused: /61.158.166.43:8021
Caused by: java.net.ConnectException: Connection refused
	at java.base/sun.nio.ch.SocketChannelImpl.checkConnect(Native Method)
	at java.base/sun.nio.ch.SocketChannelImpl.finishConnect(SocketChannelImpl.java:777)
	at io.netty.channel.socket.nio.NioSocketChannel.doFinishConnect(NioSocketChannel.java:330)
	at io.netty.channel.nio.AbstractNioChannel$AbstractNioUnsafe.finishConnect(AbstractNioChannel.java:334)
	at io.netty.channel.nio.NioEventLoop.processSelectedKey(NioEventLoop.java:707)
	at io.netty.channel.nio.NioEventLoop.processSelectedKeysOptimized(NioEventLoop.java:655)
	at io.netty.channel.nio.NioEventLoop.processSelectedKeys(NioEventLoop.java:581)
	at io.netty.channel.nio.NioEventLoop.run(NioEventLoop.java:493)
	at io.netty.util.concurrent.SingleThreadEventExecutor$4.run(SingleThreadEventExecutor.java:989)
	at io.netty.util.internal.ThreadExecutorMap$2.run(ThreadExecutorMap.java:74)
	at io.netty.util.concurrent.FastThreadLocalRunnable.run(FastThreadLocalRunnable.java:30)
	at java.base/java.lang.Thread.run(Thread.java:829)
2026-02-24 03:03:52.205 - [WARN ] - esl
org.freeswitch.esl.client.inbound.InboundConnectionException: Could not connect to /61.158.166.44:8021
	at org.freeswitch.esl.client.inbound.Client.connect(Client.java:134)
	at cn.psycall.ccmgt.util.FreeSwitchManage.monitor(FreeSwitchManage.java:86)
	at cn.psycall.ccmgt.util.FreeSwitchManage.run(FreeSwitchManage.java:42)
Caused by: io.netty.channel.AbstractChannel$AnnotatedConnectException: Connection refused: /61.158.166.44:8021
Caused by: java.net.ConnectException: Connection refused
	at java.base/sun.nio.ch.SocketChannelImpl.checkConnect(Native Method)
	at java.base/sun.nio.ch.SocketChannelImpl.finishConnect(SocketChannelImpl.java:777)
	at io.netty.channel.socket.nio.NioSocketChannel.doFinishConnect(NioSocketChannel.java:330)
	at io.netty.channel.nio.AbstractNioChannel$AbstractNioUnsafe.finishConnect(AbstractNioChannel.java:334)
	at io.netty.channel.nio.NioEventLoop.processSelectedKey(NioEventLoop.java:707)
	at io.netty.channel.nio.NioEventLoop.processSelectedKeysOptimized(NioEventLoop.java:655)
	at io.netty.channel.nio.NioEventLoop.processSelectedKeys(NioEventLoop.java:581)
	at io.netty.channel.nio.NioEventLoop.run(NioEventLoop.java:493)
	at io.netty.util.concurrent.SingleThreadEventExecutor$4.run(SingleThreadEventExecutor.java:989)
	at io.netty.util.internal.ThreadExecutorMap$2.run(ThreadExecutorMap.java:74)
	at io.netty.util.concurrent.FastThreadLocalRunnable.run(FastThreadLocalRunnable.java:30)
	at java.base/java.lang.Thread.run(Thread.java:829)
2026-02-24 03:03:53.303 - [WARN ] - esl
org.freeswitch.esl.client.inbound.InboundConnectionException: Could not connect to /61.158.166.43:8021
	at org.freeswitch.esl.client.inbound.Client.connect(Client.java:134)
	at cn.psycall.ccmgt.util.FreeSwitchManage.monitor(FreeSwitchManage.java:86)
	at cn.psycall.ccmgt.util.FreeSwitchManage.run(FreeSwitchManage.java:42)
Caused by: io.netty.channel.AbstractChannel$AnnotatedConnectException: Connection refused: /61.158.166.43:8021
Caused by: java.net.ConnectException: Connection refused
	at java.base/sun.nio.ch.SocketChannelImpl.checkConnect(Native Method)
	at java.base/sun.nio.ch.SocketChannelImpl.finishConnect(SocketChannelImpl.java:777)
	at io.netty.channel.socket.nio.NioSocketChannel.doFinishConnect(NioSocketChannel.java:330)
	at io.netty.channel.nio.AbstractNioChannel$AbstractNioUnsafe.finishConnect(AbstractNioChannel.java:334)
	at io.netty.channel.nio.NioEventLoop.processSelectedKey(NioEventLoop.java:707)
	at io.netty.channel.nio.NioEventLoop.processSelectedKeysOptimized(NioEventLoop.java:655)
	at io.netty.channel.nio.NioEventLoop.processSelectedKeys(NioEventLoop.java:581)
	at io.netty.channel.nio.NioEventLoop.run(NioEventLoop.java:493)
	at io.netty.util.concurrent.SingleThreadEventExecutor$4.run(SingleThreadEventExecutor.java:989)
	at io.netty.util.internal.ThreadExecutorMap$2.run(ThreadExecutorMap.java:74)
	at io.netty.util.concurrent.FastThreadLocalRunnable.run(FastThreadLocalRunnable.java:30)
	at java.base/java.lang.Thread.run(Thread.java:829)
2026-02-24 03:03:53.407 - [WARN ] - esl
org.freeswitch.esl.client.inbound.InboundConnectionException: Could not connect to /61.158.166.44:8021
	at org.freeswitch.esl.client.inbound.Client.connect(Client.java:134)
	at cn.psycall.ccmgt.util.FreeSwitchManage.monitor(FreeSwitchManage.java:86)
	at cn.psycall.ccmgt.util.FreeSwitchManage.run(FreeSwitchManage.java:42)
Caused by: io.netty.channel.AbstractChannel$AnnotatedConnectException: Connection refused: /61.158.166.44:8021
Caused by: java.net.ConnectException: Connection refused
	at java.base/sun.nio.ch.SocketChannelImpl.checkConnect(Native Method)
	at java.base/sun.nio.ch.SocketChannelImpl.finishConnect(SocketChannelImpl.java:777)
	at io.netty.channel.socket.nio.NioSocketChannel.doFinishConnect(NioSocketChannel.java:330)
	at io.netty.channel.nio.AbstractNioChannel$AbstractNioUnsafe.finishConnect(AbstractNioChannel.java:334)
	at io.netty.channel.nio.NioEventLoop.processSelectedKey(NioEventLoop.java:707)
	at io.netty.channel.nio.NioEventLoop.processSelectedKeysOptimized(NioEventLoop.java:655)
	at io.netty.channel.nio.NioEventLoop.processSelectedKeys(NioEventLoop.java:581)
	at io.netty.channel.nio.NioEventLoop.run(NioEventLoop.java:493)
	at io.netty.util.concurrent.SingleThreadEventExecutor$4.run(SingleThreadEventExecutor.java:989)
	at io.netty.util.internal.ThreadExecutorMap$2.run(ThreadExecutorMap.java:74)
	at io.netty.util.concurrent.FastThreadLocalRunnable.run(FastThreadLocalRunnable.java:30)
	at java.base/java.lang.Thread.run(Thread.java:829)
2026-02-24 03:03:54.536 - [WARN ] - esl
org.freeswitch.esl.client.inbound.InboundConnectionException: Could not connect to /61.158.166.43:8021
	at org.freeswitch.esl.client.inbound.Client.connect(Client.java:134)
	at cn.psycall.ccmgt.util.FreeSwitchManage.monitor(FreeSwitchManage.java:86)
	at cn.psycall.ccmgt.util.FreeSwitchManage.run(FreeSwitchManage.java:42)
Caused by: io.netty.channel.AbstractChannel$AnnotatedConnectException: Connection refused: /61.158.166.43:8021
Caused by: java.net.ConnectException: Connection refused
	at java.base/sun.nio.ch.SocketChannelImpl.checkConnect(Native Method)
	at java.base/sun.nio.ch.SocketChannelImpl.finishConnect(SocketChannelImpl.java:777)
	at io.netty.channel.socket.nio.NioSocketChannel.doFinishConnect(NioSocketChannel.java:330)
	at io.netty.channel.nio.AbstractNioChannel$AbstractNioUnsafe.finishConnect(AbstractNioChannel.java:334)
	at io.netty.channel.nio.NioEventLoop.processSelectedKey(NioEventLoop.java:707)
	at io.netty.channel.nio.NioEventLoop.processSelectedKeysOptimized(NioEventLoop.java:655)
	at io.netty.channel.nio.NioEventLoop.processSelectedKeys(NioEventLoop.java:581)
	at io.netty.channel.nio.NioEventLoop.run(NioEventLoop.java:493)
	at io.netty.util.concurrent.SingleThreadEventExecutor$4.run(SingleThreadEventExecutor.java:989)
	at io.netty.util.internal.ThreadExecutorMap$2.run(ThreadExecutorMap.java:74)
	at io.netty.util.concurrent.FastThreadLocalRunnable.run(FastThreadLocalRunnable.java:30)
	at java.base/java.lang.Thread.run(Thread.java:829)
2026-02-24 03:03:54.628 - [WARN ] - esl
org.freeswitch.esl.client.inbound.InboundConnectionException: Could not connect to /61.158.166.44:8021
	at org.freeswitch.esl.client.inbound.Client.connect(Client.java:134)
	at cn.psycall.ccmgt.util.FreeSwitchManage.monitor(FreeSwitchManage.java:86)
	at cn.psycall.ccmgt.util.FreeSwitchManage.run(FreeSwitchManage.java:42)
Caused by: io.netty.channel.AbstractChannel$AnnotatedConnectException: Connection refused: /61.158.166.44:8021
Caused by: java.net.ConnectException: Connection refused
	at java.base/sun.nio.ch.SocketChannelImpl.checkConnect(Native Method)
	at java.base/sun.nio.ch.SocketChannelImpl.finishConnect(SocketChannelImpl.java:777)
	at io.netty.channel.socket.nio.NioSocketChannel.doFinishConnect(NioSocketChannel.java:330)
	at io.netty.channel.nio.AbstractNioChannel$AbstractNioUnsafe.finishConnect(AbstractNioChannel.java:334)
	at io.netty.channel.nio.NioEventLoop.processSelectedKey(NioEventLoop.java:707)
	at io.netty.channel.nio.NioEventLoop.processSelectedKeysOptimized(NioEventLoop.java:655)
	at io.netty.channel.nio.NioEventLoop.processSelectedKeys(NioEventLoop.java:581)
	at io.netty.channel.nio.NioEventLoop.run(NioEventLoop.java:493)
	at io.netty.util.concurrent.SingleThreadEventExecutor$4.run(SingleThreadEventExecutor.java:989)
	at io.netty.util.internal.ThreadExecutorMap$2.run(ThreadExecutorMap.java:74)
	at io.netty.util.concurrent.FastThreadLocalRunnable.run(FastThreadLocalRunnable.java:30)
	at java.base/java.lang.Thread.run(Thread.java:829)
2026-02-24 03:03:55.713 - [WARN ] - esl
org.freeswitch.esl.client.inbound.InboundConnectionException: Could not connect to /61.158.166.43:8021
	at org.freeswitch.esl.client.inbound.Client.connect(Client.java:134)
	at cn.psycall.ccmgt.util.FreeSwitchManage.monitor(FreeSwitchManage.java:86)
	at cn.psycall.ccmgt.util.FreeSwitchManage.run(FreeSwitchManage.java:42)
Caused by: io.netty.channel.AbstractChannel$AnnotatedConnectException: Connection refused: /61.158.166.43:8021
Caused by: java.net.ConnectException: Connection refused
	at java.base/sun.nio.ch.SocketChannelImpl.checkConnect(Native Method)
	at java.base/sun.nio.ch.SocketChannelImpl.finishConnect(SocketChannelImpl.java:777)
	at io.netty.channel.socket.nio.NioSocketChannel.doFinishConnect(NioSocketChannel.java:330)
	at io.netty.channel.nio.AbstractNioChannel$AbstractNioUnsafe.finishConnect(AbstractNioChannel.java:334)
	at io.netty.channel.nio.NioEventLoop.processSelectedKey(NioEventLoop.java:707)
	at io.netty.channel.nio.NioEventLoop.processSelectedKeysOptimized(NioEventLoop.java:655)
	at io.netty.channel.nio.NioEventLoop.processSelectedKeys(NioEventLoop.java:581)
	at io.netty.channel.nio.NioEventLoop.run(NioEventLoop.java:493)
	at io.netty.util.concurrent.SingleThreadEventExecutor$4.run(SingleThreadEventExecutor.java:989)
	at io.netty.util.internal.ThreadExecutorMap$2.run(ThreadExecutorMap.java:74)
	at io.netty.util.concurrent.FastThreadLocalRunnable.run(FastThreadLocalRunnable.java:30)
	at java.base/java.lang.Thread.run(Thread.java:829)
2026-02-24 03:03:55.810 - [WARN ] - esl
org.freeswitch.esl.client.inbound.InboundConnectionException: Could not connect to /61.158.166.44:8021
	at org.freeswitch.esl.client.inbound.Client.connect(Client.java:134)
	at cn.psycall.ccmgt.util.FreeSwitchManage.monitor(FreeSwitchManage.java:86)
	at cn.psycall.ccmgt.util.FreeSwitchManage.run(FreeSwitchManage.java:42)
Caused by: io.netty.channel.AbstractChannel$AnnotatedConnectException: Connection refused: /61.158.166.44:8021
Caused by: java.net.ConnectException: Connection refused
	at java.base/sun.nio.ch.SocketChannelImpl.checkConnect(Native Method)
	at java.base/sun.nio.ch.SocketChannelImpl.finishConnect(SocketChannelImpl.java:777)
	at io.netty.channel.socket.nio.NioSocketChannel.doFinishConnect(NioSocketChannel.java:330)
	at io.netty.channel.nio.AbstractNioChannel$AbstractNioUnsafe.finishConnect(AbstractNioChannel.java:334)
	at io.netty.channel.nio.NioEventLoop.processSelectedKey(NioEventLoop.java:707)
	at io.netty.channel.nio.NioEventLoop.processSelectedKeysOptimized(NioEventLoop.java:655)
	at io.netty.channel.nio.NioEventLoop.processSelectedKeys(NioEventLoop.java:581)
	at io.netty.channel.nio.NioEventLoop.run(NioEventLoop.java:493)
	at io.netty.util.concurrent.SingleThreadEventExecutor$4.run(SingleThreadEventExecutor.java:989)
	at io.netty.util.internal.ThreadExecutorMap$2.run(ThreadExecutorMap.java:74)
	at io.netty.util.concurrent.FastThreadLocalRunnable.run(FastThreadLocalRunnable.java:30)
	at java.base/java.lang.Thread.run(Thread.java:829)
2026-02-24 03:03:56.884 - [WARN ] - esl
org.freeswitch.esl.client.inbound.InboundConnectionException: Could not connect to /61.158.166.43:8021
	at org.freeswitch.esl.client.inbound.Client.connect(Client.java:134)
	at cn.psycall.ccmgt.util.FreeSwitchManage.monitor(FreeSwitchManage.java:86)
	at cn.psycall.ccmgt.util.FreeSwitchManage.run(FreeSwitchManage.java:42)
Caused by: io.netty.channel.AbstractChannel$AnnotatedConnectException: Connection refused: /61.158.166.43:8021
Caused by: java.net.ConnectException: Connection refused
	at java.base/sun.nio.ch.SocketChannelImpl.checkConnect(Native Method)
	at java.base/sun.nio.ch.SocketChannelImpl.finishConnect(SocketChannelImpl.java:777)
	at io.netty.channel.socket.nio.NioSocketChannel.doFinishConnect(NioSocketChannel.java:330)
	at io.netty.channel.nio.AbstractNioChannel$AbstractNioUnsafe.finishConnect(AbstractNioChannel.java:334)
	at io.netty.channel.nio.NioEventLoop.processSelectedKey(NioEventLoop.java:707)
	at io.netty.channel.nio.NioEventLoop.processSelectedKeysOptimized(NioEventLoop.java:655)
	at io.netty.channel.nio.NioEventLoop.processSelectedKeys(NioEventLoop.java:581)
	at io.netty.channel.nio.NioEventLoop.run(NioEventLoop.java:493)
	at io.netty.util.concurrent.SingleThreadEventExecutor$4.run(SingleThreadEventExecutor.java:989)
	at io.netty.util.internal.ThreadExecutorMap$2.run(ThreadExecutorMap.java:74)
	at io.netty.util.concurrent.FastThreadLocalRunnable.run(FastThreadLocalRunnable.java:30)
	at java.base/java.lang.Thread.run(Thread.java:829)
2026-02-24 03:03:56.990 - [WARN ] - esl
org.freeswitch.esl.client.inbound.InboundConnectionException: Could not connect to /61.158.166.44:8021
	at org.freeswitch.esl.client.inbound.Client.connect(Client.java:134)
	at cn.psycall.ccmgt.util.FreeSwitchManage.monitor(FreeSwitchManage.java:86)
	at cn.psycall.ccmgt.util.FreeSwitchManage.run(FreeSwitchManage.java:42)
Caused by: io.netty.channel.AbstractChannel$AnnotatedConnectException: Connection refused: /61.158.166.44:8021
Caused by: java.net.ConnectException: Connection refused
	at java.base/sun.nio.ch.SocketChannelImpl.checkConnect(Native Method)
	at java.base/sun.nio.ch.SocketChannelImpl.finishConnect(SocketChannelImpl.java:777)
	at io.netty.channel.socket.nio.NioSocketChannel.doFinishConnect(NioSocketChannel.java:330)
	at io.netty.channel.nio.AbstractNioChannel$AbstractNioUnsafe.finishConnect(AbstractNioChannel.java:334)
	at io.netty.channel.nio.NioEventLoop.processSelectedKey(NioEventLoop.java:707)
	at io.netty.channel.nio.NioEventLoop.processSelectedKeysOptimized(NioEventLoop.java:655)
	at io.netty.channel.nio.NioEventLoop.processSelectedKeys(NioEventLoop.java:581)
	at io.netty.channel.nio.NioEventLoop.run(NioEventLoop.java:493)
	at io.netty.util.concurrent.SingleThreadEventExecutor$4.run(SingleThreadEventExecutor.java:989)
	at io.netty.util.internal.ThreadExecutorMap$2.run(ThreadExecutorMap.java:74)
	at io.netty.util.concurrent.FastThreadLocalRunnable.run(FastThreadLocalRunnable.java:30)
	at java.base/java.lang.Thread.run(Thread.java:829)
2026-02-24 03:03:58.085 - [WARN ] - esl
org.freeswitch.esl.client.inbound.InboundConnectionException: Could not connect to /61.158.166.43:8021
	at org.freeswitch.esl.client.inbound.Client.connect(Client.java:134)
	at cn.psycall.ccmgt.util.FreeSwitchManage.monitor(FreeSwitchManage.java:86)
	at cn.psycall.ccmgt.util.FreeSwitchManage.run(FreeSwitchManage.java:42)
Caused by: io.netty.channel.AbstractChannel$AnnotatedConnectException: Connection refused: /61.158.166.43:8021
Caused by: java.net.ConnectException: Connection refused
	at java.base/sun.nio.ch.SocketChannelImpl.checkConnect(Native Method)
	at java.base/sun.nio.ch.SocketChannelImpl.finishConnect(SocketChannelImpl.java:777)
	at io.netty.channel.socket.nio.NioSocketChannel.doFinishConnect(NioSocketChannel.java:330)
	at io.netty.channel.nio.AbstractNioChannel$AbstractNioUnsafe.finishConnect(AbstractNioChannel.java:334)
	at io.netty.channel.nio.NioEventLoop.processSelectedKey(NioEventLoop.java:707)
	at io.netty.channel.nio.NioEventLoop.processSelectedKeysOptimized(NioEventLoop.java:655)
	at io.netty.channel.nio.NioEventLoop.processSelectedKeys(NioEventLoop.java:581)
	at io.netty.channel.nio.NioEventLoop.run(NioEventLoop.java:493)
	at io.netty.util.concurrent.SingleThreadEventExecutor$4.run(SingleThreadEventExecutor.java:989)
	at io.netty.util.internal.ThreadExecutorMap$2.run(ThreadExecutorMap.java:74)
	at io.netty.util.concurrent.FastThreadLocalRunnable.run(FastThreadLocalRunnable.java:30)
	at java.base/java.lang.Thread.run(Thread.java:829)
2026-02-24 03:03:58.171 - [WARN ] - esl
org.freeswitch.esl.client.inbound.InboundConnectionException: Could not connect to /61.158.166.44:8021
	at org.freeswitch.esl.client.inbound.Client.connect(Client.java:134)
	at cn.psycall.ccmgt.util.FreeSwitchManage.monitor(FreeSwitchManage.java:86)
	at cn.psycall.ccmgt.util.FreeSwitchManage.run(FreeSwitchManage.java:42)
Caused by: io.netty.channel.AbstractChannel$AnnotatedConnectException: Connection refused: /61.158.166.44:8021
Caused by: java.net.ConnectException: Connection refused
	at java.base/sun.nio.ch.SocketChannelImpl.checkConnect(Native Method)
	at java.base/sun.nio.ch.SocketChannelImpl.finishConnect(SocketChannelImpl.java:777)
	at io.netty.channel.socket.nio.NioSocketChannel.doFinishConnect(NioSocketChannel.java:330)
	at io.netty.channel.nio.AbstractNioChannel$AbstractNioUnsafe.finishConnect(AbstractNioChannel.java:334)
	at io.netty.channel.nio.NioEventLoop.processSelectedKey(NioEventLoop.java:707)
	at io.netty.channel.nio.NioEventLoop.processSelectedKeysOptimized(NioEventLoop.java:655)
	at io.netty.channel.nio.NioEventLoop.processSelectedKeys(NioEventLoop.java:581)
	at io.netty.channel.nio.NioEventLoop.run(NioEventLoop.java:493)
	at io.netty.util.concurrent.SingleThreadEventExecutor$4.run(SingleThreadEventExecutor.java:989)
	at io.netty.util.internal.ThreadExecutorMap$2.run(ThreadExecutorMap.java:74)
	at io.netty.util.concurrent.FastThreadLocalRunnable.run(FastThreadLocalRunnable.java:30)
	at java.base/java.lang.Thread.run(Thread.java:829)
2026-02-24 03:03:59.256 - [WARN ] - esl
org.freeswitch.esl.client.inbound.InboundConnectionException: Could not connect to /61.158.166.43:8021
	at org.freeswitch.esl.client.inbound.Client.connect(Client.java:134)
	at cn.psycall.ccmgt.util.FreeSwitchManage.monitor(FreeSwitchManage.java:86)
	at cn.psycall.ccmgt.util.FreeSwitchManage.run(FreeSwitchManage.java:42)
Caused by: io.netty.channel.AbstractChannel$AnnotatedConnectException: Connection refused: /61.158.166.43:8021
Caused by: java.net.ConnectException: Connection refused
	at java.base/sun.nio.ch.SocketChannelImpl.checkConnect(Native Method)
	at java.base/sun.nio.ch.SocketChannelImpl.finishConnect(SocketChannelImpl.java:777)
	at io.netty.channel.socket.nio.NioSocketChannel.doFinishConnect(NioSocketChannel.java:330)
	at io.netty.channel.nio.AbstractNioChannel$AbstractNioUnsafe.finishConnect(AbstractNioChannel.java:334)
	at io.netty.channel.nio.NioEventLoop.processSelectedKey(NioEventLoop.java:707)
	at io.netty.channel.nio.NioEventLoop.processSelectedKeysOptimized(NioEventLoop.java:655)
	at io.netty.channel.nio.NioEventLoop.processSelectedKeys(NioEventLoop.java:581)
	at io.netty.channel.nio.NioEventLoop.run(NioEventLoop.java:493)
	at io.netty.util.concurrent.SingleThreadEventExecutor$4.run(SingleThreadEventExecutor.java:989)
	at io.netty.util.internal.ThreadExecutorMap$2.run(ThreadExecutorMap.java:74)
	at io.netty.util.concurrent.FastThreadLocalRunnable.run(FastThreadLocalRunnable.java:30)
	at java.base/java.lang.Thread.run(Thread.java:829)
2026-02-24 03:03:59.347 - [WARN ] - esl
org.freeswitch.esl.client.inbound.InboundConnectionException: Could not connect to /61.158.166.44:8021
	at org.freeswitch.esl.client.inbound.Client.connect(Client.java:134)
	at cn.psycall.ccmgt.util.FreeSwitchManage.monitor(FreeSwitchManage.java:86)
	at cn.psycall.ccmgt.util.FreeSwitchManage.run(FreeSwitchManage.java:42)
Caused by: io.netty.channel.AbstractChannel$AnnotatedConnectException: Connection refused: /61.158.166.44:8021
Caused by: java.net.ConnectException: Connection refused
	at java.base/sun.nio.ch.SocketChannelImpl.checkConnect(Native Method)
	at java.base/sun.nio.ch.SocketChannelImpl.finishConnect(SocketChannelImpl.java:777)
	at io.netty.channel.socket.nio.NioSocketChannel.doFinishConnect(NioSocketChannel.java:330)
	at io.netty.channel.nio.AbstractNioChannel$AbstractNioUnsafe.finishConnect(AbstractNioChannel.java:334)
	at io.netty.channel.nio.NioEventLoop.processSelectedKey(NioEventLoop.java:707)
	at io.netty.channel.nio.NioEventLoop.processSelectedKeysOptimized(NioEventLoop.java:655)
	at io.netty.channel.nio.NioEventLoop.processSelectedKeys(NioEventLoop.java:581)
	at io.netty.channel.nio.NioEventLoop.run(NioEventLoop.java:493)
	at io.netty.util.concurrent.SingleThreadEventExecutor$4.run(SingleThreadEventExecutor.java:989)
	at io.netty.util.internal.ThreadExecutorMap$2.run(ThreadExecutorMap.java:74)
	at io.netty.util.concurrent.FastThreadLocalRunnable.run(FastThreadLocalRunnable.java:30)
	at java.base/java.lang.Thread.run(Thread.java:829)
2026-02-24 03:04:00.426 - [WARN ] - esl
org.freeswitch.esl.client.inbound.InboundConnectionException: Could not connect to /61.158.166.43:8021
	at org.freeswitch.esl.client.inbound.Client.connect(Client.java:134)
	at cn.psycall.ccmgt.util.FreeSwitchManage.monitor(FreeSwitchManage.java:86)
	at cn.psycall.ccmgt.util.FreeSwitchManage.run(FreeSwitchManage.java:42)
Caused by: io.netty.channel.AbstractChannel$AnnotatedConnectException: Connection refused: /61.158.166.43:8021
Caused by: java.net.ConnectException: Connection refused
	at java.base/sun.nio.ch.SocketChannelImpl.checkConnect(Native Method)
	at java.base/sun.nio.ch.SocketChannelImpl.finishConnect(SocketChannelImpl.java:777)
	at io.netty.channel.socket.nio.NioSocketChannel.doFinishConnect(NioSocketChannel.java:330)
	at io.netty.channel.nio.AbstractNioChannel$AbstractNioUnsafe.finishConnect(AbstractNioChannel.java:334)
	at io.netty.channel.nio.NioEventLoop.processSelectedKey(NioEventLoop.java:707)
	at io.netty.channel.nio.NioEventLoop.processSelectedKeysOptimized(NioEventLoop.java:655)
	at io.netty.channel.nio.NioEventLoop.processSelectedKeys(NioEventLoop.java:581)
	at io.netty.channel.nio.NioEventLoop.run(NioEventLoop.java:493)
	at io.netty.util.concurrent.SingleThreadEventExecutor$4.run(SingleThreadEventExecutor.java:989)
	at io.netty.util.internal.ThreadExecutorMap$2.run(ThreadExecutorMap.java:74)
	at io.netty.util.concurrent.FastThreadLocalRunnable.run(FastThreadLocalRunnable.java:30)
	at java.base/java.lang.Thread.run(Thread.java:829)
2026-02-24 03:04:00.508 - [WARN ] - esl
org.freeswitch.esl.client.inbound.InboundConnectionException: Could not connect to /61.158.166.44:8021
	at org.freeswitch.esl.client.inbound.Client.connect(Client.java:134)
	at cn.psycall.ccmgt.util.FreeSwitchManage.monitor(FreeSwitchManage.java:86)
	at cn.psycall.ccmgt.util.FreeSwitchManage.run(FreeSwitchManage.java:42)
Caused by: io.netty.channel.AbstractChannel$AnnotatedConnectException: Connection refused: /61.158.166.44:8021
Caused by: java.net.ConnectException: Connection refused
	at java.base/sun.nio.ch.SocketChannelImpl.checkConnect(Native Method)
	at java.base/sun.nio.ch.SocketChannelImpl.finishConnect(SocketChannelImpl.java:777)
	at io.netty.channel.socket.nio.NioSocketChannel.doFinishConnect(NioSocketChannel.java:330)
	at io.netty.channel.nio.AbstractNioChannel$AbstractNioUnsafe.finishConnect(AbstractNioChannel.java:334)
	at io.netty.channel.nio.NioEventLoop.processSelectedKey(NioEventLoop.java:707)
	at io.netty.channel.nio.NioEventLoop.processSelectedKeysOptimized(NioEventLoop.java:655)
	at io.netty.channel.nio.NioEventLoop.processSelectedKeys(NioEventLoop.java:581)
	at io.netty.channel.nio.NioEventLoop.run(NioEventLoop.java:493)
	at io.netty.util.concurrent.SingleThreadEventExecutor$4.run(SingleThreadEventExecutor.java:989)
	at io.netty.util.internal.ThreadExecutorMap$2.run(ThreadExecutorMap.java:74)
	at io.netty.util.concurrent.FastThreadLocalRunnable.run(FastThreadLocalRunnable.java:30)
	at java.base/java.lang.Thread.run(Thread.java:829)
2026-02-24 03:04:01.587 - [WARN ] - esl
org.freeswitch.esl.client.inbound.InboundConnectionException: Could not connect to /61.158.166.43:8021
	at org.freeswitch.esl.client.inbound.Client.connect(Client.java:134)
	at cn.psycall.ccmgt.util.FreeSwitchManage.monitor(FreeSwitchManage.java:86)
	at cn.psycall.ccmgt.util.FreeSwitchManage.run(FreeSwitchManage.java:42)
Caused by: io.netty.channel.AbstractChannel$AnnotatedConnectException: Connection refused: /61.158.166.43:8021
Caused by: java.net.ConnectException: Connection refused
	at java.base/sun.nio.ch.SocketChannelImpl.checkConnect(Native Method)
	at java.base/sun.nio.ch.SocketChannelImpl.finishConnect(SocketChannelImpl.java:777)
	at io.netty.channel.socket.nio.NioSocketChannel.doFinishConnect(NioSocketChannel.java:330)
	at io.netty.channel.nio.AbstractNioChannel$AbstractNioUnsafe.finishConnect(AbstractNioChannel.java:334)
	at io.netty.channel.nio.NioEventLoop.processSelectedKey(NioEventLoop.java:707)
	at io.netty.channel.nio.NioEventLoop.processSelectedKeysOptimized(NioEventLoop.java:655)
	at io.netty.channel.nio.NioEventLoop.processSelectedKeys(NioEventLoop.java:581)
	at io.netty.channel.nio.NioEventLoop.run(NioEventLoop.java:493)
	at io.netty.util.concurrent.SingleThreadEventExecutor$4.run(SingleThreadEventExecutor.java:989)
	at io.netty.util.internal.ThreadExecutorMap$2.run(ThreadExecutorMap.java:74)
	at io.netty.util.concurrent.FastThreadLocalRunnable.run(FastThreadLocalRunnable.java:30)
	at java.base/java.lang.Thread.run(Thread.java:829)
2026-02-24 03:04:01.673 - [WARN ] - esl
org.freeswitch.esl.client.inbound.InboundConnectionException: Could not connect to /61.158.166.44:8021
	at org.freeswitch.esl.client.inbound.Client.connect(Client.java:134)
	at cn.psycall.ccmgt.util.FreeSwitchManage.monitor(FreeSwitchManage.java:86)
	at cn.psycall.ccmgt.util.FreeSwitchManage.run(FreeSwitchManage.java:42)
Caused by: io.netty.channel.AbstractChannel$AnnotatedConnectException: Connection refused: /61.158.166.44:8021
Caused by: java.net.ConnectException: Connection refused
	at java.base/sun.nio.ch.SocketChannelImpl.checkConnect(Native Method)
	at java.base/sun.nio.ch.SocketChannelImpl.finishConnect(SocketChannelImpl.java:777)
	at io.netty.channel.socket.nio.NioSocketChannel.doFinishConnect(NioSocketChannel.java:330)
	at io.netty.channel.nio.AbstractNioChannel$AbstractNioUnsafe.finishConnect(AbstractNioChannel.java:334)
	at io.netty.channel.nio.NioEventLoop.processSelectedKey(NioEventLoop.java:707)
	at io.netty.channel.nio.NioEventLoop.processSelectedKeysOptimized(NioEventLoop.java:655)
	at io.netty.channel.nio.NioEventLoop.processSelectedKeys(NioEventLoop.java:581)
	at io.netty.channel.nio.NioEventLoop.run(NioEventLoop.java:493)
	at io.netty.util.concurrent.SingleThreadEventExecutor$4.run(SingleThreadEventExecutor.java:989)
	at io.netty.util.internal.ThreadExecutorMap$2.run(ThreadExecutorMap.java:74)
	at io.netty.util.concurrent.FastThreadLocalRunnable.run(FastThreadLocalRunnable.java:30)
	at java.base/java.lang.Thread.run(Thread.java:829)
2026-02-24 03:04:02.753 - [WARN ] - esl
org.freeswitch.esl.client.inbound.InboundConnectionException: Could not connect to /61.158.166.43:8021
	at org.freeswitch.esl.client.inbound.Client.connect(Client.java:134)
	at cn.psycall.ccmgt.util.FreeSwitchManage.monitor(FreeSwitchManage.java:86)
	at cn.psycall.ccmgt.util.FreeSwitchManage.run(FreeSwitchManage.java:42)
Caused by: io.netty.channel.AbstractChannel$AnnotatedConnectException: Connection refused: /61.158.166.43:8021
Caused by: java.net.ConnectException: Connection refused
	at java.base/sun.nio.ch.SocketChannelImpl.checkConnect(Native Method)
	at java.base/sun.nio.ch.SocketChannelImpl.finishConnect(SocketChannelImpl.java:777)
	at io.netty.channel.socket.nio.NioSocketChannel.doFinishConnect(NioSocketChannel.java:330)
	at io.netty.channel.nio.AbstractNioChannel$AbstractNioUnsafe.finishConnect(AbstractNioChannel.java:334)
	at io.netty.channel.nio.NioEventLoop.processSelectedKey(NioEventLoop.java:707)
	at io.netty.channel.nio.NioEventLoop.processSelectedKeysOptimized(NioEventLoop.java:655)
	at io.netty.channel.nio.NioEventLoop.processSelectedKeys(NioEventLoop.java:581)
	at io.netty.channel.nio.NioEventLoop.run(NioEventLoop.java:493)
	at io.netty.util.concurrent.SingleThreadEventExecutor$4.run(SingleThreadEventExecutor.java:989)
	at io.netty.util.internal.ThreadExecutorMap$2.run(ThreadExecutorMap.java:74)
	at io.netty.util.concurrent.FastThreadLocalRunnable.run(FastThreadLocalRunnable.java:30)
	at java.base/java.lang.Thread.run(Thread.java:829)
2026-02-24 03:04:02.837 - [WARN ] - esl
org.freeswitch.esl.client.inbound.InboundConnectionException: Could not connect to /61.158.166.44:8021
	at org.freeswitch.esl.client.inbound.Client.connect(Client.java:134)
	at cn.psycall.ccmgt.util.FreeSwitchManage.monitor(FreeSwitchManage.java:86)
	at cn.psycall.ccmgt.util.FreeSwitchManage.run(FreeSwitchManage.java:42)
Caused by: io.netty.channel.AbstractChannel$AnnotatedConnectException: Connection refused: /61.158.166.44:8021
Caused by: java.net.ConnectException: Connection refused
	at java.base/sun.nio.ch.SocketChannelImpl.checkConnect(Native Method)
	at java.base/sun.nio.ch.SocketChannelImpl.finishConnect(SocketChannelImpl.java:777)
	at io.netty.channel.socket.nio.NioSocketChannel.doFinishConnect(NioSocketChannel.java:330)
	at io.netty.channel.nio.AbstractNioChannel$AbstractNioUnsafe.finishConnect(AbstractNioChannel.java:334)
	at io.netty.channel.nio.NioEventLoop.processSelectedKey(NioEventLoop.java:707)
	at io.netty.channel.nio.NioEventLoop.processSelectedKeysOptimized(NioEventLoop.java:655)
	at io.netty.channel.nio.NioEventLoop.processSelectedKeys(NioEventLoop.java:581)
	at io.netty.channel.nio.NioEventLoop.run(NioEventLoop.java:493)
	at io.netty.util.concurrent.SingleThreadEventExecutor$4.run(SingleThreadEventExecutor.java:989)
	at io.netty.util.internal.ThreadExecutorMap$2.run(ThreadExecutorMap.java:74)
	at io.netty.util.concurrent.FastThreadLocalRunnable.run(FastThreadLocalRunnable.java:30)
	at java.base/java.lang.Thread.run(Thread.java:829)
2026-02-24 03:04:03.935 - [WARN ] - esl
org.freeswitch.esl.client.inbound.InboundConnectionException: Could not connect to /61.158.166.43:8021
	at org.freeswitch.esl.client.inbound.Client.connect(Client.java:134)
	at cn.psycall.ccmgt.util.FreeSwitchManage.monitor(FreeSwitchManage.java:86)
	at cn.psycall.ccmgt.util.FreeSwitchManage.run(FreeSwitchManage.java:42)
Caused by: io.netty.channel.AbstractChannel$AnnotatedConnectException: Connection refused: /61.158.166.43:8021
Caused by: java.net.ConnectException: Connection refused
	at java.base/sun.nio.ch.SocketChannelImpl.checkConnect(Native Method)
	at java.base/sun.nio.ch.SocketChannelImpl.finishConnect(SocketChannelImpl.java:777)
	at io.netty.channel.socket.nio.NioSocketChannel.doFinishConnect(NioSocketChannel.java:330)
	at io.netty.channel.nio.AbstractNioChannel$AbstractNioUnsafe.finishConnect(AbstractNioChannel.java:334)
	at io.netty.channel.nio.NioEventLoop.processSelectedKey(NioEventLoop.java:707)
	at io.netty.channel.nio.NioEventLoop.processSelectedKeysOptimized(NioEventLoop.java:655)
	at io.netty.channel.nio.NioEventLoop.processSelectedKeys(NioEventLoop.java:581)
	at io.netty.channel.nio.NioEventLoop.run(NioEventLoop.java:493)
	at io.netty.util.concurrent.SingleThreadEventExecutor$4.run(SingleThreadEventExecutor.java:989)
	at io.netty.util.internal.ThreadExecutorMap$2.run(ThreadExecutorMap.java:74)
	at io.netty.util.concurrent.FastThreadLocalRunnable.run(FastThreadLocalRunnable.java:30)
	at java.base/java.lang.Thread.run(Thread.java:829)
2026-02-24 03:04:04.015 - [WARN ] - esl
org.freeswitch.esl.client.inbound.InboundConnectionException: Could not connect to /61.158.166.44:8021
	at org.freeswitch.esl.client.inbound.Client.connect(Client.java:134)
	at cn.psycall.ccmgt.util.FreeSwitchManage.monitor(FreeSwitchManage.java:86)
	at cn.psycall.ccmgt.util.FreeSwitchManage.run(FreeSwitchManage.java:42)
Caused by: io.netty.channel.AbstractChannel$AnnotatedConnectException: Connection refused: /61.158.166.44:8021
Caused by: java.net.ConnectException: Connection refused
	at java.base/sun.nio.ch.SocketChannelImpl.checkConnect(Native Method)
	at java.base/sun.nio.ch.SocketChannelImpl.finishConnect(SocketChannelImpl.java:777)
	at io.netty.channel.socket.nio.NioSocketChannel.doFinishConnect(NioSocketChannel.java:330)
	at io.netty.channel.nio.AbstractNioChannel$AbstractNioUnsafe.finishConnect(AbstractNioChannel.java:334)
	at io.netty.channel.nio.NioEventLoop.processSelectedKey(NioEventLoop.java:707)
	at io.netty.channel.nio.NioEventLoop.processSelectedKeysOptimized(NioEventLoop.java:655)
	at io.netty.channel.nio.NioEventLoop.processSelectedKeys(NioEventLoop.java:581)
	at io.netty.channel.nio.NioEventLoop.run(NioEventLoop.java:493)
	at io.netty.util.concurrent.SingleThreadEventExecutor$4.run(SingleThreadEventExecutor.java:989)
	at io.netty.util.internal.ThreadExecutorMap$2.run(ThreadExecutorMap.java:74)
	at io.netty.util.concurrent.FastThreadLocalRunnable.run(FastThreadLocalRunnable.java:30)
	at java.base/java.lang.Thread.run(Thread.java:829)
2026-02-24 03:04:05.092 - [WARN ] - esl
org.freeswitch.esl.client.inbound.InboundConnectionException: Could not connect to /61.158.166.43:8021
	at org.freeswitch.esl.client.inbound.Client.connect(Client.java:134)
	at cn.psycall.ccmgt.util.FreeSwitchManage.monitor(FreeSwitchManage.java:86)
	at cn.psycall.ccmgt.util.FreeSwitchManage.run(FreeSwitchManage.java:42)
Caused by: io.netty.channel.AbstractChannel$AnnotatedConnectException: Connection refused: /61.158.166.43:8021
Caused by: java.net.ConnectException: Connection refused
	at java.base/sun.nio.ch.SocketChannelImpl.checkConnect(Native Method)
	at java.base/sun.nio.ch.SocketChannelImpl.finishConnect(SocketChannelImpl.java:777)
	at io.netty.channel.socket.nio.NioSocketChannel.doFinishConnect(NioSocketChannel.java:330)
	at io.netty.channel.nio.AbstractNioChannel$AbstractNioUnsafe.finishConnect(AbstractNioChannel.java:334)
	at io.netty.channel.nio.NioEventLoop.processSelectedKey(NioEventLoop.java:707)
	at io.netty.channel.nio.NioEventLoop.processSelectedKeysOptimized(NioEventLoop.java:655)
	at io.netty.channel.nio.NioEventLoop.processSelectedKeys(NioEventLoop.java:581)
	at io.netty.channel.nio.NioEventLoop.run(NioEventLoop.java:493)
	at io.netty.util.concurrent.SingleThreadEventExecutor$4.run(SingleThreadEventExecutor.java:989)
	at io.netty.util.internal.ThreadExecutorMap$2.run(ThreadExecutorMap.java:74)
	at io.netty.util.concurrent.FastThreadLocalRunnable.run(FastThreadLocalRunnable.java:30)
	at java.base/java.lang.Thread.run(Thread.java:829)
2026-02-24 03:04:05.188 - [WARN ] - esl
org.freeswitch.esl.client.inbound.InboundConnectionException: Could not connect to /61.158.166.44:8021
	at org.freeswitch.esl.client.inbound.Client.connect(Client.java:134)
	at cn.psycall.ccmgt.util.FreeSwitchManage.monitor(FreeSwitchManage.java:86)
	at cn.psycall.ccmgt.util.FreeSwitchManage.run(FreeSwitchManage.java:42)
Caused by: io.netty.channel.AbstractChannel$AnnotatedConnectException: Connection refused: /61.158.166.44:8021
Caused by: java.net.ConnectException: Connection refused
	at java.base/sun.nio.ch.SocketChannelImpl.checkConnect(Native Method)
	at java.base/sun.nio.ch.SocketChannelImpl.finishConnect(SocketChannelImpl.java:777)
	at io.netty.channel.socket.nio.NioSocketChannel.doFinishConnect(NioSocketChannel.java:330)
	at io.netty.channel.nio.AbstractNioChannel$AbstractNioUnsafe.finishConnect(AbstractNioChannel.java:334)
	at io.netty.channel.nio.NioEventLoop.processSelectedKey(NioEventLoop.java:707)
	at io.netty.channel.nio.NioEventLoop.processSelectedKeysOptimized(NioEventLoop.java:655)
	at io.netty.channel.nio.NioEventLoop.processSelectedKeys(NioEventLoop.java:581)
	at io.netty.channel.nio.NioEventLoop.run(NioEventLoop.java:493)
	at io.netty.util.concurrent.SingleThreadEventExecutor$4.run(SingleThreadEventExecutor.java:989)
	at io.netty.util.internal.ThreadExecutorMap$2.run(ThreadExecutorMap.java:74)
	at io.netty.util.concurrent.FastThreadLocalRunnable.run(FastThreadLocalRunnable.java:30)
	at java.base/java.lang.Thread.run(Thread.java:829)
2026-02-24 03:04:06.322 - [WARN ] - esl
org.freeswitch.esl.client.inbound.InboundConnectionException: Could not connect to /61.158.166.43:8021
	at org.freeswitch.esl.client.inbound.Client.connect(Client.java:134)
	at cn.psycall.ccmgt.util.FreeSwitchManage.monitor(FreeSwitchManage.java:86)
	at cn.psycall.ccmgt.util.FreeSwitchManage.run(FreeSwitchManage.java:42)
Caused by: io.netty.channel.AbstractChannel$AnnotatedConnectException: Connection refused: /61.158.166.43:8021
Caused by: java.net.ConnectException: Connection refused
	at java.base/sun.nio.ch.SocketChannelImpl.checkConnect(Native Method)
	at java.base/sun.nio.ch.SocketChannelImpl.finishConnect(SocketChannelImpl.java:777)
	at io.netty.channel.socket.nio.NioSocketChannel.doFinishConnect(NioSocketChannel.java:330)
	at io.netty.channel.nio.AbstractNioChannel$AbstractNioUnsafe.finishConnect(AbstractNioChannel.java:334)
	at io.netty.channel.nio.NioEventLoop.processSelectedKey(NioEventLoop.java:707)
	at io.netty.channel.nio.NioEventLoop.processSelectedKeysOptimized(NioEventLoop.java:655)
	at io.netty.channel.nio.NioEventLoop.processSelectedKeys(NioEventLoop.java:581)
	at io.netty.channel.nio.NioEventLoop.run(NioEventLoop.java:493)
	at io.netty.util.concurrent.SingleThreadEventExecutor$4.run(SingleThreadEventExecutor.java:989)
	at io.netty.util.internal.ThreadExecutorMap$2.run(ThreadExecutorMap.java:74)
	at io.netty.util.concurrent.FastThreadLocalRunnable.run(FastThreadLocalRunnable.java:30)
	at java.base/java.lang.Thread.run(Thread.java:829)
2026-02-24 03:04:06.410 - [WARN ] - esl
org.freeswitch.esl.client.inbound.InboundConnectionException: Could not connect to /61.158.166.44:8021
	at org.freeswitch.esl.client.inbound.Client.connect(Client.java:134)
	at cn.psycall.ccmgt.util.FreeSwitchManage.monitor(FreeSwitchManage.java:86)
	at cn.psycall.ccmgt.util.FreeSwitchManage.run(FreeSwitchManage.java:42)
Caused by: io.netty.channel.AbstractChannel$AnnotatedConnectException: Connection refused: /61.158.166.44:8021
Caused by: java.net.ConnectException: Connection refused
	at java.base/sun.nio.ch.SocketChannelImpl.checkConnect(Native Method)
	at java.base/sun.nio.ch.SocketChannelImpl.finishConnect(SocketChannelImpl.java:777)
	at io.netty.channel.socket.nio.NioSocketChannel.doFinishConnect(NioSocketChannel.java:330)
	at io.netty.channel.nio.AbstractNioChannel$AbstractNioUnsafe.finishConnect(AbstractNioChannel.java:334)
	at io.netty.channel.nio.NioEventLoop.processSelectedKey(NioEventLoop.java:707)
	at io.netty.channel.nio.NioEventLoop.processSelectedKeysOptimized(NioEventLoop.java:655)
	at io.netty.channel.nio.NioEventLoop.processSelectedKeys(NioEventLoop.java:581)
	at io.netty.channel.nio.NioEventLoop.run(NioEventLoop.java:493)
	at io.netty.util.concurrent.SingleThreadEventExecutor$4.run(SingleThreadEventExecutor.java:989)
	at io.netty.util.internal.ThreadExecutorMap$2.run(ThreadExecutorMap.java:74)
	at io.netty.util.concurrent.FastThreadLocalRunnable.run(FastThreadLocalRunnable.java:30)
	at java.base/java.lang.Thread.run(Thread.java:829)
2026-02-24 03:04:07.494 - [WARN ] - esl
org.freeswitch.esl.client.inbound.InboundConnectionException: Could not connect to /61.158.166.43:8021
	at org.freeswitch.esl.client.inbound.Client.connect(Client.java:134)
	at cn.psycall.ccmgt.util.FreeSwitchManage.monitor(FreeSwitchManage.java:86)
	at cn.psycall.ccmgt.util.FreeSwitchManage.run(FreeSwitchManage.java:42)
Caused by: io.netty.channel.AbstractChannel$AnnotatedConnectException: Connection refused: /61.158.166.43:8021
Caused by: java.net.ConnectException: Connection refused
	at java.base/sun.nio.ch.SocketChannelImpl.checkConnect(Native Method)
	at java.base/sun.nio.ch.SocketChannelImpl.finishConnect(SocketChannelImpl.java:777)
	at io.netty.channel.socket.nio.NioSocketChannel.doFinishConnect(NioSocketChannel.java:330)
	at io.netty.channel.nio.AbstractNioChannel$AbstractNioUnsafe.finishConnect(AbstractNioChannel.java:334)
	at io.netty.channel.nio.NioEventLoop.processSelectedKey(NioEventLoop.java:707)
	at io.netty.channel.nio.NioEventLoop.processSelectedKeysOptimized(NioEventLoop.java:655)
	at io.netty.channel.nio.NioEventLoop.processSelectedKeys(NioEventLoop.java:581)
	at io.netty.channel.nio.NioEventLoop.run(NioEventLoop.java:493)
	at io.netty.util.concurrent.SingleThreadEventExecutor$4.run(SingleThreadEventExecutor.java:989)
	at io.netty.util.internal.ThreadExecutorMap$2.run(ThreadExecutorMap.java:74)
	at io.netty.util.concurrent.FastThreadLocalRunnable.run(FastThreadLocalRunnable.java:30)
	at java.base/java.lang.Thread.run(Thread.java:829)
2026-02-24 03:04:07.581 - [WARN ] - esl
org.freeswitch.esl.client.inbound.InboundConnectionException: Could not connect to /61.158.166.44:8021
	at org.freeswitch.esl.client.inbound.Client.connect(Client.java:134)
	at cn.psycall.ccmgt.util.FreeSwitchManage.monitor(FreeSwitchManage.java:86)
	at cn.psycall.ccmgt.util.FreeSwitchManage.run(FreeSwitchManage.java:42)
Caused by: io.netty.channel.AbstractChannel$AnnotatedConnectException: Connection refused: /61.158.166.44:8021
Caused by: java.net.ConnectException: Connection refused
	at java.base/sun.nio.ch.SocketChannelImpl.checkConnect(Native Method)
	at java.base/sun.nio.ch.SocketChannelImpl.finishConnect(SocketChannelImpl.java:777)
	at io.netty.channel.socket.nio.NioSocketChannel.doFinishConnect(NioSocketChannel.java:330)
	at io.netty.channel.nio.AbstractNioChannel$AbstractNioUnsafe.finishConnect(AbstractNioChannel.java:334)
	at io.netty.channel.nio.NioEventLoop.processSelectedKey(NioEventLoop.java:707)
	at io.netty.channel.nio.NioEventLoop.processSelectedKeysOptimized(NioEventLoop.java:655)
	at io.netty.channel.nio.NioEventLoop.processSelectedKeys(NioEventLoop.java:581)
	at io.netty.channel.nio.NioEventLoop.run(NioEventLoop.java:493)
	at io.netty.util.concurrent.SingleThreadEventExecutor$4.run(SingleThreadEventExecutor.java:989)
	at io.netty.util.internal.ThreadExecutorMap$2.run(ThreadExecutorMap.java:74)
	at io.netty.util.concurrent.FastThreadLocalRunnable.run(FastThreadLocalRunnable.java:30)
	at java.base/java.lang.Thread.run(Thread.java:829)
2026-02-24 03:04:08.667 - [WARN ] - esl
org.freeswitch.esl.client.inbound.InboundConnectionException: Could not connect to /61.158.166.43:8021
	at org.freeswitch.esl.client.inbound.Client.connect(Client.java:134)
	at cn.psycall.ccmgt.util.FreeSwitchManage.monitor(FreeSwitchManage.java:86)
	at cn.psycall.ccmgt.util.FreeSwitchManage.run(FreeSwitchManage.java:42)
Caused by: io.netty.channel.AbstractChannel$AnnotatedConnectException: Connection refused: /61.158.166.43:8021
Caused by: java.net.ConnectException: Connection refused
	at java.base/sun.nio.ch.SocketChannelImpl.checkConnect(Native Method)
	at java.base/sun.nio.ch.SocketChannelImpl.finishConnect(SocketChannelImpl.java:777)
	at io.netty.channel.socket.nio.NioSocketChannel.doFinishConnect(NioSocketChannel.java:330)
	at io.netty.channel.nio.AbstractNioChannel$AbstractNioUnsafe.finishConnect(AbstractNioChannel.java:334)
	at io.netty.channel.nio.NioEventLoop.processSelectedKey(NioEventLoop.java:707)
	at io.netty.channel.nio.NioEventLoop.processSelectedKeysOptimized(NioEventLoop.java:655)
	at io.netty.channel.nio.NioEventLoop.processSelectedKeys(NioEventLoop.java:581)
	at io.netty.channel.nio.NioEventLoop.run(NioEventLoop.java:493)
	at io.netty.util.concurrent.SingleThreadEventExecutor$4.run(SingleThreadEventExecutor.java:989)
	at io.netty.util.internal.ThreadExecutorMap$2.run(ThreadExecutorMap.java:74)
	at io.netty.util.concurrent.FastThreadLocalRunnable.run(FastThreadLocalRunnable.java:30)
	at java.base/java.lang.Thread.run(Thread.java:829)
2026-02-24 03:04:08.755 - [WARN ] - esl
org.freeswitch.esl.client.inbound.InboundConnectionException: Could not connect to /61.158.166.44:8021
	at org.freeswitch.esl.client.inbound.Client.connect(Client.java:134)
	at cn.psycall.ccmgt.util.FreeSwitchManage.monitor(FreeSwitchManage.java:86)
	at cn.psycall.ccmgt.util.FreeSwitchManage.run(FreeSwitchManage.java:42)
Caused by: io.netty.channel.AbstractChannel$AnnotatedConnectException: Connection refused: /61.158.166.44:8021
Caused by: java.net.ConnectException: Connection refused
	at java.base/sun.nio.ch.SocketChannelImpl.checkConnect(Native Method)
	at java.base/sun.nio.ch.SocketChannelImpl.finishConnect(SocketChannelImpl.java:777)
	at io.netty.channel.socket.nio.NioSocketChannel.doFinishConnect(NioSocketChannel.java:330)
	at io.netty.channel.nio.AbstractNioChannel$AbstractNioUnsafe.finishConnect(AbstractNioChannel.java:334)
	at io.netty.channel.nio.NioEventLoop.processSelectedKey(NioEventLoop.java:707)
	at io.netty.channel.nio.NioEventLoop.processSelectedKeysOptimized(NioEventLoop.java:655)
	at io.netty.channel.nio.NioEventLoop.processSelectedKeys(NioEventLoop.java:581)
	at io.netty.channel.nio.NioEventLoop.run(NioEventLoop.java:493)
	at io.netty.util.concurrent.SingleThreadEventExecutor$4.run(SingleThreadEventExecutor.java:989)
	at io.netty.util.internal.ThreadExecutorMap$2.run(ThreadExecutorMap.java:74)
	at io.netty.util.concurrent.FastThreadLocalRunnable.run(FastThreadLocalRunnable.java:30)
	at java.base/java.lang.Thread.run(Thread.java:829)
2026-02-24 03:04:09.843 - [WARN ] - esl
org.freeswitch.esl.client.inbound.InboundConnectionException: Could not connect to /61.158.166.43:8021
	at org.freeswitch.esl.client.inbound.Client.connect(Client.java:134)
	at cn.psycall.ccmgt.util.FreeSwitchManage.monitor(FreeSwitchManage.java:86)
	at cn.psycall.ccmgt.util.FreeSwitchManage.run(FreeSwitchManage.java:42)
Caused by: io.netty.channel.AbstractChannel$AnnotatedConnectException: Connection refused: /61.158.166.43:8021
Caused by: java.net.ConnectException: Connection refused
	at java.base/sun.nio.ch.SocketChannelImpl.checkConnect(Native Method)
	at java.base/sun.nio.ch.SocketChannelImpl.finishConnect(SocketChannelImpl.java:777)
	at io.netty.channel.socket.nio.NioSocketChannel.doFinishConnect(NioSocketChannel.java:330)
	at io.netty.channel.nio.AbstractNioChannel$AbstractNioUnsafe.finishConnect(AbstractNioChannel.java:334)
	at io.netty.channel.nio.NioEventLoop.processSelectedKey(NioEventLoop.java:707)
	at io.netty.channel.nio.NioEventLoop.processSelectedKeysOptimized(NioEventLoop.java:655)
	at io.netty.channel.nio.NioEventLoop.processSelectedKeys(NioEventLoop.java:581)
	at io.netty.channel.nio.NioEventLoop.run(NioEventLoop.java:493)
	at io.netty.util.concurrent.SingleThreadEventExecutor$4.run(SingleThreadEventExecutor.java:989)
	at io.netty.util.internal.ThreadExecutorMap$2.run(ThreadExecutorMap.java:74)
	at io.netty.util.concurrent.FastThreadLocalRunnable.run(FastThreadLocalRunnable.java:30)
	at java.base/java.lang.Thread.run(Thread.java:829)
2026-02-24 03:04:09.928 - [WARN ] - esl
org.freeswitch.esl.client.inbound.InboundConnectionException: Could not connect to /61.158.166.44:8021
	at org.freeswitch.esl.client.inbound.Client.connect(Client.java:134)
	at cn.psycall.ccmgt.util.FreeSwitchManage.monitor(FreeSwitchManage.java:86)
	at cn.psycall.ccmgt.util.FreeSwitchManage.run(FreeSwitchManage.java:42)
Caused by: io.netty.channel.AbstractChannel$AnnotatedConnectException: Connection refused: /61.158.166.44:8021
Caused by: java.net.ConnectException: Connection refused
	at java.base/sun.nio.ch.SocketChannelImpl.checkConnect(Native Method)
	at java.base/sun.nio.ch.SocketChannelImpl.finishConnect(SocketChannelImpl.java:777)
	at io.netty.channel.socket.nio.NioSocketChannel.doFinishConnect(NioSocketChannel.java:330)
	at io.netty.channel.nio.AbstractNioChannel$AbstractNioUnsafe.finishConnect(AbstractNioChannel.java:334)
	at io.netty.channel.nio.NioEventLoop.processSelectedKey(NioEventLoop.java:707)
	at io.netty.channel.nio.NioEventLoop.processSelectedKeysOptimized(NioEventLoop.java:655)
	at io.netty.channel.nio.NioEventLoop.processSelectedKeys(NioEventLoop.java:581)
	at io.netty.channel.nio.NioEventLoop.run(NioEventLoop.java:493)
	at io.netty.util.concurrent.SingleThreadEventExecutor$4.run(SingleThreadEventExecutor.java:989)
	at io.netty.util.internal.ThreadExecutorMap$2.run(ThreadExecutorMap.java:74)
	at io.netty.util.concurrent.FastThreadLocalRunnable.run(FastThreadLocalRunnable.java:30)
	at java.base/java.lang.Thread.run(Thread.java:829)
2026-02-24 03:04:11.014 - [WARN ] - esl
org.freeswitch.esl.client.inbound.InboundConnectionException: Could not connect to /61.158.166.43:8021
	at org.freeswitch.esl.client.inbound.Client.connect(Client.java:134)
	at cn.psycall.ccmgt.util.FreeSwitchManage.monitor(FreeSwitchManage.java:86)
	at cn.psycall.ccmgt.util.FreeSwitchManage.run(FreeSwitchManage.java:42)
Caused by: io.netty.channel.AbstractChannel$AnnotatedConnectException: Connection refused: /61.158.166.43:8021
Caused by: java.net.ConnectException: Connection refused
	at java.base/sun.nio.ch.SocketChannelImpl.checkConnect(Native Method)
	at java.base/sun.nio.ch.SocketChannelImpl.finishConnect(SocketChannelImpl.java:777)
	at io.netty.channel.socket.nio.NioSocketChannel.doFinishConnect(NioSocketChannel.java:330)
	at io.netty.channel.nio.AbstractNioChannel$AbstractNioUnsafe.finishConnect(AbstractNioChannel.java:334)
	at io.netty.channel.nio.NioEventLoop.processSelectedKey(NioEventLoop.java:707)
	at io.netty.channel.nio.NioEventLoop.processSelectedKeysOptimized(NioEventLoop.java:655)
	at io.netty.channel.nio.NioEventLoop.processSelectedKeys(NioEventLoop.java:581)
	at io.netty.channel.nio.NioEventLoop.run(NioEventLoop.java:493)
	at io.netty.util.concurrent.SingleThreadEventExecutor$4.run(SingleThreadEventExecutor.java:989)
	at io.netty.util.internal.ThreadExecutorMap$2.run(ThreadExecutorMap.java:74)
	at io.netty.util.concurrent.FastThreadLocalRunnable.run(FastThreadLocalRunnable.java:30)
	at java.base/java.lang.Thread.run(Thread.java:829)
2026-02-24 03:04:11.098 - [WARN ] - esl
org.freeswitch.esl.client.inbound.InboundConnectionException: Could not connect to /61.158.166.44:8021
	at org.freeswitch.esl.client.inbound.Client.connect(Client.java:134)
	at cn.psycall.ccmgt.util.FreeSwitchManage.monitor(FreeSwitchManage.java:86)
	at cn.psycall.ccmgt.util.FreeSwitchManage.run(FreeSwitchManage.java:42)
Caused by: io.netty.channel.AbstractChannel$AnnotatedConnectException: Connection refused: /61.158.166.44:8021
Caused by: java.net.ConnectException: Connection refused
	at java.base/sun.nio.ch.SocketChannelImpl.checkConnect(Native Method)
	at java.base/sun.nio.ch.SocketChannelImpl.finishConnect(SocketChannelImpl.java:777)
	at io.netty.channel.socket.nio.NioSocketChannel.doFinishConnect(NioSocketChannel.java:330)
	at io.netty.channel.nio.AbstractNioChannel$AbstractNioUnsafe.finishConnect(AbstractNioChannel.java:334)
	at io.netty.channel.nio.NioEventLoop.processSelectedKey(NioEventLoop.java:707)
	at io.netty.channel.nio.NioEventLoop.processSelectedKeysOptimized(NioEventLoop.java:655)
	at io.netty.channel.nio.NioEventLoop.processSelectedKeys(NioEventLoop.java:581)
	at io.netty.channel.nio.NioEventLoop.run(NioEventLoop.java:493)
	at io.netty.util.concurrent.SingleThreadEventExecutor$4.run(SingleThreadEventExecutor.java:989)
	at io.netty.util.internal.ThreadExecutorMap$2.run(ThreadExecutorMap.java:74)
	at io.netty.util.concurrent.FastThreadLocalRunnable.run(FastThreadLocalRunnable.java:30)
	at java.base/java.lang.Thread.run(Thread.java:829)
2026-02-24 03:04:12.183 - [WARN ] - esl
org.freeswitch.esl.client.inbound.InboundConnectionException: Could not connect to /61.158.166.43:8021
	at org.freeswitch.esl.client.inbound.Client.connect(Client.java:134)
	at cn.psycall.ccmgt.util.FreeSwitchManage.monitor(FreeSwitchManage.java:86)
	at cn.psycall.ccmgt.util.FreeSwitchManage.run(FreeSwitchManage.java:42)
Caused by: io.netty.channel.AbstractChannel$AnnotatedConnectException: Connection refused: /61.158.166.43:8021
Caused by: java.net.ConnectException: Connection refused
	at java.base/sun.nio.ch.SocketChannelImpl.checkConnect(Native Method)
	at java.base/sun.nio.ch.SocketChannelImpl.finishConnect(SocketChannelImpl.java:777)
	at io.netty.channel.socket.nio.NioSocketChannel.doFinishConnect(NioSocketChannel.java:330)
	at io.netty.channel.nio.AbstractNioChannel$AbstractNioUnsafe.finishConnect(AbstractNioChannel.java:334)
	at io.netty.channel.nio.NioEventLoop.processSelectedKey(NioEventLoop.java:707)
	at io.netty.channel.nio.NioEventLoop.processSelectedKeysOptimized(NioEventLoop.java:655)
	at io.netty.channel.nio.NioEventLoop.processSelectedKeys(NioEventLoop.java:581)
	at io.netty.channel.nio.NioEventLoop.run(NioEventLoop.java:493)
	at io.netty.util.concurrent.SingleThreadEventExecutor$4.run(SingleThreadEventExecutor.java:989)
	at io.netty.util.internal.ThreadExecutorMap$2.run(ThreadExecutorMap.java:74)
	at io.netty.util.concurrent.FastThreadLocalRunnable.run(FastThreadLocalRunnable.java:30)
	at java.base/java.lang.Thread.run(Thread.java:829)
2026-02-24 03:04:12.267 - [WARN ] - esl
org.freeswitch.esl.client.inbound.InboundConnectionException: Could not connect to /61.158.166.44:8021
	at org.freeswitch.esl.client.inbound.Client.connect(Client.java:134)
	at cn.psycall.ccmgt.util.FreeSwitchManage.monitor(FreeSwitchManage.java:86)
	at cn.psycall.ccmgt.util.FreeSwitchManage.run(FreeSwitchManage.java:42)
Caused by: io.netty.channel.AbstractChannel$AnnotatedConnectException: Connection refused: /61.158.166.44:8021
Caused by: java.net.ConnectException: Connection refused
	at java.base/sun.nio.ch.SocketChannelImpl.checkConnect(Native Method)
	at java.base/sun.nio.ch.SocketChannelImpl.finishConnect(SocketChannelImpl.java:777)
	at io.netty.channel.socket.nio.NioSocketChannel.doFinishConnect(NioSocketChannel.java:330)
	at io.netty.channel.nio.AbstractNioChannel$AbstractNioUnsafe.finishConnect(AbstractNioChannel.java:334)
	at io.netty.channel.nio.NioEventLoop.processSelectedKey(NioEventLoop.java:707)
	at io.netty.channel.nio.NioEventLoop.processSelectedKeysOptimized(NioEventLoop.java:655)
	at io.netty.channel.nio.NioEventLoop.processSelectedKeys(NioEventLoop.java:581)
	at io.netty.channel.nio.NioEventLoop.run(NioEventLoop.java:493)
	at io.netty.util.concurrent.SingleThreadEventExecutor$4.run(SingleThreadEventExecutor.java:989)
	at io.netty.util.internal.ThreadExecutorMap$2.run(ThreadExecutorMap.java:74)
	at io.netty.util.concurrent.FastThreadLocalRunnable.run(FastThreadLocalRunnable.java:30)
	at java.base/java.lang.Thread.run(Thread.java:829)
2026-02-24 03:04:13.355 - [WARN ] - esl
org.freeswitch.esl.client.inbound.InboundConnectionException: Could not connect to /61.158.166.43:8021
	at org.freeswitch.esl.client.inbound.Client.connect(Client.java:134)
	at cn.psycall.ccmgt.util.FreeSwitchManage.monitor(FreeSwitchManage.java:86)
	at cn.psycall.ccmgt.util.FreeSwitchManage.run(FreeSwitchManage.java:42)
Caused by: io.netty.channel.AbstractChannel$AnnotatedConnectException: Connection refused: /61.158.166.43:8021
Caused by: java.net.ConnectException: Connection refused
	at java.base/sun.nio.ch.SocketChannelImpl.checkConnect(Native Method)
	at java.base/sun.nio.ch.SocketChannelImpl.finishConnect(SocketChannelImpl.java:777)
	at io.netty.channel.socket.nio.NioSocketChannel.doFinishConnect(NioSocketChannel.java:330)
	at io.netty.channel.nio.AbstractNioChannel$AbstractNioUnsafe.finishConnect(AbstractNioChannel.java:334)
	at io.netty.channel.nio.NioEventLoop.processSelectedKey(NioEventLoop.java:707)
	at io.netty.channel.nio.NioEventLoop.processSelectedKeysOptimized(NioEventLoop.java:655)
	at io.netty.channel.nio.NioEventLoop.processSelectedKeys(NioEventLoop.java:581)
	at io.netty.channel.nio.NioEventLoop.run(NioEventLoop.java:493)
	at io.netty.util.concurrent.SingleThreadEventExecutor$4.run(SingleThreadEventExecutor.java:989)
	at io.netty.util.internal.ThreadExecutorMap$2.run(ThreadExecutorMap.java:74)
	at io.netty.util.concurrent.FastThreadLocalRunnable.run(FastThreadLocalRunnable.java:30)
	at java.base/java.lang.Thread.run(Thread.java:829)
2026-02-24 03:04:19.307 - [WARN ] - esl
org.freeswitch.esl.client.inbound.InboundConnectionException: Could not connect to /61.158.166.44:8021
	at org.freeswitch.esl.client.inbound.Client.connect(Client.java:134)
	at cn.psycall.ccmgt.util.FreeSwitchManage.monitor(FreeSwitchManage.java:86)
	at cn.psycall.ccmgt.util.FreeSwitchManage.run(FreeSwitchManage.java:42)
Caused by: io.netty.channel.AbstractChannel$AnnotatedConnectException: Connection refused: /61.158.166.44:8021
Caused by: java.net.ConnectException: Connection refused
	at java.base/sun.nio.ch.SocketChannelImpl.checkConnect(Native Method)
	at java.base/sun.nio.ch.SocketChannelImpl.finishConnect(SocketChannelImpl.java:777)
	at io.netty.channel.socket.nio.NioSocketChannel.doFinishConnect(NioSocketChannel.java:330)
	at io.netty.channel.nio.AbstractNioChannel$AbstractNioUnsafe.finishConnect(AbstractNioChannel.java:334)
	at io.netty.channel.nio.NioEventLoop.processSelectedKey(NioEventLoop.java:707)
	at io.netty.channel.nio.NioEventLoop.processSelectedKeysOptimized(NioEventLoop.java:655)
	at io.netty.channel.nio.NioEventLoop.processSelectedKeys(NioEventLoop.java:581)
	at io.netty.channel.nio.NioEventLoop.run(NioEventLoop.java:493)
	at io.netty.util.concurrent.SingleThreadEventExecutor$4.run(SingleThreadEventExecutor.java:989)
	at io.netty.util.internal.ThreadExecutorMap$2.run(ThreadExecutorMap.java:74)
	at io.netty.util.concurrent.FastThreadLocalRunnable.run(FastThreadLocalRunnable.java:30)
	at java.base/java.lang.Thread.run(Thread.java:829)
2026-02-24 03:04:20.607 - [WARN ] - conn_rabbit_mq
org.springframework.web.client.ResourceAccessException: I/O error on POST request for "http://61.158.166.43:8888/command/conn_rabbit_mq": Connect to 61.158.166.43:8888 [/61.158.166.43] failed: Connection refused (Connection refused); nested exception is org.apache.http.conn.HttpHostConnectException: Connect to 61.158.166.43:8888 [/61.158.166.43] failed: Connection refused (Connection refused)
	at org.springframework.web.client.RestTemplate.doExecute(RestTemplate.java:791)
	at org.springframework.web.client.RestTemplate.execute(RestTemplate.java:717)
	at org.springframework.web.client.RestTemplate.exchange(RestTemplate.java:608)
	at cn.psycall.ccmgt.util.FreeSwitchManage.conn_rabbit_mq(FreeSwitchManage.java:272)
	at cn.psycall.ccmgt.util.FreeSwitchManage.monitor(FreeSwitchManage.java:89)
	at cn.psycall.ccmgt.util.FreeSwitchManage.run(FreeSwitchManage.java:42)
Caused by: org.apache.http.conn.HttpHostConnectException: Connect to 61.158.166.43:8888 [/61.158.166.43] failed: Connection refused (Connection refused)
	at org.apache.http.impl.conn.DefaultHttpClientConnectionOperator.connect(DefaultHttpClientConnectionOperator.java:156)
	at org.apache.http.impl.conn.PoolingHttpClientConnectionManager.connect(PoolingHttpClientConnectionManager.java:376)
	at org.apache.http.impl.execchain.MainClientExec.establishRoute(MainClientExec.java:393)
	at org.apache.http.impl.execchain.MainClientExec.execute(MainClientExec.java:236)
	at org.apache.http.impl.execchain.ProtocolExec.execute(ProtocolExec.java:186)
	at org.apache.http.impl.execchain.RetryExec.execute(RetryExec.java:89)
	at org.apache.http.impl.execchain.RedirectExec.execute(RedirectExec.java:110)
	at org.apache.http.impl.client.InternalHttpClient.doExecute(InternalHttpClient.java:185)
	at org.apache.http.impl.client.CloseableHttpClient.execute(CloseableHttpClient.java:83)
	at org.apache.http.impl.client.CloseableHttpClient.execute(CloseableHttpClient.java:56)
	at org.springframework.http.client.HttpComponentsClientHttpRequest.executeInternal(HttpComponentsClientHttpRequest.java:87)
	at org.springframework.http.client.AbstractBufferingClientHttpRequest.executeInternal(AbstractBufferingClientHttpRequest.java:48)
	at org.springframework.http.client.AbstractClientHttpRequest.execute(AbstractClientHttpRequest.java:66)
	at org.springframework.web.client.RestTemplate.doExecute(RestTemplate.java:782)
	... 5 common frames omitted
Caused by: java.net.ConnectException: Connection refused (Connection refused)
	at java.base/java.net.PlainSocketImpl.socketConnect(Native Method)
	at java.base/java.net.AbstractPlainSocketImpl.doConnect(AbstractPlainSocketImpl.java:412)
	at java.base/java.net.AbstractPlainSocketImpl.connectToAddress(AbstractPlainSocketImpl.java:255)
	at java.base/java.net.AbstractPlainSocketImpl.connect(AbstractPlainSocketImpl.java:237)
	at java.base/java.net.SocksSocketImpl.connect(SocksSocketImpl.java:392)
	at java.base/java.net.Socket.connect(Socket.java:609)
	at org.apache.http.conn.socket.PlainConnectionSocketFactory.connectSocket(PlainConnectionSocketFactory.java:75)
	at org.apache.http.impl.conn.DefaultHttpClientConnectionOperator.connect(DefaultHttpClientConnectionOperator.java:142)
	... 18 common frames omitted
2026-02-24 03:04:20.690 - [WARN ] - esl
org.freeswitch.esl.client.inbound.InboundConnectionException: Could not connect to /61.158.166.44:8021
	at org.freeswitch.esl.client.inbound.Client.connect(Client.java:134)
	at cn.psycall.ccmgt.util.FreeSwitchManage.monitor(FreeSwitchManage.java:86)
	at cn.psycall.ccmgt.util.FreeSwitchManage.run(FreeSwitchManage.java:42)
Caused by: io.netty.channel.AbstractChannel$AnnotatedConnectException: Connection refused: /61.158.166.44:8021
Caused by: java.net.ConnectException: Connection refused
	at java.base/sun.nio.ch.SocketChannelImpl.checkConnect(Native Method)
	at java.base/sun.nio.ch.SocketChannelImpl.finishConnect(SocketChannelImpl.java:777)
	at io.netty.channel.socket.nio.NioSocketChannel.doFinishConnect(NioSocketChannel.java:330)
	at io.netty.channel.nio.AbstractNioChannel$AbstractNioUnsafe.finishConnect(AbstractNioChannel.java:334)
	at io.netty.channel.nio.NioEventLoop.processSelectedKey(NioEventLoop.java:707)
	at io.netty.channel.nio.NioEventLoop.processSelectedKeysOptimized(NioEventLoop.java:655)
	at io.netty.channel.nio.NioEventLoop.processSelectedKeys(NioEventLoop.java:581)
	at io.netty.channel.nio.NioEventLoop.run(NioEventLoop.java:493)
	at io.netty.util.concurrent.SingleThreadEventExecutor$4.run(SingleThreadEventExecutor.java:989)
	at io.netty.util.internal.ThreadExecutorMap$2.run(ThreadExecutorMap.java:74)
	at io.netty.util.concurrent.FastThreadLocalRunnable.run(FastThreadLocalRunnable.java:30)
	at java.base/java.lang.Thread.run(Thread.java:829)
2026-02-24 03:04:21.975 - [WARN ] - conn_rabbit_mq
org.springframework.web.client.ResourceAccessException: I/O error on POST request for "http://61.158.166.43:8888/command/conn_rabbit_mq": Connect to 61.158.166.43:8888 [/61.158.166.43] failed: Connection refused (Connection refused); nested exception is org.apache.http.conn.HttpHostConnectException: Connect to 61.158.166.43:8888 [/61.158.166.43] failed: Connection refused (Connection refused)
	at org.springframework.web.client.RestTemplate.doExecute(RestTemplate.java:791)
	at org.springframework.web.client.RestTemplate.execute(RestTemplate.java:717)
	at org.springframework.web.client.RestTemplate.exchange(RestTemplate.java:608)
	at cn.psycall.ccmgt.util.FreeSwitchManage.conn_rabbit_mq(FreeSwitchManage.java:272)
	at cn.psycall.ccmgt.util.FreeSwitchManage.monitor(FreeSwitchManage.java:89)
	at cn.psycall.ccmgt.util.FreeSwitchManage.run(FreeSwitchManage.java:42)
Caused by: org.apache.http.conn.HttpHostConnectException: Connect to 61.158.166.43:8888 [/61.158.166.43] failed: Connection refused (Connection refused)
	at org.apache.http.impl.conn.DefaultHttpClientConnectionOperator.connect(DefaultHttpClientConnectionOperator.java:156)
	at org.apache.http.impl.conn.PoolingHttpClientConnectionManager.connect(PoolingHttpClientConnectionManager.java:376)
	at org.apache.http.impl.execchain.MainClientExec.establishRoute(MainClientExec.java:393)
	at org.apache.http.impl.execchain.MainClientExec.execute(MainClientExec.java:236)
	at org.apache.http.impl.execchain.ProtocolExec.execute(ProtocolExec.java:186)
	at org.apache.http.impl.execchain.RetryExec.execute(RetryExec.java:89)
	at org.apache.http.impl.execchain.RedirectExec.execute(RedirectExec.java:110)
	at org.apache.http.impl.client.InternalHttpClient.doExecute(InternalHttpClient.java:185)
	at org.apache.http.impl.client.CloseableHttpClient.execute(CloseableHttpClient.java:83)
	at org.apache.http.impl.client.CloseableHttpClient.execute(CloseableHttpClient.java:56)
	at org.springframework.http.client.HttpComponentsClientHttpRequest.executeInternal(HttpComponentsClientHttpRequest.java:87)
	at org.springframework.http.client.AbstractBufferingClientHttpRequest.executeInternal(AbstractBufferingClientHttpRequest.java:48)
	at org.springframework.http.client.AbstractClientHttpRequest.execute(AbstractClientHttpRequest.java:66)
	at org.springframework.web.client.RestTemplate.doExecute(RestTemplate.java:782)
	... 5 common frames omitted
Caused by: java.net.ConnectException: Connection refused (Connection refused)
	at java.base/java.net.PlainSocketImpl.socketConnect(Native Method)
	at java.base/java.net.AbstractPlainSocketImpl.doConnect(AbstractPlainSocketImpl.java:412)
	at java.base/java.net.AbstractPlainSocketImpl.connectToAddress(AbstractPlainSocketImpl.java:255)
	at java.base/java.net.AbstractPlainSocketImpl.connect(AbstractPlainSocketImpl.java:237)
	at java.base/java.net.SocksSocketImpl.connect(SocksSocketImpl.java:392)
	at java.base/java.net.Socket.connect(Socket.java:609)
	at org.apache.http.conn.socket.PlainConnectionSocketFactory.connectSocket(PlainConnectionSocketFactory.java:75)
	at org.apache.http.impl.conn.DefaultHttpClientConnectionOperator.connect(DefaultHttpClientConnectionOperator.java:142)
	... 18 common frames omitted
2026-02-24 03:04:22.053 - [WARN ] - esl
org.freeswitch.esl.client.inbound.InboundConnectionException: Could not connect to /61.158.166.44:8021
	at org.freeswitch.esl.client.inbound.Client.connect(Client.java:134)
	at cn.psycall.ccmgt.util.FreeSwitchManage.monitor(FreeSwitchManage.java:86)
	at cn.psycall.ccmgt.util.FreeSwitchManage.run(FreeSwitchManage.java:42)
Caused by: io.netty.channel.AbstractChannel$AnnotatedConnectException: Connection refused: /61.158.166.44:8021
Caused by: java.net.ConnectException: Connection refused
	at java.base/sun.nio.ch.SocketChannelImpl.checkConnect(Native Method)
	at java.base/sun.nio.ch.SocketChannelImpl.finishConnect(SocketChannelImpl.java:777)
	at io.netty.channel.socket.nio.NioSocketChannel.doFinishConnect(NioSocketChannel.java:330)
	at io.netty.channel.nio.AbstractNioChannel$AbstractNioUnsafe.finishConnect(AbstractNioChannel.java:334)
	at io.netty.channel.nio.NioEventLoop.processSelectedKey(NioEventLoop.java:707)
	at io.netty.channel.nio.NioEventLoop.processSelectedKeysOptimized(NioEventLoop.java:655)
	at io.netty.channel.nio.NioEventLoop.processSelectedKeys(NioEventLoop.java:581)
	at io.netty.channel.nio.NioEventLoop.run(NioEventLoop.java:493)
	at io.netty.util.concurrent.SingleThreadEventExecutor$4.run(SingleThreadEventExecutor.java:989)
	at io.netty.util.internal.ThreadExecutorMap$2.run(ThreadExecutorMap.java:74)
	at io.netty.util.concurrent.FastThreadLocalRunnable.run(FastThreadLocalRunnable.java:30)
	at java.base/java.lang.Thread.run(Thread.java:829)
2026-02-24 03:04:23.593 - [WARN ] - esl
org.freeswitch.esl.client.inbound.InboundConnectionException: Could not connect to /61.158.166.44:8021
	at org.freeswitch.esl.client.inbound.Client.connect(Client.java:134)
	at cn.psycall.ccmgt.util.FreeSwitchManage.monitor(FreeSwitchManage.java:86)
	at cn.psycall.ccmgt.util.FreeSwitchManage.run(FreeSwitchManage.java:42)
Caused by: io.netty.channel.AbstractChannel$AnnotatedConnectException: Connection refused: /61.158.166.44:8021
Caused by: java.net.ConnectException: Connection refused
	at java.base/sun.nio.ch.SocketChannelImpl.checkConnect(Native Method)
	at java.base/sun.nio.ch.SocketChannelImpl.finishConnect(SocketChannelImpl.java:777)
	at io.netty.channel.socket.nio.NioSocketChannel.doFinishConnect(NioSocketChannel.java:330)
	at io.netty.channel.nio.AbstractNioChannel$AbstractNioUnsafe.finishConnect(AbstractNioChannel.java:334)
	at io.netty.channel.nio.NioEventLoop.processSelectedKey(NioEventLoop.java:707)
	at io.netty.channel.nio.NioEventLoop.processSelectedKeysOptimized(NioEventLoop.java:655)
	at io.netty.channel.nio.NioEventLoop.processSelectedKeys(NioEventLoop.java:581)
	at io.netty.channel.nio.NioEventLoop.run(NioEventLoop.java:493)
	at io.netty.util.concurrent.SingleThreadEventExecutor$4.run(SingleThreadEventExecutor.java:989)
	at io.netty.util.internal.ThreadExecutorMap$2.run(ThreadExecutorMap.java:74)
	at io.netty.util.concurrent.FastThreadLocalRunnable.run(FastThreadLocalRunnable.java:30)
	at java.base/java.lang.Thread.run(Thread.java:829)
2026-02-24 03:04:24.972 - [WARN ] - esl
org.freeswitch.esl.client.inbound.InboundConnectionException: Could not connect to /61.158.166.44:8021
	at org.freeswitch.esl.client.inbound.Client.connect(Client.java:134)
	at cn.psycall.ccmgt.util.FreeSwitchManage.monitor(FreeSwitchManage.java:86)
	at cn.psycall.ccmgt.util.FreeSwitchManage.run(FreeSwitchManage.java:42)
Caused by: io.netty.channel.AbstractChannel$AnnotatedConnectException: Connection refused: /61.158.166.44:8021
Caused by: java.net.ConnectException: Connection refused
	at java.base/sun.nio.ch.SocketChannelImpl.checkConnect(Native Method)
	at java.base/sun.nio.ch.SocketChannelImpl.finishConnect(SocketChannelImpl.java:777)
	at io.netty.channel.socket.nio.NioSocketChannel.doFinishConnect(NioSocketChannel.java:330)
	at io.netty.channel.nio.AbstractNioChannel$AbstractNioUnsafe.finishConnect(AbstractNioChannel.java:334)
	at io.netty.channel.nio.NioEventLoop.processSelectedKey(NioEventLoop.java:707)
	at io.netty.channel.nio.NioEventLoop.processSelectedKeysOptimized(NioEventLoop.java:655)
	at io.netty.channel.nio.NioEventLoop.processSelectedKeys(NioEventLoop.java:581)
	at io.netty.channel.nio.NioEventLoop.run(NioEventLoop.java:493)
	at io.netty.util.concurrent.SingleThreadEventExecutor$4.run(SingleThreadEventExecutor.java:989)
	at io.netty.util.internal.ThreadExecutorMap$2.run(ThreadExecutorMap.java:74)
	at io.netty.util.concurrent.FastThreadLocalRunnable.run(FastThreadLocalRunnable.java:30)
	at java.base/java.lang.Thread.run(Thread.java:829)
2026-02-24 03:04:26.350 - [WARN ] - esl
org.freeswitch.esl.client.inbound.InboundConnectionException: Could not connect to /61.158.166.44:8021
	at org.freeswitch.esl.client.inbound.Client.connect(Client.java:134)
	at cn.psycall.ccmgt.util.FreeSwitchManage.monitor(FreeSwitchManage.java:86)
	at cn.psycall.ccmgt.util.FreeSwitchManage.run(FreeSwitchManage.java:42)
Caused by: io.netty.channel.AbstractChannel$AnnotatedConnectException: Connection refused: /61.158.166.44:8021
Caused by: java.net.ConnectException: Connection refused
	at java.base/sun.nio.ch.SocketChannelImpl.checkConnect(Native Method)
	at java.base/sun.nio.ch.SocketChannelImpl.finishConnect(SocketChannelImpl.java:777)
	at io.netty.channel.socket.nio.NioSocketChannel.doFinishConnect(NioSocketChannel.java:330)
	at io.netty.channel.nio.AbstractNioChannel$AbstractNioUnsafe.finishConnect(AbstractNioChannel.java:334)
	at io.netty.channel.nio.NioEventLoop.processSelectedKey(NioEventLoop.java:707)
	at io.netty.channel.nio.NioEventLoop.processSelectedKeysOptimized(NioEventLoop.java:655)
	at io.netty.channel.nio.NioEventLoop.processSelectedKeys(NioEventLoop.java:581)
	at io.netty.channel.nio.NioEventLoop.run(NioEventLoop.java:493)
	at io.netty.util.concurrent.SingleThreadEventExecutor$4.run(SingleThreadEventExecutor.java:989)
	at io.netty.util.internal.ThreadExecutorMap$2.run(ThreadExecutorMap.java:74)
	at io.netty.util.concurrent.FastThreadLocalRunnable.run(FastThreadLocalRunnable.java:30)
	at java.base/java.lang.Thread.run(Thread.java:829)
2026-02-24 03:04:27.785 - [WARN ] - esl
org.freeswitch.esl.client.inbound.InboundConnectionException: Could not connect to /61.158.166.44:8021
	at org.freeswitch.esl.client.inbound.Client.connect(Client.java:134)
	at cn.psycall.ccmgt.util.FreeSwitchManage.monitor(FreeSwitchManage.java:86)
	at cn.psycall.ccmgt.util.FreeSwitchManage.run(FreeSwitchManage.java:42)
Caused by: io.netty.channel.AbstractChannel$AnnotatedConnectException: Connection refused: /61.158.166.44:8021
Caused by: java.net.ConnectException: Connection refused
	at java.base/sun.nio.ch.SocketChannelImpl.checkConnect(Native Method)
	at java.base/sun.nio.ch.SocketChannelImpl.finishConnect(SocketChannelImpl.java:777)
	at io.netty.channel.socket.nio.NioSocketChannel.doFinishConnect(NioSocketChannel.java:330)
	at io.netty.channel.nio.AbstractNioChannel$AbstractNioUnsafe.finishConnect(AbstractNioChannel.java:334)
	at io.netty.channel.nio.NioEventLoop.processSelectedKey(NioEventLoop.java:707)
	at io.netty.channel.nio.NioEventLoop.processSelectedKeysOptimized(NioEventLoop.java:655)
	at io.netty.channel.nio.NioEventLoop.processSelectedKeys(NioEventLoop.java:581)
	at io.netty.channel.nio.NioEventLoop.run(NioEventLoop.java:493)
	at io.netty.util.concurrent.SingleThreadEventExecutor$4.run(SingleThreadEventExecutor.java:989)
	at io.netty.util.internal.ThreadExecutorMap$2.run(ThreadExecutorMap.java:74)
	at io.netty.util.concurrent.FastThreadLocalRunnable.run(FastThreadLocalRunnable.java:30)
	at java.base/java.lang.Thread.run(Thread.java:829)
2026-02-24 03:04:29.157 - [WARN ] - esl
org.freeswitch.esl.client.inbound.InboundConnectionException: Could not connect to /61.158.166.44:8021
	at org.freeswitch.esl.client.inbound.Client.connect(Client.java:134)
	at cn.psycall.ccmgt.util.FreeSwitchManage.monitor(FreeSwitchManage.java:86)
	at cn.psycall.ccmgt.util.FreeSwitchManage.run(FreeSwitchManage.java:42)
Caused by: io.netty.channel.AbstractChannel$AnnotatedConnectException: Connection refused: /61.158.166.44:8021
Caused by: java.net.ConnectException: Connection refused
	at java.base/sun.nio.ch.SocketChannelImpl.checkConnect(Native Method)
	at java.base/sun.nio.ch.SocketChannelImpl.finishConnect(SocketChannelImpl.java:777)
	at io.netty.channel.socket.nio.NioSocketChannel.doFinishConnect(NioSocketChannel.java:330)
	at io.netty.channel.nio.AbstractNioChannel$AbstractNioUnsafe.finishConnect(AbstractNioChannel.java:334)
	at io.netty.channel.nio.NioEventLoop.processSelectedKey(NioEventLoop.java:707)
	at io.netty.channel.nio.NioEventLoop.processSelectedKeysOptimized(NioEventLoop.java:655)
	at io.netty.channel.nio.NioEventLoop.processSelectedKeys(NioEventLoop.java:581)
	at io.netty.channel.nio.NioEventLoop.run(NioEventLoop.java:493)
	at io.netty.util.concurrent.SingleThreadEventExecutor$4.run(SingleThreadEventExecutor.java:989)
	at io.netty.util.internal.ThreadExecutorMap$2.run(ThreadExecutorMap.java:74)
	at io.netty.util.concurrent.FastThreadLocalRunnable.run(FastThreadLocalRunnable.java:30)
	at java.base/java.lang.Thread.run(Thread.java:829)
2026-02-24 03:04:30.523 - [WARN ] - esl
org.freeswitch.esl.client.inbound.InboundConnectionException: Could not connect to /61.158.166.44:8021
	at org.freeswitch.esl.client.inbound.Client.connect(Client.java:134)
	at cn.psycall.ccmgt.util.FreeSwitchManage.monitor(FreeSwitchManage.java:86)
	at cn.psycall.ccmgt.util.FreeSwitchManage.run(FreeSwitchManage.java:42)
Caused by: io.netty.channel.AbstractChannel$AnnotatedConnectException: Connection refused: /61.158.166.44:8021
Caused by: java.net.ConnectException: Connection refused
	at java.base/sun.nio.ch.SocketChannelImpl.checkConnect(Native Method)
	at java.base/sun.nio.ch.SocketChannelImpl.finishConnect(SocketChannelImpl.java:777)
	at io.netty.channel.socket.nio.NioSocketChannel.doFinishConnect(NioSocketChannel.java:330)
	at io.netty.channel.nio.AbstractNioChannel$AbstractNioUnsafe.finishConnect(AbstractNioChannel.java:334)
	at io.netty.channel.nio.NioEventLoop.processSelectedKey(NioEventLoop.java:707)
	at io.netty.channel.nio.NioEventLoop.processSelectedKeysOptimized(NioEventLoop.java:655)
	at io.netty.channel.nio.NioEventLoop.processSelectedKeys(NioEventLoop.java:581)
	at io.netty.channel.nio.NioEventLoop.run(NioEventLoop.java:493)
	at io.netty.util.concurrent.SingleThreadEventExecutor$4.run(SingleThreadEventExecutor.java:989)
	at io.netty.util.internal.ThreadExecutorMap$2.run(ThreadExecutorMap.java:74)
	at io.netty.util.concurrent.FastThreadLocalRunnable.run(FastThreadLocalRunnable.java:30)
	at java.base/java.lang.Thread.run(Thread.java:829)
2026-02-24 03:04:31.890 - [WARN ] - esl
org.freeswitch.esl.client.inbound.InboundConnectionException: Could not connect to /61.158.166.44:8021
	at org.freeswitch.esl.client.inbound.Client.connect(Client.java:134)
	at cn.psycall.ccmgt.util.FreeSwitchManage.monitor(FreeSwitchManage.java:86)
	at cn.psycall.ccmgt.util.FreeSwitchManage.run(FreeSwitchManage.java:42)
Caused by: io.netty.channel.AbstractChannel$AnnotatedConnectException: Connection refused: /61.158.166.44:8021
Caused by: java.net.ConnectException: Connection refused
	at java.base/sun.nio.ch.SocketChannelImpl.checkConnect(Native Method)
	at java.base/sun.nio.ch.SocketChannelImpl.finishConnect(SocketChannelImpl.java:777)
	at io.netty.channel.socket.nio.NioSocketChannel.doFinishConnect(NioSocketChannel.java:330)
	at io.netty.channel.nio.AbstractNioChannel$AbstractNioUnsafe.finishConnect(AbstractNioChannel.java:334)
	at io.netty.channel.nio.NioEventLoop.processSelectedKey(NioEventLoop.java:707)
	at io.netty.channel.nio.NioEventLoop.processSelectedKeysOptimized(NioEventLoop.java:655)
	at io.netty.channel.nio.NioEventLoop.processSelectedKeys(NioEventLoop.java:581)
	at io.netty.channel.nio.NioEventLoop.run(NioEventLoop.java:493)
	at io.netty.util.concurrent.SingleThreadEventExecutor$4.run(SingleThreadEventExecutor.java:989)
	at io.netty.util.internal.ThreadExecutorMap$2.run(ThreadExecutorMap.java:74)
	at io.netty.util.concurrent.FastThreadLocalRunnable.run(FastThreadLocalRunnable.java:30)
	at java.base/java.lang.Thread.run(Thread.java:829)
2026-02-24 03:04:33.279 - [INFO ] - internal->61.158.166.43:5060
2026-02-24 03:04:33.280 - [INFO ] - ESL Client connected ..(61.158.166.43:8021[b5b0da6f-cb6d-48e6-a5bb-5b62591b3d28])
2026-02-24 03:04:34.005 - [INFO ] - internal_sip_port->5060
2026-02-24 03:04:34.005 - [INFO ] - external_sip_port->5080
2026-02-24 03:04:39.515 - [INFO ] - fs[b5b0da6f-cb6d-48e6-a5bb-5b62591b3d28] CallThread start
2026-02-24 03:04:39.590 - [WARN ] - esl
org.freeswitch.esl.client.inbound.InboundConnectionException: Could not connect to /61.158.166.44:8021
	at org.freeswitch.esl.client.inbound.Client.connect(Client.java:134)
	at cn.psycall.ccmgt.util.FreeSwitchManage.monitor(FreeSwitchManage.java:86)
	at cn.psycall.ccmgt.util.FreeSwitchManage.run(FreeSwitchManage.java:42)
Caused by: io.netty.channel.AbstractChannel$AnnotatedConnectException: Connection refused: /61.158.166.44:8021
Caused by: java.net.ConnectException: Connection refused
	at java.base/sun.nio.ch.SocketChannelImpl.checkConnect(Native Method)
	at java.base/sun.nio.ch.SocketChannelImpl.finishConnect(SocketChannelImpl.java:777)
	at io.netty.channel.socket.nio.NioSocketChannel.doFinishConnect(NioSocketChannel.java:330)
	at io.netty.channel.nio.AbstractNioChannel$AbstractNioUnsafe.finishConnect(AbstractNioChannel.java:334)
	at io.netty.channel.nio.NioEventLoop.processSelectedKey(NioEventLoop.java:707)
	at io.netty.channel.nio.NioEventLoop.processSelectedKeysOptimized(NioEventLoop.java:655)
	at io.netty.channel.nio.NioEventLoop.processSelectedKeys(NioEventLoop.java:581)
	at io.netty.channel.nio.NioEventLoop.run(NioEventLoop.java:493)
	at io.netty.util.concurrent.SingleThreadEventExecutor$4.run(SingleThreadEventExecutor.java:989)
	at io.netty.util.internal.ThreadExecutorMap$2.run(ThreadExecutorMap.java:74)
	at io.netty.util.concurrent.FastThreadLocalRunnable.run(FastThreadLocalRunnable.java:30)
	at java.base/java.lang.Thread.run(Thread.java:829)
2026-02-24 03:04:40.676 - [WARN ] - esl
org.freeswitch.esl.client.inbound.InboundConnectionException: Could not connect to /61.158.166.44:8021
	at org.freeswitch.esl.client.inbound.Client.connect(Client.java:134)
	at cn.psycall.ccmgt.util.FreeSwitchManage.monitor(FreeSwitchManage.java:86)
	at cn.psycall.ccmgt.util.FreeSwitchManage.run(FreeSwitchManage.java:42)
Caused by: io.netty.channel.AbstractChannel$AnnotatedConnectException: Connection refused: /61.158.166.44:8021
Caused by: java.net.ConnectException: Connection refused
	at java.base/sun.nio.ch.SocketChannelImpl.checkConnect(Native Method)
	at java.base/sun.nio.ch.SocketChannelImpl.finishConnect(SocketChannelImpl.java:777)
	at io.netty.channel.socket.nio.NioSocketChannel.doFinishConnect(NioSocketChannel.java:330)
	at io.netty.channel.nio.AbstractNioChannel$AbstractNioUnsafe.finishConnect(AbstractNioChannel.java:334)
	at io.netty.channel.nio.NioEventLoop.processSelectedKey(NioEventLoop.java:707)
	at io.netty.channel.nio.NioEventLoop.processSelectedKeysOptimized(NioEventLoop.java:655)
	at io.netty.channel.nio.NioEventLoop.processSelectedKeys(NioEventLoop.java:581)
	at io.netty.channel.nio.NioEventLoop.run(NioEventLoop.java:493)
	at io.netty.util.concurrent.SingleThreadEventExecutor$4.run(SingleThreadEventExecutor.java:989)
	at io.netty.util.internal.ThreadExecutorMap$2.run(ThreadExecutorMap.java:74)
	at io.netty.util.concurrent.FastThreadLocalRunnable.run(FastThreadLocalRunnable.java:30)
	at java.base/java.lang.Thread.run(Thread.java:829)
2026-02-24 03:04:41.753 - [WARN ] - esl
org.freeswitch.esl.client.inbound.InboundConnectionException: Could not connect to /61.158.166.44:8021
	at org.freeswitch.esl.client.inbound.Client.connect(Client.java:134)
	at cn.psycall.ccmgt.util.FreeSwitchManage.monitor(FreeSwitchManage.java:86)
	at cn.psycall.ccmgt.util.FreeSwitchManage.run(FreeSwitchManage.java:42)
Caused by: io.netty.channel.AbstractChannel$AnnotatedConnectException: Connection refused: /61.158.166.44:8021
Caused by: java.net.ConnectException: Connection refused
	at java.base/sun.nio.ch.SocketChannelImpl.checkConnect(Native Method)
	at java.base/sun.nio.ch.SocketChannelImpl.finishConnect(SocketChannelImpl.java:777)
	at io.netty.channel.socket.nio.NioSocketChannel.doFinishConnect(NioSocketChannel.java:330)
	at io.netty.channel.nio.AbstractNioChannel$AbstractNioUnsafe.finishConnect(AbstractNioChannel.java:334)
	at io.netty.channel.nio.NioEventLoop.processSelectedKey(NioEventLoop.java:707)
	at io.netty.channel.nio.NioEventLoop.processSelectedKeysOptimized(NioEventLoop.java:655)
	at io.netty.channel.nio.NioEventLoop.processSelectedKeys(NioEventLoop.java:581)
	at io.netty.channel.nio.NioEventLoop.run(NioEventLoop.java:493)
	at io.netty.util.concurrent.SingleThreadEventExecutor$4.run(SingleThreadEventExecutor.java:989)
	at io.netty.util.internal.ThreadExecutorMap$2.run(ThreadExecutorMap.java:74)
	at io.netty.util.concurrent.FastThreadLocalRunnable.run(FastThreadLocalRunnable.java:30)
	at java.base/java.lang.Thread.run(Thread.java:829)
2026-02-24 03:04:42.829 - [WARN ] - esl
org.freeswitch.esl.client.inbound.InboundConnectionException: Could not connect to /61.158.166.44:8021
	at org.freeswitch.esl.client.inbound.Client.connect(Client.java:134)
	at cn.psycall.ccmgt.util.FreeSwitchManage.monitor(FreeSwitchManage.java:86)
	at cn.psycall.ccmgt.util.FreeSwitchManage.run(FreeSwitchManage.java:42)
Caused by: io.netty.channel.AbstractChannel$AnnotatedConnectException: Connection refused: /61.158.166.44:8021
Caused by: java.net.ConnectException: Connection refused
	at java.base/sun.nio.ch.SocketChannelImpl.checkConnect(Native Method)
	at java.base/sun.nio.ch.SocketChannelImpl.finishConnect(SocketChannelImpl.java:777)
	at io.netty.channel.socket.nio.NioSocketChannel.doFinishConnect(NioSocketChannel.java:330)
	at io.netty.channel.nio.AbstractNioChannel$AbstractNioUnsafe.finishConnect(AbstractNioChannel.java:334)
	at io.netty.channel.nio.NioEventLoop.processSelectedKey(NioEventLoop.java:707)
	at io.netty.channel.nio.NioEventLoop.processSelectedKeysOptimized(NioEventLoop.java:655)
	at io.netty.channel.nio.NioEventLoop.processSelectedKeys(NioEventLoop.java:581)
	at io.netty.channel.nio.NioEventLoop.run(NioEventLoop.java:493)
	at io.netty.util.concurrent.SingleThreadEventExecutor$4.run(SingleThreadEventExecutor.java:989)
	at io.netty.util.internal.ThreadExecutorMap$2.run(ThreadExecutorMap.java:74)
	at io.netty.util.concurrent.FastThreadLocalRunnable.run(FastThreadLocalRunnable.java:30)
	at java.base/java.lang.Thread.run(Thread.java:829)
2026-02-24 03:04:43.902 - [WARN ] - esl
org.freeswitch.esl.client.inbound.InboundConnectionException: Could not connect to /61.158.166.44:8021
	at org.freeswitch.esl.client.inbound.Client.connect(Client.java:134)
	at cn.psycall.ccmgt.util.FreeSwitchManage.monitor(FreeSwitchManage.java:86)
	at cn.psycall.ccmgt.util.FreeSwitchManage.run(FreeSwitchManage.java:42)
Caused by: io.netty.channel.AbstractChannel$AnnotatedConnectException: Connection refused: /61.158.166.44:8021
Caused by: java.net.ConnectException: Connection refused
	at java.base/sun.nio.ch.SocketChannelImpl.checkConnect(Native Method)
	at java.base/sun.nio.ch.SocketChannelImpl.finishConnect(SocketChannelImpl.java:777)
	at io.netty.channel.socket.nio.NioSocketChannel.doFinishConnect(NioSocketChannel.java:330)
	at io.netty.channel.nio.AbstractNioChannel$AbstractNioUnsafe.finishConnect(AbstractNioChannel.java:334)
	at io.netty.channel.nio.NioEventLoop.processSelectedKey(NioEventLoop.java:707)
	at io.netty.channel.nio.NioEventLoop.processSelectedKeysOptimized(NioEventLoop.java:655)
	at io.netty.channel.nio.NioEventLoop.processSelectedKeys(NioEventLoop.java:581)
	at io.netty.channel.nio.NioEventLoop.run(NioEventLoop.java:493)
	at io.netty.util.concurrent.SingleThreadEventExecutor$4.run(SingleThreadEventExecutor.java:989)
	at io.netty.util.internal.ThreadExecutorMap$2.run(ThreadExecutorMap.java:74)
	at io.netty.util.concurrent.FastThreadLocalRunnable.run(FastThreadLocalRunnable.java:30)
	at java.base/java.lang.Thread.run(Thread.java:829)
2026-02-24 03:04:44.978 - [WARN ] - esl
org.freeswitch.esl.client.inbound.InboundConnectionException: Could not connect to /61.158.166.44:8021
	at org.freeswitch.esl.client.inbound.Client.connect(Client.java:134)
	at cn.psycall.ccmgt.util.FreeSwitchManage.monitor(FreeSwitchManage.java:86)
	at cn.psycall.ccmgt.util.FreeSwitchManage.run(FreeSwitchManage.java:42)
Caused by: io.netty.channel.AbstractChannel$AnnotatedConnectException: Connection refused: /61.158.166.44:8021
Caused by: java.net.ConnectException: Connection refused
	at java.base/sun.nio.ch.SocketChannelImpl.checkConnect(Native Method)
	at java.base/sun.nio.ch.SocketChannelImpl.finishConnect(SocketChannelImpl.java:777)
	at io.netty.channel.socket.nio.NioSocketChannel.doFinishConnect(NioSocketChannel.java:330)
	at io.netty.channel.nio.AbstractNioChannel$AbstractNioUnsafe.finishConnect(AbstractNioChannel.java:334)
	at io.netty.channel.nio.NioEventLoop.processSelectedKey(NioEventLoop.java:707)
	at io.netty.channel.nio.NioEventLoop.processSelectedKeysOptimized(NioEventLoop.java:655)
	at io.netty.channel.nio.NioEventLoop.processSelectedKeys(NioEventLoop.java:581)
	at io.netty.channel.nio.NioEventLoop.run(NioEventLoop.java:493)
	at io.netty.util.concurrent.SingleThreadEventExecutor$4.run(SingleThreadEventExecutor.java:989)
	at io.netty.util.internal.ThreadExecutorMap$2.run(ThreadExecutorMap.java:74)
	at io.netty.util.concurrent.FastThreadLocalRunnable.run(FastThreadLocalRunnable.java:30)
	at java.base/java.lang.Thread.run(Thread.java:829)
2026-02-24 03:04:46.057 - [WARN ] - esl
org.freeswitch.esl.client.inbound.InboundConnectionException: Could not connect to /61.158.166.44:8021
	at org.freeswitch.esl.client.inbound.Client.connect(Client.java:134)
	at cn.psycall.ccmgt.util.FreeSwitchManage.monitor(FreeSwitchManage.java:86)
	at cn.psycall.ccmgt.util.FreeSwitchManage.run(FreeSwitchManage.java:42)
Caused by: io.netty.channel.AbstractChannel$AnnotatedConnectException: Connection refused: /61.158.166.44:8021
Caused by: java.net.ConnectException: Connection refused
	at java.base/sun.nio.ch.SocketChannelImpl.checkConnect(Native Method)
	at java.base/sun.nio.ch.SocketChannelImpl.finishConnect(SocketChannelImpl.java:777)
	at io.netty.channel.socket.nio.NioSocketChannel.doFinishConnect(NioSocketChannel.java:330)
	at io.netty.channel.nio.AbstractNioChannel$AbstractNioUnsafe.finishConnect(AbstractNioChannel.java:334)
	at io.netty.channel.nio.NioEventLoop.processSelectedKey(NioEventLoop.java:707)
	at io.netty.channel.nio.NioEventLoop.processSelectedKeysOptimized(NioEventLoop.java:655)
	at io.netty.channel.nio.NioEventLoop.processSelectedKeys(NioEventLoop.java:581)
	at io.netty.channel.nio.NioEventLoop.run(NioEventLoop.java:493)
	at io.netty.util.concurrent.SingleThreadEventExecutor$4.run(SingleThreadEventExecutor.java:989)
	at io.netty.util.internal.ThreadExecutorMap$2.run(ThreadExecutorMap.java:74)
	at io.netty.util.concurrent.FastThreadLocalRunnable.run(FastThreadLocalRunnable.java:30)
	at java.base/java.lang.Thread.run(Thread.java:829)
2026-02-24 03:04:47.135 - [WARN ] - esl
org.freeswitch.esl.client.inbound.InboundConnectionException: Could not connect to /61.158.166.44:8021
	at org.freeswitch.esl.client.inbound.Client.connect(Client.java:134)
	at cn.psycall.ccmgt.util.FreeSwitchManage.monitor(FreeSwitchManage.java:86)
	at cn.psycall.ccmgt.util.FreeSwitchManage.run(FreeSwitchManage.java:42)
Caused by: io.netty.channel.AbstractChannel$AnnotatedConnectException: Connection refused: /61.158.166.44:8021
Caused by: java.net.ConnectException: Connection refused
	at java.base/sun.nio.ch.SocketChannelImpl.checkConnect(Native Method)
	at java.base/sun.nio.ch.SocketChannelImpl.finishConnect(SocketChannelImpl.java:777)
	at io.netty.channel.socket.nio.NioSocketChannel.doFinishConnect(NioSocketChannel.java:330)
	at io.netty.channel.nio.AbstractNioChannel$AbstractNioUnsafe.finishConnect(AbstractNioChannel.java:334)
	at io.netty.channel.nio.NioEventLoop.processSelectedKey(NioEventLoop.java:707)
	at io.netty.channel.nio.NioEventLoop.processSelectedKeysOptimized(NioEventLoop.java:655)
	at io.netty.channel.nio.NioEventLoop.processSelectedKeys(NioEventLoop.java:581)
	at io.netty.channel.nio.NioEventLoop.run(NioEventLoop.java:493)
	at io.netty.util.concurrent.SingleThreadEventExecutor$4.run(SingleThreadEventExecutor.java:989)
	at io.netty.util.internal.ThreadExecutorMap$2.run(ThreadExecutorMap.java:74)
	at io.netty.util.concurrent.FastThreadLocalRunnable.run(FastThreadLocalRunnable.java:30)
	at java.base/java.lang.Thread.run(Thread.java:829)
2026-02-24 03:04:48.213 - [WARN ] - esl
org.freeswitch.esl.client.inbound.InboundConnectionException: Could not connect to /61.158.166.44:8021
	at org.freeswitch.esl.client.inbound.Client.connect(Client.java:134)
	at cn.psycall.ccmgt.util.FreeSwitchManage.monitor(FreeSwitchManage.java:86)
	at cn.psycall.ccmgt.util.FreeSwitchManage.run(FreeSwitchManage.java:42)
Caused by: io.netty.channel.AbstractChannel$AnnotatedConnectException: Connection refused: /61.158.166.44:8021
Caused by: java.net.ConnectException: Connection refused
	at java.base/sun.nio.ch.SocketChannelImpl.checkConnect(Native Method)
	at java.base/sun.nio.ch.SocketChannelImpl.finishConnect(SocketChannelImpl.java:777)
	at io.netty.channel.socket.nio.NioSocketChannel.doFinishConnect(NioSocketChannel.java:330)
	at io.netty.channel.nio.AbstractNioChannel$AbstractNioUnsafe.finishConnect(AbstractNioChannel.java:334)
	at io.netty.channel.nio.NioEventLoop.processSelectedKey(NioEventLoop.java:707)
	at io.netty.channel.nio.NioEventLoop.processSelectedKeysOptimized(NioEventLoop.java:655)
	at io.netty.channel.nio.NioEventLoop.processSelectedKeys(NioEventLoop.java:581)
	at io.netty.channel.nio.NioEventLoop.run(NioEventLoop.java:493)
	at io.netty.util.concurrent.SingleThreadEventExecutor$4.run(SingleThreadEventExecutor.java:989)
	at io.netty.util.internal.ThreadExecutorMap$2.run(ThreadExecutorMap.java:74)
	at io.netty.util.concurrent.FastThreadLocalRunnable.run(FastThreadLocalRunnable.java:30)
	at java.base/java.lang.Thread.run(Thread.java:829)
2026-02-24 03:04:49.290 - [WARN ] - esl
org.freeswitch.esl.client.inbound.InboundConnectionException: Could not connect to /61.158.166.44:8021
	at org.freeswitch.esl.client.inbound.Client.connect(Client.java:134)
	at cn.psycall.ccmgt.util.FreeSwitchManage.monitor(FreeSwitchManage.java:86)
	at cn.psycall.ccmgt.util.FreeSwitchManage.run(FreeSwitchManage.java:42)
Caused by: io.netty.channel.AbstractChannel$AnnotatedConnectException: Connection refused: /61.158.166.44:8021
Caused by: java.net.ConnectException: Connection refused
	at java.base/sun.nio.ch.SocketChannelImpl.checkConnect(Native Method)
	at java.base/sun.nio.ch.SocketChannelImpl.finishConnect(SocketChannelImpl.java:777)
	at io.netty.channel.socket.nio.NioSocketChannel.doFinishConnect(NioSocketChannel.java:330)
	at io.netty.channel.nio.AbstractNioChannel$AbstractNioUnsafe.finishConnect(AbstractNioChannel.java:334)
	at io.netty.channel.nio.NioEventLoop.processSelectedKey(NioEventLoop.java:707)
	at io.netty.channel.nio.NioEventLoop.processSelectedKeysOptimized(NioEventLoop.java:655)
	at io.netty.channel.nio.NioEventLoop.processSelectedKeys(NioEventLoop.java:581)
	at io.netty.channel.nio.NioEventLoop.run(NioEventLoop.java:493)
	at io.netty.util.concurrent.SingleThreadEventExecutor$4.run(SingleThreadEventExecutor.java:989)
	at io.netty.util.internal.ThreadExecutorMap$2.run(ThreadExecutorMap.java:74)
	at io.netty.util.concurrent.FastThreadLocalRunnable.run(FastThreadLocalRunnable.java:30)
	at java.base/java.lang.Thread.run(Thread.java:829)
2026-02-24 03:04:49.297 - [INFO ] - ESL Client Disconnect ..(61.158.166.45:8021)
2026-02-24 03:04:50.603 - [WARN ] - esl
org.freeswitch.esl.client.inbound.InboundConnectionException: Could not connect to /61.158.166.44:8021
	at org.freeswitch.esl.client.inbound.Client.connect(Client.java:134)
	at cn.psycall.ccmgt.util.FreeSwitchManage.monitor(FreeSwitchManage.java:86)
	at cn.psycall.ccmgt.util.FreeSwitchManage.run(FreeSwitchManage.java:42)
Caused by: io.netty.channel.AbstractChannel$AnnotatedConnectException: Connection refused: /61.158.166.44:8021
Caused by: java.net.ConnectException: Connection refused
	at java.base/sun.nio.ch.SocketChannelImpl.checkConnect(Native Method)
	at java.base/sun.nio.ch.SocketChannelImpl.finishConnect(SocketChannelImpl.java:777)
	at io.netty.channel.socket.nio.NioSocketChannel.doFinishConnect(NioSocketChannel.java:330)
	at io.netty.channel.nio.AbstractNioChannel$AbstractNioUnsafe.finishConnect(AbstractNioChannel.java:334)
	at io.netty.channel.nio.NioEventLoop.processSelectedKey(NioEventLoop.java:707)
	at io.netty.channel.nio.NioEventLoop.processSelectedKeysOptimized(NioEventLoop.java:655)
	at io.netty.channel.nio.NioEventLoop.processSelectedKeys(NioEventLoop.java:581)
	at io.netty.channel.nio.NioEventLoop.run(NioEventLoop.java:493)
	at io.netty.util.concurrent.SingleThreadEventExecutor$4.run(SingleThreadEventExecutor.java:989)
	at io.netty.util.internal.ThreadExecutorMap$2.run(ThreadExecutorMap.java:74)
	at io.netty.util.concurrent.FastThreadLocalRunnable.run(FastThreadLocalRunnable.java:30)
	at java.base/java.lang.Thread.run(Thread.java:829)
2026-02-24 03:04:50.694 - [WARN ] - esl
org.freeswitch.esl.client.inbound.InboundConnectionException: Could not connect to /61.158.166.45:8021
	at org.freeswitch.esl.client.inbound.Client.connect(Client.java:134)
	at cn.psycall.ccmgt.util.FreeSwitchManage.monitor(FreeSwitchManage.java:86)
	at cn.psycall.ccmgt.util.FreeSwitchManage.run(FreeSwitchManage.java:42)
Caused by: io.netty.channel.AbstractChannel$AnnotatedConnectException: Connection refused: /61.158.166.45:8021
Caused by: java.net.ConnectException: Connection refused
	at java.base/sun.nio.ch.SocketChannelImpl.checkConnect(Native Method)
	at java.base/sun.nio.ch.SocketChannelImpl.finishConnect(SocketChannelImpl.java:777)
	at io.netty.channel.socket.nio.NioSocketChannel.doFinishConnect(NioSocketChannel.java:330)
	at io.netty.channel.nio.AbstractNioChannel$AbstractNioUnsafe.finishConnect(AbstractNioChannel.java:334)
	at io.netty.channel.nio.NioEventLoop.processSelectedKey(NioEventLoop.java:707)
	at io.netty.channel.nio.NioEventLoop.processSelectedKeysOptimized(NioEventLoop.java:655)
	at io.netty.channel.nio.NioEventLoop.processSelectedKeys(NioEventLoop.java:581)
	at io.netty.channel.nio.NioEventLoop.run(NioEventLoop.java:493)
	at io.netty.util.concurrent.SingleThreadEventExecutor$4.run(SingleThreadEventExecutor.java:989)
	at io.netty.util.internal.ThreadExecutorMap$2.run(ThreadExecutorMap.java:74)
	at io.netty.util.concurrent.FastThreadLocalRunnable.run(FastThreadLocalRunnable.java:30)
	at java.base/java.lang.Thread.run(Thread.java:829)
2026-02-24 03:04:51.753 - [WARN ] - esl
org.freeswitch.esl.client.inbound.InboundConnectionException: Could not connect to /61.158.166.44:8021
	at org.freeswitch.esl.client.inbound.Client.connect(Client.java:134)
	at cn.psycall.ccmgt.util.FreeSwitchManage.monitor(FreeSwitchManage.java:86)
	at cn.psycall.ccmgt.util.FreeSwitchManage.run(FreeSwitchManage.java:42)
Caused by: io.netty.channel.AbstractChannel$AnnotatedConnectException: Connection refused: /61.158.166.44:8021
Caused by: java.net.ConnectException: Connection refused
	at java.base/sun.nio.ch.SocketChannelImpl.checkConnect(Native Method)
	at java.base/sun.nio.ch.SocketChannelImpl.finishConnect(SocketChannelImpl.java:777)
	at io.netty.channel.socket.nio.NioSocketChannel.doFinishConnect(NioSocketChannel.java:330)
	at io.netty.channel.nio.AbstractNioChannel$AbstractNioUnsafe.finishConnect(AbstractNioChannel.java:334)
	at io.netty.channel.nio.NioEventLoop.processSelectedKey(NioEventLoop.java:707)
	at io.netty.channel.nio.NioEventLoop.processSelectedKeysOptimized(NioEventLoop.java:655)
	at io.netty.channel.nio.NioEventLoop.processSelectedKeys(NioEventLoop.java:581)
	at io.netty.channel.nio.NioEventLoop.run(NioEventLoop.java:493)
	at io.netty.util.concurrent.SingleThreadEventExecutor$4.run(SingleThreadEventExecutor.java:989)
	at io.netty.util.internal.ThreadExecutorMap$2.run(ThreadExecutorMap.java:74)
	at io.netty.util.concurrent.FastThreadLocalRunnable.run(FastThreadLocalRunnable.java:30)
	at java.base/java.lang.Thread.run(Thread.java:829)
2026-02-24 03:04:51.823 - [WARN ] - esl
org.freeswitch.esl.client.inbound.InboundConnectionException: Could not connect to /61.158.166.45:8021
	at org.freeswitch.esl.client.inbound.Client.connect(Client.java:134)
	at cn.psycall.ccmgt.util.FreeSwitchManage.monitor(FreeSwitchManage.java:86)
	at cn.psycall.ccmgt.util.FreeSwitchManage.run(FreeSwitchManage.java:42)
Caused by: io.netty.channel.AbstractChannel$AnnotatedConnectException: Connection refused: /61.158.166.45:8021
Caused by: java.net.ConnectException: Connection refused
	at java.base/sun.nio.ch.SocketChannelImpl.checkConnect(Native Method)
	at java.base/sun.nio.ch.SocketChannelImpl.finishConnect(SocketChannelImpl.java:777)
	at io.netty.channel.socket.nio.NioSocketChannel.doFinishConnect(NioSocketChannel.java:330)
	at io.netty.channel.nio.AbstractNioChannel$AbstractNioUnsafe.finishConnect(AbstractNioChannel.java:334)
	at io.netty.channel.nio.NioEventLoop.processSelectedKey(NioEventLoop.java:707)
	at io.netty.channel.nio.NioEventLoop.processSelectedKeysOptimized(NioEventLoop.java:655)
	at io.netty.channel.nio.NioEventLoop.processSelectedKeys(NioEventLoop.java:581)
	at io.netty.channel.nio.NioEventLoop.run(NioEventLoop.java:493)
	at io.netty.util.concurrent.SingleThreadEventExecutor$4.run(SingleThreadEventExecutor.java:989)
	at io.netty.util.internal.ThreadExecutorMap$2.run(ThreadExecutorMap.java:74)
	at io.netty.util.concurrent.FastThreadLocalRunnable.run(FastThreadLocalRunnable.java:30)
	at java.base/java.lang.Thread.run(Thread.java:829)
2026-02-24 03:04:52.885 - [WARN ] - esl
org.freeswitch.esl.client.inbound.InboundConnectionException: Could not connect to /61.158.166.44:8021
	at org.freeswitch.esl.client.inbound.Client.connect(Client.java:134)
	at cn.psycall.ccmgt.util.FreeSwitchManage.monitor(FreeSwitchManage.java:86)
	at cn.psycall.ccmgt.util.FreeSwitchManage.run(FreeSwitchManage.java:42)
Caused by: io.netty.channel.AbstractChannel$AnnotatedConnectException: Connection refused: /61.158.166.44:8021
Caused by: java.net.ConnectException: Connection refused
	at java.base/sun.nio.ch.SocketChannelImpl.checkConnect(Native Method)
	at java.base/sun.nio.ch.SocketChannelImpl.finishConnect(SocketChannelImpl.java:777)
	at io.netty.channel.socket.nio.NioSocketChannel.doFinishConnect(NioSocketChannel.java:330)
	at io.netty.channel.nio.AbstractNioChannel$AbstractNioUnsafe.finishConnect(AbstractNioChannel.java:334)
	at io.netty.channel.nio.NioEventLoop.processSelectedKey(NioEventLoop.java:707)
	at io.netty.channel.nio.NioEventLoop.processSelectedKeysOptimized(NioEventLoop.java:655)
	at io.netty.channel.nio.NioEventLoop.processSelectedKeys(NioEventLoop.java:581)
	at io.netty.channel.nio.NioEventLoop.run(NioEventLoop.java:493)
	at io.netty.util.concurrent.SingleThreadEventExecutor$4.run(SingleThreadEventExecutor.java:989)
	at io.netty.util.internal.ThreadExecutorMap$2.run(ThreadExecutorMap.java:74)
	at io.netty.util.concurrent.FastThreadLocalRunnable.run(FastThreadLocalRunnable.java:30)
	at java.base/java.lang.Thread.run(Thread.java:829)
2026-02-24 03:04:52.946 - [WARN ] - esl
org.freeswitch.esl.client.inbound.InboundConnectionException: Could not connect to /61.158.166.45:8021
	at org.freeswitch.esl.client.inbound.Client.connect(Client.java:134)
	at cn.psycall.ccmgt.util.FreeSwitchManage.monitor(FreeSwitchManage.java:86)
	at cn.psycall.ccmgt.util.FreeSwitchManage.run(FreeSwitchManage.java:42)
Caused by: io.netty.channel.AbstractChannel$AnnotatedConnectException: Connection refused: /61.158.166.45:8021
Caused by: java.net.ConnectException: Connection refused
	at java.base/sun.nio.ch.SocketChannelImpl.checkConnect(Native Method)
	at java.base/sun.nio.ch.SocketChannelImpl.finishConnect(SocketChannelImpl.java:777)
	at io.netty.channel.socket.nio.NioSocketChannel.doFinishConnect(NioSocketChannel.java:330)
	at io.netty.channel.nio.AbstractNioChannel$AbstractNioUnsafe.finishConnect(AbstractNioChannel.java:334)
	at io.netty.channel.nio.NioEventLoop.processSelectedKey(NioEventLoop.java:707)
	at io.netty.channel.nio.NioEventLoop.processSelectedKeysOptimized(NioEventLoop.java:655)
	at io.netty.channel.nio.NioEventLoop.processSelectedKeys(NioEventLoop.java:581)
	at io.netty.channel.nio.NioEventLoop.run(NioEventLoop.java:493)
	at io.netty.util.concurrent.SingleThreadEventExecutor$4.run(SingleThreadEventExecutor.java:989)
	at io.netty.util.internal.ThreadExecutorMap$2.run(ThreadExecutorMap.java:74)
	at io.netty.util.concurrent.FastThreadLocalRunnable.run(FastThreadLocalRunnable.java:30)
	at java.base/java.lang.Thread.run(Thread.java:829)
2026-02-24 03:04:54.007 - [WARN ] - esl
org.freeswitch.esl.client.inbound.InboundConnectionException: Could not connect to /61.158.166.44:8021
	at org.freeswitch.esl.client.inbound.Client.connect(Client.java:134)
	at cn.psycall.ccmgt.util.FreeSwitchManage.monitor(FreeSwitchManage.java:86)
	at cn.psycall.ccmgt.util.FreeSwitchManage.run(FreeSwitchManage.java:42)
Caused by: io.netty.channel.AbstractChannel$AnnotatedConnectException: Connection refused: /61.158.166.44:8021
Caused by: java.net.ConnectException: Connection refused
	at java.base/sun.nio.ch.SocketChannelImpl.checkConnect(Native Method)
	at java.base/sun.nio.ch.SocketChannelImpl.finishConnect(SocketChannelImpl.java:777)
	at io.netty.channel.socket.nio.NioSocketChannel.doFinishConnect(NioSocketChannel.java:330)
	at io.netty.channel.nio.AbstractNioChannel$AbstractNioUnsafe.finishConnect(AbstractNioChannel.java:334)
	at io.netty.channel.nio.NioEventLoop.processSelectedKey(NioEventLoop.java:707)
	at io.netty.channel.nio.NioEventLoop.processSelectedKeysOptimized(NioEventLoop.java:655)
	at io.netty.channel.nio.NioEventLoop.processSelectedKeys(NioEventLoop.java:581)
	at io.netty.channel.nio.NioEventLoop.run(NioEventLoop.java:493)
	at io.netty.util.concurrent.SingleThreadEventExecutor$4.run(SingleThreadEventExecutor.java:989)
	at io.netty.util.internal.ThreadExecutorMap$2.run(ThreadExecutorMap.java:74)
	at io.netty.util.concurrent.FastThreadLocalRunnable.run(FastThreadLocalRunnable.java:30)
	at java.base/java.lang.Thread.run(Thread.java:829)
2026-02-24 03:04:54.081 - [WARN ] - esl
org.freeswitch.esl.client.inbound.InboundConnectionException: Could not connect to /61.158.166.45:8021
	at org.freeswitch.esl.client.inbound.Client.connect(Client.java:134)
	at cn.psycall.ccmgt.util.FreeSwitchManage.monitor(FreeSwitchManage.java:86)
	at cn.psycall.ccmgt.util.FreeSwitchManage.run(FreeSwitchManage.java:42)
Caused by: io.netty.channel.AbstractChannel$AnnotatedConnectException: Connection refused: /61.158.166.45:8021
Caused by: java.net.ConnectException: Connection refused
	at java.base/sun.nio.ch.SocketChannelImpl.checkConnect(Native Method)
	at java.base/sun.nio.ch.SocketChannelImpl.finishConnect(SocketChannelImpl.java:777)
	at io.netty.channel.socket.nio.NioSocketChannel.doFinishConnect(NioSocketChannel.java:330)
	at io.netty.channel.nio.AbstractNioChannel$AbstractNioUnsafe.finishConnect(AbstractNioChannel.java:334)
	at io.netty.channel.nio.NioEventLoop.processSelectedKey(NioEventLoop.java:707)
	at io.netty.channel.nio.NioEventLoop.processSelectedKeysOptimized(NioEventLoop.java:655)
	at io.netty.channel.nio.NioEventLoop.processSelectedKeys(NioEventLoop.java:581)
	at io.netty.channel.nio.NioEventLoop.run(NioEventLoop.java:493)
	at io.netty.util.concurrent.SingleThreadEventExecutor$4.run(SingleThreadEventExecutor.java:989)
	at io.netty.util.internal.ThreadExecutorMap$2.run(ThreadExecutorMap.java:74)
	at io.netty.util.concurrent.FastThreadLocalRunnable.run(FastThreadLocalRunnable.java:30)
	at java.base/java.lang.Thread.run(Thread.java:829)
2026-02-24 03:04:55.153 - [WARN ] - esl
org.freeswitch.esl.client.inbound.InboundConnectionException: Could not connect to /61.158.166.44:8021
	at org.freeswitch.esl.client.inbound.Client.connect(Client.java:134)
	at cn.psycall.ccmgt.util.FreeSwitchManage.monitor(FreeSwitchManage.java:86)
	at cn.psycall.ccmgt.util.FreeSwitchManage.run(FreeSwitchManage.java:42)
Caused by: io.netty.channel.AbstractChannel$AnnotatedConnectException: Connection refused: /61.158.166.44:8021
Caused by: java.net.ConnectException: Connection refused
	at java.base/sun.nio.ch.SocketChannelImpl.checkConnect(Native Method)
	at java.base/sun.nio.ch.SocketChannelImpl.finishConnect(SocketChannelImpl.java:777)
	at io.netty.channel.socket.nio.NioSocketChannel.doFinishConnect(NioSocketChannel.java:330)
	at io.netty.channel.nio.AbstractNioChannel$AbstractNioUnsafe.finishConnect(AbstractNioChannel.java:334)
	at io.netty.channel.nio.NioEventLoop.processSelectedKey(NioEventLoop.java:707)
	at io.netty.channel.nio.NioEventLoop.processSelectedKeysOptimized(NioEventLoop.java:655)
	at io.netty.channel.nio.NioEventLoop.processSelectedKeys(NioEventLoop.java:581)
	at io.netty.channel.nio.NioEventLoop.run(NioEventLoop.java:493)
	at io.netty.util.concurrent.SingleThreadEventExecutor$4.run(SingleThreadEventExecutor.java:989)
	at io.netty.util.internal.ThreadExecutorMap$2.run(ThreadExecutorMap.java:74)
	at io.netty.util.concurrent.FastThreadLocalRunnable.run(FastThreadLocalRunnable.java:30)
	at java.base/java.lang.Thread.run(Thread.java:829)
2026-02-24 03:04:55.226 - [WARN ] - esl
org.freeswitch.esl.client.inbound.InboundConnectionException: Could not connect to /61.158.166.45:8021
	at org.freeswitch.esl.client.inbound.Client.connect(Client.java:134)
	at cn.psycall.ccmgt.util.FreeSwitchManage.monitor(FreeSwitchManage.java:86)
	at cn.psycall.ccmgt.util.FreeSwitchManage.run(FreeSwitchManage.java:42)
Caused by: io.netty.channel.AbstractChannel$AnnotatedConnectException: Connection refused: /61.158.166.45:8021
Caused by: java.net.ConnectException: Connection refused
	at java.base/sun.nio.ch.SocketChannelImpl.checkConnect(Native Method)
	at java.base/sun.nio.ch.SocketChannelImpl.finishConnect(SocketChannelImpl.java:777)
	at io.netty.channel.socket.nio.NioSocketChannel.doFinishConnect(NioSocketChannel.java:330)
	at io.netty.channel.nio.AbstractNioChannel$AbstractNioUnsafe.finishConnect(AbstractNioChannel.java:334)
	at io.netty.channel.nio.NioEventLoop.processSelectedKey(NioEventLoop.java:707)
	at io.netty.channel.nio.NioEventLoop.processSelectedKeysOptimized(NioEventLoop.java:655)
	at io.netty.channel.nio.NioEventLoop.processSelectedKeys(NioEventLoop.java:581)
	at io.netty.channel.nio.NioEventLoop.run(NioEventLoop.java:493)
	at io.netty.util.concurrent.SingleThreadEventExecutor$4.run(SingleThreadEventExecutor.java:989)
	at io.netty.util.internal.ThreadExecutorMap$2.run(ThreadExecutorMap.java:74)
	at io.netty.util.concurrent.FastThreadLocalRunnable.run(FastThreadLocalRunnable.java:30)
	at java.base/java.lang.Thread.run(Thread.java:829)
2026-02-24 03:04:56.295 - [WARN ] - esl
org.freeswitch.esl.client.inbound.InboundConnectionException: Could not connect to /61.158.166.44:8021
	at org.freeswitch.esl.client.inbound.Client.connect(Client.java:134)
	at cn.psycall.ccmgt.util.FreeSwitchManage.monitor(FreeSwitchManage.java:86)
	at cn.psycall.ccmgt.util.FreeSwitchManage.run(FreeSwitchManage.java:42)
Caused by: io.netty.channel.AbstractChannel$AnnotatedConnectException: Connection refused: /61.158.166.44:8021
Caused by: java.net.ConnectException: Connection refused
	at java.base/sun.nio.ch.SocketChannelImpl.checkConnect(Native Method)
	at java.base/sun.nio.ch.SocketChannelImpl.finishConnect(SocketChannelImpl.java:777)
	at io.netty.channel.socket.nio.NioSocketChannel.doFinishConnect(NioSocketChannel.java:330)
	at io.netty.channel.nio.AbstractNioChannel$AbstractNioUnsafe.finishConnect(AbstractNioChannel.java:334)
	at io.netty.channel.nio.NioEventLoop.processSelectedKey(NioEventLoop.java:707)
	at io.netty.channel.nio.NioEventLoop.processSelectedKeysOptimized(NioEventLoop.java:655)
	at io.netty.channel.nio.NioEventLoop.processSelectedKeys(NioEventLoop.java:581)
	at io.netty.channel.nio.NioEventLoop.run(NioEventLoop.java:493)
	at io.netty.util.concurrent.SingleThreadEventExecutor$4.run(SingleThreadEventExecutor.java:989)
	at io.netty.util.internal.ThreadExecutorMap$2.run(ThreadExecutorMap.java:74)
	at io.netty.util.concurrent.FastThreadLocalRunnable.run(FastThreadLocalRunnable.java:30)
	at java.base/java.lang.Thread.run(Thread.java:829)
2026-02-24 03:04:56.366 - [WARN ] - esl
org.freeswitch.esl.client.inbound.InboundConnectionException: Could not connect to /61.158.166.45:8021
	at org.freeswitch.esl.client.inbound.Client.connect(Client.java:134)
	at cn.psycall.ccmgt.util.FreeSwitchManage.monitor(FreeSwitchManage.java:86)
	at cn.psycall.ccmgt.util.FreeSwitchManage.run(FreeSwitchManage.java:42)
Caused by: io.netty.channel.AbstractChannel$AnnotatedConnectException: Connection refused: /61.158.166.45:8021
Caused by: java.net.ConnectException: Connection refused
	at java.base/sun.nio.ch.SocketChannelImpl.checkConnect(Native Method)
	at java.base/sun.nio.ch.SocketChannelImpl.finishConnect(SocketChannelImpl.java:777)
	at io.netty.channel.socket.nio.NioSocketChannel.doFinishConnect(NioSocketChannel.java:330)
	at io.netty.channel.nio.AbstractNioChannel$AbstractNioUnsafe.finishConnect(AbstractNioChannel.java:334)
	at io.netty.channel.nio.NioEventLoop.processSelectedKey(NioEventLoop.java:707)
	at io.netty.channel.nio.NioEventLoop.processSelectedKeysOptimized(NioEventLoop.java:655)
	at io.netty.channel.nio.NioEventLoop.processSelectedKeys(NioEventLoop.java:581)
	at io.netty.channel.nio.NioEventLoop.run(NioEventLoop.java:493)
	at io.netty.util.concurrent.SingleThreadEventExecutor$4.run(SingleThreadEventExecutor.java:989)
	at io.netty.util.internal.ThreadExecutorMap$2.run(ThreadExecutorMap.java:74)
	at io.netty.util.concurrent.FastThreadLocalRunnable.run(FastThreadLocalRunnable.java:30)
	at java.base/java.lang.Thread.run(Thread.java:829)
2026-02-24 03:04:57.436 - [WARN ] - esl
org.freeswitch.esl.client.inbound.InboundConnectionException: Could not connect to /61.158.166.44:8021
	at org.freeswitch.esl.client.inbound.Client.connect(Client.java:134)
	at cn.psycall.ccmgt.util.FreeSwitchManage.monitor(FreeSwitchManage.java:86)
	at cn.psycall.ccmgt.util.FreeSwitchManage.run(FreeSwitchManage.java:42)
Caused by: io.netty.channel.AbstractChannel$AnnotatedConnectException: Connection refused: /61.158.166.44:8021
Caused by: java.net.ConnectException: Connection refused
	at java.base/sun.nio.ch.SocketChannelImpl.checkConnect(Native Method)
	at java.base/sun.nio.ch.SocketChannelImpl.finishConnect(SocketChannelImpl.java:777)
	at io.netty.channel.socket.nio.NioSocketChannel.doFinishConnect(NioSocketChannel.java:330)
	at io.netty.channel.nio.AbstractNioChannel$AbstractNioUnsafe.finishConnect(AbstractNioChannel.java:334)
	at io.netty.channel.nio.NioEventLoop.processSelectedKey(NioEventLoop.java:707)
	at io.netty.channel.nio.NioEventLoop.processSelectedKeysOptimized(NioEventLoop.java:655)
	at io.netty.channel.nio.NioEventLoop.processSelectedKeys(NioEventLoop.java:581)
	at io.netty.channel.nio.NioEventLoop.run(NioEventLoop.java:493)
	at io.netty.util.concurrent.SingleThreadEventExecutor$4.run(SingleThreadEventExecutor.java:989)
	at io.netty.util.internal.ThreadExecutorMap$2.run(ThreadExecutorMap.java:74)
	at io.netty.util.concurrent.FastThreadLocalRunnable.run(FastThreadLocalRunnable.java:30)
	at java.base/java.lang.Thread.run(Thread.java:829)
2026-02-24 03:04:57.506 - [WARN ] - esl
org.freeswitch.esl.client.inbound.InboundConnectionException: Could not connect to /61.158.166.45:8021
	at org.freeswitch.esl.client.inbound.Client.connect(Client.java:134)
	at cn.psycall.ccmgt.util.FreeSwitchManage.monitor(FreeSwitchManage.java:86)
	at cn.psycall.ccmgt.util.FreeSwitchManage.run(FreeSwitchManage.java:42)
Caused by: io.netty.channel.AbstractChannel$AnnotatedConnectException: Connection refused: /61.158.166.45:8021
Caused by: java.net.ConnectException: Connection refused
	at java.base/sun.nio.ch.SocketChannelImpl.checkConnect(Native Method)
	at java.base/sun.nio.ch.SocketChannelImpl.finishConnect(SocketChannelImpl.java:777)
	at io.netty.channel.socket.nio.NioSocketChannel.doFinishConnect(NioSocketChannel.java:330)
	at io.netty.channel.nio.AbstractNioChannel$AbstractNioUnsafe.finishConnect(AbstractNioChannel.java:334)
	at io.netty.channel.nio.NioEventLoop.processSelectedKey(NioEventLoop.java:707)
	at io.netty.channel.nio.NioEventLoop.processSelectedKeysOptimized(NioEventLoop.java:655)
	at io.netty.channel.nio.NioEventLoop.processSelectedKeys(NioEventLoop.java:581)
	at io.netty.channel.nio.NioEventLoop.run(NioEventLoop.java:493)
	at io.netty.util.concurrent.SingleThreadEventExecutor$4.run(SingleThreadEventExecutor.java:989)
	at io.netty.util.internal.ThreadExecutorMap$2.run(ThreadExecutorMap.java:74)
	at io.netty.util.concurrent.FastThreadLocalRunnable.run(FastThreadLocalRunnable.java:30)
	at java.base/java.lang.Thread.run(Thread.java:829)
2026-02-24 03:04:58.575 - [WARN ] - esl
org.freeswitch.esl.client.inbound.InboundConnectionException: Could not connect to /61.158.166.44:8021
	at org.freeswitch.esl.client.inbound.Client.connect(Client.java:134)
	at cn.psycall.ccmgt.util.FreeSwitchManage.monitor(FreeSwitchManage.java:86)
	at cn.psycall.ccmgt.util.FreeSwitchManage.run(FreeSwitchManage.java:42)
Caused by: io.netty.channel.AbstractChannel$AnnotatedConnectException: Connection refused: /61.158.166.44:8021
Caused by: java.net.ConnectException: Connection refused
	at java.base/sun.nio.ch.SocketChannelImpl.checkConnect(Native Method)
	at java.base/sun.nio.ch.SocketChannelImpl.finishConnect(SocketChannelImpl.java:777)
	at io.netty.channel.socket.nio.NioSocketChannel.doFinishConnect(NioSocketChannel.java:330)
	at io.netty.channel.nio.AbstractNioChannel$AbstractNioUnsafe.finishConnect(AbstractNioChannel.java:334)
	at io.netty.channel.nio.NioEventLoop.processSelectedKey(NioEventLoop.java:707)
	at io.netty.channel.nio.NioEventLoop.processSelectedKeysOptimized(NioEventLoop.java:655)
	at io.netty.channel.nio.NioEventLoop.processSelectedKeys(NioEventLoop.java:581)
	at io.netty.channel.nio.NioEventLoop.run(NioEventLoop.java:493)
	at io.netty.util.concurrent.SingleThreadEventExecutor$4.run(SingleThreadEventExecutor.java:989)
	at io.netty.util.internal.ThreadExecutorMap$2.run(ThreadExecutorMap.java:74)
	at io.netty.util.concurrent.FastThreadLocalRunnable.run(FastThreadLocalRunnable.java:30)
	at java.base/java.lang.Thread.run(Thread.java:829)
2026-02-24 03:04:58.657 - [WARN ] - esl
org.freeswitch.esl.client.inbound.InboundConnectionException: Could not connect to /61.158.166.45:8021
	at org.freeswitch.esl.client.inbound.Client.connect(Client.java:134)
	at cn.psycall.ccmgt.util.FreeSwitchManage.monitor(FreeSwitchManage.java:86)
	at cn.psycall.ccmgt.util.FreeSwitchManage.run(FreeSwitchManage.java:42)
Caused by: io.netty.channel.AbstractChannel$AnnotatedConnectException: Connection refused: /61.158.166.45:8021
Caused by: java.net.ConnectException: Connection refused
	at java.base/sun.nio.ch.SocketChannelImpl.checkConnect(Native Method)
	at java.base/sun.nio.ch.SocketChannelImpl.finishConnect(SocketChannelImpl.java:777)
	at io.netty.channel.socket.nio.NioSocketChannel.doFinishConnect(NioSocketChannel.java:330)
	at io.netty.channel.nio.AbstractNioChannel$AbstractNioUnsafe.finishConnect(AbstractNioChannel.java:334)
	at io.netty.channel.nio.NioEventLoop.processSelectedKey(NioEventLoop.java:707)
	at io.netty.channel.nio.NioEventLoop.processSelectedKeysOptimized(NioEventLoop.java:655)
	at io.netty.channel.nio.NioEventLoop.processSelectedKeys(NioEventLoop.java:581)
	at io.netty.channel.nio.NioEventLoop.run(NioEventLoop.java:493)
	at io.netty.util.concurrent.SingleThreadEventExecutor$4.run(SingleThreadEventExecutor.java:989)
	at io.netty.util.internal.ThreadExecutorMap$2.run(ThreadExecutorMap.java:74)
	at io.netty.util.concurrent.FastThreadLocalRunnable.run(FastThreadLocalRunnable.java:30)
	at java.base/java.lang.Thread.run(Thread.java:829)
2026-02-24 03:04:59.724 - [WARN ] - esl
org.freeswitch.esl.client.inbound.InboundConnectionException: Could not connect to /61.158.166.44:8021
	at org.freeswitch.esl.client.inbound.Client.connect(Client.java:134)
	at cn.psycall.ccmgt.util.FreeSwitchManage.monitor(FreeSwitchManage.java:86)
	at cn.psycall.ccmgt.util.FreeSwitchManage.run(FreeSwitchManage.java:42)
Caused by: io.netty.channel.AbstractChannel$AnnotatedConnectException: Connection refused: /61.158.166.44:8021
Caused by: java.net.ConnectException: Connection refused
	at java.base/sun.nio.ch.SocketChannelImpl.checkConnect(Native Method)
	at java.base/sun.nio.ch.SocketChannelImpl.finishConnect(SocketChannelImpl.java:777)
	at io.netty.channel.socket.nio.NioSocketChannel.doFinishConnect(NioSocketChannel.java:330)
	at io.netty.channel.nio.AbstractNioChannel$AbstractNioUnsafe.finishConnect(AbstractNioChannel.java:334)
	at io.netty.channel.nio.NioEventLoop.processSelectedKey(NioEventLoop.java:707)
	at io.netty.channel.nio.NioEventLoop.processSelectedKeysOptimized(NioEventLoop.java:655)
	at io.netty.channel.nio.NioEventLoop.processSelectedKeys(NioEventLoop.java:581)
	at io.netty.channel.nio.NioEventLoop.run(NioEventLoop.java:493)
	at io.netty.util.concurrent.SingleThreadEventExecutor$4.run(SingleThreadEventExecutor.java:989)
	at io.netty.util.internal.ThreadExecutorMap$2.run(ThreadExecutorMap.java:74)
	at io.netty.util.concurrent.FastThreadLocalRunnable.run(FastThreadLocalRunnable.java:30)
	at java.base/java.lang.Thread.run(Thread.java:829)
2026-02-24 03:04:59.812 - [WARN ] - esl
org.freeswitch.esl.client.inbound.InboundConnectionException: Could not connect to /61.158.166.45:8021
	at org.freeswitch.esl.client.inbound.Client.connect(Client.java:134)
	at cn.psycall.ccmgt.util.FreeSwitchManage.monitor(FreeSwitchManage.java:86)
	at cn.psycall.ccmgt.util.FreeSwitchManage.run(FreeSwitchManage.java:42)
Caused by: io.netty.channel.AbstractChannel$AnnotatedConnectException: Connection refused: /61.158.166.45:8021
Caused by: java.net.ConnectException: Connection refused
	at java.base/sun.nio.ch.SocketChannelImpl.checkConnect(Native Method)
	at java.base/sun.nio.ch.SocketChannelImpl.finishConnect(SocketChannelImpl.java:777)
	at io.netty.channel.socket.nio.NioSocketChannel.doFinishConnect(NioSocketChannel.java:330)
	at io.netty.channel.nio.AbstractNioChannel$AbstractNioUnsafe.finishConnect(AbstractNioChannel.java:334)
	at io.netty.channel.nio.NioEventLoop.processSelectedKey(NioEventLoop.java:707)
	at io.netty.channel.nio.NioEventLoop.processSelectedKeysOptimized(NioEventLoop.java:655)
	at io.netty.channel.nio.NioEventLoop.processSelectedKeys(NioEventLoop.java:581)
	at io.netty.channel.nio.NioEventLoop.run(NioEventLoop.java:493)
	at io.netty.util.concurrent.SingleThreadEventExecutor$4.run(SingleThreadEventExecutor.java:989)
	at io.netty.util.internal.ThreadExecutorMap$2.run(ThreadExecutorMap.java:74)
	at io.netty.util.concurrent.FastThreadLocalRunnable.run(FastThreadLocalRunnable.java:30)
	at java.base/java.lang.Thread.run(Thread.java:829)
2026-02-24 03:05:00.881 - [WARN ] - esl
org.freeswitch.esl.client.inbound.InboundConnectionException: Could not connect to /61.158.166.44:8021
	at org.freeswitch.esl.client.inbound.Client.connect(Client.java:134)
	at cn.psycall.ccmgt.util.FreeSwitchManage.monitor(FreeSwitchManage.java:86)
	at cn.psycall.ccmgt.util.FreeSwitchManage.run(FreeSwitchManage.java:42)
Caused by: io.netty.channel.AbstractChannel$AnnotatedConnectException: Connection refused: /61.158.166.44:8021
Caused by: java.net.ConnectException: Connection refused
	at java.base/sun.nio.ch.SocketChannelImpl.checkConnect(Native Method)
	at java.base/sun.nio.ch.SocketChannelImpl.finishConnect(SocketChannelImpl.java:777)
	at io.netty.channel.socket.nio.NioSocketChannel.doFinishConnect(NioSocketChannel.java:330)
	at io.netty.channel.nio.AbstractNioChannel$AbstractNioUnsafe.finishConnect(AbstractNioChannel.java:334)
	at io.netty.channel.nio.NioEventLoop.processSelectedKey(NioEventLoop.java:707)
	at io.netty.channel.nio.NioEventLoop.processSelectedKeysOptimized(NioEventLoop.java:655)
	at io.netty.channel.nio.NioEventLoop.processSelectedKeys(NioEventLoop.java:581)
	at io.netty.channel.nio.NioEventLoop.run(NioEventLoop.java:493)
	at io.netty.util.concurrent.SingleThreadEventExecutor$4.run(SingleThreadEventExecutor.java:989)
	at io.netty.util.internal.ThreadExecutorMap$2.run(ThreadExecutorMap.java:74)
	at io.netty.util.concurrent.FastThreadLocalRunnable.run(FastThreadLocalRunnable.java:30)
	at java.base/java.lang.Thread.run(Thread.java:829)
2026-02-24 03:05:00.955 - [WARN ] - esl
org.freeswitch.esl.client.inbound.InboundConnectionException: Could not connect to /61.158.166.45:8021
	at org.freeswitch.esl.client.inbound.Client.connect(Client.java:134)
	at cn.psycall.ccmgt.util.FreeSwitchManage.monitor(FreeSwitchManage.java:86)
	at cn.psycall.ccmgt.util.FreeSwitchManage.run(FreeSwitchManage.java:42)
Caused by: io.netty.channel.AbstractChannel$AnnotatedConnectException: Connection refused: /61.158.166.45:8021
Caused by: java.net.ConnectException: Connection refused
	at java.base/sun.nio.ch.SocketChannelImpl.checkConnect(Native Method)
	at java.base/sun.nio.ch.SocketChannelImpl.finishConnect(SocketChannelImpl.java:777)
	at io.netty.channel.socket.nio.NioSocketChannel.doFinishConnect(NioSocketChannel.java:330)
	at io.netty.channel.nio.AbstractNioChannel$AbstractNioUnsafe.finishConnect(AbstractNioChannel.java:334)
	at io.netty.channel.nio.NioEventLoop.processSelectedKey(NioEventLoop.java:707)
	at io.netty.channel.nio.NioEventLoop.processSelectedKeysOptimized(NioEventLoop.java:655)
	at io.netty.channel.nio.NioEventLoop.processSelectedKeys(NioEventLoop.java:581)
	at io.netty.channel.nio.NioEventLoop.run(NioEventLoop.java:493)
	at io.netty.util.concurrent.SingleThreadEventExecutor$4.run(SingleThreadEventExecutor.java:989)
	at io.netty.util.internal.ThreadExecutorMap$2.run(ThreadExecutorMap.java:74)
	at io.netty.util.concurrent.FastThreadLocalRunnable.run(FastThreadLocalRunnable.java:30)
	at java.base/java.lang.Thread.run(Thread.java:829)
2026-02-24 03:05:02.022 - [WARN ] - esl
org.freeswitch.esl.client.inbound.InboundConnectionException: Could not connect to /61.158.166.44:8021
	at org.freeswitch.esl.client.inbound.Client.connect(Client.java:134)
	at cn.psycall.ccmgt.util.FreeSwitchManage.monitor(FreeSwitchManage.java:86)
	at cn.psycall.ccmgt.util.FreeSwitchManage.run(FreeSwitchManage.java:42)
Caused by: io.netty.channel.AbstractChannel$AnnotatedConnectException: Connection refused: /61.158.166.44:8021
Caused by: java.net.ConnectException: Connection refused
	at java.base/sun.nio.ch.SocketChannelImpl.checkConnect(Native Method)
	at java.base/sun.nio.ch.SocketChannelImpl.finishConnect(SocketChannelImpl.java:777)
	at io.netty.channel.socket.nio.NioSocketChannel.doFinishConnect(NioSocketChannel.java:330)
	at io.netty.channel.nio.AbstractNioChannel$AbstractNioUnsafe.finishConnect(AbstractNioChannel.java:334)
	at io.netty.channel.nio.NioEventLoop.processSelectedKey(NioEventLoop.java:707)
	at io.netty.channel.nio.NioEventLoop.processSelectedKeysOptimized(NioEventLoop.java:655)
	at io.netty.channel.nio.NioEventLoop.processSelectedKeys(NioEventLoop.java:581)
	at io.netty.channel.nio.NioEventLoop.run(NioEventLoop.java:493)
	at io.netty.util.concurrent.SingleThreadEventExecutor$4.run(SingleThreadEventExecutor.java:989)
	at io.netty.util.internal.ThreadExecutorMap$2.run(ThreadExecutorMap.java:74)
	at io.netty.util.concurrent.FastThreadLocalRunnable.run(FastThreadLocalRunnable.java:30)
	at java.base/java.lang.Thread.run(Thread.java:829)
2026-02-24 03:05:02.094 - [WARN ] - esl
org.freeswitch.esl.client.inbound.InboundConnectionException: Could not connect to /61.158.166.45:8021
	at org.freeswitch.esl.client.inbound.Client.connect(Client.java:134)
	at cn.psycall.ccmgt.util.FreeSwitchManage.monitor(FreeSwitchManage.java:86)
	at cn.psycall.ccmgt.util.FreeSwitchManage.run(FreeSwitchManage.java:42)
Caused by: io.netty.channel.AbstractChannel$AnnotatedConnectException: Connection refused: /61.158.166.45:8021
Caused by: java.net.ConnectException: Connection refused
	at java.base/sun.nio.ch.SocketChannelImpl.checkConnect(Native Method)
	at java.base/sun.nio.ch.SocketChannelImpl.finishConnect(SocketChannelImpl.java:777)
	at io.netty.channel.socket.nio.NioSocketChannel.doFinishConnect(NioSocketChannel.java:330)
	at io.netty.channel.nio.AbstractNioChannel$AbstractNioUnsafe.finishConnect(AbstractNioChannel.java:334)
	at io.netty.channel.nio.NioEventLoop.processSelectedKey(NioEventLoop.java:707)
	at io.netty.channel.nio.NioEventLoop.processSelectedKeysOptimized(NioEventLoop.java:655)
	at io.netty.channel.nio.NioEventLoop.processSelectedKeys(NioEventLoop.java:581)
	at io.netty.channel.nio.NioEventLoop.run(NioEventLoop.java:493)
	at io.netty.util.concurrent.SingleThreadEventExecutor$4.run(SingleThreadEventExecutor.java:989)
	at io.netty.util.internal.ThreadExecutorMap$2.run(ThreadExecutorMap.java:74)
	at io.netty.util.concurrent.FastThreadLocalRunnable.run(FastThreadLocalRunnable.java:30)
	at java.base/java.lang.Thread.run(Thread.java:829)
2026-02-24 03:05:03.170 - [WARN ] - esl
org.freeswitch.esl.client.inbound.InboundConnectionException: Could not connect to /61.158.166.44:8021
	at org.freeswitch.esl.client.inbound.Client.connect(Client.java:134)
	at cn.psycall.ccmgt.util.FreeSwitchManage.monitor(FreeSwitchManage.java:86)
	at cn.psycall.ccmgt.util.FreeSwitchManage.run(FreeSwitchManage.java:42)
Caused by: io.netty.channel.AbstractChannel$AnnotatedConnectException: Connection refused: /61.158.166.44:8021
Caused by: java.net.ConnectException: Connection refused
	at java.base/sun.nio.ch.SocketChannelImpl.checkConnect(Native Method)
	at java.base/sun.nio.ch.SocketChannelImpl.finishConnect(SocketChannelImpl.java:777)
	at io.netty.channel.socket.nio.NioSocketChannel.doFinishConnect(NioSocketChannel.java:330)
	at io.netty.channel.nio.AbstractNioChannel$AbstractNioUnsafe.finishConnect(AbstractNioChannel.java:334)
	at io.netty.channel.nio.NioEventLoop.processSelectedKey(NioEventLoop.java:707)
	at io.netty.channel.nio.NioEventLoop.processSelectedKeysOptimized(NioEventLoop.java:655)
	at io.netty.channel.nio.NioEventLoop.processSelectedKeys(NioEventLoop.java:581)
	at io.netty.channel.nio.NioEventLoop.run(NioEventLoop.java:493)
	at io.netty.util.concurrent.SingleThreadEventExecutor$4.run(SingleThreadEventExecutor.java:989)
	at io.netty.util.internal.ThreadExecutorMap$2.run(ThreadExecutorMap.java:74)
	at io.netty.util.concurrent.FastThreadLocalRunnable.run(FastThreadLocalRunnable.java:30)
	at java.base/java.lang.Thread.run(Thread.java:829)
2026-02-24 03:05:03.243 - [WARN ] - esl
org.freeswitch.esl.client.inbound.InboundConnectionException: Could not connect to /61.158.166.45:8021
	at org.freeswitch.esl.client.inbound.Client.connect(Client.java:134)
	at cn.psycall.ccmgt.util.FreeSwitchManage.monitor(FreeSwitchManage.java:86)
	at cn.psycall.ccmgt.util.FreeSwitchManage.run(FreeSwitchManage.java:42)
Caused by: io.netty.channel.AbstractChannel$AnnotatedConnectException: Connection refused: /61.158.166.45:8021
Caused by: java.net.ConnectException: Connection refused
	at java.base/sun.nio.ch.SocketChannelImpl.checkConnect(Native Method)
	at java.base/sun.nio.ch.SocketChannelImpl.finishConnect(SocketChannelImpl.java:777)
	at io.netty.channel.socket.nio.NioSocketChannel.doFinishConnect(NioSocketChannel.java:330)
	at io.netty.channel.nio.AbstractNioChannel$AbstractNioUnsafe.finishConnect(AbstractNioChannel.java:334)
	at io.netty.channel.nio.NioEventLoop.processSelectedKey(NioEventLoop.java:707)
	at io.netty.channel.nio.NioEventLoop.processSelectedKeysOptimized(NioEventLoop.java:655)
	at io.netty.channel.nio.NioEventLoop.processSelectedKeys(NioEventLoop.java:581)
	at io.netty.channel.nio.NioEventLoop.run(NioEventLoop.java:493)
	at io.netty.util.concurrent.SingleThreadEventExecutor$4.run(SingleThreadEventExecutor.java:989)
	at io.netty.util.internal.ThreadExecutorMap$2.run(ThreadExecutorMap.java:74)
	at io.netty.util.concurrent.FastThreadLocalRunnable.run(FastThreadLocalRunnable.java:30)
	at java.base/java.lang.Thread.run(Thread.java:829)
2026-02-24 03:05:04.313 - [WARN ] - esl
org.freeswitch.esl.client.inbound.InboundConnectionException: Could not connect to /61.158.166.44:8021
	at org.freeswitch.esl.client.inbound.Client.connect(Client.java:134)
	at cn.psycall.ccmgt.util.FreeSwitchManage.monitor(FreeSwitchManage.java:86)
	at cn.psycall.ccmgt.util.FreeSwitchManage.run(FreeSwitchManage.java:42)
Caused by: io.netty.channel.AbstractChannel$AnnotatedConnectException: Connection refused: /61.158.166.44:8021
Caused by: java.net.ConnectException: Connection refused
	at java.base/sun.nio.ch.SocketChannelImpl.checkConnect(Native Method)
	at java.base/sun.nio.ch.SocketChannelImpl.finishConnect(SocketChannelImpl.java:777)
	at io.netty.channel.socket.nio.NioSocketChannel.doFinishConnect(NioSocketChannel.java:330)
	at io.netty.channel.nio.AbstractNioChannel$AbstractNioUnsafe.finishConnect(AbstractNioChannel.java:334)
	at io.netty.channel.nio.NioEventLoop.processSelectedKey(NioEventLoop.java:707)
	at io.netty.channel.nio.NioEventLoop.processSelectedKeysOptimized(NioEventLoop.java:655)
	at io.netty.channel.nio.NioEventLoop.processSelectedKeys(NioEventLoop.java:581)
	at io.netty.channel.nio.NioEventLoop.run(NioEventLoop.java:493)
	at io.netty.util.concurrent.SingleThreadEventExecutor$4.run(SingleThreadEventExecutor.java:989)
	at io.netty.util.internal.ThreadExecutorMap$2.run(ThreadExecutorMap.java:74)
	at io.netty.util.concurrent.FastThreadLocalRunnable.run(FastThreadLocalRunnable.java:30)
	at java.base/java.lang.Thread.run(Thread.java:829)
2026-02-24 03:05:04.386 - [WARN ] - esl
org.freeswitch.esl.client.inbound.InboundConnectionException: Could not connect to /61.158.166.45:8021
	at org.freeswitch.esl.client.inbound.Client.connect(Client.java:134)
	at cn.psycall.ccmgt.util.FreeSwitchManage.monitor(FreeSwitchManage.java:86)
	at cn.psycall.ccmgt.util.FreeSwitchManage.run(FreeSwitchManage.java:42)
Caused by: io.netty.channel.AbstractChannel$AnnotatedConnectException: Connection refused: /61.158.166.45:8021
Caused by: java.net.ConnectException: Connection refused
	at java.base/sun.nio.ch.SocketChannelImpl.checkConnect(Native Method)
	at java.base/sun.nio.ch.SocketChannelImpl.finishConnect(SocketChannelImpl.java:777)
	at io.netty.channel.socket.nio.NioSocketChannel.doFinishConnect(NioSocketChannel.java:330)
	at io.netty.channel.nio.AbstractNioChannel$AbstractNioUnsafe.finishConnect(AbstractNioChannel.java:334)
	at io.netty.channel.nio.NioEventLoop.processSelectedKey(NioEventLoop.java:707)
	at io.netty.channel.nio.NioEventLoop.processSelectedKeysOptimized(NioEventLoop.java:655)
	at io.netty.channel.nio.NioEventLoop.processSelectedKeys(NioEventLoop.java:581)
	at io.netty.channel.nio.NioEventLoop.run(NioEventLoop.java:493)
	at io.netty.util.concurrent.SingleThreadEventExecutor$4.run(SingleThreadEventExecutor.java:989)
	at io.netty.util.internal.ThreadExecutorMap$2.run(ThreadExecutorMap.java:74)
	at io.netty.util.concurrent.FastThreadLocalRunnable.run(FastThreadLocalRunnable.java:30)
	at java.base/java.lang.Thread.run(Thread.java:829)
2026-02-24 03:05:05.452 - [WARN ] - esl
org.freeswitch.esl.client.inbound.InboundConnectionException: Could not connect to /61.158.166.44:8021
	at org.freeswitch.esl.client.inbound.Client.connect(Client.java:134)
	at cn.psycall.ccmgt.util.FreeSwitchManage.monitor(FreeSwitchManage.java:86)
	at cn.psycall.ccmgt.util.FreeSwitchManage.run(FreeSwitchManage.java:42)
Caused by: io.netty.channel.AbstractChannel$AnnotatedConnectException: Connection refused: /61.158.166.44:8021
Caused by: java.net.ConnectException: Connection refused
	at java.base/sun.nio.ch.SocketChannelImpl.checkConnect(Native Method)
	at java.base/sun.nio.ch.SocketChannelImpl.finishConnect(SocketChannelImpl.java:777)
	at io.netty.channel.socket.nio.NioSocketChannel.doFinishConnect(NioSocketChannel.java:330)
	at io.netty.channel.nio.AbstractNioChannel$AbstractNioUnsafe.finishConnect(AbstractNioChannel.java:334)
	at io.netty.channel.nio.NioEventLoop.processSelectedKey(NioEventLoop.java:707)
	at io.netty.channel.nio.NioEventLoop.processSelectedKeysOptimized(NioEventLoop.java:655)
	at io.netty.channel.nio.NioEventLoop.processSelectedKeys(NioEventLoop.java:581)
	at io.netty.channel.nio.NioEventLoop.run(NioEventLoop.java:493)
	at io.netty.util.concurrent.SingleThreadEventExecutor$4.run(SingleThreadEventExecutor.java:989)
	at io.netty.util.internal.ThreadExecutorMap$2.run(ThreadExecutorMap.java:74)
	at io.netty.util.concurrent.FastThreadLocalRunnable.run(FastThreadLocalRunnable.java:30)
	at java.base/java.lang.Thread.run(Thread.java:829)
2026-02-24 03:05:05.519 - [WARN ] - esl
org.freeswitch.esl.client.inbound.InboundConnectionException: Could not connect to /61.158.166.45:8021
	at org.freeswitch.esl.client.inbound.Client.connect(Client.java:134)
	at cn.psycall.ccmgt.util.FreeSwitchManage.monitor(FreeSwitchManage.java:86)
	at cn.psycall.ccmgt.util.FreeSwitchManage.run(FreeSwitchManage.java:42)
Caused by: io.netty.channel.AbstractChannel$AnnotatedConnectException: Connection refused: /61.158.166.45:8021
Caused by: java.net.ConnectException: Connection refused
	at java.base/sun.nio.ch.SocketChannelImpl.checkConnect(Native Method)
	at java.base/sun.nio.ch.SocketChannelImpl.finishConnect(SocketChannelImpl.java:777)
	at io.netty.channel.socket.nio.NioSocketChannel.doFinishConnect(NioSocketChannel.java:330)
	at io.netty.channel.nio.AbstractNioChannel$AbstractNioUnsafe.finishConnect(AbstractNioChannel.java:334)
	at io.netty.channel.nio.NioEventLoop.processSelectedKey(NioEventLoop.java:707)
	at io.netty.channel.nio.NioEventLoop.processSelectedKeysOptimized(NioEventLoop.java:655)
	at io.netty.channel.nio.NioEventLoop.processSelectedKeys(NioEventLoop.java:581)
	at io.netty.channel.nio.NioEventLoop.run(NioEventLoop.java:493)
	at io.netty.util.concurrent.SingleThreadEventExecutor$4.run(SingleThreadEventExecutor.java:989)
	at io.netty.util.internal.ThreadExecutorMap$2.run(ThreadExecutorMap.java:74)
	at io.netty.util.concurrent.FastThreadLocalRunnable.run(FastThreadLocalRunnable.java:30)
	at java.base/java.lang.Thread.run(Thread.java:829)
2026-02-24 03:05:06.586 - [WARN ] - esl
org.freeswitch.esl.client.inbound.InboundConnectionException: Could not connect to /61.158.166.44:8021
	at org.freeswitch.esl.client.inbound.Client.connect(Client.java:134)
	at cn.psycall.ccmgt.util.FreeSwitchManage.monitor(FreeSwitchManage.java:86)
	at cn.psycall.ccmgt.util.FreeSwitchManage.run(FreeSwitchManage.java:42)
Caused by: io.netty.channel.AbstractChannel$AnnotatedConnectException: Connection refused: /61.158.166.44:8021
Caused by: java.net.ConnectException: Connection refused
	at java.base/sun.nio.ch.SocketChannelImpl.checkConnect(Native Method)
	at java.base/sun.nio.ch.SocketChannelImpl.finishConnect(SocketChannelImpl.java:777)
	at io.netty.channel.socket.nio.NioSocketChannel.doFinishConnect(NioSocketChannel.java:330)
	at io.netty.channel.nio.AbstractNioChannel$AbstractNioUnsafe.finishConnect(AbstractNioChannel.java:334)
	at io.netty.channel.nio.NioEventLoop.processSelectedKey(NioEventLoop.java:707)
	at io.netty.channel.nio.NioEventLoop.processSelectedKeysOptimized(NioEventLoop.java:655)
	at io.netty.channel.nio.NioEventLoop.processSelectedKeys(NioEventLoop.java:581)
	at io.netty.channel.nio.NioEventLoop.run(NioEventLoop.java:493)
	at io.netty.util.concurrent.SingleThreadEventExecutor$4.run(SingleThreadEventExecutor.java:989)
	at io.netty.util.internal.ThreadExecutorMap$2.run(ThreadExecutorMap.java:74)
	at io.netty.util.concurrent.FastThreadLocalRunnable.run(FastThreadLocalRunnable.java:30)
	at java.base/java.lang.Thread.run(Thread.java:829)
2026-02-24 03:05:06.654 - [WARN ] - esl
org.freeswitch.esl.client.inbound.InboundConnectionException: Could not connect to /61.158.166.45:8021
	at org.freeswitch.esl.client.inbound.Client.connect(Client.java:134)
	at cn.psycall.ccmgt.util.FreeSwitchManage.monitor(FreeSwitchManage.java:86)
	at cn.psycall.ccmgt.util.FreeSwitchManage.run(FreeSwitchManage.java:42)
Caused by: io.netty.channel.AbstractChannel$AnnotatedConnectException: Connection refused: /61.158.166.45:8021
Caused by: java.net.ConnectException: Connection refused
	at java.base/sun.nio.ch.SocketChannelImpl.checkConnect(Native Method)
	at java.base/sun.nio.ch.SocketChannelImpl.finishConnect(SocketChannelImpl.java:777)
	at io.netty.channel.socket.nio.NioSocketChannel.doFinishConnect(NioSocketChannel.java:330)
	at io.netty.channel.nio.AbstractNioChannel$AbstractNioUnsafe.finishConnect(AbstractNioChannel.java:334)
	at io.netty.channel.nio.NioEventLoop.processSelectedKey(NioEventLoop.java:707)
	at io.netty.channel.nio.NioEventLoop.processSelectedKeysOptimized(NioEventLoop.java:655)
	at io.netty.channel.nio.NioEventLoop.processSelectedKeys(NioEventLoop.java:581)
	at io.netty.channel.nio.NioEventLoop.run(NioEventLoop.java:493)
	at io.netty.util.concurrent.SingleThreadEventExecutor$4.run(SingleThreadEventExecutor.java:989)
	at io.netty.util.internal.ThreadExecutorMap$2.run(ThreadExecutorMap.java:74)
	at io.netty.util.concurrent.FastThreadLocalRunnable.run(FastThreadLocalRunnable.java:30)
	at java.base/java.lang.Thread.run(Thread.java:829)
2026-02-24 03:05:07.718 - [WARN ] - esl
org.freeswitch.esl.client.inbound.InboundConnectionException: Could not connect to /61.158.166.44:8021
	at org.freeswitch.esl.client.inbound.Client.connect(Client.java:134)
	at cn.psycall.ccmgt.util.FreeSwitchManage.monitor(FreeSwitchManage.java:86)
	at cn.psycall.ccmgt.util.FreeSwitchManage.run(FreeSwitchManage.java:42)
Caused by: io.netty.channel.AbstractChannel$AnnotatedConnectException: Connection refused: /61.158.166.44:8021
Caused by: java.net.ConnectException: Connection refused
	at java.base/sun.nio.ch.SocketChannelImpl.checkConnect(Native Method)
	at java.base/sun.nio.ch.SocketChannelImpl.finishConnect(SocketChannelImpl.java:777)
	at io.netty.channel.socket.nio.NioSocketChannel.doFinishConnect(NioSocketChannel.java:330)
	at io.netty.channel.nio.AbstractNioChannel$AbstractNioUnsafe.finishConnect(AbstractNioChannel.java:334)
	at io.netty.channel.nio.NioEventLoop.processSelectedKey(NioEventLoop.java:707)
	at io.netty.channel.nio.NioEventLoop.processSelectedKeysOptimized(NioEventLoop.java:655)
	at io.netty.channel.nio.NioEventLoop.processSelectedKeys(NioEventLoop.java:581)
	at io.netty.channel.nio.NioEventLoop.run(NioEventLoop.java:493)
	at io.netty.util.concurrent.SingleThreadEventExecutor$4.run(SingleThreadEventExecutor.java:989)
	at io.netty.util.internal.ThreadExecutorMap$2.run(ThreadExecutorMap.java:74)
	at io.netty.util.concurrent.FastThreadLocalRunnable.run(FastThreadLocalRunnable.java:30)
	at java.base/java.lang.Thread.run(Thread.java:829)
2026-02-24 03:05:07.785 - [WARN ] - esl
org.freeswitch.esl.client.inbound.InboundConnectionException: Could not connect to /61.158.166.45:8021
	at org.freeswitch.esl.client.inbound.Client.connect(Client.java:134)
	at cn.psycall.ccmgt.util.FreeSwitchManage.monitor(FreeSwitchManage.java:86)
	at cn.psycall.ccmgt.util.FreeSwitchManage.run(FreeSwitchManage.java:42)
Caused by: io.netty.channel.AbstractChannel$AnnotatedConnectException: Connection refused: /61.158.166.45:8021
Caused by: java.net.ConnectException: Connection refused
	at java.base/sun.nio.ch.SocketChannelImpl.checkConnect(Native Method)
	at java.base/sun.nio.ch.SocketChannelImpl.finishConnect(SocketChannelImpl.java:777)
	at io.netty.channel.socket.nio.NioSocketChannel.doFinishConnect(NioSocketChannel.java:330)
	at io.netty.channel.nio.AbstractNioChannel$AbstractNioUnsafe.finishConnect(AbstractNioChannel.java:334)
	at io.netty.channel.nio.NioEventLoop.processSelectedKey(NioEventLoop.java:707)
	at io.netty.channel.nio.NioEventLoop.processSelectedKeysOptimized(NioEventLoop.java:655)
	at io.netty.channel.nio.NioEventLoop.processSelectedKeys(NioEventLoop.java:581)
	at io.netty.channel.nio.NioEventLoop.run(NioEventLoop.java:493)
	at io.netty.util.concurrent.SingleThreadEventExecutor$4.run(SingleThreadEventExecutor.java:989)
	at io.netty.util.internal.ThreadExecutorMap$2.run(ThreadExecutorMap.java:74)
	at io.netty.util.concurrent.FastThreadLocalRunnable.run(FastThreadLocalRunnable.java:30)
	at java.base/java.lang.Thread.run(Thread.java:829)
2026-02-24 03:05:08.852 - [WARN ] - esl
org.freeswitch.esl.client.inbound.InboundConnectionException: Could not connect to /61.158.166.44:8021
	at org.freeswitch.esl.client.inbound.Client.connect(Client.java:134)
	at cn.psycall.ccmgt.util.FreeSwitchManage.monitor(FreeSwitchManage.java:86)
	at cn.psycall.ccmgt.util.FreeSwitchManage.run(FreeSwitchManage.java:42)
Caused by: io.netty.channel.AbstractChannel$AnnotatedConnectException: Connection refused: /61.158.166.44:8021
Caused by: java.net.ConnectException: Connection refused
	at java.base/sun.nio.ch.SocketChannelImpl.checkConnect(Native Method)
	at java.base/sun.nio.ch.SocketChannelImpl.finishConnect(SocketChannelImpl.java:777)
	at io.netty.channel.socket.nio.NioSocketChannel.doFinishConnect(NioSocketChannel.java:330)
	at io.netty.channel.nio.AbstractNioChannel$AbstractNioUnsafe.finishConnect(AbstractNioChannel.java:334)
	at io.netty.channel.nio.NioEventLoop.processSelectedKey(NioEventLoop.java:707)
	at io.netty.channel.nio.NioEventLoop.processSelectedKeysOptimized(NioEventLoop.java:655)
	at io.netty.channel.nio.NioEventLoop.processSelectedKeys(NioEventLoop.java:581)
	at io.netty.channel.nio.NioEventLoop.run(NioEventLoop.java:493)
	at io.netty.util.concurrent.SingleThreadEventExecutor$4.run(SingleThreadEventExecutor.java:989)
	at io.netty.util.internal.ThreadExecutorMap$2.run(ThreadExecutorMap.java:74)
	at io.netty.util.concurrent.FastThreadLocalRunnable.run(FastThreadLocalRunnable.java:30)
	at java.base/java.lang.Thread.run(Thread.java:829)
2026-02-24 03:05:08.919 - [WARN ] - esl
org.freeswitch.esl.client.inbound.InboundConnectionException: Could not connect to /61.158.166.45:8021
	at org.freeswitch.esl.client.inbound.Client.connect(Client.java:134)
	at cn.psycall.ccmgt.util.FreeSwitchManage.monitor(FreeSwitchManage.java:86)
	at cn.psycall.ccmgt.util.FreeSwitchManage.run(FreeSwitchManage.java:42)
Caused by: io.netty.channel.AbstractChannel$AnnotatedConnectException: Connection refused: /61.158.166.45:8021
Caused by: java.net.ConnectException: Connection refused
	at java.base/sun.nio.ch.SocketChannelImpl.checkConnect(Native Method)
	at java.base/sun.nio.ch.SocketChannelImpl.finishConnect(SocketChannelImpl.java:777)
	at io.netty.channel.socket.nio.NioSocketChannel.doFinishConnect(NioSocketChannel.java:330)
	at io.netty.channel.nio.AbstractNioChannel$AbstractNioUnsafe.finishConnect(AbstractNioChannel.java:334)
	at io.netty.channel.nio.NioEventLoop.processSelectedKey(NioEventLoop.java:707)
	at io.netty.channel.nio.NioEventLoop.processSelectedKeysOptimized(NioEventLoop.java:655)
	at io.netty.channel.nio.NioEventLoop.processSelectedKeys(NioEventLoop.java:581)
	at io.netty.channel.nio.NioEventLoop.run(NioEventLoop.java:493)
	at io.netty.util.concurrent.SingleThreadEventExecutor$4.run(SingleThreadEventExecutor.java:989)
	at io.netty.util.internal.ThreadExecutorMap$2.run(ThreadExecutorMap.java:74)
	at io.netty.util.concurrent.FastThreadLocalRunnable.run(FastThreadLocalRunnable.java:30)
	at java.base/java.lang.Thread.run(Thread.java:829)
2026-02-24 03:05:09.984 - [WARN ] - esl
org.freeswitch.esl.client.inbound.InboundConnectionException: Could not connect to /61.158.166.44:8021
	at org.freeswitch.esl.client.inbound.Client.connect(Client.java:134)
	at cn.psycall.ccmgt.util.FreeSwitchManage.monitor(FreeSwitchManage.java:86)
	at cn.psycall.ccmgt.util.FreeSwitchManage.run(FreeSwitchManage.java:42)
Caused by: io.netty.channel.AbstractChannel$AnnotatedConnectException: Connection refused: /61.158.166.44:8021
Caused by: java.net.ConnectException: Connection refused
	at java.base/sun.nio.ch.SocketChannelImpl.checkConnect(Native Method)
	at java.base/sun.nio.ch.SocketChannelImpl.finishConnect(SocketChannelImpl.java:777)
	at io.netty.channel.socket.nio.NioSocketChannel.doFinishConnect(NioSocketChannel.java:330)
	at io.netty.channel.nio.AbstractNioChannel$AbstractNioUnsafe.finishConnect(AbstractNioChannel.java:334)
	at io.netty.channel.nio.NioEventLoop.processSelectedKey(NioEventLoop.java:707)
	at io.netty.channel.nio.NioEventLoop.processSelectedKeysOptimized(NioEventLoop.java:655)
	at io.netty.channel.nio.NioEventLoop.processSelectedKeys(NioEventLoop.java:581)
	at io.netty.channel.nio.NioEventLoop.run(NioEventLoop.java:493)
	at io.netty.util.concurrent.SingleThreadEventExecutor$4.run(SingleThreadEventExecutor.java:989)
	at io.netty.util.internal.ThreadExecutorMap$2.run(ThreadExecutorMap.java:74)
	at io.netty.util.concurrent.FastThreadLocalRunnable.run(FastThreadLocalRunnable.java:30)
	at java.base/java.lang.Thread.run(Thread.java:829)
2026-02-24 03:05:10.049 - [WARN ] - esl
org.freeswitch.esl.client.inbound.InboundConnectionException: Could not connect to /61.158.166.45:8021
	at org.freeswitch.esl.client.inbound.Client.connect(Client.java:134)
	at cn.psycall.ccmgt.util.FreeSwitchManage.monitor(FreeSwitchManage.java:86)
	at cn.psycall.ccmgt.util.FreeSwitchManage.run(FreeSwitchManage.java:42)
Caused by: io.netty.channel.AbstractChannel$AnnotatedConnectException: Connection refused: /61.158.166.45:8021
Caused by: java.net.ConnectException: Connection refused
	at java.base/sun.nio.ch.SocketChannelImpl.checkConnect(Native Method)
	at java.base/sun.nio.ch.SocketChannelImpl.finishConnect(SocketChannelImpl.java:777)
	at io.netty.channel.socket.nio.NioSocketChannel.doFinishConnect(NioSocketChannel.java:330)
	at io.netty.channel.nio.AbstractNioChannel$AbstractNioUnsafe.finishConnect(AbstractNioChannel.java:334)
	at io.netty.channel.nio.NioEventLoop.processSelectedKey(NioEventLoop.java:707)
	at io.netty.channel.nio.NioEventLoop.processSelectedKeysOptimized(NioEventLoop.java:655)
	at io.netty.channel.nio.NioEventLoop.processSelectedKeys(NioEventLoop.java:581)
	at io.netty.channel.nio.NioEventLoop.run(NioEventLoop.java:493)
	at io.netty.util.concurrent.SingleThreadEventExecutor$4.run(SingleThreadEventExecutor.java:989)
	at io.netty.util.internal.ThreadExecutorMap$2.run(ThreadExecutorMap.java:74)
	at io.netty.util.concurrent.FastThreadLocalRunnable.run(FastThreadLocalRunnable.java:30)
	at java.base/java.lang.Thread.run(Thread.java:829)
2026-02-24 03:05:11.112 - [WARN ] - esl
org.freeswitch.esl.client.inbound.InboundConnectionException: Could not connect to /61.158.166.44:8021
	at org.freeswitch.esl.client.inbound.Client.connect(Client.java:134)
	at cn.psycall.ccmgt.util.FreeSwitchManage.monitor(FreeSwitchManage.java:86)
	at cn.psycall.ccmgt.util.FreeSwitchManage.run(FreeSwitchManage.java:42)
Caused by: io.netty.channel.AbstractChannel$AnnotatedConnectException: Connection refused: /61.158.166.44:8021
Caused by: java.net.ConnectException: Connection refused
	at java.base/sun.nio.ch.SocketChannelImpl.checkConnect(Native Method)
	at java.base/sun.nio.ch.SocketChannelImpl.finishConnect(SocketChannelImpl.java:777)
	at io.netty.channel.socket.nio.NioSocketChannel.doFinishConnect(NioSocketChannel.java:330)
	at io.netty.channel.nio.AbstractNioChannel$AbstractNioUnsafe.finishConnect(AbstractNioChannel.java:334)
	at io.netty.channel.nio.NioEventLoop.processSelectedKey(NioEventLoop.java:707)
	at io.netty.channel.nio.NioEventLoop.processSelectedKeysOptimized(NioEventLoop.java:655)
	at io.netty.channel.nio.NioEventLoop.processSelectedKeys(NioEventLoop.java:581)
	at io.netty.channel.nio.NioEventLoop.run(NioEventLoop.java:493)
	at io.netty.util.concurrent.SingleThreadEventExecutor$4.run(SingleThreadEventExecutor.java:989)
	at io.netty.util.internal.ThreadExecutorMap$2.run(ThreadExecutorMap.java:74)
	at io.netty.util.concurrent.FastThreadLocalRunnable.run(FastThreadLocalRunnable.java:30)
	at java.base/java.lang.Thread.run(Thread.java:829)
2026-02-24 03:05:11.180 - [WARN ] - esl
org.freeswitch.esl.client.inbound.InboundConnectionException: Could not connect to /61.158.166.45:8021
	at org.freeswitch.esl.client.inbound.Client.connect(Client.java:134)
	at cn.psycall.ccmgt.util.FreeSwitchManage.monitor(FreeSwitchManage.java:86)
	at cn.psycall.ccmgt.util.FreeSwitchManage.run(FreeSwitchManage.java:42)
Caused by: io.netty.channel.AbstractChannel$AnnotatedConnectException: Connection refused: /61.158.166.45:8021
Caused by: java.net.ConnectException: Connection refused
	at java.base/sun.nio.ch.SocketChannelImpl.checkConnect(Native Method)
	at java.base/sun.nio.ch.SocketChannelImpl.finishConnect(SocketChannelImpl.java:777)
	at io.netty.channel.socket.nio.NioSocketChannel.doFinishConnect(NioSocketChannel.java:330)
	at io.netty.channel.nio.AbstractNioChannel$AbstractNioUnsafe.finishConnect(AbstractNioChannel.java:334)
	at io.netty.channel.nio.NioEventLoop.processSelectedKey(NioEventLoop.java:707)
	at io.netty.channel.nio.NioEventLoop.processSelectedKeysOptimized(NioEventLoop.java:655)
	at io.netty.channel.nio.NioEventLoop.processSelectedKeys(NioEventLoop.java:581)
	at io.netty.channel.nio.NioEventLoop.run(NioEventLoop.java:493)
	at io.netty.util.concurrent.SingleThreadEventExecutor$4.run(SingleThreadEventExecutor.java:989)
	at io.netty.util.internal.ThreadExecutorMap$2.run(ThreadExecutorMap.java:74)
	at io.netty.util.concurrent.FastThreadLocalRunnable.run(FastThreadLocalRunnable.java:30)
	at java.base/java.lang.Thread.run(Thread.java:829)
2026-02-24 03:05:12.245 - [WARN ] - esl
org.freeswitch.esl.client.inbound.InboundConnectionException: Could not connect to /61.158.166.44:8021
	at org.freeswitch.esl.client.inbound.Client.connect(Client.java:134)
	at cn.psycall.ccmgt.util.FreeSwitchManage.monitor(FreeSwitchManage.java:86)
	at cn.psycall.ccmgt.util.FreeSwitchManage.run(FreeSwitchManage.java:42)
Caused by: io.netty.channel.AbstractChannel$AnnotatedConnectException: Connection refused: /61.158.166.44:8021
Caused by: java.net.ConnectException: Connection refused
	at java.base/sun.nio.ch.SocketChannelImpl.checkConnect(Native Method)
	at java.base/sun.nio.ch.SocketChannelImpl.finishConnect(SocketChannelImpl.java:777)
	at io.netty.channel.socket.nio.NioSocketChannel.doFinishConnect(NioSocketChannel.java:330)
	at io.netty.channel.nio.AbstractNioChannel$AbstractNioUnsafe.finishConnect(AbstractNioChannel.java:334)
	at io.netty.channel.nio.NioEventLoop.processSelectedKey(NioEventLoop.java:707)
	at io.netty.channel.nio.NioEventLoop.processSelectedKeysOptimized(NioEventLoop.java:655)
	at io.netty.channel.nio.NioEventLoop.processSelectedKeys(NioEventLoop.java:581)
	at io.netty.channel.nio.NioEventLoop.run(NioEventLoop.java:493)
	at io.netty.util.concurrent.SingleThreadEventExecutor$4.run(SingleThreadEventExecutor.java:989)
	at io.netty.util.internal.ThreadExecutorMap$2.run(ThreadExecutorMap.java:74)
	at io.netty.util.concurrent.FastThreadLocalRunnable.run(FastThreadLocalRunnable.java:30)
	at java.base/java.lang.Thread.run(Thread.java:829)
2026-02-24 03:05:18.507 - [WARN ] - esl
org.freeswitch.esl.client.inbound.InboundConnectionException: Could not connect to /61.158.166.45:8021
	at org.freeswitch.esl.client.inbound.Client.connect(Client.java:134)
	at cn.psycall.ccmgt.util.FreeSwitchManage.monitor(FreeSwitchManage.java:86)
	at cn.psycall.ccmgt.util.FreeSwitchManage.run(FreeSwitchManage.java:42)
Caused by: io.netty.channel.AbstractChannel$AnnotatedConnectException: Connection refused: /61.158.166.45:8021
Caused by: java.net.ConnectException: Connection refused
	at java.base/sun.nio.ch.SocketChannelImpl.checkConnect(Native Method)
	at java.base/sun.nio.ch.SocketChannelImpl.finishConnect(SocketChannelImpl.java:777)
	at io.netty.channel.socket.nio.NioSocketChannel.doFinishConnect(NioSocketChannel.java:330)
	at io.netty.channel.nio.AbstractNioChannel$AbstractNioUnsafe.finishConnect(AbstractNioChannel.java:334)
	at io.netty.channel.nio.NioEventLoop.processSelectedKey(NioEventLoop.java:707)
	at io.netty.channel.nio.NioEventLoop.processSelectedKeysOptimized(NioEventLoop.java:655)
	at io.netty.channel.nio.NioEventLoop.processSelectedKeys(NioEventLoop.java:581)
	at io.netty.channel.nio.NioEventLoop.run(NioEventLoop.java:493)
	at io.netty.util.concurrent.SingleThreadEventExecutor$4.run(SingleThreadEventExecutor.java:989)
	at io.netty.util.internal.ThreadExecutorMap$2.run(ThreadExecutorMap.java:74)
	at io.netty.util.concurrent.FastThreadLocalRunnable.run(FastThreadLocalRunnable.java:30)
	at java.base/java.lang.Thread.run(Thread.java:829)
2026-02-24 03:05:19.572 - [WARN ] - esl
org.freeswitch.esl.client.inbound.InboundConnectionException: Could not connect to /61.158.166.44:8021
	at org.freeswitch.esl.client.inbound.Client.connect(Client.java:134)
	at cn.psycall.ccmgt.util.FreeSwitchManage.monitor(FreeSwitchManage.java:86)
	at cn.psycall.ccmgt.util.FreeSwitchManage.run(FreeSwitchManage.java:42)
Caused by: io.netty.channel.AbstractChannel$AnnotatedConnectException: Connection refused: /61.158.166.44:8021
Caused by: java.net.ConnectException: Connection refused
	at java.base/sun.nio.ch.SocketChannelImpl.checkConnect(Native Method)
	at java.base/sun.nio.ch.SocketChannelImpl.finishConnect(SocketChannelImpl.java:777)
	at io.netty.channel.socket.nio.NioSocketChannel.doFinishConnect(NioSocketChannel.java:330)
	at io.netty.channel.nio.AbstractNioChannel$AbstractNioUnsafe.finishConnect(AbstractNioChannel.java:334)
	at io.netty.channel.nio.NioEventLoop.processSelectedKey(NioEventLoop.java:707)
	at io.netty.channel.nio.NioEventLoop.processSelectedKeysOptimized(NioEventLoop.java:655)
	at io.netty.channel.nio.NioEventLoop.processSelectedKeys(NioEventLoop.java:581)
	at io.netty.channel.nio.NioEventLoop.run(NioEventLoop.java:493)
	at io.netty.util.concurrent.SingleThreadEventExecutor$4.run(SingleThreadEventExecutor.java:989)
	at io.netty.util.internal.ThreadExecutorMap$2.run(ThreadExecutorMap.java:74)
	at io.netty.util.concurrent.FastThreadLocalRunnable.run(FastThreadLocalRunnable.java:30)
	at java.base/java.lang.Thread.run(Thread.java:829)
2026-02-24 03:05:19.638 - [WARN ] - esl
org.freeswitch.esl.client.inbound.InboundConnectionException: Could not connect to /61.158.166.45:8021
	at org.freeswitch.esl.client.inbound.Client.connect(Client.java:134)
	at cn.psycall.ccmgt.util.FreeSwitchManage.monitor(FreeSwitchManage.java:86)
	at cn.psycall.ccmgt.util.FreeSwitchManage.run(FreeSwitchManage.java:42)
Caused by: io.netty.channel.AbstractChannel$AnnotatedConnectException: Connection refused: /61.158.166.45:8021
Caused by: java.net.ConnectException: Connection refused
	at java.base/sun.nio.ch.SocketChannelImpl.checkConnect(Native Method)
	at java.base/sun.nio.ch.SocketChannelImpl.finishConnect(SocketChannelImpl.java:777)
	at io.netty.channel.socket.nio.NioSocketChannel.doFinishConnect(NioSocketChannel.java:330)
	at io.netty.channel.nio.AbstractNioChannel$AbstractNioUnsafe.finishConnect(AbstractNioChannel.java:334)
	at io.netty.channel.nio.NioEventLoop.processSelectedKey(NioEventLoop.java:707)
	at io.netty.channel.nio.NioEventLoop.processSelectedKeysOptimized(NioEventLoop.java:655)
	at io.netty.channel.nio.NioEventLoop.processSelectedKeys(NioEventLoop.java:581)
	at io.netty.channel.nio.NioEventLoop.run(NioEventLoop.java:493)
	at io.netty.util.concurrent.SingleThreadEventExecutor$4.run(SingleThreadEventExecutor.java:989)
	at io.netty.util.internal.ThreadExecutorMap$2.run(ThreadExecutorMap.java:74)
	at io.netty.util.concurrent.FastThreadLocalRunnable.run(FastThreadLocalRunnable.java:30)
	at java.base/java.lang.Thread.run(Thread.java:829)
2026-02-24 03:05:20.717 - [WARN ] - esl
org.freeswitch.esl.client.inbound.InboundConnectionException: Could not connect to /61.158.166.44:8021
	at org.freeswitch.esl.client.inbound.Client.connect(Client.java:134)
	at cn.psycall.ccmgt.util.FreeSwitchManage.monitor(FreeSwitchManage.java:86)
	at cn.psycall.ccmgt.util.FreeSwitchManage.run(FreeSwitchManage.java:42)
Caused by: io.netty.channel.AbstractChannel$AnnotatedConnectException: Connection refused: /61.158.166.44:8021
Caused by: java.net.ConnectException: Connection refused
	at java.base/sun.nio.ch.SocketChannelImpl.checkConnect(Native Method)
	at java.base/sun.nio.ch.SocketChannelImpl.finishConnect(SocketChannelImpl.java:777)
	at io.netty.channel.socket.nio.NioSocketChannel.doFinishConnect(NioSocketChannel.java:330)
	at io.netty.channel.nio.AbstractNioChannel$AbstractNioUnsafe.finishConnect(AbstractNioChannel.java:334)
	at io.netty.channel.nio.NioEventLoop.processSelectedKey(NioEventLoop.java:707)
	at io.netty.channel.nio.NioEventLoop.processSelectedKeysOptimized(NioEventLoop.java:655)
	at io.netty.channel.nio.NioEventLoop.processSelectedKeys(NioEventLoop.java:581)
	at io.netty.channel.nio.NioEventLoop.run(NioEventLoop.java:493)
	at io.netty.util.concurrent.SingleThreadEventExecutor$4.run(SingleThreadEventExecutor.java:989)
	at io.netty.util.internal.ThreadExecutorMap$2.run(ThreadExecutorMap.java:74)
	at io.netty.util.concurrent.FastThreadLocalRunnable.run(FastThreadLocalRunnable.java:30)
	at java.base/java.lang.Thread.run(Thread.java:829)
2026-02-24 03:05:20.800 - [WARN ] - esl
org.freeswitch.esl.client.inbound.InboundConnectionException: Could not connect to /61.158.166.45:8021
	at org.freeswitch.esl.client.inbound.Client.connect(Client.java:134)
	at cn.psycall.ccmgt.util.FreeSwitchManage.monitor(FreeSwitchManage.java:86)
	at cn.psycall.ccmgt.util.FreeSwitchManage.run(FreeSwitchManage.java:42)
Caused by: io.netty.channel.AbstractChannel$AnnotatedConnectException: Connection refused: /61.158.166.45:8021
Caused by: java.net.ConnectException: Connection refused
	at java.base/sun.nio.ch.SocketChannelImpl.checkConnect(Native Method)
	at java.base/sun.nio.ch.SocketChannelImpl.finishConnect(SocketChannelImpl.java:777)
	at io.netty.channel.socket.nio.NioSocketChannel.doFinishConnect(NioSocketChannel.java:330)
	at io.netty.channel.nio.AbstractNioChannel$AbstractNioUnsafe.finishConnect(AbstractNioChannel.java:334)
	at io.netty.channel.nio.NioEventLoop.processSelectedKey(NioEventLoop.java:707)
	at io.netty.channel.nio.NioEventLoop.processSelectedKeysOptimized(NioEventLoop.java:655)
	at io.netty.channel.nio.NioEventLoop.processSelectedKeys(NioEventLoop.java:581)
	at io.netty.channel.nio.NioEventLoop.run(NioEventLoop.java:493)
	at io.netty.util.concurrent.SingleThreadEventExecutor$4.run(SingleThreadEventExecutor.java:989)
	at io.netty.util.internal.ThreadExecutorMap$2.run(ThreadExecutorMap.java:74)
	at io.netty.util.concurrent.FastThreadLocalRunnable.run(FastThreadLocalRunnable.java:30)
	at java.base/java.lang.Thread.run(Thread.java:829)
2026-02-24 03:05:22.080 - [WARN ] - conn_rabbit_mq
org.springframework.web.client.ResourceAccessException: I/O error on POST request for "http://61.158.166.44:8888/command/conn_rabbit_mq": Connect to 61.158.166.44:8888 [/61.158.166.44] failed: Connection refused (Connection refused); nested exception is org.apache.http.conn.HttpHostConnectException: Connect to 61.158.166.44:8888 [/61.158.166.44] failed: Connection refused (Connection refused)
	at org.springframework.web.client.RestTemplate.doExecute(RestTemplate.java:791)
	at org.springframework.web.client.RestTemplate.execute(RestTemplate.java:717)
	at org.springframework.web.client.RestTemplate.exchange(RestTemplate.java:608)
	at cn.psycall.ccmgt.util.FreeSwitchManage.conn_rabbit_mq(FreeSwitchManage.java:272)
	at cn.psycall.ccmgt.util.FreeSwitchManage.monitor(FreeSwitchManage.java:89)
	at cn.psycall.ccmgt.util.FreeSwitchManage.run(FreeSwitchManage.java:42)
Caused by: org.apache.http.conn.HttpHostConnectException: Connect to 61.158.166.44:8888 [/61.158.166.44] failed: Connection refused (Connection refused)
	at org.apache.http.impl.conn.DefaultHttpClientConnectionOperator.connect(DefaultHttpClientConnectionOperator.java:156)
	at org.apache.http.impl.conn.PoolingHttpClientConnectionManager.connect(PoolingHttpClientConnectionManager.java:376)
	at org.apache.http.impl.execchain.MainClientExec.establishRoute(MainClientExec.java:393)
	at org.apache.http.impl.execchain.MainClientExec.execute(MainClientExec.java:236)
	at org.apache.http.impl.execchain.ProtocolExec.execute(ProtocolExec.java:186)
	at org.apache.http.impl.execchain.RetryExec.execute(RetryExec.java:89)
	at org.apache.http.impl.execchain.RedirectExec.execute(RedirectExec.java:110)
	at org.apache.http.impl.client.InternalHttpClient.doExecute(InternalHttpClient.java:185)
	at org.apache.http.impl.client.CloseableHttpClient.execute(CloseableHttpClient.java:83)
	at org.apache.http.impl.client.CloseableHttpClient.execute(CloseableHttpClient.java:56)
	at org.springframework.http.client.HttpComponentsClientHttpRequest.executeInternal(HttpComponentsClientHttpRequest.java:87)
	at org.springframework.http.client.AbstractBufferingClientHttpRequest.executeInternal(AbstractBufferingClientHttpRequest.java:48)
	at org.springframework.http.client.AbstractClientHttpRequest.execute(AbstractClientHttpRequest.java:66)
	at org.springframework.web.client.RestTemplate.doExecute(RestTemplate.java:782)
	... 5 common frames omitted
Caused by: java.net.ConnectException: Connection refused (Connection refused)
	at java.base/java.net.PlainSocketImpl.socketConnect(Native Method)
	at java.base/java.net.AbstractPlainSocketImpl.doConnect(AbstractPlainSocketImpl.java:412)
	at java.base/java.net.AbstractPlainSocketImpl.connectToAddress(AbstractPlainSocketImpl.java:255)
	at java.base/java.net.AbstractPlainSocketImpl.connect(AbstractPlainSocketImpl.java:237)
	at java.base/java.net.SocksSocketImpl.connect(SocksSocketImpl.java:392)
	at java.base/java.net.Socket.connect(Socket.java:609)
	at org.apache.http.conn.socket.PlainConnectionSocketFactory.connectSocket(PlainConnectionSocketFactory.java:75)
	at org.apache.http.impl.conn.DefaultHttpClientConnectionOperator.connect(DefaultHttpClientConnectionOperator.java:142)
	... 18 common frames omitted
2026-02-24 03:05:22.351 - [WARN ] - esl
org.freeswitch.esl.client.inbound.InboundConnectionException: Could not connect to /61.158.166.45:8021
	at org.freeswitch.esl.client.inbound.Client.connect(Client.java:134)
	at cn.psycall.ccmgt.util.FreeSwitchManage.monitor(FreeSwitchManage.java:86)
	at cn.psycall.ccmgt.util.FreeSwitchManage.run(FreeSwitchManage.java:42)
Caused by: io.netty.channel.AbstractChannel$AnnotatedConnectException: Connection refused: /61.158.166.45:8021
Caused by: java.net.ConnectException: Connection refused
	at java.base/sun.nio.ch.SocketChannelImpl.checkConnect(Native Method)
	at java.base/sun.nio.ch.SocketChannelImpl.finishConnect(SocketChannelImpl.java:777)
	at io.netty.channel.socket.nio.NioSocketChannel.doFinishConnect(NioSocketChannel.java:330)
	at io.netty.channel.nio.AbstractNioChannel$AbstractNioUnsafe.finishConnect(AbstractNioChannel.java:334)
	at io.netty.channel.nio.NioEventLoop.processSelectedKey(NioEventLoop.java:707)
	at io.netty.channel.nio.NioEventLoop.processSelectedKeysOptimized(NioEventLoop.java:655)
	at io.netty.channel.nio.NioEventLoop.processSelectedKeys(NioEventLoop.java:581)
	at io.netty.channel.nio.NioEventLoop.run(NioEventLoop.java:493)
	at io.netty.util.concurrent.SingleThreadEventExecutor$4.run(SingleThreadEventExecutor.java:989)
	at io.netty.util.internal.ThreadExecutorMap$2.run(ThreadExecutorMap.java:74)
	at io.netty.util.concurrent.FastThreadLocalRunnable.run(FastThreadLocalRunnable.java:30)
	at java.base/java.lang.Thread.run(Thread.java:829)
2026-02-24 03:05:23.632 - [WARN ] - conn_rabbit_mq
org.springframework.web.client.ResourceAccessException: I/O error on POST request for "http://61.158.166.44:8888/command/conn_rabbit_mq": Connect to 61.158.166.44:8888 [/61.158.166.44] failed: Connection refused (Connection refused); nested exception is org.apache.http.conn.HttpHostConnectException: Connect to 61.158.166.44:8888 [/61.158.166.44] failed: Connection refused (Connection refused)
	at org.springframework.web.client.RestTemplate.doExecute(RestTemplate.java:791)
	at org.springframework.web.client.RestTemplate.execute(RestTemplate.java:717)
	at org.springframework.web.client.RestTemplate.exchange(RestTemplate.java:608)
	at cn.psycall.ccmgt.util.FreeSwitchManage.conn_rabbit_mq(FreeSwitchManage.java:272)
	at cn.psycall.ccmgt.util.FreeSwitchManage.monitor(FreeSwitchManage.java:89)
	at cn.psycall.ccmgt.util.FreeSwitchManage.run(FreeSwitchManage.java:42)
Caused by: org.apache.http.conn.HttpHostConnectException: Connect to 61.158.166.44:8888 [/61.158.166.44] failed: Connection refused (Connection refused)
	at org.apache.http.impl.conn.DefaultHttpClientConnectionOperator.connect(DefaultHttpClientConnectionOperator.java:156)
	at org.apache.http.impl.conn.PoolingHttpClientConnectionManager.connect(PoolingHttpClientConnectionManager.java:376)
	at org.apache.http.impl.execchain.MainClientExec.establishRoute(MainClientExec.java:393)
	at org.apache.http.impl.execchain.MainClientExec.execute(MainClientExec.java:236)
	at org.apache.http.impl.execchain.ProtocolExec.execute(ProtocolExec.java:186)
	at org.apache.http.impl.execchain.RetryExec.execute(RetryExec.java:89)
	at org.apache.http.impl.execchain.RedirectExec.execute(RedirectExec.java:110)
	at org.apache.http.impl.client.InternalHttpClient.doExecute(InternalHttpClient.java:185)
	at org.apache.http.impl.client.CloseableHttpClient.execute(CloseableHttpClient.java:83)
	at org.apache.http.impl.client.CloseableHttpClient.execute(CloseableHttpClient.java:56)
	at org.springframework.http.client.HttpComponentsClientHttpRequest.executeInternal(HttpComponentsClientHttpRequest.java:87)
	at org.springframework.http.client.AbstractBufferingClientHttpRequest.executeInternal(AbstractBufferingClientHttpRequest.java:48)
	at org.springframework.http.client.AbstractClientHttpRequest.execute(AbstractClientHttpRequest.java:66)
	at org.springframework.web.client.RestTemplate.doExecute(RestTemplate.java:782)
	... 5 common frames omitted
Caused by: java.net.ConnectException: Connection refused (Connection refused)
	at java.base/java.net.PlainSocketImpl.socketConnect(Native Method)
	at java.base/java.net.AbstractPlainSocketImpl.doConnect(AbstractPlainSocketImpl.java:412)
	at java.base/java.net.AbstractPlainSocketImpl.connectToAddress(AbstractPlainSocketImpl.java:255)
	at java.base/java.net.AbstractPlainSocketImpl.connect(AbstractPlainSocketImpl.java:237)
	at java.base/java.net.SocksSocketImpl.connect(SocksSocketImpl.java:392)
	at java.base/java.net.Socket.connect(Socket.java:609)
	at org.apache.http.conn.socket.PlainConnectionSocketFactory.connectSocket(PlainConnectionSocketFactory.java:75)
	at org.apache.http.impl.conn.DefaultHttpClientConnectionOperator.connect(DefaultHttpClientConnectionOperator.java:142)
	... 18 common frames omitted
2026-02-24 03:05:23.714 - [WARN ] - esl
org.freeswitch.esl.client.inbound.InboundConnectionException: Could not connect to /61.158.166.45:8021
	at org.freeswitch.esl.client.inbound.Client.connect(Client.java:134)
	at cn.psycall.ccmgt.util.FreeSwitchManage.monitor(FreeSwitchManage.java:86)
	at cn.psycall.ccmgt.util.FreeSwitchManage.run(FreeSwitchManage.java:42)
Caused by: io.netty.channel.AbstractChannel$AnnotatedConnectException: Connection refused: /61.158.166.45:8021
Caused by: java.net.ConnectException: Connection refused
	at java.base/sun.nio.ch.SocketChannelImpl.checkConnect(Native Method)
	at java.base/sun.nio.ch.SocketChannelImpl.finishConnect(SocketChannelImpl.java:777)
	at io.netty.channel.socket.nio.NioSocketChannel.doFinishConnect(NioSocketChannel.java:330)
	at io.netty.channel.nio.AbstractNioChannel$AbstractNioUnsafe.finishConnect(AbstractNioChannel.java:334)
	at io.netty.channel.nio.NioEventLoop.processSelectedKey(NioEventLoop.java:707)
	at io.netty.channel.nio.NioEventLoop.processSelectedKeysOptimized(NioEventLoop.java:655)
	at io.netty.channel.nio.NioEventLoop.processSelectedKeys(NioEventLoop.java:581)
	at io.netty.channel.nio.NioEventLoop.run(NioEventLoop.java:493)
	at io.netty.util.concurrent.SingleThreadEventExecutor$4.run(SingleThreadEventExecutor.java:989)
	at io.netty.util.internal.ThreadExecutorMap$2.run(ThreadExecutorMap.java:74)
	at io.netty.util.concurrent.FastThreadLocalRunnable.run(FastThreadLocalRunnable.java:30)
	at java.base/java.lang.Thread.run(Thread.java:829)
2026-02-24 03:05:25.243 - [WARN ] - esl
org.freeswitch.esl.client.inbound.InboundConnectionException: Could not connect to /61.158.166.45:8021
	at org.freeswitch.esl.client.inbound.Client.connect(Client.java:134)
	at cn.psycall.ccmgt.util.FreeSwitchManage.monitor(FreeSwitchManage.java:86)
	at cn.psycall.ccmgt.util.FreeSwitchManage.run(FreeSwitchManage.java:42)
Caused by: io.netty.channel.AbstractChannel$AnnotatedConnectException: Connection refused: /61.158.166.45:8021
Caused by: java.net.ConnectException: Connection refused
	at java.base/sun.nio.ch.SocketChannelImpl.checkConnect(Native Method)
	at java.base/sun.nio.ch.SocketChannelImpl.finishConnect(SocketChannelImpl.java:777)
	at io.netty.channel.socket.nio.NioSocketChannel.doFinishConnect(NioSocketChannel.java:330)
	at io.netty.channel.nio.AbstractNioChannel$AbstractNioUnsafe.finishConnect(AbstractNioChannel.java:334)
	at io.netty.channel.nio.NioEventLoop.processSelectedKey(NioEventLoop.java:707)
	at io.netty.channel.nio.NioEventLoop.processSelectedKeysOptimized(NioEventLoop.java:655)
	at io.netty.channel.nio.NioEventLoop.processSelectedKeys(NioEventLoop.java:581)
	at io.netty.channel.nio.NioEventLoop.run(NioEventLoop.java:493)
	at io.netty.util.concurrent.SingleThreadEventExecutor$4.run(SingleThreadEventExecutor.java:989)
	at io.netty.util.internal.ThreadExecutorMap$2.run(ThreadExecutorMap.java:74)
	at io.netty.util.concurrent.FastThreadLocalRunnable.run(FastThreadLocalRunnable.java:30)
	at java.base/java.lang.Thread.run(Thread.java:829)
2026-02-24 03:05:26.615 - [WARN ] - esl
org.freeswitch.esl.client.inbound.InboundConnectionException: Could not connect to /61.158.166.45:8021
	at org.freeswitch.esl.client.inbound.Client.connect(Client.java:134)
	at cn.psycall.ccmgt.util.FreeSwitchManage.monitor(FreeSwitchManage.java:86)
	at cn.psycall.ccmgt.util.FreeSwitchManage.run(FreeSwitchManage.java:42)
Caused by: io.netty.channel.AbstractChannel$AnnotatedConnectException: Connection refused: /61.158.166.45:8021
Caused by: java.net.ConnectException: Connection refused
	at java.base/sun.nio.ch.SocketChannelImpl.checkConnect(Native Method)
	at java.base/sun.nio.ch.SocketChannelImpl.finishConnect(SocketChannelImpl.java:777)
	at io.netty.channel.socket.nio.NioSocketChannel.doFinishConnect(NioSocketChannel.java:330)
	at io.netty.channel.nio.AbstractNioChannel$AbstractNioUnsafe.finishConnect(AbstractNioChannel.java:334)
	at io.netty.channel.nio.NioEventLoop.processSelectedKey(NioEventLoop.java:707)
	at io.netty.channel.nio.NioEventLoop.processSelectedKeysOptimized(NioEventLoop.java:655)
	at io.netty.channel.nio.NioEventLoop.processSelectedKeys(NioEventLoop.java:581)
	at io.netty.channel.nio.NioEventLoop.run(NioEventLoop.java:493)
	at io.netty.util.concurrent.SingleThreadEventExecutor$4.run(SingleThreadEventExecutor.java:989)
	at io.netty.util.internal.ThreadExecutorMap$2.run(ThreadExecutorMap.java:74)
	at io.netty.util.concurrent.FastThreadLocalRunnable.run(FastThreadLocalRunnable.java:30)
	at java.base/java.lang.Thread.run(Thread.java:829)
2026-02-24 03:05:27.990 - [WARN ] - esl
org.freeswitch.esl.client.inbound.InboundConnectionException: Could not connect to /61.158.166.45:8021
	at org.freeswitch.esl.client.inbound.Client.connect(Client.java:134)
	at cn.psycall.ccmgt.util.FreeSwitchManage.monitor(FreeSwitchManage.java:86)
	at cn.psycall.ccmgt.util.FreeSwitchManage.run(FreeSwitchManage.java:42)
Caused by: io.netty.channel.AbstractChannel$AnnotatedConnectException: Connection refused: /61.158.166.45:8021
Caused by: java.net.ConnectException: Connection refused
	at java.base/sun.nio.ch.SocketChannelImpl.checkConnect(Native Method)
	at java.base/sun.nio.ch.SocketChannelImpl.finishConnect(SocketChannelImpl.java:777)
	at io.netty.channel.socket.nio.NioSocketChannel.doFinishConnect(NioSocketChannel.java:330)
	at io.netty.channel.nio.AbstractNioChannel$AbstractNioUnsafe.finishConnect(AbstractNioChannel.java:334)
	at io.netty.channel.nio.NioEventLoop.processSelectedKey(NioEventLoop.java:707)
	at io.netty.channel.nio.NioEventLoop.processSelectedKeysOptimized(NioEventLoop.java:655)
	at io.netty.channel.nio.NioEventLoop.processSelectedKeys(NioEventLoop.java:581)
	at io.netty.channel.nio.NioEventLoop.run(NioEventLoop.java:493)
	at io.netty.util.concurrent.SingleThreadEventExecutor$4.run(SingleThreadEventExecutor.java:989)
	at io.netty.util.internal.ThreadExecutorMap$2.run(ThreadExecutorMap.java:74)
	at io.netty.util.concurrent.FastThreadLocalRunnable.run(FastThreadLocalRunnable.java:30)
	at java.base/java.lang.Thread.run(Thread.java:829)
2026-02-24 03:05:29.360 - [WARN ] - esl
org.freeswitch.esl.client.inbound.InboundConnectionException: Could not connect to /61.158.166.45:8021
	at org.freeswitch.esl.client.inbound.Client.connect(Client.java:134)
	at cn.psycall.ccmgt.util.FreeSwitchManage.monitor(FreeSwitchManage.java:86)
	at cn.psycall.ccmgt.util.FreeSwitchManage.run(FreeSwitchManage.java:42)
Caused by: io.netty.channel.AbstractChannel$AnnotatedConnectException: Connection refused: /61.158.166.45:8021
Caused by: java.net.ConnectException: Connection refused
	at java.base/sun.nio.ch.SocketChannelImpl.checkConnect(Native Method)
	at java.base/sun.nio.ch.SocketChannelImpl.finishConnect(SocketChannelImpl.java:777)
	at io.netty.channel.socket.nio.NioSocketChannel.doFinishConnect(NioSocketChannel.java:330)
	at io.netty.channel.nio.AbstractNioChannel$AbstractNioUnsafe.finishConnect(AbstractNioChannel.java:334)
	at io.netty.channel.nio.NioEventLoop.processSelectedKey(NioEventLoop.java:707)
	at io.netty.channel.nio.NioEventLoop.processSelectedKeysOptimized(NioEventLoop.java:655)
	at io.netty.channel.nio.NioEventLoop.processSelectedKeys(NioEventLoop.java:581)
	at io.netty.channel.nio.NioEventLoop.run(NioEventLoop.java:493)
	at io.netty.util.concurrent.SingleThreadEventExecutor$4.run(SingleThreadEventExecutor.java:989)
	at io.netty.util.internal.ThreadExecutorMap$2.run(ThreadExecutorMap.java:74)
	at io.netty.util.concurrent.FastThreadLocalRunnable.run(FastThreadLocalRunnable.java:30)
	at java.base/java.lang.Thread.run(Thread.java:829)
2026-02-24 03:05:30.727 - [WARN ] - esl
org.freeswitch.esl.client.inbound.InboundConnectionException: Could not connect to /61.158.166.45:8021
	at org.freeswitch.esl.client.inbound.Client.connect(Client.java:134)
	at cn.psycall.ccmgt.util.FreeSwitchManage.monitor(FreeSwitchManage.java:86)
	at cn.psycall.ccmgt.util.FreeSwitchManage.run(FreeSwitchManage.java:42)
Caused by: io.netty.channel.AbstractChannel$AnnotatedConnectException: Connection refused: /61.158.166.45:8021
Caused by: java.net.ConnectException: Connection refused
	at java.base/sun.nio.ch.SocketChannelImpl.checkConnect(Native Method)
	at java.base/sun.nio.ch.SocketChannelImpl.finishConnect(SocketChannelImpl.java:777)
	at io.netty.channel.socket.nio.NioSocketChannel.doFinishConnect(NioSocketChannel.java:330)
	at io.netty.channel.nio.AbstractNioChannel$AbstractNioUnsafe.finishConnect(AbstractNioChannel.java:334)
	at io.netty.channel.nio.NioEventLoop.processSelectedKey(NioEventLoop.java:707)
	at io.netty.channel.nio.NioEventLoop.processSelectedKeysOptimized(NioEventLoop.java:655)
	at io.netty.channel.nio.NioEventLoop.processSelectedKeys(NioEventLoop.java:581)
	at io.netty.channel.nio.NioEventLoop.run(NioEventLoop.java:493)
	at io.netty.util.concurrent.SingleThreadEventExecutor$4.run(SingleThreadEventExecutor.java:989)
	at io.netty.util.internal.ThreadExecutorMap$2.run(ThreadExecutorMap.java:74)
	at io.netty.util.concurrent.FastThreadLocalRunnable.run(FastThreadLocalRunnable.java:30)
	at java.base/java.lang.Thread.run(Thread.java:829)
2026-02-24 03:05:32.096 - [WARN ] - esl
org.freeswitch.esl.client.inbound.InboundConnectionException: Could not connect to /61.158.166.45:8021
	at org.freeswitch.esl.client.inbound.Client.connect(Client.java:134)
	at cn.psycall.ccmgt.util.FreeSwitchManage.monitor(FreeSwitchManage.java:86)
	at cn.psycall.ccmgt.util.FreeSwitchManage.run(FreeSwitchManage.java:42)
Caused by: io.netty.channel.AbstractChannel$AnnotatedConnectException: Connection refused: /61.158.166.45:8021
Caused by: java.net.ConnectException: Connection refused
	at java.base/sun.nio.ch.SocketChannelImpl.checkConnect(Native Method)
	at java.base/sun.nio.ch.SocketChannelImpl.finishConnect(SocketChannelImpl.java:777)
	at io.netty.channel.socket.nio.NioSocketChannel.doFinishConnect(NioSocketChannel.java:330)
	at io.netty.channel.nio.AbstractNioChannel$AbstractNioUnsafe.finishConnect(AbstractNioChannel.java:334)
	at io.netty.channel.nio.NioEventLoop.processSelectedKey(NioEventLoop.java:707)
	at io.netty.channel.nio.NioEventLoop.processSelectedKeysOptimized(NioEventLoop.java:655)
	at io.netty.channel.nio.NioEventLoop.processSelectedKeys(NioEventLoop.java:581)
	at io.netty.channel.nio.NioEventLoop.run(NioEventLoop.java:493)
	at io.netty.util.concurrent.SingleThreadEventExecutor$4.run(SingleThreadEventExecutor.java:989)
	at io.netty.util.internal.ThreadExecutorMap$2.run(ThreadExecutorMap.java:74)
	at io.netty.util.concurrent.FastThreadLocalRunnable.run(FastThreadLocalRunnable.java:30)
	at java.base/java.lang.Thread.run(Thread.java:829)
2026-02-24 03:05:33.464 - [WARN ] - esl
org.freeswitch.esl.client.inbound.InboundConnectionException: Could not connect to /61.158.166.45:8021
	at org.freeswitch.esl.client.inbound.Client.connect(Client.java:134)
	at cn.psycall.ccmgt.util.FreeSwitchManage.monitor(FreeSwitchManage.java:86)
	at cn.psycall.ccmgt.util.FreeSwitchManage.run(FreeSwitchManage.java:42)
Caused by: io.netty.channel.AbstractChannel$AnnotatedConnectException: Connection refused: /61.158.166.45:8021
Caused by: java.net.ConnectException: Connection refused
	at java.base/sun.nio.ch.SocketChannelImpl.checkConnect(Native Method)
	at java.base/sun.nio.ch.SocketChannelImpl.finishConnect(SocketChannelImpl.java:777)
	at io.netty.channel.socket.nio.NioSocketChannel.doFinishConnect(NioSocketChannel.java:330)
	at io.netty.channel.nio.AbstractNioChannel$AbstractNioUnsafe.finishConnect(AbstractNioChannel.java:334)
	at io.netty.channel.nio.NioEventLoop.processSelectedKey(NioEventLoop.java:707)
	at io.netty.channel.nio.NioEventLoop.processSelectedKeysOptimized(NioEventLoop.java:655)
	at io.netty.channel.nio.NioEventLoop.processSelectedKeys(NioEventLoop.java:581)
	at io.netty.channel.nio.NioEventLoop.run(NioEventLoop.java:493)
	at io.netty.util.concurrent.SingleThreadEventExecutor$4.run(SingleThreadEventExecutor.java:989)
	at io.netty.util.internal.ThreadExecutorMap$2.run(ThreadExecutorMap.java:74)
	at io.netty.util.concurrent.FastThreadLocalRunnable.run(FastThreadLocalRunnable.java:30)
	at java.base/java.lang.Thread.run(Thread.java:829)
2026-02-24 03:05:35.023 - [INFO ] - internal->61.158.166.44:5060
2026-02-24 03:05:35.023 - [INFO ] - ESL Client connected ..(61.158.166.44:8021[8017ad90-ce56-4f72-b4a2-f5bd3409f824])
2026-02-24 03:05:35.734 - [INFO ] - internal_sip_port->5060
2026-02-24 03:05:35.734 - [INFO ] - external_sip_port->5080
2026-02-24 03:05:41.307 - [INFO ] - fs[8017ad90-ce56-4f72-b4a2-f5bd3409f824] CallThread start
2026-02-24 03:05:41.385 - [WARN ] - esl
org.freeswitch.esl.client.inbound.InboundConnectionException: Could not connect to /61.158.166.45:8021
	at org.freeswitch.esl.client.inbound.Client.connect(Client.java:134)
	at cn.psycall.ccmgt.util.FreeSwitchManage.monitor(FreeSwitchManage.java:86)
	at cn.psycall.ccmgt.util.FreeSwitchManage.run(FreeSwitchManage.java:42)
Caused by: io.netty.channel.AbstractChannel$AnnotatedConnectException: Connection refused: /61.158.166.45:8021
Caused by: java.net.ConnectException: Connection refused
	at java.base/sun.nio.ch.SocketChannelImpl.checkConnect(Native Method)
	at java.base/sun.nio.ch.SocketChannelImpl.finishConnect(SocketChannelImpl.java:777)
	at io.netty.channel.socket.nio.NioSocketChannel.doFinishConnect(NioSocketChannel.java:330)
	at io.netty.channel.nio.AbstractNioChannel$AbstractNioUnsafe.finishConnect(AbstractNioChannel.java:334)
	at io.netty.channel.nio.NioEventLoop.processSelectedKey(NioEventLoop.java:707)
	at io.netty.channel.nio.NioEventLoop.processSelectedKeysOptimized(NioEventLoop.java:655)
	at io.netty.channel.nio.NioEventLoop.processSelectedKeys(NioEventLoop.java:581)
	at io.netty.channel.nio.NioEventLoop.run(NioEventLoop.java:493)
	at io.netty.util.concurrent.SingleThreadEventExecutor$4.run(SingleThreadEventExecutor.java:989)
	at io.netty.util.internal.ThreadExecutorMap$2.run(ThreadExecutorMap.java:74)
	at io.netty.util.concurrent.FastThreadLocalRunnable.run(FastThreadLocalRunnable.java:30)
	at java.base/java.lang.Thread.run(Thread.java:829)
2026-02-24 03:05:42.470 - [WARN ] - esl
org.freeswitch.esl.client.inbound.InboundConnectionException: Could not connect to /61.158.166.45:8021
	at org.freeswitch.esl.client.inbound.Client.connect(Client.java:134)
	at cn.psycall.ccmgt.util.FreeSwitchManage.monitor(FreeSwitchManage.java:86)
	at cn.psycall.ccmgt.util.FreeSwitchManage.run(FreeSwitchManage.java:42)
Caused by: io.netty.channel.AbstractChannel$AnnotatedConnectException: Connection refused: /61.158.166.45:8021
Caused by: java.net.ConnectException: Connection refused
	at java.base/sun.nio.ch.SocketChannelImpl.checkConnect(Native Method)
	at java.base/sun.nio.ch.SocketChannelImpl.finishConnect(SocketChannelImpl.java:777)
	at io.netty.channel.socket.nio.NioSocketChannel.doFinishConnect(NioSocketChannel.java:330)
	at io.netty.channel.nio.AbstractNioChannel$AbstractNioUnsafe.finishConnect(AbstractNioChannel.java:334)
	at io.netty.channel.nio.NioEventLoop.processSelectedKey(NioEventLoop.java:707)
	at io.netty.channel.nio.NioEventLoop.processSelectedKeysOptimized(NioEventLoop.java:655)
	at io.netty.channel.nio.NioEventLoop.processSelectedKeys(NioEventLoop.java:581)
	at io.netty.channel.nio.NioEventLoop.run(NioEventLoop.java:493)
	at io.netty.util.concurrent.SingleThreadEventExecutor$4.run(SingleThreadEventExecutor.java:989)
	at io.netty.util.internal.ThreadExecutorMap$2.run(ThreadExecutorMap.java:74)
	at io.netty.util.concurrent.FastThreadLocalRunnable.run(FastThreadLocalRunnable.java:30)
	at java.base/java.lang.Thread.run(Thread.java:829)
2026-02-24 03:05:43.552 - [WARN ] - esl
org.freeswitch.esl.client.inbound.InboundConnectionException: Could not connect to /61.158.166.45:8021
	at org.freeswitch.esl.client.inbound.Client.connect(Client.java:134)
	at cn.psycall.ccmgt.util.FreeSwitchManage.monitor(FreeSwitchManage.java:86)
	at cn.psycall.ccmgt.util.FreeSwitchManage.run(FreeSwitchManage.java:42)
Caused by: io.netty.channel.AbstractChannel$AnnotatedConnectException: Connection refused: /61.158.166.45:8021
Caused by: java.net.ConnectException: Connection refused
	at java.base/sun.nio.ch.SocketChannelImpl.checkConnect(Native Method)
	at java.base/sun.nio.ch.SocketChannelImpl.finishConnect(SocketChannelImpl.java:777)
	at io.netty.channel.socket.nio.NioSocketChannel.doFinishConnect(NioSocketChannel.java:330)
	at io.netty.channel.nio.AbstractNioChannel$AbstractNioUnsafe.finishConnect(AbstractNioChannel.java:334)
	at io.netty.channel.nio.NioEventLoop.processSelectedKey(NioEventLoop.java:707)
	at io.netty.channel.nio.NioEventLoop.processSelectedKeysOptimized(NioEventLoop.java:655)
	at io.netty.channel.nio.NioEventLoop.processSelectedKeys(NioEventLoop.java:581)
	at io.netty.channel.nio.NioEventLoop.run(NioEventLoop.java:493)
	at io.netty.util.concurrent.SingleThreadEventExecutor$4.run(SingleThreadEventExecutor.java:989)
	at io.netty.util.internal.ThreadExecutorMap$2.run(ThreadExecutorMap.java:74)
	at io.netty.util.concurrent.FastThreadLocalRunnable.run(FastThreadLocalRunnable.java:30)
	at java.base/java.lang.Thread.run(Thread.java:829)
2026-02-24 03:05:44.641 - [WARN ] - esl
org.freeswitch.esl.client.inbound.InboundConnectionException: Could not connect to /61.158.166.45:8021
	at org.freeswitch.esl.client.inbound.Client.connect(Client.java:134)
	at cn.psycall.ccmgt.util.FreeSwitchManage.monitor(FreeSwitchManage.java:86)
	at cn.psycall.ccmgt.util.FreeSwitchManage.run(FreeSwitchManage.java:42)
Caused by: io.netty.channel.AbstractChannel$AnnotatedConnectException: Connection refused: /61.158.166.45:8021
Caused by: java.net.ConnectException: Connection refused
	at java.base/sun.nio.ch.SocketChannelImpl.checkConnect(Native Method)
	at java.base/sun.nio.ch.SocketChannelImpl.finishConnect(SocketChannelImpl.java:777)
	at io.netty.channel.socket.nio.NioSocketChannel.doFinishConnect(NioSocketChannel.java:330)
	at io.netty.channel.nio.AbstractNioChannel$AbstractNioUnsafe.finishConnect(AbstractNioChannel.java:334)
	at io.netty.channel.nio.NioEventLoop.processSelectedKey(NioEventLoop.java:707)
	at io.netty.channel.nio.NioEventLoop.processSelectedKeysOptimized(NioEventLoop.java:655)
	at io.netty.channel.nio.NioEventLoop.processSelectedKeys(NioEventLoop.java:581)
	at io.netty.channel.nio.NioEventLoop.run(NioEventLoop.java:493)
	at io.netty.util.concurrent.SingleThreadEventExecutor$4.run(SingleThreadEventExecutor.java:989)
	at io.netty.util.internal.ThreadExecutorMap$2.run(ThreadExecutorMap.java:74)
	at io.netty.util.concurrent.FastThreadLocalRunnable.run(FastThreadLocalRunnable.java:30)
	at java.base/java.lang.Thread.run(Thread.java:829)
2026-02-24 03:05:45.725 - [WARN ] - esl
org.freeswitch.esl.client.inbound.InboundConnectionException: Could not connect to /61.158.166.45:8021
	at org.freeswitch.esl.client.inbound.Client.connect(Client.java:134)
	at cn.psycall.ccmgt.util.FreeSwitchManage.monitor(FreeSwitchManage.java:86)
	at cn.psycall.ccmgt.util.FreeSwitchManage.run(FreeSwitchManage.java:42)
Caused by: io.netty.channel.AbstractChannel$AnnotatedConnectException: Connection refused: /61.158.166.45:8021
Caused by: java.net.ConnectException: Connection refused
	at java.base/sun.nio.ch.SocketChannelImpl.checkConnect(Native Method)
	at java.base/sun.nio.ch.SocketChannelImpl.finishConnect(SocketChannelImpl.java:777)
	at io.netty.channel.socket.nio.NioSocketChannel.doFinishConnect(NioSocketChannel.java:330)
	at io.netty.channel.nio.AbstractNioChannel$AbstractNioUnsafe.finishConnect(AbstractNioChannel.java:334)
	at io.netty.channel.nio.NioEventLoop.processSelectedKey(NioEventLoop.java:707)
	at io.netty.channel.nio.NioEventLoop.processSelectedKeysOptimized(NioEventLoop.java:655)
	at io.netty.channel.nio.NioEventLoop.processSelectedKeys(NioEventLoop.java:581)
	at io.netty.channel.nio.NioEventLoop.run(NioEventLoop.java:493)
	at io.netty.util.concurrent.SingleThreadEventExecutor$4.run(SingleThreadEventExecutor.java:989)
	at io.netty.util.internal.ThreadExecutorMap$2.run(ThreadExecutorMap.java:74)
	at io.netty.util.concurrent.FastThreadLocalRunnable.run(FastThreadLocalRunnable.java:30)
	at java.base/java.lang.Thread.run(Thread.java:829)
2026-02-24 03:05:46.808 - [WARN ] - esl
org.freeswitch.esl.client.inbound.InboundConnectionException: Could not connect to /61.158.166.45:8021
	at org.freeswitch.esl.client.inbound.Client.connect(Client.java:134)
	at cn.psycall.ccmgt.util.FreeSwitchManage.monitor(FreeSwitchManage.java:86)
	at cn.psycall.ccmgt.util.FreeSwitchManage.run(FreeSwitchManage.java:42)
Caused by: io.netty.channel.AbstractChannel$AnnotatedConnectException: Connection refused: /61.158.166.45:8021
Caused by: java.net.ConnectException: Connection refused
	at java.base/sun.nio.ch.SocketChannelImpl.checkConnect(Native Method)
	at java.base/sun.nio.ch.SocketChannelImpl.finishConnect(SocketChannelImpl.java:777)
	at io.netty.channel.socket.nio.NioSocketChannel.doFinishConnect(NioSocketChannel.java:330)
	at io.netty.channel.nio.AbstractNioChannel$AbstractNioUnsafe.finishConnect(AbstractNioChannel.java:334)
	at io.netty.channel.nio.NioEventLoop.processSelectedKey(NioEventLoop.java:707)
	at io.netty.channel.nio.NioEventLoop.processSelectedKeysOptimized(NioEventLoop.java:655)
	at io.netty.channel.nio.NioEventLoop.processSelectedKeys(NioEventLoop.java:581)
	at io.netty.channel.nio.NioEventLoop.run(NioEventLoop.java:493)
	at io.netty.util.concurrent.SingleThreadEventExecutor$4.run(SingleThreadEventExecutor.java:989)
	at io.netty.util.internal.ThreadExecutorMap$2.run(ThreadExecutorMap.java:74)
	at io.netty.util.concurrent.FastThreadLocalRunnable.run(FastThreadLocalRunnable.java:30)
	at java.base/java.lang.Thread.run(Thread.java:829)
2026-02-24 03:05:47.889 - [WARN ] - esl
org.freeswitch.esl.client.inbound.InboundConnectionException: Could not connect to /61.158.166.45:8021
	at org.freeswitch.esl.client.inbound.Client.connect(Client.java:134)
	at cn.psycall.ccmgt.util.FreeSwitchManage.monitor(FreeSwitchManage.java:86)
	at cn.psycall.ccmgt.util.FreeSwitchManage.run(FreeSwitchManage.java:42)
Caused by: io.netty.channel.AbstractChannel$AnnotatedConnectException: Connection refused: /61.158.166.45:8021
Caused by: java.net.ConnectException: Connection refused
	at java.base/sun.nio.ch.SocketChannelImpl.checkConnect(Native Method)
	at java.base/sun.nio.ch.SocketChannelImpl.finishConnect(SocketChannelImpl.java:777)
	at io.netty.channel.socket.nio.NioSocketChannel.doFinishConnect(NioSocketChannel.java:330)
	at io.netty.channel.nio.AbstractNioChannel$AbstractNioUnsafe.finishConnect(AbstractNioChannel.java:334)
	at io.netty.channel.nio.NioEventLoop.processSelectedKey(NioEventLoop.java:707)
	at io.netty.channel.nio.NioEventLoop.processSelectedKeysOptimized(NioEventLoop.java:655)
	at io.netty.channel.nio.NioEventLoop.processSelectedKeys(NioEventLoop.java:581)
	at io.netty.channel.nio.NioEventLoop.run(NioEventLoop.java:493)
	at io.netty.util.concurrent.SingleThreadEventExecutor$4.run(SingleThreadEventExecutor.java:989)
	at io.netty.util.internal.ThreadExecutorMap$2.run(ThreadExecutorMap.java:74)
	at io.netty.util.concurrent.FastThreadLocalRunnable.run(FastThreadLocalRunnable.java:30)
	at java.base/java.lang.Thread.run(Thread.java:829)
2026-02-24 03:05:48.980 - [WARN ] - esl
org.freeswitch.esl.client.inbound.InboundConnectionException: Could not connect to /61.158.166.45:8021
	at org.freeswitch.esl.client.inbound.Client.connect(Client.java:134)
	at cn.psycall.ccmgt.util.FreeSwitchManage.monitor(FreeSwitchManage.java:86)
	at cn.psycall.ccmgt.util.FreeSwitchManage.run(FreeSwitchManage.java:42)
Caused by: io.netty.channel.AbstractChannel$AnnotatedConnectException: Connection refused: /61.158.166.45:8021
Caused by: java.net.ConnectException: Connection refused
	at java.base/sun.nio.ch.SocketChannelImpl.checkConnect(Native Method)
	at java.base/sun.nio.ch.SocketChannelImpl.finishConnect(SocketChannelImpl.java:777)
	at io.netty.channel.socket.nio.NioSocketChannel.doFinishConnect(NioSocketChannel.java:330)
	at io.netty.channel.nio.AbstractNioChannel$AbstractNioUnsafe.finishConnect(AbstractNioChannel.java:334)
	at io.netty.channel.nio.NioEventLoop.processSelectedKey(NioEventLoop.java:707)
	at io.netty.channel.nio.NioEventLoop.processSelectedKeysOptimized(NioEventLoop.java:655)
	at io.netty.channel.nio.NioEventLoop.processSelectedKeys(NioEventLoop.java:581)
	at io.netty.channel.nio.NioEventLoop.run(NioEventLoop.java:493)
	at io.netty.util.concurrent.SingleThreadEventExecutor$4.run(SingleThreadEventExecutor.java:989)
	at io.netty.util.internal.ThreadExecutorMap$2.run(ThreadExecutorMap.java:74)
	at io.netty.util.concurrent.FastThreadLocalRunnable.run(FastThreadLocalRunnable.java:30)
	at java.base/java.lang.Thread.run(Thread.java:829)
2026-02-24 03:05:50.069 - [WARN ] - esl
org.freeswitch.esl.client.inbound.InboundConnectionException: Could not connect to /61.158.166.45:8021
	at org.freeswitch.esl.client.inbound.Client.connect(Client.java:134)
	at cn.psycall.ccmgt.util.FreeSwitchManage.monitor(FreeSwitchManage.java:86)
	at cn.psycall.ccmgt.util.FreeSwitchManage.run(FreeSwitchManage.java:42)
Caused by: io.netty.channel.AbstractChannel$AnnotatedConnectException: Connection refused: /61.158.166.45:8021
Caused by: java.net.ConnectException: Connection refused
	at java.base/sun.nio.ch.SocketChannelImpl.checkConnect(Native Method)
	at java.base/sun.nio.ch.SocketChannelImpl.finishConnect(SocketChannelImpl.java:777)
	at io.netty.channel.socket.nio.NioSocketChannel.doFinishConnect(NioSocketChannel.java:330)
	at io.netty.channel.nio.AbstractNioChannel$AbstractNioUnsafe.finishConnect(AbstractNioChannel.java:334)
	at io.netty.channel.nio.NioEventLoop.processSelectedKey(NioEventLoop.java:707)
	at io.netty.channel.nio.NioEventLoop.processSelectedKeysOptimized(NioEventLoop.java:655)
	at io.netty.channel.nio.NioEventLoop.processSelectedKeys(NioEventLoop.java:581)
	at io.netty.channel.nio.NioEventLoop.run(NioEventLoop.java:493)
	at io.netty.util.concurrent.SingleThreadEventExecutor$4.run(SingleThreadEventExecutor.java:989)
	at io.netty.util.internal.ThreadExecutorMap$2.run(ThreadExecutorMap.java:74)
	at io.netty.util.concurrent.FastThreadLocalRunnable.run(FastThreadLocalRunnable.java:30)
	at java.base/java.lang.Thread.run(Thread.java:829)
2026-02-24 03:05:50.077 - [INFO ] - ESL Client Disconnect ..(61.158.166.46:8021)
2026-02-24 03:05:51.470 - [WARN ] - esl
org.freeswitch.esl.client.inbound.InboundConnectionException: Could not connect to /61.158.166.45:8021
	at org.freeswitch.esl.client.inbound.Client.connect(Client.java:134)
	at cn.psycall.ccmgt.util.FreeSwitchManage.monitor(FreeSwitchManage.java:86)
	at cn.psycall.ccmgt.util.FreeSwitchManage.run(FreeSwitchManage.java:42)
Caused by: io.netty.channel.AbstractChannel$AnnotatedConnectException: Connection refused: /61.158.166.45:8021
Caused by: java.net.ConnectException: Connection refused
	at java.base/sun.nio.ch.SocketChannelImpl.checkConnect(Native Method)
	at java.base/sun.nio.ch.SocketChannelImpl.finishConnect(SocketChannelImpl.java:777)
	at io.netty.channel.socket.nio.NioSocketChannel.doFinishConnect(NioSocketChannel.java:330)
	at io.netty.channel.nio.AbstractNioChannel$AbstractNioUnsafe.finishConnect(AbstractNioChannel.java:334)
	at io.netty.channel.nio.NioEventLoop.processSelectedKey(NioEventLoop.java:707)
	at io.netty.channel.nio.NioEventLoop.processSelectedKeysOptimized(NioEventLoop.java:655)
	at io.netty.channel.nio.NioEventLoop.processSelectedKeys(NioEventLoop.java:581)
	at io.netty.channel.nio.NioEventLoop.run(NioEventLoop.java:493)
	at io.netty.util.concurrent.SingleThreadEventExecutor$4.run(SingleThreadEventExecutor.java:989)
	at io.netty.util.internal.ThreadExecutorMap$2.run(ThreadExecutorMap.java:74)
	at io.netty.util.concurrent.FastThreadLocalRunnable.run(FastThreadLocalRunnable.java:30)
	at java.base/java.lang.Thread.run(Thread.java:829)
2026-02-24 03:05:51.535 - [WARN ] - esl
org.freeswitch.esl.client.inbound.InboundConnectionException: Could not connect to /61.158.166.46:8021
	at org.freeswitch.esl.client.inbound.Client.connect(Client.java:134)
	at cn.psycall.ccmgt.util.FreeSwitchManage.monitor(FreeSwitchManage.java:86)
	at cn.psycall.ccmgt.util.FreeSwitchManage.run(FreeSwitchManage.java:42)
Caused by: io.netty.channel.AbstractChannel$AnnotatedConnectException: Connection refused: /61.158.166.46:8021
Caused by: java.net.ConnectException: Connection refused
	at java.base/sun.nio.ch.SocketChannelImpl.checkConnect(Native Method)
	at java.base/sun.nio.ch.SocketChannelImpl.finishConnect(SocketChannelImpl.java:777)
	at io.netty.channel.socket.nio.NioSocketChannel.doFinishConnect(NioSocketChannel.java:330)
	at io.netty.channel.nio.AbstractNioChannel$AbstractNioUnsafe.finishConnect(AbstractNioChannel.java:334)
	at io.netty.channel.nio.NioEventLoop.processSelectedKey(NioEventLoop.java:707)
	at io.netty.channel.nio.NioEventLoop.processSelectedKeysOptimized(NioEventLoop.java:655)
	at io.netty.channel.nio.NioEventLoop.processSelectedKeys(NioEventLoop.java:581)
	at io.netty.channel.nio.NioEventLoop.run(NioEventLoop.java:493)
	at io.netty.util.concurrent.SingleThreadEventExecutor$4.run(SingleThreadEventExecutor.java:989)
	at io.netty.util.internal.ThreadExecutorMap$2.run(ThreadExecutorMap.java:74)
	at io.netty.util.concurrent.FastThreadLocalRunnable.run(FastThreadLocalRunnable.java:30)
	at java.base/java.lang.Thread.run(Thread.java:829)
2026-02-24 03:05:52.606 - [WARN ] - esl
org.freeswitch.esl.client.inbound.InboundConnectionException: Could not connect to /61.158.166.45:8021
	at org.freeswitch.esl.client.inbound.Client.connect(Client.java:134)
	at cn.psycall.ccmgt.util.FreeSwitchManage.monitor(FreeSwitchManage.java:86)
	at cn.psycall.ccmgt.util.FreeSwitchManage.run(FreeSwitchManage.java:42)
Caused by: io.netty.channel.AbstractChannel$AnnotatedConnectException: Connection refused: /61.158.166.45:8021
Caused by: java.net.ConnectException: Connection refused
	at java.base/sun.nio.ch.SocketChannelImpl.checkConnect(Native Method)
	at java.base/sun.nio.ch.SocketChannelImpl.finishConnect(SocketChannelImpl.java:777)
	at io.netty.channel.socket.nio.NioSocketChannel.doFinishConnect(NioSocketChannel.java:330)
	at io.netty.channel.nio.AbstractNioChannel$AbstractNioUnsafe.finishConnect(AbstractNioChannel.java:334)
	at io.netty.channel.nio.NioEventLoop.processSelectedKey(NioEventLoop.java:707)
	at io.netty.channel.nio.NioEventLoop.processSelectedKeysOptimized(NioEventLoop.java:655)
	at io.netty.channel.nio.NioEventLoop.processSelectedKeys(NioEventLoop.java:581)
	at io.netty.channel.nio.NioEventLoop.run(NioEventLoop.java:493)
	at io.netty.util.concurrent.SingleThreadEventExecutor$4.run(SingleThreadEventExecutor.java:989)
	at io.netty.util.internal.ThreadExecutorMap$2.run(ThreadExecutorMap.java:74)
	at io.netty.util.concurrent.FastThreadLocalRunnable.run(FastThreadLocalRunnable.java:30)
	at java.base/java.lang.Thread.run(Thread.java:829)
2026-02-24 03:05:52.681 - [WARN ] - esl
org.freeswitch.esl.client.inbound.InboundConnectionException: Could not connect to /61.158.166.46:8021
	at org.freeswitch.esl.client.inbound.Client.connect(Client.java:134)
	at cn.psycall.ccmgt.util.FreeSwitchManage.monitor(FreeSwitchManage.java:86)
	at cn.psycall.ccmgt.util.FreeSwitchManage.run(FreeSwitchManage.java:42)
Caused by: io.netty.channel.AbstractChannel$AnnotatedConnectException: Connection refused: /61.158.166.46:8021
Caused by: java.net.ConnectException: Connection refused
	at java.base/sun.nio.ch.SocketChannelImpl.checkConnect(Native Method)
	at java.base/sun.nio.ch.SocketChannelImpl.finishConnect(SocketChannelImpl.java:777)
	at io.netty.channel.socket.nio.NioSocketChannel.doFinishConnect(NioSocketChannel.java:330)
	at io.netty.channel.nio.AbstractNioChannel$AbstractNioUnsafe.finishConnect(AbstractNioChannel.java:334)
	at io.netty.channel.nio.NioEventLoop.processSelectedKey(NioEventLoop.java:707)
	at io.netty.channel.nio.NioEventLoop.processSelectedKeysOptimized(NioEventLoop.java:655)
	at io.netty.channel.nio.NioEventLoop.processSelectedKeys(NioEventLoop.java:581)
	at io.netty.channel.nio.NioEventLoop.run(NioEventLoop.java:493)
	at io.netty.util.concurrent.SingleThreadEventExecutor$4.run(SingleThreadEventExecutor.java:989)
	at io.netty.util.internal.ThreadExecutorMap$2.run(ThreadExecutorMap.java:74)
	at io.netty.util.concurrent.FastThreadLocalRunnable.run(FastThreadLocalRunnable.java:30)
	at java.base/java.lang.Thread.run(Thread.java:829)
2026-02-24 03:05:53.800 - [WARN ] - esl
org.freeswitch.esl.client.inbound.InboundConnectionException: Could not connect to /61.158.166.45:8021
	at org.freeswitch.esl.client.inbound.Client.connect(Client.java:134)
	at cn.psycall.ccmgt.util.FreeSwitchManage.monitor(FreeSwitchManage.java:86)
	at cn.psycall.ccmgt.util.FreeSwitchManage.run(FreeSwitchManage.java:42)
Caused by: io.netty.channel.AbstractChannel$AnnotatedConnectException: Connection refused: /61.158.166.45:8021
Caused by: java.net.ConnectException: Connection refused
	at java.base/sun.nio.ch.SocketChannelImpl.checkConnect(Native Method)
	at java.base/sun.nio.ch.SocketChannelImpl.finishConnect(SocketChannelImpl.java:777)
	at io.netty.channel.socket.nio.NioSocketChannel.doFinishConnect(NioSocketChannel.java:330)
	at io.netty.channel.nio.AbstractNioChannel$AbstractNioUnsafe.finishConnect(AbstractNioChannel.java:334)
	at io.netty.channel.nio.NioEventLoop.processSelectedKey(NioEventLoop.java:707)
	at io.netty.channel.nio.NioEventLoop.processSelectedKeysOptimized(NioEventLoop.java:655)
	at io.netty.channel.nio.NioEventLoop.processSelectedKeys(NioEventLoop.java:581)
	at io.netty.channel.nio.NioEventLoop.run(NioEventLoop.java:493)
	at io.netty.util.concurrent.SingleThreadEventExecutor$4.run(SingleThreadEventExecutor.java:989)
	at io.netty.util.internal.ThreadExecutorMap$2.run(ThreadExecutorMap.java:74)
	at io.netty.util.concurrent.FastThreadLocalRunnable.run(FastThreadLocalRunnable.java:30)
	at java.base/java.lang.Thread.run(Thread.java:829)
2026-02-24 03:05:53.888 - [WARN ] - esl
org.freeswitch.esl.client.inbound.InboundConnectionException: Could not connect to /61.158.166.46:8021
	at org.freeswitch.esl.client.inbound.Client.connect(Client.java:134)
	at cn.psycall.ccmgt.util.FreeSwitchManage.monitor(FreeSwitchManage.java:86)
	at cn.psycall.ccmgt.util.FreeSwitchManage.run(FreeSwitchManage.java:42)
Caused by: io.netty.channel.AbstractChannel$AnnotatedConnectException: Connection refused: /61.158.166.46:8021
Caused by: java.net.ConnectException: Connection refused
	at java.base/sun.nio.ch.SocketChannelImpl.checkConnect(Native Method)
	at java.base/sun.nio.ch.SocketChannelImpl.finishConnect(SocketChannelImpl.java:777)
	at io.netty.channel.socket.nio.NioSocketChannel.doFinishConnect(NioSocketChannel.java:330)
	at io.netty.channel.nio.AbstractNioChannel$AbstractNioUnsafe.finishConnect(AbstractNioChannel.java:334)
	at io.netty.channel.nio.NioEventLoop.processSelectedKey(NioEventLoop.java:707)
	at io.netty.channel.nio.NioEventLoop.processSelectedKeysOptimized(NioEventLoop.java:655)
	at io.netty.channel.nio.NioEventLoop.processSelectedKeys(NioEventLoop.java:581)
	at io.netty.channel.nio.NioEventLoop.run(NioEventLoop.java:493)
	at io.netty.util.concurrent.SingleThreadEventExecutor$4.run(SingleThreadEventExecutor.java:989)
	at io.netty.util.internal.ThreadExecutorMap$2.run(ThreadExecutorMap.java:74)
	at io.netty.util.concurrent.FastThreadLocalRunnable.run(FastThreadLocalRunnable.java:30)
	at java.base/java.lang.Thread.run(Thread.java:829)
2026-02-24 03:05:54.977 - [WARN ] - esl
org.freeswitch.esl.client.inbound.InboundConnectionException: Could not connect to /61.158.166.45:8021
	at org.freeswitch.esl.client.inbound.Client.connect(Client.java:134)
	at cn.psycall.ccmgt.util.FreeSwitchManage.monitor(FreeSwitchManage.java:86)
	at cn.psycall.ccmgt.util.FreeSwitchManage.run(FreeSwitchManage.java:42)
Caused by: io.netty.channel.AbstractChannel$AnnotatedConnectException: Connection refused: /61.158.166.45:8021
Caused by: java.net.ConnectException: Connection refused
	at java.base/sun.nio.ch.SocketChannelImpl.checkConnect(Native Method)
	at java.base/sun.nio.ch.SocketChannelImpl.finishConnect(SocketChannelImpl.java:777)
	at io.netty.channel.socket.nio.NioSocketChannel.doFinishConnect(NioSocketChannel.java:330)
	at io.netty.channel.nio.AbstractNioChannel$AbstractNioUnsafe.finishConnect(AbstractNioChannel.java:334)
	at io.netty.channel.nio.NioEventLoop.processSelectedKey(NioEventLoop.java:707)
	at io.netty.channel.nio.NioEventLoop.processSelectedKeysOptimized(NioEventLoop.java:655)
	at io.netty.channel.nio.NioEventLoop.processSelectedKeys(NioEventLoop.java:581)
	at io.netty.channel.nio.NioEventLoop.run(NioEventLoop.java:493)
	at io.netty.util.concurrent.SingleThreadEventExecutor$4.run(SingleThreadEventExecutor.java:989)
	at io.netty.util.internal.ThreadExecutorMap$2.run(ThreadExecutorMap.java:74)
	at io.netty.util.concurrent.FastThreadLocalRunnable.run(FastThreadLocalRunnable.java:30)
	at java.base/java.lang.Thread.run(Thread.java:829)
2026-02-24 03:05:55.066 - [WARN ] - esl
org.freeswitch.esl.client.inbound.InboundConnectionException: Could not connect to /61.158.166.46:8021
	at org.freeswitch.esl.client.inbound.Client.connect(Client.java:134)
	at cn.psycall.ccmgt.util.FreeSwitchManage.monitor(FreeSwitchManage.java:86)
	at cn.psycall.ccmgt.util.FreeSwitchManage.run(FreeSwitchManage.java:42)
Caused by: io.netty.channel.AbstractChannel$AnnotatedConnectException: Connection refused: /61.158.166.46:8021
Caused by: java.net.ConnectException: Connection refused
	at java.base/sun.nio.ch.SocketChannelImpl.checkConnect(Native Method)
	at java.base/sun.nio.ch.SocketChannelImpl.finishConnect(SocketChannelImpl.java:777)
	at io.netty.channel.socket.nio.NioSocketChannel.doFinishConnect(NioSocketChannel.java:330)
	at io.netty.channel.nio.AbstractNioChannel$AbstractNioUnsafe.finishConnect(AbstractNioChannel.java:334)
	at io.netty.channel.nio.NioEventLoop.processSelectedKey(NioEventLoop.java:707)
	at io.netty.channel.nio.NioEventLoop.processSelectedKeysOptimized(NioEventLoop.java:655)
	at io.netty.channel.nio.NioEventLoop.processSelectedKeys(NioEventLoop.java:581)
	at io.netty.channel.nio.NioEventLoop.run(NioEventLoop.java:493)
	at io.netty.util.concurrent.SingleThreadEventExecutor$4.run(SingleThreadEventExecutor.java:989)
	at io.netty.util.internal.ThreadExecutorMap$2.run(ThreadExecutorMap.java:74)
	at io.netty.util.concurrent.FastThreadLocalRunnable.run(FastThreadLocalRunnable.java:30)
	at java.base/java.lang.Thread.run(Thread.java:829)
2026-02-24 03:05:56.154 - [WARN ] - esl
org.freeswitch.esl.client.inbound.InboundConnectionException: Could not connect to /61.158.166.45:8021
	at org.freeswitch.esl.client.inbound.Client.connect(Client.java:134)
	at cn.psycall.ccmgt.util.FreeSwitchManage.monitor(FreeSwitchManage.java:86)
	at cn.psycall.ccmgt.util.FreeSwitchManage.run(FreeSwitchManage.java:42)
Caused by: io.netty.channel.AbstractChannel$AnnotatedConnectException: Connection refused: /61.158.166.45:8021
Caused by: java.net.ConnectException: Connection refused
	at java.base/sun.nio.ch.SocketChannelImpl.checkConnect(Native Method)
	at java.base/sun.nio.ch.SocketChannelImpl.finishConnect(SocketChannelImpl.java:777)
	at io.netty.channel.socket.nio.NioSocketChannel.doFinishConnect(NioSocketChannel.java:330)
	at io.netty.channel.nio.AbstractNioChannel$AbstractNioUnsafe.finishConnect(AbstractNioChannel.java:334)
	at io.netty.channel.nio.NioEventLoop.processSelectedKey(NioEventLoop.java:707)
	at io.netty.channel.nio.NioEventLoop.processSelectedKeysOptimized(NioEventLoop.java:655)
	at io.netty.channel.nio.NioEventLoop.processSelectedKeys(NioEventLoop.java:581)
	at io.netty.channel.nio.NioEventLoop.run(NioEventLoop.java:493)
	at io.netty.util.concurrent.SingleThreadEventExecutor$4.run(SingleThreadEventExecutor.java:989)
	at io.netty.util.internal.ThreadExecutorMap$2.run(ThreadExecutorMap.java:74)
	at io.netty.util.concurrent.FastThreadLocalRunnable.run(FastThreadLocalRunnable.java:30)
	at java.base/java.lang.Thread.run(Thread.java:829)
2026-02-24 03:05:56.246 - [WARN ] - esl
org.freeswitch.esl.client.inbound.InboundConnectionException: Could not connect to /61.158.166.46:8021
	at org.freeswitch.esl.client.inbound.Client.connect(Client.java:134)
	at cn.psycall.ccmgt.util.FreeSwitchManage.monitor(FreeSwitchManage.java:86)
	at cn.psycall.ccmgt.util.FreeSwitchManage.run(FreeSwitchManage.java:42)
Caused by: io.netty.channel.AbstractChannel$AnnotatedConnectException: Connection refused: /61.158.166.46:8021
Caused by: java.net.ConnectException: Connection refused
	at java.base/sun.nio.ch.SocketChannelImpl.checkConnect(Native Method)
	at java.base/sun.nio.ch.SocketChannelImpl.finishConnect(SocketChannelImpl.java:777)
	at io.netty.channel.socket.nio.NioSocketChannel.doFinishConnect(NioSocketChannel.java:330)
	at io.netty.channel.nio.AbstractNioChannel$AbstractNioUnsafe.finishConnect(AbstractNioChannel.java:334)
	at io.netty.channel.nio.NioEventLoop.processSelectedKey(NioEventLoop.java:707)
	at io.netty.channel.nio.NioEventLoop.processSelectedKeysOptimized(NioEventLoop.java:655)
	at io.netty.channel.nio.NioEventLoop.processSelectedKeys(NioEventLoop.java:581)
	at io.netty.channel.nio.NioEventLoop.run(NioEventLoop.java:493)
	at io.netty.util.concurrent.SingleThreadEventExecutor$4.run(SingleThreadEventExecutor.java:989)
	at io.netty.util.internal.ThreadExecutorMap$2.run(ThreadExecutorMap.java:74)
	at io.netty.util.concurrent.FastThreadLocalRunnable.run(FastThreadLocalRunnable.java:30)
	at java.base/java.lang.Thread.run(Thread.java:829)
2026-02-24 03:05:57.329 - [WARN ] - esl
org.freeswitch.esl.client.inbound.InboundConnectionException: Could not connect to /61.158.166.45:8021
	at org.freeswitch.esl.client.inbound.Client.connect(Client.java:134)
	at cn.psycall.ccmgt.util.FreeSwitchManage.monitor(FreeSwitchManage.java:86)
	at cn.psycall.ccmgt.util.FreeSwitchManage.run(FreeSwitchManage.java:42)
Caused by: io.netty.channel.AbstractChannel$AnnotatedConnectException: Connection refused: /61.158.166.45:8021
Caused by: java.net.ConnectException: Connection refused
	at java.base/sun.nio.ch.SocketChannelImpl.checkConnect(Native Method)
	at java.base/sun.nio.ch.SocketChannelImpl.finishConnect(SocketChannelImpl.java:777)
	at io.netty.channel.socket.nio.NioSocketChannel.doFinishConnect(NioSocketChannel.java:330)
	at io.netty.channel.nio.AbstractNioChannel$AbstractNioUnsafe.finishConnect(AbstractNioChannel.java:334)
	at io.netty.channel.nio.NioEventLoop.processSelectedKey(NioEventLoop.java:707)
	at io.netty.channel.nio.NioEventLoop.processSelectedKeysOptimized(NioEventLoop.java:655)
	at io.netty.channel.nio.NioEventLoop.processSelectedKeys(NioEventLoop.java:581)
	at io.netty.channel.nio.NioEventLoop.run(NioEventLoop.java:493)
	at io.netty.util.concurrent.SingleThreadEventExecutor$4.run(SingleThreadEventExecutor.java:989)
	at io.netty.util.internal.ThreadExecutorMap$2.run(ThreadExecutorMap.java:74)
	at io.netty.util.concurrent.FastThreadLocalRunnable.run(FastThreadLocalRunnable.java:30)
	at java.base/java.lang.Thread.run(Thread.java:829)
2026-02-24 03:05:57.413 - [WARN ] - esl
org.freeswitch.esl.client.inbound.InboundConnectionException: Could not connect to /61.158.166.46:8021
	at org.freeswitch.esl.client.inbound.Client.connect(Client.java:134)
	at cn.psycall.ccmgt.util.FreeSwitchManage.monitor(FreeSwitchManage.java:86)
	at cn.psycall.ccmgt.util.FreeSwitchManage.run(FreeSwitchManage.java:42)
Caused by: io.netty.channel.AbstractChannel$AnnotatedConnectException: Connection refused: /61.158.166.46:8021
Caused by: java.net.ConnectException: Connection refused
	at java.base/sun.nio.ch.SocketChannelImpl.checkConnect(Native Method)
	at java.base/sun.nio.ch.SocketChannelImpl.finishConnect(SocketChannelImpl.java:777)
	at io.netty.channel.socket.nio.NioSocketChannel.doFinishConnect(NioSocketChannel.java:330)
	at io.netty.channel.nio.AbstractNioChannel$AbstractNioUnsafe.finishConnect(AbstractNioChannel.java:334)
	at io.netty.channel.nio.NioEventLoop.processSelectedKey(NioEventLoop.java:707)
	at io.netty.channel.nio.NioEventLoop.processSelectedKeysOptimized(NioEventLoop.java:655)
	at io.netty.channel.nio.NioEventLoop.processSelectedKeys(NioEventLoop.java:581)
	at io.netty.channel.nio.NioEventLoop.run(NioEventLoop.java:493)
	at io.netty.util.concurrent.SingleThreadEventExecutor$4.run(SingleThreadEventExecutor.java:989)
	at io.netty.util.internal.ThreadExecutorMap$2.run(ThreadExecutorMap.java:74)
	at io.netty.util.concurrent.FastThreadLocalRunnable.run(FastThreadLocalRunnable.java:30)
	at java.base/java.lang.Thread.run(Thread.java:829)
2026-02-24 03:05:58.496 - [WARN ] - esl
org.freeswitch.esl.client.inbound.InboundConnectionException: Could not connect to /61.158.166.45:8021
	at org.freeswitch.esl.client.inbound.Client.connect(Client.java:134)
	at cn.psycall.ccmgt.util.FreeSwitchManage.monitor(FreeSwitchManage.java:86)
	at cn.psycall.ccmgt.util.FreeSwitchManage.run(FreeSwitchManage.java:42)
Caused by: io.netty.channel.AbstractChannel$AnnotatedConnectException: Connection refused: /61.158.166.45:8021
Caused by: java.net.ConnectException: Connection refused
	at java.base/sun.nio.ch.SocketChannelImpl.checkConnect(Native Method)
	at java.base/sun.nio.ch.SocketChannelImpl.finishConnect(SocketChannelImpl.java:777)
	at io.netty.channel.socket.nio.NioSocketChannel.doFinishConnect(NioSocketChannel.java:330)
	at io.netty.channel.nio.AbstractNioChannel$AbstractNioUnsafe.finishConnect(AbstractNioChannel.java:334)
	at io.netty.channel.nio.NioEventLoop.processSelectedKey(NioEventLoop.java:707)
	at io.netty.channel.nio.NioEventLoop.processSelectedKeysOptimized(NioEventLoop.java:655)
	at io.netty.channel.nio.NioEventLoop.processSelectedKeys(NioEventLoop.java:581)
	at io.netty.channel.nio.NioEventLoop.run(NioEventLoop.java:493)
	at io.netty.util.concurrent.SingleThreadEventExecutor$4.run(SingleThreadEventExecutor.java:989)
	at io.netty.util.internal.ThreadExecutorMap$2.run(ThreadExecutorMap.java:74)
	at io.netty.util.concurrent.FastThreadLocalRunnable.run(FastThreadLocalRunnable.java:30)
	at java.base/java.lang.Thread.run(Thread.java:829)
2026-02-24 03:05:58.585 - [WARN ] - esl
org.freeswitch.esl.client.inbound.InboundConnectionException: Could not connect to /61.158.166.46:8021
	at org.freeswitch.esl.client.inbound.Client.connect(Client.java:134)
	at cn.psycall.ccmgt.util.FreeSwitchManage.monitor(FreeSwitchManage.java:86)
	at cn.psycall.ccmgt.util.FreeSwitchManage.run(FreeSwitchManage.java:42)
Caused by: io.netty.channel.AbstractChannel$AnnotatedConnectException: Connection refused: /61.158.166.46:8021
Caused by: java.net.ConnectException: Connection refused
	at java.base/sun.nio.ch.SocketChannelImpl.checkConnect(Native Method)
	at java.base/sun.nio.ch.SocketChannelImpl.finishConnect(SocketChannelImpl.java:777)
	at io.netty.channel.socket.nio.NioSocketChannel.doFinishConnect(NioSocketChannel.java:330)
	at io.netty.channel.nio.AbstractNioChannel$AbstractNioUnsafe.finishConnect(AbstractNioChannel.java:334)
	at io.netty.channel.nio.NioEventLoop.processSelectedKey(NioEventLoop.java:707)
	at io.netty.channel.nio.NioEventLoop.processSelectedKeysOptimized(NioEventLoop.java:655)
	at io.netty.channel.nio.NioEventLoop.processSelectedKeys(NioEventLoop.java:581)
	at io.netty.channel.nio.NioEventLoop.run(NioEventLoop.java:493)
	at io.netty.util.concurrent.SingleThreadEventExecutor$4.run(SingleThreadEventExecutor.java:989)
	at io.netty.util.internal.ThreadExecutorMap$2.run(ThreadExecutorMap.java:74)
	at io.netty.util.concurrent.FastThreadLocalRunnable.run(FastThreadLocalRunnable.java:30)
	at java.base/java.lang.Thread.run(Thread.java:829)
2026-02-24 03:05:59.666 - [WARN ] - esl
org.freeswitch.esl.client.inbound.InboundConnectionException: Could not connect to /61.158.166.45:8021
	at org.freeswitch.esl.client.inbound.Client.connect(Client.java:134)
	at cn.psycall.ccmgt.util.FreeSwitchManage.monitor(FreeSwitchManage.java:86)
	at cn.psycall.ccmgt.util.FreeSwitchManage.run(FreeSwitchManage.java:42)
Caused by: io.netty.channel.AbstractChannel$AnnotatedConnectException: Connection refused: /61.158.166.45:8021
Caused by: java.net.ConnectException: Connection refused
	at java.base/sun.nio.ch.SocketChannelImpl.checkConnect(Native Method)
	at java.base/sun.nio.ch.SocketChannelImpl.finishConnect(SocketChannelImpl.java:777)
	at io.netty.channel.socket.nio.NioSocketChannel.doFinishConnect(NioSocketChannel.java:330)
	at io.netty.channel.nio.AbstractNioChannel$AbstractNioUnsafe.finishConnect(AbstractNioChannel.java:334)
	at io.netty.channel.nio.NioEventLoop.processSelectedKey(NioEventLoop.java:707)
	at io.netty.channel.nio.NioEventLoop.processSelectedKeysOptimized(NioEventLoop.java:655)
	at io.netty.channel.nio.NioEventLoop.processSelectedKeys(NioEventLoop.java:581)
	at io.netty.channel.nio.NioEventLoop.run(NioEventLoop.java:493)
	at io.netty.util.concurrent.SingleThreadEventExecutor$4.run(SingleThreadEventExecutor.java:989)
	at io.netty.util.internal.ThreadExecutorMap$2.run(ThreadExecutorMap.java:74)
	at io.netty.util.concurrent.FastThreadLocalRunnable.run(FastThreadLocalRunnable.java:30)
	at java.base/java.lang.Thread.run(Thread.java:829)
2026-02-24 03:05:59.751 - [WARN ] - esl
org.freeswitch.esl.client.inbound.InboundConnectionException: Could not connect to /61.158.166.46:8021
	at org.freeswitch.esl.client.inbound.Client.connect(Client.java:134)
	at cn.psycall.ccmgt.util.FreeSwitchManage.monitor(FreeSwitchManage.java:86)
	at cn.psycall.ccmgt.util.FreeSwitchManage.run(FreeSwitchManage.java:42)
Caused by: io.netty.channel.AbstractChannel$AnnotatedConnectException: Connection refused: /61.158.166.46:8021
Caused by: java.net.ConnectException: Connection refused
	at java.base/sun.nio.ch.SocketChannelImpl.checkConnect(Native Method)
	at java.base/sun.nio.ch.SocketChannelImpl.finishConnect(SocketChannelImpl.java:777)
	at io.netty.channel.socket.nio.NioSocketChannel.doFinishConnect(NioSocketChannel.java:330)
	at io.netty.channel.nio.AbstractNioChannel$AbstractNioUnsafe.finishConnect(AbstractNioChannel.java:334)
	at io.netty.channel.nio.NioEventLoop.processSelectedKey(NioEventLoop.java:707)
	at io.netty.channel.nio.NioEventLoop.processSelectedKeysOptimized(NioEventLoop.java:655)
	at io.netty.channel.nio.NioEventLoop.processSelectedKeys(NioEventLoop.java:581)
	at io.netty.channel.nio.NioEventLoop.run(NioEventLoop.java:493)
	at io.netty.util.concurrent.SingleThreadEventExecutor$4.run(SingleThreadEventExecutor.java:989)
	at io.netty.util.internal.ThreadExecutorMap$2.run(ThreadExecutorMap.java:74)
	at io.netty.util.concurrent.FastThreadLocalRunnable.run(FastThreadLocalRunnable.java:30)
	at java.base/java.lang.Thread.run(Thread.java:829)
2026-02-24 03:06:00.836 - [WARN ] - esl
org.freeswitch.esl.client.inbound.InboundConnectionException: Could not connect to /61.158.166.45:8021
	at org.freeswitch.esl.client.inbound.Client.connect(Client.java:134)
	at cn.psycall.ccmgt.util.FreeSwitchManage.monitor(FreeSwitchManage.java:86)
	at cn.psycall.ccmgt.util.FreeSwitchManage.run(FreeSwitchManage.java:42)
Caused by: io.netty.channel.AbstractChannel$AnnotatedConnectException: Connection refused: /61.158.166.45:8021
Caused by: java.net.ConnectException: Connection refused
	at java.base/sun.nio.ch.SocketChannelImpl.checkConnect(Native Method)
	at java.base/sun.nio.ch.SocketChannelImpl.finishConnect(SocketChannelImpl.java:777)
	at io.netty.channel.socket.nio.NioSocketChannel.doFinishConnect(NioSocketChannel.java:330)
	at io.netty.channel.nio.AbstractNioChannel$AbstractNioUnsafe.finishConnect(AbstractNioChannel.java:334)
	at io.netty.channel.nio.NioEventLoop.processSelectedKey(NioEventLoop.java:707)
	at io.netty.channel.nio.NioEventLoop.processSelectedKeysOptimized(NioEventLoop.java:655)
	at io.netty.channel.nio.NioEventLoop.processSelectedKeys(NioEventLoop.java:581)
	at io.netty.channel.nio.NioEventLoop.run(NioEventLoop.java:493)
	at io.netty.util.concurrent.SingleThreadEventExecutor$4.run(SingleThreadEventExecutor.java:989)
	at io.netty.util.internal.ThreadExecutorMap$2.run(ThreadExecutorMap.java:74)
	at io.netty.util.concurrent.FastThreadLocalRunnable.run(FastThreadLocalRunnable.java:30)
	at java.base/java.lang.Thread.run(Thread.java:829)
2026-02-24 03:06:00.915 - [WARN ] - esl
org.freeswitch.esl.client.inbound.InboundConnectionException: Could not connect to /61.158.166.46:8021
	at org.freeswitch.esl.client.inbound.Client.connect(Client.java:134)
	at cn.psycall.ccmgt.util.FreeSwitchManage.monitor(FreeSwitchManage.java:86)
	at cn.psycall.ccmgt.util.FreeSwitchManage.run(FreeSwitchManage.java:42)
Caused by: io.netty.channel.AbstractChannel$AnnotatedConnectException: Connection refused: /61.158.166.46:8021
Caused by: java.net.ConnectException: Connection refused
	at java.base/sun.nio.ch.SocketChannelImpl.checkConnect(Native Method)
	at java.base/sun.nio.ch.SocketChannelImpl.finishConnect(SocketChannelImpl.java:777)
	at io.netty.channel.socket.nio.NioSocketChannel.doFinishConnect(NioSocketChannel.java:330)
	at io.netty.channel.nio.AbstractNioChannel$AbstractNioUnsafe.finishConnect(AbstractNioChannel.java:334)
	at io.netty.channel.nio.NioEventLoop.processSelectedKey(NioEventLoop.java:707)
	at io.netty.channel.nio.NioEventLoop.processSelectedKeysOptimized(NioEventLoop.java:655)
	at io.netty.channel.nio.NioEventLoop.processSelectedKeys(NioEventLoop.java:581)
	at io.netty.channel.nio.NioEventLoop.run(NioEventLoop.java:493)
	at io.netty.util.concurrent.SingleThreadEventExecutor$4.run(SingleThreadEventExecutor.java:989)
	at io.netty.util.internal.ThreadExecutorMap$2.run(ThreadExecutorMap.java:74)
	at io.netty.util.concurrent.FastThreadLocalRunnable.run(FastThreadLocalRunnable.java:30)
	at java.base/java.lang.Thread.run(Thread.java:829)
2026-02-24 03:06:01.979 - [WARN ] - esl
org.freeswitch.esl.client.inbound.InboundConnectionException: Could not connect to /61.158.166.45:8021
	at org.freeswitch.esl.client.inbound.Client.connect(Client.java:134)
	at cn.psycall.ccmgt.util.FreeSwitchManage.monitor(FreeSwitchManage.java:86)
	at cn.psycall.ccmgt.util.FreeSwitchManage.run(FreeSwitchManage.java:42)
Caused by: io.netty.channel.AbstractChannel$AnnotatedConnectException: Connection refused: /61.158.166.45:8021
Caused by: java.net.ConnectException: Connection refused
	at java.base/sun.nio.ch.SocketChannelImpl.checkConnect(Native Method)
	at java.base/sun.nio.ch.SocketChannelImpl.finishConnect(SocketChannelImpl.java:777)
	at io.netty.channel.socket.nio.NioSocketChannel.doFinishConnect(NioSocketChannel.java:330)
	at io.netty.channel.nio.AbstractNioChannel$AbstractNioUnsafe.finishConnect(AbstractNioChannel.java:334)
	at io.netty.channel.nio.NioEventLoop.processSelectedKey(NioEventLoop.java:707)
	at io.netty.channel.nio.NioEventLoop.processSelectedKeysOptimized(NioEventLoop.java:655)
	at io.netty.channel.nio.NioEventLoop.processSelectedKeys(NioEventLoop.java:581)
	at io.netty.channel.nio.NioEventLoop.run(NioEventLoop.java:493)
	at io.netty.util.concurrent.SingleThreadEventExecutor$4.run(SingleThreadEventExecutor.java:989)
	at io.netty.util.internal.ThreadExecutorMap$2.run(ThreadExecutorMap.java:74)
	at io.netty.util.concurrent.FastThreadLocalRunnable.run(FastThreadLocalRunnable.java:30)
	at java.base/java.lang.Thread.run(Thread.java:829)
2026-02-24 03:06:02.044 - [WARN ] - esl
org.freeswitch.esl.client.inbound.InboundConnectionException: Could not connect to /61.158.166.46:8021
	at org.freeswitch.esl.client.inbound.Client.connect(Client.java:134)
	at cn.psycall.ccmgt.util.FreeSwitchManage.monitor(FreeSwitchManage.java:86)
	at cn.psycall.ccmgt.util.FreeSwitchManage.run(FreeSwitchManage.java:42)
Caused by: io.netty.channel.AbstractChannel$AnnotatedConnectException: Connection refused: /61.158.166.46:8021
Caused by: java.net.ConnectException: Connection refused
	at java.base/sun.nio.ch.SocketChannelImpl.checkConnect(Native Method)
	at java.base/sun.nio.ch.SocketChannelImpl.finishConnect(SocketChannelImpl.java:777)
	at io.netty.channel.socket.nio.NioSocketChannel.doFinishConnect(NioSocketChannel.java:330)
	at io.netty.channel.nio.AbstractNioChannel$AbstractNioUnsafe.finishConnect(AbstractNioChannel.java:334)
	at io.netty.channel.nio.NioEventLoop.processSelectedKey(NioEventLoop.java:707)
	at io.netty.channel.nio.NioEventLoop.processSelectedKeysOptimized(NioEventLoop.java:655)
	at io.netty.channel.nio.NioEventLoop.processSelectedKeys(NioEventLoop.java:581)
	at io.netty.channel.nio.NioEventLoop.run(NioEventLoop.java:493)
	at io.netty.util.concurrent.SingleThreadEventExecutor$4.run(SingleThreadEventExecutor.java:989)
	at io.netty.util.internal.ThreadExecutorMap$2.run(ThreadExecutorMap.java:74)
	at io.netty.util.concurrent.FastThreadLocalRunnable.run(FastThreadLocalRunnable.java:30)
	at java.base/java.lang.Thread.run(Thread.java:829)
2026-02-24 03:06:03.132 - [WARN ] - esl
org.freeswitch.esl.client.inbound.InboundConnectionException: Could not connect to /61.158.166.45:8021
	at org.freeswitch.esl.client.inbound.Client.connect(Client.java:134)
	at cn.psycall.ccmgt.util.FreeSwitchManage.monitor(FreeSwitchManage.java:86)
	at cn.psycall.ccmgt.util.FreeSwitchManage.run(FreeSwitchManage.java:42)
Caused by: io.netty.channel.AbstractChannel$AnnotatedConnectException: Connection refused: /61.158.166.45:8021
Caused by: java.net.ConnectException: Connection refused
	at java.base/sun.nio.ch.SocketChannelImpl.checkConnect(Native Method)
	at java.base/sun.nio.ch.SocketChannelImpl.finishConnect(SocketChannelImpl.java:777)
	at io.netty.channel.socket.nio.NioSocketChannel.doFinishConnect(NioSocketChannel.java:330)
	at io.netty.channel.nio.AbstractNioChannel$AbstractNioUnsafe.finishConnect(AbstractNioChannel.java:334)
	at io.netty.channel.nio.NioEventLoop.processSelectedKey(NioEventLoop.java:707)
	at io.netty.channel.nio.NioEventLoop.processSelectedKeysOptimized(NioEventLoop.java:655)
	at io.netty.channel.nio.NioEventLoop.processSelectedKeys(NioEventLoop.java:581)
	at io.netty.channel.nio.NioEventLoop.run(NioEventLoop.java:493)
	at io.netty.util.concurrent.SingleThreadEventExecutor$4.run(SingleThreadEventExecutor.java:989)
	at io.netty.util.internal.ThreadExecutorMap$2.run(ThreadExecutorMap.java:74)
	at io.netty.util.concurrent.FastThreadLocalRunnable.run(FastThreadLocalRunnable.java:30)
	at java.base/java.lang.Thread.run(Thread.java:829)
2026-02-24 03:06:03.220 - [WARN ] - esl
org.freeswitch.esl.client.inbound.InboundConnectionException: Could not connect to /61.158.166.46:8021
	at org.freeswitch.esl.client.inbound.Client.connect(Client.java:134)
	at cn.psycall.ccmgt.util.FreeSwitchManage.monitor(FreeSwitchManage.java:86)
	at cn.psycall.ccmgt.util.FreeSwitchManage.run(FreeSwitchManage.java:42)
Caused by: io.netty.channel.AbstractChannel$AnnotatedConnectException: Connection refused: /61.158.166.46:8021
Caused by: java.net.ConnectException: Connection refused
	at java.base/sun.nio.ch.SocketChannelImpl.checkConnect(Native Method)
	at java.base/sun.nio.ch.SocketChannelImpl.finishConnect(SocketChannelImpl.java:777)
	at io.netty.channel.socket.nio.NioSocketChannel.doFinishConnect(NioSocketChannel.java:330)
	at io.netty.channel.nio.AbstractNioChannel$AbstractNioUnsafe.finishConnect(AbstractNioChannel.java:334)
	at io.netty.channel.nio.NioEventLoop.processSelectedKey(NioEventLoop.java:707)
	at io.netty.channel.nio.NioEventLoop.processSelectedKeysOptimized(NioEventLoop.java:655)
	at io.netty.channel.nio.NioEventLoop.processSelectedKeys(NioEventLoop.java:581)
	at io.netty.channel.nio.NioEventLoop.run(NioEventLoop.java:493)
	at io.netty.util.concurrent.SingleThreadEventExecutor$4.run(SingleThreadEventExecutor.java:989)
	at io.netty.util.internal.ThreadExecutorMap$2.run(ThreadExecutorMap.java:74)
	at io.netty.util.concurrent.FastThreadLocalRunnable.run(FastThreadLocalRunnable.java:30)
	at java.base/java.lang.Thread.run(Thread.java:829)
2026-02-24 03:06:04.312 - [WARN ] - esl
org.freeswitch.esl.client.inbound.InboundConnectionException: Could not connect to /61.158.166.45:8021
	at org.freeswitch.esl.client.inbound.Client.connect(Client.java:134)
	at cn.psycall.ccmgt.util.FreeSwitchManage.monitor(FreeSwitchManage.java:86)
	at cn.psycall.ccmgt.util.FreeSwitchManage.run(FreeSwitchManage.java:42)
Caused by: io.netty.channel.AbstractChannel$AnnotatedConnectException: Connection refused: /61.158.166.45:8021
Caused by: java.net.ConnectException: Connection refused
	at java.base/sun.nio.ch.SocketChannelImpl.checkConnect(Native Method)
	at java.base/sun.nio.ch.SocketChannelImpl.finishConnect(SocketChannelImpl.java:777)
	at io.netty.channel.socket.nio.NioSocketChannel.doFinishConnect(NioSocketChannel.java:330)
	at io.netty.channel.nio.AbstractNioChannel$AbstractNioUnsafe.finishConnect(AbstractNioChannel.java:334)
	at io.netty.channel.nio.NioEventLoop.processSelectedKey(NioEventLoop.java:707)
	at io.netty.channel.nio.NioEventLoop.processSelectedKeysOptimized(NioEventLoop.java:655)
	at io.netty.channel.nio.NioEventLoop.processSelectedKeys(NioEventLoop.java:581)
	at io.netty.channel.nio.NioEventLoop.run(NioEventLoop.java:493)
	at io.netty.util.concurrent.SingleThreadEventExecutor$4.run(SingleThreadEventExecutor.java:989)
	at io.netty.util.internal.ThreadExecutorMap$2.run(ThreadExecutorMap.java:74)
	at io.netty.util.concurrent.FastThreadLocalRunnable.run(FastThreadLocalRunnable.java:30)
	at java.base/java.lang.Thread.run(Thread.java:829)
2026-02-24 03:06:04.373 - [WARN ] - esl
org.freeswitch.esl.client.inbound.InboundConnectionException: Could not connect to /61.158.166.46:8021
	at org.freeswitch.esl.client.inbound.Client.connect(Client.java:134)
	at cn.psycall.ccmgt.util.FreeSwitchManage.monitor(FreeSwitchManage.java:86)
	at cn.psycall.ccmgt.util.FreeSwitchManage.run(FreeSwitchManage.java:42)
Caused by: io.netty.channel.AbstractChannel$AnnotatedConnectException: Connection refused: /61.158.166.46:8021
Caused by: java.net.ConnectException: Connection refused
	at java.base/sun.nio.ch.SocketChannelImpl.checkConnect(Native Method)
	at java.base/sun.nio.ch.SocketChannelImpl.finishConnect(SocketChannelImpl.java:777)
	at io.netty.channel.socket.nio.NioSocketChannel.doFinishConnect(NioSocketChannel.java:330)
	at io.netty.channel.nio.AbstractNioChannel$AbstractNioUnsafe.finishConnect(AbstractNioChannel.java:334)
	at io.netty.channel.nio.NioEventLoop.processSelectedKey(NioEventLoop.java:707)
	at io.netty.channel.nio.NioEventLoop.processSelectedKeysOptimized(NioEventLoop.java:655)
	at io.netty.channel.nio.NioEventLoop.processSelectedKeys(NioEventLoop.java:581)
	at io.netty.channel.nio.NioEventLoop.run(NioEventLoop.java:493)
	at io.netty.util.concurrent.SingleThreadEventExecutor$4.run(SingleThreadEventExecutor.java:989)
	at io.netty.util.internal.ThreadExecutorMap$2.run(ThreadExecutorMap.java:74)
	at io.netty.util.concurrent.FastThreadLocalRunnable.run(FastThreadLocalRunnable.java:30)
	at java.base/java.lang.Thread.run(Thread.java:829)
2026-02-24 03:06:05.447 - [WARN ] - esl
org.freeswitch.esl.client.inbound.InboundConnectionException: Could not connect to /61.158.166.45:8021
	at org.freeswitch.esl.client.inbound.Client.connect(Client.java:134)
	at cn.psycall.ccmgt.util.FreeSwitchManage.monitor(FreeSwitchManage.java:86)
	at cn.psycall.ccmgt.util.FreeSwitchManage.run(FreeSwitchManage.java:42)
Caused by: io.netty.channel.AbstractChannel$AnnotatedConnectException: Connection refused: /61.158.166.45:8021
Caused by: java.net.ConnectException: Connection refused
	at java.base/sun.nio.ch.SocketChannelImpl.checkConnect(Native Method)
	at java.base/sun.nio.ch.SocketChannelImpl.finishConnect(SocketChannelImpl.java:777)
	at io.netty.channel.socket.nio.NioSocketChannel.doFinishConnect(NioSocketChannel.java:330)
	at io.netty.channel.nio.AbstractNioChannel$AbstractNioUnsafe.finishConnect(AbstractNioChannel.java:334)
	at io.netty.channel.nio.NioEventLoop.processSelectedKey(NioEventLoop.java:707)
	at io.netty.channel.nio.NioEventLoop.processSelectedKeysOptimized(NioEventLoop.java:655)
	at io.netty.channel.nio.NioEventLoop.processSelectedKeys(NioEventLoop.java:581)
	at io.netty.channel.nio.NioEventLoop.run(NioEventLoop.java:493)
	at io.netty.util.concurrent.SingleThreadEventExecutor$4.run(SingleThreadEventExecutor.java:989)
	at io.netty.util.internal.ThreadExecutorMap$2.run(ThreadExecutorMap.java:74)
	at io.netty.util.concurrent.FastThreadLocalRunnable.run(FastThreadLocalRunnable.java:30)
	at java.base/java.lang.Thread.run(Thread.java:829)
2026-02-24 03:06:05.543 - [WARN ] - esl
org.freeswitch.esl.client.inbound.InboundConnectionException: Could not connect to /61.158.166.46:8021
	at org.freeswitch.esl.client.inbound.Client.connect(Client.java:134)
	at cn.psycall.ccmgt.util.FreeSwitchManage.monitor(FreeSwitchManage.java:86)
	at cn.psycall.ccmgt.util.FreeSwitchManage.run(FreeSwitchManage.java:42)
Caused by: io.netty.channel.AbstractChannel$AnnotatedConnectException: Connection refused: /61.158.166.46:8021
Caused by: java.net.ConnectException: Connection refused
	at java.base/sun.nio.ch.SocketChannelImpl.checkConnect(Native Method)
	at java.base/sun.nio.ch.SocketChannelImpl.finishConnect(SocketChannelImpl.java:777)
	at io.netty.channel.socket.nio.NioSocketChannel.doFinishConnect(NioSocketChannel.java:330)
	at io.netty.channel.nio.AbstractNioChannel$AbstractNioUnsafe.finishConnect(AbstractNioChannel.java:334)
	at io.netty.channel.nio.NioEventLoop.processSelectedKey(NioEventLoop.java:707)
	at io.netty.channel.nio.NioEventLoop.processSelectedKeysOptimized(NioEventLoop.java:655)
	at io.netty.channel.nio.NioEventLoop.processSelectedKeys(NioEventLoop.java:581)
	at io.netty.channel.nio.NioEventLoop.run(NioEventLoop.java:493)
	at io.netty.util.concurrent.SingleThreadEventExecutor$4.run(SingleThreadEventExecutor.java:989)
	at io.netty.util.internal.ThreadExecutorMap$2.run(ThreadExecutorMap.java:74)
	at io.netty.util.concurrent.FastThreadLocalRunnable.run(FastThreadLocalRunnable.java:30)
	at java.base/java.lang.Thread.run(Thread.java:829)
2026-02-24 03:06:06.628 - [WARN ] - esl
org.freeswitch.esl.client.inbound.InboundConnectionException: Could not connect to /61.158.166.45:8021
	at org.freeswitch.esl.client.inbound.Client.connect(Client.java:134)
	at cn.psycall.ccmgt.util.FreeSwitchManage.monitor(FreeSwitchManage.java:86)
	at cn.psycall.ccmgt.util.FreeSwitchManage.run(FreeSwitchManage.java:42)
Caused by: io.netty.channel.AbstractChannel$AnnotatedConnectException: Connection refused: /61.158.166.45:8021
Caused by: java.net.ConnectException: Connection refused
	at java.base/sun.nio.ch.SocketChannelImpl.checkConnect(Native Method)
	at java.base/sun.nio.ch.SocketChannelImpl.finishConnect(SocketChannelImpl.java:777)
	at io.netty.channel.socket.nio.NioSocketChannel.doFinishConnect(NioSocketChannel.java:330)
	at io.netty.channel.nio.AbstractNioChannel$AbstractNioUnsafe.finishConnect(AbstractNioChannel.java:334)
	at io.netty.channel.nio.NioEventLoop.processSelectedKey(NioEventLoop.java:707)
	at io.netty.channel.nio.NioEventLoop.processSelectedKeysOptimized(NioEventLoop.java:655)
	at io.netty.channel.nio.NioEventLoop.processSelectedKeys(NioEventLoop.java:581)
	at io.netty.channel.nio.NioEventLoop.run(NioEventLoop.java:493)
	at io.netty.util.concurrent.SingleThreadEventExecutor$4.run(SingleThreadEventExecutor.java:989)
	at io.netty.util.internal.ThreadExecutorMap$2.run(ThreadExecutorMap.java:74)
	at io.netty.util.concurrent.FastThreadLocalRunnable.run(FastThreadLocalRunnable.java:30)
	at java.base/java.lang.Thread.run(Thread.java:829)
2026-02-24 03:06:06.695 - [WARN ] - esl
org.freeswitch.esl.client.inbound.InboundConnectionException: Could not connect to /61.158.166.46:8021
	at org.freeswitch.esl.client.inbound.Client.connect(Client.java:134)
	at cn.psycall.ccmgt.util.FreeSwitchManage.monitor(FreeSwitchManage.java:86)
	at cn.psycall.ccmgt.util.FreeSwitchManage.run(FreeSwitchManage.java:42)
Caused by: io.netty.channel.AbstractChannel$AnnotatedConnectException: Connection refused: /61.158.166.46:8021
Caused by: java.net.ConnectException: Connection refused
	at java.base/sun.nio.ch.SocketChannelImpl.checkConnect(Native Method)
	at java.base/sun.nio.ch.SocketChannelImpl.finishConnect(SocketChannelImpl.java:777)
	at io.netty.channel.socket.nio.NioSocketChannel.doFinishConnect(NioSocketChannel.java:330)
	at io.netty.channel.nio.AbstractNioChannel$AbstractNioUnsafe.finishConnect(AbstractNioChannel.java:334)
	at io.netty.channel.nio.NioEventLoop.processSelectedKey(NioEventLoop.java:707)
	at io.netty.channel.nio.NioEventLoop.processSelectedKeysOptimized(NioEventLoop.java:655)
	at io.netty.channel.nio.NioEventLoop.processSelectedKeys(NioEventLoop.java:581)
	at io.netty.channel.nio.NioEventLoop.run(NioEventLoop.java:493)
	at io.netty.util.concurrent.SingleThreadEventExecutor$4.run(SingleThreadEventExecutor.java:989)
	at io.netty.util.internal.ThreadExecutorMap$2.run(ThreadExecutorMap.java:74)
	at io.netty.util.concurrent.FastThreadLocalRunnable.run(FastThreadLocalRunnable.java:30)
	at java.base/java.lang.Thread.run(Thread.java:829)
2026-02-24 03:06:07.784 - [WARN ] - esl
org.freeswitch.esl.client.inbound.InboundConnectionException: Could not connect to /61.158.166.45:8021
	at org.freeswitch.esl.client.inbound.Client.connect(Client.java:134)
	at cn.psycall.ccmgt.util.FreeSwitchManage.monitor(FreeSwitchManage.java:86)
	at cn.psycall.ccmgt.util.FreeSwitchManage.run(FreeSwitchManage.java:42)
Caused by: io.netty.channel.AbstractChannel$AnnotatedConnectException: Connection refused: /61.158.166.45:8021
Caused by: java.net.ConnectException: Connection refused
	at java.base/sun.nio.ch.SocketChannelImpl.checkConnect(Native Method)
	at java.base/sun.nio.ch.SocketChannelImpl.finishConnect(SocketChannelImpl.java:777)
	at io.netty.channel.socket.nio.NioSocketChannel.doFinishConnect(NioSocketChannel.java:330)
	at io.netty.channel.nio.AbstractNioChannel$AbstractNioUnsafe.finishConnect(AbstractNioChannel.java:334)
	at io.netty.channel.nio.NioEventLoop.processSelectedKey(NioEventLoop.java:707)
	at io.netty.channel.nio.NioEventLoop.processSelectedKeysOptimized(NioEventLoop.java:655)
	at io.netty.channel.nio.NioEventLoop.processSelectedKeys(NioEventLoop.java:581)
	at io.netty.channel.nio.NioEventLoop.run(NioEventLoop.java:493)
	at io.netty.util.concurrent.SingleThreadEventExecutor$4.run(SingleThreadEventExecutor.java:989)
	at io.netty.util.internal.ThreadExecutorMap$2.run(ThreadExecutorMap.java:74)
	at io.netty.util.concurrent.FastThreadLocalRunnable.run(FastThreadLocalRunnable.java:30)
	at java.base/java.lang.Thread.run(Thread.java:829)
2026-02-24 03:06:07.870 - [WARN ] - esl
org.freeswitch.esl.client.inbound.InboundConnectionException: Could not connect to /61.158.166.46:8021
	at org.freeswitch.esl.client.inbound.Client.connect(Client.java:134)
	at cn.psycall.ccmgt.util.FreeSwitchManage.monitor(FreeSwitchManage.java:86)
	at cn.psycall.ccmgt.util.FreeSwitchManage.run(FreeSwitchManage.java:42)
Caused by: io.netty.channel.AbstractChannel$AnnotatedConnectException: Connection refused: /61.158.166.46:8021
Caused by: java.net.ConnectException: Connection refused
	at java.base/sun.nio.ch.SocketChannelImpl.checkConnect(Native Method)
	at java.base/sun.nio.ch.SocketChannelImpl.finishConnect(SocketChannelImpl.java:777)
	at io.netty.channel.socket.nio.NioSocketChannel.doFinishConnect(NioSocketChannel.java:330)
	at io.netty.channel.nio.AbstractNioChannel$AbstractNioUnsafe.finishConnect(AbstractNioChannel.java:334)
	at io.netty.channel.nio.NioEventLoop.processSelectedKey(NioEventLoop.java:707)
	at io.netty.channel.nio.NioEventLoop.processSelectedKeysOptimized(NioEventLoop.java:655)
	at io.netty.channel.nio.NioEventLoop.processSelectedKeys(NioEventLoop.java:581)
	at io.netty.channel.nio.NioEventLoop.run(NioEventLoop.java:493)
	at io.netty.util.concurrent.SingleThreadEventExecutor$4.run(SingleThreadEventExecutor.java:989)
	at io.netty.util.internal.ThreadExecutorMap$2.run(ThreadExecutorMap.java:74)
	at io.netty.util.concurrent.FastThreadLocalRunnable.run(FastThreadLocalRunnable.java:30)
	at java.base/java.lang.Thread.run(Thread.java:829)
2026-02-24 03:06:08.954 - [WARN ] - esl
org.freeswitch.esl.client.inbound.InboundConnectionException: Could not connect to /61.158.166.45:8021
	at org.freeswitch.esl.client.inbound.Client.connect(Client.java:134)
	at cn.psycall.ccmgt.util.FreeSwitchManage.monitor(FreeSwitchManage.java:86)
	at cn.psycall.ccmgt.util.FreeSwitchManage.run(FreeSwitchManage.java:42)
Caused by: io.netty.channel.AbstractChannel$AnnotatedConnectException: Connection refused: /61.158.166.45:8021
Caused by: java.net.ConnectException: Connection refused
	at java.base/sun.nio.ch.SocketChannelImpl.checkConnect(Native Method)
	at java.base/sun.nio.ch.SocketChannelImpl.finishConnect(SocketChannelImpl.java:777)
	at io.netty.channel.socket.nio.NioSocketChannel.doFinishConnect(NioSocketChannel.java:330)
	at io.netty.channel.nio.AbstractNioChannel$AbstractNioUnsafe.finishConnect(AbstractNioChannel.java:334)
	at io.netty.channel.nio.NioEventLoop.processSelectedKey(NioEventLoop.java:707)
	at io.netty.channel.nio.NioEventLoop.processSelectedKeysOptimized(NioEventLoop.java:655)
	at io.netty.channel.nio.NioEventLoop.processSelectedKeys(NioEventLoop.java:581)
	at io.netty.channel.nio.NioEventLoop.run(NioEventLoop.java:493)
	at io.netty.util.concurrent.SingleThreadEventExecutor$4.run(SingleThreadEventExecutor.java:989)
	at io.netty.util.internal.ThreadExecutorMap$2.run(ThreadExecutorMap.java:74)
	at io.netty.util.concurrent.FastThreadLocalRunnable.run(FastThreadLocalRunnable.java:30)
	at java.base/java.lang.Thread.run(Thread.java:829)
2026-02-24 03:06:09.040 - [WARN ] - esl
org.freeswitch.esl.client.inbound.InboundConnectionException: Could not connect to /61.158.166.46:8021
	at org.freeswitch.esl.client.inbound.Client.connect(Client.java:134)
	at cn.psycall.ccmgt.util.FreeSwitchManage.monitor(FreeSwitchManage.java:86)
	at cn.psycall.ccmgt.util.FreeSwitchManage.run(FreeSwitchManage.java:42)
Caused by: io.netty.channel.AbstractChannel$AnnotatedConnectException: Connection refused: /61.158.166.46:8021
Caused by: java.net.ConnectException: Connection refused
	at java.base/sun.nio.ch.SocketChannelImpl.checkConnect(Native Method)
	at java.base/sun.nio.ch.SocketChannelImpl.finishConnect(SocketChannelImpl.java:777)
	at io.netty.channel.socket.nio.NioSocketChannel.doFinishConnect(NioSocketChannel.java:330)
	at io.netty.channel.nio.AbstractNioChannel$AbstractNioUnsafe.finishConnect(AbstractNioChannel.java:334)
	at io.netty.channel.nio.NioEventLoop.processSelectedKey(NioEventLoop.java:707)
	at io.netty.channel.nio.NioEventLoop.processSelectedKeysOptimized(NioEventLoop.java:655)
	at io.netty.channel.nio.NioEventLoop.processSelectedKeys(NioEventLoop.java:581)
	at io.netty.channel.nio.NioEventLoop.run(NioEventLoop.java:493)
	at io.netty.util.concurrent.SingleThreadEventExecutor$4.run(SingleThreadEventExecutor.java:989)
	at io.netty.util.internal.ThreadExecutorMap$2.run(ThreadExecutorMap.java:74)
	at io.netty.util.concurrent.FastThreadLocalRunnable.run(FastThreadLocalRunnable.java:30)
	at java.base/java.lang.Thread.run(Thread.java:829)
2026-02-24 03:06:10.135 - [WARN ] - esl
org.freeswitch.esl.client.inbound.InboundConnectionException: Could not connect to /61.158.166.45:8021
	at org.freeswitch.esl.client.inbound.Client.connect(Client.java:134)
	at cn.psycall.ccmgt.util.FreeSwitchManage.monitor(FreeSwitchManage.java:86)
	at cn.psycall.ccmgt.util.FreeSwitchManage.run(FreeSwitchManage.java:42)
Caused by: io.netty.channel.AbstractChannel$AnnotatedConnectException: Connection refused: /61.158.166.45:8021
Caused by: java.net.ConnectException: Connection refused
	at java.base/sun.nio.ch.SocketChannelImpl.checkConnect(Native Method)
	at java.base/sun.nio.ch.SocketChannelImpl.finishConnect(SocketChannelImpl.java:777)
	at io.netty.channel.socket.nio.NioSocketChannel.doFinishConnect(NioSocketChannel.java:330)
	at io.netty.channel.nio.AbstractNioChannel$AbstractNioUnsafe.finishConnect(AbstractNioChannel.java:334)
	at io.netty.channel.nio.NioEventLoop.processSelectedKey(NioEventLoop.java:707)
	at io.netty.channel.nio.NioEventLoop.processSelectedKeysOptimized(NioEventLoop.java:655)
	at io.netty.channel.nio.NioEventLoop.processSelectedKeys(NioEventLoop.java:581)
	at io.netty.channel.nio.NioEventLoop.run(NioEventLoop.java:493)
	at io.netty.util.concurrent.SingleThreadEventExecutor$4.run(SingleThreadEventExecutor.java:989)
	at io.netty.util.internal.ThreadExecutorMap$2.run(ThreadExecutorMap.java:74)
	at io.netty.util.concurrent.FastThreadLocalRunnable.run(FastThreadLocalRunnable.java:30)
	at java.base/java.lang.Thread.run(Thread.java:829)
2026-02-24 03:06:10.220 - [WARN ] - esl
org.freeswitch.esl.client.inbound.InboundConnectionException: Could not connect to /61.158.166.46:8021
	at org.freeswitch.esl.client.inbound.Client.connect(Client.java:134)
	at cn.psycall.ccmgt.util.FreeSwitchManage.monitor(FreeSwitchManage.java:86)
	at cn.psycall.ccmgt.util.FreeSwitchManage.run(FreeSwitchManage.java:42)
Caused by: io.netty.channel.AbstractChannel$AnnotatedConnectException: Connection refused: /61.158.166.46:8021
Caused by: java.net.ConnectException: Connection refused
	at java.base/sun.nio.ch.SocketChannelImpl.checkConnect(Native Method)
	at java.base/sun.nio.ch.SocketChannelImpl.finishConnect(SocketChannelImpl.java:777)
	at io.netty.channel.socket.nio.NioSocketChannel.doFinishConnect(NioSocketChannel.java:330)
	at io.netty.channel.nio.AbstractNioChannel$AbstractNioUnsafe.finishConnect(AbstractNioChannel.java:334)
	at io.netty.channel.nio.NioEventLoop.processSelectedKey(NioEventLoop.java:707)
	at io.netty.channel.nio.NioEventLoop.processSelectedKeysOptimized(NioEventLoop.java:655)
	at io.netty.channel.nio.NioEventLoop.processSelectedKeys(NioEventLoop.java:581)
	at io.netty.channel.nio.NioEventLoop.run(NioEventLoop.java:493)
	at io.netty.util.concurrent.SingleThreadEventExecutor$4.run(SingleThreadEventExecutor.java:989)
	at io.netty.util.internal.ThreadExecutorMap$2.run(ThreadExecutorMap.java:74)
	at io.netty.util.concurrent.FastThreadLocalRunnable.run(FastThreadLocalRunnable.java:30)
	at java.base/java.lang.Thread.run(Thread.java:829)
2026-02-24 03:06:11.301 - [WARN ] - esl
org.freeswitch.esl.client.inbound.InboundConnectionException: Could not connect to /61.158.166.45:8021
	at org.freeswitch.esl.client.inbound.Client.connect(Client.java:134)
	at cn.psycall.ccmgt.util.FreeSwitchManage.monitor(FreeSwitchManage.java:86)
	at cn.psycall.ccmgt.util.FreeSwitchManage.run(FreeSwitchManage.java:42)
Caused by: io.netty.channel.AbstractChannel$AnnotatedConnectException: Connection refused: /61.158.166.45:8021
Caused by: java.net.ConnectException: Connection refused
	at java.base/sun.nio.ch.SocketChannelImpl.checkConnect(Native Method)
	at java.base/sun.nio.ch.SocketChannelImpl.finishConnect(SocketChannelImpl.java:777)
	at io.netty.channel.socket.nio.NioSocketChannel.doFinishConnect(NioSocketChannel.java:330)
	at io.netty.channel.nio.AbstractNioChannel$AbstractNioUnsafe.finishConnect(AbstractNioChannel.java:334)
	at io.netty.channel.nio.NioEventLoop.processSelectedKey(NioEventLoop.java:707)
	at io.netty.channel.nio.NioEventLoop.processSelectedKeysOptimized(NioEventLoop.java:655)
	at io.netty.channel.nio.NioEventLoop.processSelectedKeys(NioEventLoop.java:581)
	at io.netty.channel.nio.NioEventLoop.run(NioEventLoop.java:493)
	at io.netty.util.concurrent.SingleThreadEventExecutor$4.run(SingleThreadEventExecutor.java:989)
	at io.netty.util.internal.ThreadExecutorMap$2.run(ThreadExecutorMap.java:74)
	at io.netty.util.concurrent.FastThreadLocalRunnable.run(FastThreadLocalRunnable.java:30)
	at java.base/java.lang.Thread.run(Thread.java:829)
2026-02-24 03:06:11.386 - [WARN ] - esl
org.freeswitch.esl.client.inbound.InboundConnectionException: Could not connect to /61.158.166.46:8021
	at org.freeswitch.esl.client.inbound.Client.connect(Client.java:134)
	at cn.psycall.ccmgt.util.FreeSwitchManage.monitor(FreeSwitchManage.java:86)
	at cn.psycall.ccmgt.util.FreeSwitchManage.run(FreeSwitchManage.java:42)
Caused by: io.netty.channel.AbstractChannel$AnnotatedConnectException: Connection refused: /61.158.166.46:8021
Caused by: java.net.ConnectException: Connection refused
	at java.base/sun.nio.ch.SocketChannelImpl.checkConnect(Native Method)
	at java.base/sun.nio.ch.SocketChannelImpl.finishConnect(SocketChannelImpl.java:777)
	at io.netty.channel.socket.nio.NioSocketChannel.doFinishConnect(NioSocketChannel.java:330)
	at io.netty.channel.nio.AbstractNioChannel$AbstractNioUnsafe.finishConnect(AbstractNioChannel.java:334)
	at io.netty.channel.nio.NioEventLoop.processSelectedKey(NioEventLoop.java:707)
	at io.netty.channel.nio.NioEventLoop.processSelectedKeysOptimized(NioEventLoop.java:655)
	at io.netty.channel.nio.NioEventLoop.processSelectedKeys(NioEventLoop.java:581)
	at io.netty.channel.nio.NioEventLoop.run(NioEventLoop.java:493)
	at io.netty.util.concurrent.SingleThreadEventExecutor$4.run(SingleThreadEventExecutor.java:989)
	at io.netty.util.internal.ThreadExecutorMap$2.run(ThreadExecutorMap.java:74)
	at io.netty.util.concurrent.FastThreadLocalRunnable.run(FastThreadLocalRunnable.java:30)
	at java.base/java.lang.Thread.run(Thread.java:829)
2026-02-24 03:06:12.469 - [WARN ] - esl
org.freeswitch.esl.client.inbound.InboundConnectionException: Could not connect to /61.158.166.45:8021
	at org.freeswitch.esl.client.inbound.Client.connect(Client.java:134)
	at cn.psycall.ccmgt.util.FreeSwitchManage.monitor(FreeSwitchManage.java:86)
	at cn.psycall.ccmgt.util.FreeSwitchManage.run(FreeSwitchManage.java:42)
Caused by: io.netty.channel.AbstractChannel$AnnotatedConnectException: Connection refused: /61.158.166.45:8021
Caused by: java.net.ConnectException: Connection refused
	at java.base/sun.nio.ch.SocketChannelImpl.checkConnect(Native Method)
	at java.base/sun.nio.ch.SocketChannelImpl.finishConnect(SocketChannelImpl.java:777)
	at io.netty.channel.socket.nio.NioSocketChannel.doFinishConnect(NioSocketChannel.java:330)
	at io.netty.channel.nio.AbstractNioChannel$AbstractNioUnsafe.finishConnect(AbstractNioChannel.java:334)
	at io.netty.channel.nio.NioEventLoop.processSelectedKey(NioEventLoop.java:707)
	at io.netty.channel.nio.NioEventLoop.processSelectedKeysOptimized(NioEventLoop.java:655)
	at io.netty.channel.nio.NioEventLoop.processSelectedKeys(NioEventLoop.java:581)
	at io.netty.channel.nio.NioEventLoop.run(NioEventLoop.java:493)
	at io.netty.util.concurrent.SingleThreadEventExecutor$4.run(SingleThreadEventExecutor.java:989)
	at io.netty.util.internal.ThreadExecutorMap$2.run(ThreadExecutorMap.java:74)
	at io.netty.util.concurrent.FastThreadLocalRunnable.run(FastThreadLocalRunnable.java:30)
	at java.base/java.lang.Thread.run(Thread.java:829)
2026-02-24 03:06:17.885 - [WARN ] - esl
org.freeswitch.esl.client.inbound.InboundConnectionException: Could not connect to /61.158.166.46:8021
	at org.freeswitch.esl.client.inbound.Client.connect(Client.java:134)
	at cn.psycall.ccmgt.util.FreeSwitchManage.monitor(FreeSwitchManage.java:86)
	at cn.psycall.ccmgt.util.FreeSwitchManage.run(FreeSwitchManage.java:42)
Caused by: io.netty.channel.AbstractChannel$AnnotatedConnectException: Connection refused: /61.158.166.46:8021
Caused by: java.net.ConnectException: Connection refused
	at java.base/sun.nio.ch.SocketChannelImpl.checkConnect(Native Method)
	at java.base/sun.nio.ch.SocketChannelImpl.finishConnect(SocketChannelImpl.java:777)
	at io.netty.channel.socket.nio.NioSocketChannel.doFinishConnect(NioSocketChannel.java:330)
	at io.netty.channel.nio.AbstractNioChannel$AbstractNioUnsafe.finishConnect(AbstractNioChannel.java:334)
	at io.netty.channel.nio.NioEventLoop.processSelectedKey(NioEventLoop.java:707)
	at io.netty.channel.nio.NioEventLoop.processSelectedKeysOptimized(NioEventLoop.java:655)
	at io.netty.channel.nio.NioEventLoop.processSelectedKeys(NioEventLoop.java:581)
	at io.netty.channel.nio.NioEventLoop.run(NioEventLoop.java:493)
	at io.netty.util.concurrent.SingleThreadEventExecutor$4.run(SingleThreadEventExecutor.java:989)
	at io.netty.util.internal.ThreadExecutorMap$2.run(ThreadExecutorMap.java:74)
	at io.netty.util.concurrent.FastThreadLocalRunnable.run(FastThreadLocalRunnable.java:30)
	at java.base/java.lang.Thread.run(Thread.java:829)
2026-02-24 03:06:18.967 - [WARN ] - esl
org.freeswitch.esl.client.inbound.InboundConnectionException: Could not connect to /61.158.166.45:8021
	at org.freeswitch.esl.client.inbound.Client.connect(Client.java:134)
	at cn.psycall.ccmgt.util.FreeSwitchManage.monitor(FreeSwitchManage.java:86)
	at cn.psycall.ccmgt.util.FreeSwitchManage.run(FreeSwitchManage.java:42)
Caused by: io.netty.channel.AbstractChannel$AnnotatedConnectException: Connection refused: /61.158.166.45:8021
Caused by: java.net.ConnectException: Connection refused
	at java.base/sun.nio.ch.SocketChannelImpl.checkConnect(Native Method)
	at java.base/sun.nio.ch.SocketChannelImpl.finishConnect(SocketChannelImpl.java:777)
	at io.netty.channel.socket.nio.NioSocketChannel.doFinishConnect(NioSocketChannel.java:330)
	at io.netty.channel.nio.AbstractNioChannel$AbstractNioUnsafe.finishConnect(AbstractNioChannel.java:334)
	at io.netty.channel.nio.NioEventLoop.processSelectedKey(NioEventLoop.java:707)
	at io.netty.channel.nio.NioEventLoop.processSelectedKeysOptimized(NioEventLoop.java:655)
	at io.netty.channel.nio.NioEventLoop.processSelectedKeys(NioEventLoop.java:581)
	at io.netty.channel.nio.NioEventLoop.run(NioEventLoop.java:493)
	at io.netty.util.concurrent.SingleThreadEventExecutor$4.run(SingleThreadEventExecutor.java:989)
	at io.netty.util.internal.ThreadExecutorMap$2.run(ThreadExecutorMap.java:74)
	at io.netty.util.concurrent.FastThreadLocalRunnable.run(FastThreadLocalRunnable.java:30)
	at java.base/java.lang.Thread.run(Thread.java:829)
2026-02-24 03:06:19.047 - [WARN ] - esl
org.freeswitch.esl.client.inbound.InboundConnectionException: Could not connect to /61.158.166.46:8021
	at org.freeswitch.esl.client.inbound.Client.connect(Client.java:134)
	at cn.psycall.ccmgt.util.FreeSwitchManage.monitor(FreeSwitchManage.java:86)
	at cn.psycall.ccmgt.util.FreeSwitchManage.run(FreeSwitchManage.java:42)
Caused by: io.netty.channel.AbstractChannel$AnnotatedConnectException: Connection refused: /61.158.166.46:8021
Caused by: java.net.ConnectException: Connection refused
	at java.base/sun.nio.ch.SocketChannelImpl.checkConnect(Native Method)
	at java.base/sun.nio.ch.SocketChannelImpl.finishConnect(SocketChannelImpl.java:777)
	at io.netty.channel.socket.nio.NioSocketChannel.doFinishConnect(NioSocketChannel.java:330)
	at io.netty.channel.nio.AbstractNioChannel$AbstractNioUnsafe.finishConnect(AbstractNioChannel.java:334)
	at io.netty.channel.nio.NioEventLoop.processSelectedKey(NioEventLoop.java:707)
	at io.netty.channel.nio.NioEventLoop.processSelectedKeysOptimized(NioEventLoop.java:655)
	at io.netty.channel.nio.NioEventLoop.processSelectedKeys(NioEventLoop.java:581)
	at io.netty.channel.nio.NioEventLoop.run(NioEventLoop.java:493)
	at io.netty.util.concurrent.SingleThreadEventExecutor$4.run(SingleThreadEventExecutor.java:989)
	at io.netty.util.internal.ThreadExecutorMap$2.run(ThreadExecutorMap.java:74)
	at io.netty.util.concurrent.FastThreadLocalRunnable.run(FastThreadLocalRunnable.java:30)
	at java.base/java.lang.Thread.run(Thread.java:829)
2026-02-24 03:06:20.132 - [WARN ] - esl
org.freeswitch.esl.client.inbound.InboundConnectionException: Could not connect to /61.158.166.45:8021
	at org.freeswitch.esl.client.inbound.Client.connect(Client.java:134)
	at cn.psycall.ccmgt.util.FreeSwitchManage.monitor(FreeSwitchManage.java:86)
	at cn.psycall.ccmgt.util.FreeSwitchManage.run(FreeSwitchManage.java:42)
Caused by: io.netty.channel.AbstractChannel$AnnotatedConnectException: Connection refused: /61.158.166.45:8021
Caused by: java.net.ConnectException: Connection refused
	at java.base/sun.nio.ch.SocketChannelImpl.checkConnect(Native Method)
	at java.base/sun.nio.ch.SocketChannelImpl.finishConnect(SocketChannelImpl.java:777)
	at io.netty.channel.socket.nio.NioSocketChannel.doFinishConnect(NioSocketChannel.java:330)
	at io.netty.channel.nio.AbstractNioChannel$AbstractNioUnsafe.finishConnect(AbstractNioChannel.java:334)
	at io.netty.channel.nio.NioEventLoop.processSelectedKey(NioEventLoop.java:707)
	at io.netty.channel.nio.NioEventLoop.processSelectedKeysOptimized(NioEventLoop.java:655)
	at io.netty.channel.nio.NioEventLoop.processSelectedKeys(NioEventLoop.java:581)
	at io.netty.channel.nio.NioEventLoop.run(NioEventLoop.java:493)
	at io.netty.util.concurrent.SingleThreadEventExecutor$4.run(SingleThreadEventExecutor.java:989)
	at io.netty.util.internal.ThreadExecutorMap$2.run(ThreadExecutorMap.java:74)
	at io.netty.util.concurrent.FastThreadLocalRunnable.run(FastThreadLocalRunnable.java:30)
	at java.base/java.lang.Thread.run(Thread.java:829)
2026-02-24 03:06:20.219 - [WARN ] - esl
org.freeswitch.esl.client.inbound.InboundConnectionException: Could not connect to /61.158.166.46:8021
	at org.freeswitch.esl.client.inbound.Client.connect(Client.java:134)
	at cn.psycall.ccmgt.util.FreeSwitchManage.monitor(FreeSwitchManage.java:86)
	at cn.psycall.ccmgt.util.FreeSwitchManage.run(FreeSwitchManage.java:42)
Caused by: io.netty.channel.AbstractChannel$AnnotatedConnectException: Connection refused: /61.158.166.46:8021
Caused by: java.net.ConnectException: Connection refused
	at java.base/sun.nio.ch.SocketChannelImpl.checkConnect(Native Method)
	at java.base/sun.nio.ch.SocketChannelImpl.finishConnect(SocketChannelImpl.java:777)
	at io.netty.channel.socket.nio.NioSocketChannel.doFinishConnect(NioSocketChannel.java:330)
	at io.netty.channel.nio.AbstractNioChannel$AbstractNioUnsafe.finishConnect(AbstractNioChannel.java:334)
	at io.netty.channel.nio.NioEventLoop.processSelectedKey(NioEventLoop.java:707)
	at io.netty.channel.nio.NioEventLoop.processSelectedKeysOptimized(NioEventLoop.java:655)
	at io.netty.channel.nio.NioEventLoop.processSelectedKeys(NioEventLoop.java:581)
	at io.netty.channel.nio.NioEventLoop.run(NioEventLoop.java:493)
	at io.netty.util.concurrent.SingleThreadEventExecutor$4.run(SingleThreadEventExecutor.java:989)
	at io.netty.util.internal.ThreadExecutorMap$2.run(ThreadExecutorMap.java:74)
	at io.netty.util.concurrent.FastThreadLocalRunnable.run(FastThreadLocalRunnable.java:30)
	at java.base/java.lang.Thread.run(Thread.java:829)
2026-02-24 03:06:21.510 - [WARN ] - conn_rabbit_mq
org.springframework.web.client.ResourceAccessException: I/O error on POST request for "http://61.158.166.45:8888/command/conn_rabbit_mq": Connect to 61.158.166.45:8888 [/61.158.166.45] failed: Connection refused (Connection refused); nested exception is org.apache.http.conn.HttpHostConnectException: Connect to 61.158.166.45:8888 [/61.158.166.45] failed: Connection refused (Connection refused)
	at org.springframework.web.client.RestTemplate.doExecute(RestTemplate.java:791)
	at org.springframework.web.client.RestTemplate.execute(RestTemplate.java:717)
	at org.springframework.web.client.RestTemplate.exchange(RestTemplate.java:608)
	at cn.psycall.ccmgt.util.FreeSwitchManage.conn_rabbit_mq(FreeSwitchManage.java:272)
	at cn.psycall.ccmgt.util.FreeSwitchManage.monitor(FreeSwitchManage.java:89)
	at cn.psycall.ccmgt.util.FreeSwitchManage.run(FreeSwitchManage.java:42)
Caused by: org.apache.http.conn.HttpHostConnectException: Connect to 61.158.166.45:8888 [/61.158.166.45] failed: Connection refused (Connection refused)
	at org.apache.http.impl.conn.DefaultHttpClientConnectionOperator.connect(DefaultHttpClientConnectionOperator.java:156)
	at org.apache.http.impl.conn.PoolingHttpClientConnectionManager.connect(PoolingHttpClientConnectionManager.java:376)
	at org.apache.http.impl.execchain.MainClientExec.establishRoute(MainClientExec.java:393)
	at org.apache.http.impl.execchain.MainClientExec.execute(MainClientExec.java:236)
	at org.apache.http.impl.execchain.ProtocolExec.execute(ProtocolExec.java:186)
	at org.apache.http.impl.execchain.RetryExec.execute(RetryExec.java:89)
	at org.apache.http.impl.execchain.RedirectExec.execute(RedirectExec.java:110)
	at org.apache.http.impl.client.InternalHttpClient.doExecute(InternalHttpClient.java:185)
	at org.apache.http.impl.client.CloseableHttpClient.execute(CloseableHttpClient.java:83)
	at org.apache.http.impl.client.CloseableHttpClient.execute(CloseableHttpClient.java:56)
	at org.springframework.http.client.HttpComponentsClientHttpRequest.executeInternal(HttpComponentsClientHttpRequest.java:87)
	at org.springframework.http.client.AbstractBufferingClientHttpRequest.executeInternal(AbstractBufferingClientHttpRequest.java:48)
	at org.springframework.http.client.AbstractClientHttpRequest.execute(AbstractClientHttpRequest.java:66)
	at org.springframework.web.client.RestTemplate.doExecute(RestTemplate.java:782)
	... 5 common frames omitted
Caused by: java.net.ConnectException: Connection refused (Connection refused)
	at java.base/java.net.PlainSocketImpl.socketConnect(Native Method)
	at java.base/java.net.AbstractPlainSocketImpl.doConnect(AbstractPlainSocketImpl.java:412)
	at java.base/java.net.AbstractPlainSocketImpl.connectToAddress(AbstractPlainSocketImpl.java:255)
	at java.base/java.net.AbstractPlainSocketImpl.connect(AbstractPlainSocketImpl.java:237)
	at java.base/java.net.SocksSocketImpl.connect(SocksSocketImpl.java:392)
	at java.base/java.net.Socket.connect(Socket.java:609)
	at org.apache.http.conn.socket.PlainConnectionSocketFactory.connectSocket(PlainConnectionSocketFactory.java:75)
	at org.apache.http.impl.conn.DefaultHttpClientConnectionOperator.connect(DefaultHttpClientConnectionOperator.java:142)
	... 18 common frames omitted
2026-02-24 03:06:21.590 - [WARN ] - esl
org.freeswitch.esl.client.inbound.InboundConnectionException: Could not connect to /61.158.166.46:8021
	at org.freeswitch.esl.client.inbound.Client.connect(Client.java:134)
	at cn.psycall.ccmgt.util.FreeSwitchManage.monitor(FreeSwitchManage.java:86)
	at cn.psycall.ccmgt.util.FreeSwitchManage.run(FreeSwitchManage.java:42)
Caused by: io.netty.channel.AbstractChannel$AnnotatedConnectException: Connection refused: /61.158.166.46:8021
Caused by: java.net.ConnectException: Connection refused
	at java.base/sun.nio.ch.SocketChannelImpl.checkConnect(Native Method)
	at java.base/sun.nio.ch.SocketChannelImpl.finishConnect(SocketChannelImpl.java:777)
	at io.netty.channel.socket.nio.NioSocketChannel.doFinishConnect(NioSocketChannel.java:330)
	at io.netty.channel.nio.AbstractNioChannel$AbstractNioUnsafe.finishConnect(AbstractNioChannel.java:334)
	at io.netty.channel.nio.NioEventLoop.processSelectedKey(NioEventLoop.java:707)
	at io.netty.channel.nio.NioEventLoop.processSelectedKeysOptimized(NioEventLoop.java:655)
	at io.netty.channel.nio.NioEventLoop.processSelectedKeys(NioEventLoop.java:581)
	at io.netty.channel.nio.NioEventLoop.run(NioEventLoop.java:493)
	at io.netty.util.concurrent.SingleThreadEventExecutor$4.run(SingleThreadEventExecutor.java:989)
	at io.netty.util.internal.ThreadExecutorMap$2.run(ThreadExecutorMap.java:74)
	at io.netty.util.concurrent.FastThreadLocalRunnable.run(FastThreadLocalRunnable.java:30)
	at java.base/java.lang.Thread.run(Thread.java:829)
2026-02-24 03:06:23.147 - [WARN ] - esl
org.freeswitch.esl.client.inbound.InboundConnectionException: Could not connect to /61.158.166.46:8021
	at org.freeswitch.esl.client.inbound.Client.connect(Client.java:134)
	at cn.psycall.ccmgt.util.FreeSwitchManage.monitor(FreeSwitchManage.java:86)
	at cn.psycall.ccmgt.util.FreeSwitchManage.run(FreeSwitchManage.java:42)
Caused by: io.netty.channel.AbstractChannel$AnnotatedConnectException: Connection refused: /61.158.166.46:8021
Caused by: java.net.ConnectException: Connection refused
	at java.base/sun.nio.ch.SocketChannelImpl.checkConnect(Native Method)
	at java.base/sun.nio.ch.SocketChannelImpl.finishConnect(SocketChannelImpl.java:777)
	at io.netty.channel.socket.nio.NioSocketChannel.doFinishConnect(NioSocketChannel.java:330)
	at io.netty.channel.nio.AbstractNioChannel$AbstractNioUnsafe.finishConnect(AbstractNioChannel.java:334)
	at io.netty.channel.nio.NioEventLoop.processSelectedKey(NioEventLoop.java:707)
	at io.netty.channel.nio.NioEventLoop.processSelectedKeysOptimized(NioEventLoop.java:655)
	at io.netty.channel.nio.NioEventLoop.processSelectedKeys(NioEventLoop.java:581)
	at io.netty.channel.nio.NioEventLoop.run(NioEventLoop.java:493)
	at io.netty.util.concurrent.SingleThreadEventExecutor$4.run(SingleThreadEventExecutor.java:989)
	at io.netty.util.internal.ThreadExecutorMap$2.run(ThreadExecutorMap.java:74)
	at io.netty.util.concurrent.FastThreadLocalRunnable.run(FastThreadLocalRunnable.java:30)
	at java.base/java.lang.Thread.run(Thread.java:829)
2026-02-24 03:06:24.517 - [WARN ] - esl
org.freeswitch.esl.client.inbound.InboundConnectionException: Could not connect to /61.158.166.46:8021
	at org.freeswitch.esl.client.inbound.Client.connect(Client.java:134)
	at cn.psycall.ccmgt.util.FreeSwitchManage.monitor(FreeSwitchManage.java:86)
	at cn.psycall.ccmgt.util.FreeSwitchManage.run(FreeSwitchManage.java:42)
Caused by: io.netty.channel.AbstractChannel$AnnotatedConnectException: Connection refused: /61.158.166.46:8021
Caused by: java.net.ConnectException: Connection refused
	at java.base/sun.nio.ch.SocketChannelImpl.checkConnect(Native Method)
	at java.base/sun.nio.ch.SocketChannelImpl.finishConnect(SocketChannelImpl.java:777)
	at io.netty.channel.socket.nio.NioSocketChannel.doFinishConnect(NioSocketChannel.java:330)
	at io.netty.channel.nio.AbstractNioChannel$AbstractNioUnsafe.finishConnect(AbstractNioChannel.java:334)
	at io.netty.channel.nio.NioEventLoop.processSelectedKey(NioEventLoop.java:707)
	at io.netty.channel.nio.NioEventLoop.processSelectedKeysOptimized(NioEventLoop.java:655)
	at io.netty.channel.nio.NioEventLoop.processSelectedKeys(NioEventLoop.java:581)
	at io.netty.channel.nio.NioEventLoop.run(NioEventLoop.java:493)
	at io.netty.util.concurrent.SingleThreadEventExecutor$4.run(SingleThreadEventExecutor.java:989)
	at io.netty.util.internal.ThreadExecutorMap$2.run(ThreadExecutorMap.java:74)
	at io.netty.util.concurrent.FastThreadLocalRunnable.run(FastThreadLocalRunnable.java:30)
	at java.base/java.lang.Thread.run(Thread.java:829)
2026-02-24 03:06:25.897 - [WARN ] - esl
org.freeswitch.esl.client.inbound.InboundConnectionException: Could not connect to /61.158.166.46:8021
	at org.freeswitch.esl.client.inbound.Client.connect(Client.java:134)
	at cn.psycall.ccmgt.util.FreeSwitchManage.monitor(FreeSwitchManage.java:86)
	at cn.psycall.ccmgt.util.FreeSwitchManage.run(FreeSwitchManage.java:42)
Caused by: io.netty.channel.AbstractChannel$AnnotatedConnectException: Connection refused: /61.158.166.46:8021
Caused by: java.net.ConnectException: Connection refused
	at java.base/sun.nio.ch.SocketChannelImpl.checkConnect(Native Method)
	at java.base/sun.nio.ch.SocketChannelImpl.finishConnect(SocketChannelImpl.java:777)
	at io.netty.channel.socket.nio.NioSocketChannel.doFinishConnect(NioSocketChannel.java:330)
	at io.netty.channel.nio.AbstractNioChannel$AbstractNioUnsafe.finishConnect(AbstractNioChannel.java:334)
	at io.netty.channel.nio.NioEventLoop.processSelectedKey(NioEventLoop.java:707)
	at io.netty.channel.nio.NioEventLoop.processSelectedKeysOptimized(NioEventLoop.java:655)
	at io.netty.channel.nio.NioEventLoop.processSelectedKeys(NioEventLoop.java:581)
	at io.netty.channel.nio.NioEventLoop.run(NioEventLoop.java:493)
	at io.netty.util.concurrent.SingleThreadEventExecutor$4.run(SingleThreadEventExecutor.java:989)
	at io.netty.util.internal.ThreadExecutorMap$2.run(ThreadExecutorMap.java:74)
	at io.netty.util.concurrent.FastThreadLocalRunnable.run(FastThreadLocalRunnable.java:30)
	at java.base/java.lang.Thread.run(Thread.java:829)
2026-02-24 03:06:27.267 - [WARN ] - esl
org.freeswitch.esl.client.inbound.InboundConnectionException: Could not connect to /61.158.166.46:8021
	at org.freeswitch.esl.client.inbound.Client.connect(Client.java:134)
	at cn.psycall.ccmgt.util.FreeSwitchManage.monitor(FreeSwitchManage.java:86)
	at cn.psycall.ccmgt.util.FreeSwitchManage.run(FreeSwitchManage.java:42)
Caused by: io.netty.channel.AbstractChannel$AnnotatedConnectException: Connection refused: /61.158.166.46:8021
Caused by: java.net.ConnectException: Connection refused
	at java.base/sun.nio.ch.SocketChannelImpl.checkConnect(Native Method)
	at java.base/sun.nio.ch.SocketChannelImpl.finishConnect(SocketChannelImpl.java:777)
	at io.netty.channel.socket.nio.NioSocketChannel.doFinishConnect(NioSocketChannel.java:330)
	at io.netty.channel.nio.AbstractNioChannel$AbstractNioUnsafe.finishConnect(AbstractNioChannel.java:334)
	at io.netty.channel.nio.NioEventLoop.processSelectedKey(NioEventLoop.java:707)
	at io.netty.channel.nio.NioEventLoop.processSelectedKeysOptimized(NioEventLoop.java:655)
	at io.netty.channel.nio.NioEventLoop.processSelectedKeys(NioEventLoop.java:581)
	at io.netty.channel.nio.NioEventLoop.run(NioEventLoop.java:493)
	at io.netty.util.concurrent.SingleThreadEventExecutor$4.run(SingleThreadEventExecutor.java:989)
	at io.netty.util.internal.ThreadExecutorMap$2.run(ThreadExecutorMap.java:74)
	at io.netty.util.concurrent.FastThreadLocalRunnable.run(FastThreadLocalRunnable.java:30)
	at java.base/java.lang.Thread.run(Thread.java:829)
2026-02-24 03:06:28.658 - [WARN ] - esl
org.freeswitch.esl.client.inbound.InboundConnectionException: Could not connect to /61.158.166.46:8021
	at org.freeswitch.esl.client.inbound.Client.connect(Client.java:134)
	at cn.psycall.ccmgt.util.FreeSwitchManage.monitor(FreeSwitchManage.java:86)
	at cn.psycall.ccmgt.util.FreeSwitchManage.run(FreeSwitchManage.java:42)
Caused by: io.netty.channel.AbstractChannel$AnnotatedConnectException: Connection refused: /61.158.166.46:8021
Caused by: java.net.ConnectException: Connection refused
	at java.base/sun.nio.ch.SocketChannelImpl.checkConnect(Native Method)
	at java.base/sun.nio.ch.SocketChannelImpl.finishConnect(SocketChannelImpl.java:777)
	at io.netty.channel.socket.nio.NioSocketChannel.doFinishConnect(NioSocketChannel.java:330)
	at io.netty.channel.nio.AbstractNioChannel$AbstractNioUnsafe.finishConnect(AbstractNioChannel.java:334)
	at io.netty.channel.nio.NioEventLoop.processSelectedKey(NioEventLoop.java:707)
	at io.netty.channel.nio.NioEventLoop.processSelectedKeysOptimized(NioEventLoop.java:655)
	at io.netty.channel.nio.NioEventLoop.processSelectedKeys(NioEventLoop.java:581)
	at io.netty.channel.nio.NioEventLoop.run(NioEventLoop.java:493)
	at io.netty.util.concurrent.SingleThreadEventExecutor$4.run(SingleThreadEventExecutor.java:989)
	at io.netty.util.internal.ThreadExecutorMap$2.run(ThreadExecutorMap.java:74)
	at io.netty.util.concurrent.FastThreadLocalRunnable.run(FastThreadLocalRunnable.java:30)
	at java.base/java.lang.Thread.run(Thread.java:829)
2026-02-24 03:06:30.027 - [WARN ] - esl
org.freeswitch.esl.client.inbound.InboundConnectionException: Could not connect to /61.158.166.46:8021
	at org.freeswitch.esl.client.inbound.Client.connect(Client.java:134)
	at cn.psycall.ccmgt.util.FreeSwitchManage.monitor(FreeSwitchManage.java:86)
	at cn.psycall.ccmgt.util.FreeSwitchManage.run(FreeSwitchManage.java:42)
Caused by: io.netty.channel.AbstractChannel$AnnotatedConnectException: Connection refused: /61.158.166.46:8021
Caused by: java.net.ConnectException: Connection refused
	at java.base/sun.nio.ch.SocketChannelImpl.checkConnect(Native Method)
	at java.base/sun.nio.ch.SocketChannelImpl.finishConnect(SocketChannelImpl.java:777)
	at io.netty.channel.socket.nio.NioSocketChannel.doFinishConnect(NioSocketChannel.java:330)
	at io.netty.channel.nio.AbstractNioChannel$AbstractNioUnsafe.finishConnect(AbstractNioChannel.java:334)
	at io.netty.channel.nio.NioEventLoop.processSelectedKey(NioEventLoop.java:707)
	at io.netty.channel.nio.NioEventLoop.processSelectedKeysOptimized(NioEventLoop.java:655)
	at io.netty.channel.nio.NioEventLoop.processSelectedKeys(NioEventLoop.java:581)
	at io.netty.channel.nio.NioEventLoop.run(NioEventLoop.java:493)
	at io.netty.util.concurrent.SingleThreadEventExecutor$4.run(SingleThreadEventExecutor.java:989)
	at io.netty.util.internal.ThreadExecutorMap$2.run(ThreadExecutorMap.java:74)
	at io.netty.util.concurrent.FastThreadLocalRunnable.run(FastThreadLocalRunnable.java:30)
	at java.base/java.lang.Thread.run(Thread.java:829)
2026-02-24 03:06:31.455 - [WARN ] - esl
org.freeswitch.esl.client.inbound.InboundConnectionException: Could not connect to /61.158.166.46:8021
	at org.freeswitch.esl.client.inbound.Client.connect(Client.java:134)
	at cn.psycall.ccmgt.util.FreeSwitchManage.monitor(FreeSwitchManage.java:86)
	at cn.psycall.ccmgt.util.FreeSwitchManage.run(FreeSwitchManage.java:42)
Caused by: io.netty.channel.AbstractChannel$AnnotatedConnectException: Connection refused: /61.158.166.46:8021
Caused by: java.net.ConnectException: Connection refused
	at java.base/sun.nio.ch.SocketChannelImpl.checkConnect(Native Method)
	at java.base/sun.nio.ch.SocketChannelImpl.finishConnect(SocketChannelImpl.java:777)
	at io.netty.channel.socket.nio.NioSocketChannel.doFinishConnect(NioSocketChannel.java:330)
	at io.netty.channel.nio.AbstractNioChannel$AbstractNioUnsafe.finishConnect(AbstractNioChannel.java:334)
	at io.netty.channel.nio.NioEventLoop.processSelectedKey(NioEventLoop.java:707)
	at io.netty.channel.nio.NioEventLoop.processSelectedKeysOptimized(NioEventLoop.java:655)
	at io.netty.channel.nio.NioEventLoop.processSelectedKeys(NioEventLoop.java:581)
	at io.netty.channel.nio.NioEventLoop.run(NioEventLoop.java:493)
	at io.netty.util.concurrent.SingleThreadEventExecutor$4.run(SingleThreadEventExecutor.java:989)
	at io.netty.util.internal.ThreadExecutorMap$2.run(ThreadExecutorMap.java:74)
	at io.netty.util.concurrent.FastThreadLocalRunnable.run(FastThreadLocalRunnable.java:30)
	at java.base/java.lang.Thread.run(Thread.java:829)
2026-02-24 03:06:32.823 - [WARN ] - esl
org.freeswitch.esl.client.inbound.InboundConnectionException: Could not connect to /61.158.166.46:8021
	at org.freeswitch.esl.client.inbound.Client.connect(Client.java:134)
	at cn.psycall.ccmgt.util.FreeSwitchManage.monitor(FreeSwitchManage.java:86)
	at cn.psycall.ccmgt.util.FreeSwitchManage.run(FreeSwitchManage.java:42)
Caused by: io.netty.channel.AbstractChannel$AnnotatedConnectException: Connection refused: /61.158.166.46:8021
Caused by: java.net.ConnectException: Connection refused
	at java.base/sun.nio.ch.SocketChannelImpl.checkConnect(Native Method)
	at java.base/sun.nio.ch.SocketChannelImpl.finishConnect(SocketChannelImpl.java:777)
	at io.netty.channel.socket.nio.NioSocketChannel.doFinishConnect(NioSocketChannel.java:330)
	at io.netty.channel.nio.AbstractNioChannel$AbstractNioUnsafe.finishConnect(AbstractNioChannel.java:334)
	at io.netty.channel.nio.NioEventLoop.processSelectedKey(NioEventLoop.java:707)
	at io.netty.channel.nio.NioEventLoop.processSelectedKeysOptimized(NioEventLoop.java:655)
	at io.netty.channel.nio.NioEventLoop.processSelectedKeys(NioEventLoop.java:581)
	at io.netty.channel.nio.NioEventLoop.run(NioEventLoop.java:493)
	at io.netty.util.concurrent.SingleThreadEventExecutor$4.run(SingleThreadEventExecutor.java:989)
	at io.netty.util.internal.ThreadExecutorMap$2.run(ThreadExecutorMap.java:74)
	at io.netty.util.concurrent.FastThreadLocalRunnable.run(FastThreadLocalRunnable.java:30)
	at java.base/java.lang.Thread.run(Thread.java:829)
2026-02-24 03:06:34.254 - [INFO ] - internal->61.158.166.45:5060
2026-02-24 03:06:34.255 - [INFO ] - ESL Client connected ..(61.158.166.45:8021[23725a4f-ef02-41d9-8caa-68a371939e59])
2026-02-24 03:06:34.984 - [INFO ] - internal_sip_port->5060
2026-02-24 03:06:34.984 - [INFO ] - external_sip_port->5080
2026-02-24 03:06:40.677 - [INFO ] - fs[23725a4f-ef02-41d9-8caa-68a371939e59] CallThread start
2026-02-24 03:06:40.761 - [WARN ] - esl
org.freeswitch.esl.client.inbound.InboundConnectionException: Could not connect to /61.158.166.46:8021
	at org.freeswitch.esl.client.inbound.Client.connect(Client.java:134)
	at cn.psycall.ccmgt.util.FreeSwitchManage.monitor(FreeSwitchManage.java:86)
	at cn.psycall.ccmgt.util.FreeSwitchManage.run(FreeSwitchManage.java:42)
Caused by: io.netty.channel.AbstractChannel$AnnotatedConnectException: Connection refused: /61.158.166.46:8021
Caused by: java.net.ConnectException: Connection refused
	at java.base/sun.nio.ch.SocketChannelImpl.checkConnect(Native Method)
	at java.base/sun.nio.ch.SocketChannelImpl.finishConnect(SocketChannelImpl.java:777)
	at io.netty.channel.socket.nio.NioSocketChannel.doFinishConnect(NioSocketChannel.java:330)
	at io.netty.channel.nio.AbstractNioChannel$AbstractNioUnsafe.finishConnect(AbstractNioChannel.java:334)
	at io.netty.channel.nio.NioEventLoop.processSelectedKey(NioEventLoop.java:707)
	at io.netty.channel.nio.NioEventLoop.processSelectedKeysOptimized(NioEventLoop.java:655)
	at io.netty.channel.nio.NioEventLoop.processSelectedKeys(NioEventLoop.java:581)
	at io.netty.channel.nio.NioEventLoop.run(NioEventLoop.java:493)
	at io.netty.util.concurrent.SingleThreadEventExecutor$4.run(SingleThreadEventExecutor.java:989)
	at io.netty.util.internal.ThreadExecutorMap$2.run(ThreadExecutorMap.java:74)
	at io.netty.util.concurrent.FastThreadLocalRunnable.run(FastThreadLocalRunnable.java:30)
	at java.base/java.lang.Thread.run(Thread.java:829)
2026-02-24 03:06:41.858 - [WARN ] - esl
org.freeswitch.esl.client.inbound.InboundConnectionException: Could not connect to /61.158.166.46:8021
	at org.freeswitch.esl.client.inbound.Client.connect(Client.java:134)
	at cn.psycall.ccmgt.util.FreeSwitchManage.monitor(FreeSwitchManage.java:86)
	at cn.psycall.ccmgt.util.FreeSwitchManage.run(FreeSwitchManage.java:42)
Caused by: io.netty.channel.AbstractChannel$AnnotatedConnectException: Connection refused: /61.158.166.46:8021
Caused by: java.net.ConnectException: Connection refused
	at java.base/sun.nio.ch.SocketChannelImpl.checkConnect(Native Method)
	at java.base/sun.nio.ch.SocketChannelImpl.finishConnect(SocketChannelImpl.java:777)
	at io.netty.channel.socket.nio.NioSocketChannel.doFinishConnect(NioSocketChannel.java:330)
	at io.netty.channel.nio.AbstractNioChannel$AbstractNioUnsafe.finishConnect(AbstractNioChannel.java:334)
	at io.netty.channel.nio.NioEventLoop.processSelectedKey(NioEventLoop.java:707)
	at io.netty.channel.nio.NioEventLoop.processSelectedKeysOptimized(NioEventLoop.java:655)
	at io.netty.channel.nio.NioEventLoop.processSelectedKeys(NioEventLoop.java:581)
	at io.netty.channel.nio.NioEventLoop.run(NioEventLoop.java:493)
	at io.netty.util.concurrent.SingleThreadEventExecutor$4.run(SingleThreadEventExecutor.java:989)
	at io.netty.util.internal.ThreadExecutorMap$2.run(ThreadExecutorMap.java:74)
	at io.netty.util.concurrent.FastThreadLocalRunnable.run(FastThreadLocalRunnable.java:30)
	at java.base/java.lang.Thread.run(Thread.java:829)
2026-02-24 03:06:42.940 - [WARN ] - esl
org.freeswitch.esl.client.inbound.InboundConnectionException: Could not connect to /61.158.166.46:8021
	at org.freeswitch.esl.client.inbound.Client.connect(Client.java:134)
	at cn.psycall.ccmgt.util.FreeSwitchManage.monitor(FreeSwitchManage.java:86)
	at cn.psycall.ccmgt.util.FreeSwitchManage.run(FreeSwitchManage.java:42)
Caused by: io.netty.channel.AbstractChannel$AnnotatedConnectException: Connection refused: /61.158.166.46:8021
Caused by: java.net.ConnectException: Connection refused
	at java.base/sun.nio.ch.SocketChannelImpl.checkConnect(Native Method)
	at java.base/sun.nio.ch.SocketChannelImpl.finishConnect(SocketChannelImpl.java:777)
	at io.netty.channel.socket.nio.NioSocketChannel.doFinishConnect(NioSocketChannel.java:330)
	at io.netty.channel.nio.AbstractNioChannel$AbstractNioUnsafe.finishConnect(AbstractNioChannel.java:334)
	at io.netty.channel.nio.NioEventLoop.processSelectedKey(NioEventLoop.java:707)
	at io.netty.channel.nio.NioEventLoop.processSelectedKeysOptimized(NioEventLoop.java:655)
	at io.netty.channel.nio.NioEventLoop.processSelectedKeys(NioEventLoop.java:581)
	at io.netty.channel.nio.NioEventLoop.run(NioEventLoop.java:493)
	at io.netty.util.concurrent.SingleThreadEventExecutor$4.run(SingleThreadEventExecutor.java:989)
	at io.netty.util.internal.ThreadExecutorMap$2.run(ThreadExecutorMap.java:74)
	at io.netty.util.concurrent.FastThreadLocalRunnable.run(FastThreadLocalRunnable.java:30)
	at java.base/java.lang.Thread.run(Thread.java:829)
2026-02-24 03:06:44.037 - [WARN ] - esl
org.freeswitch.esl.client.inbound.InboundConnectionException: Could not connect to /61.158.166.46:8021
	at org.freeswitch.esl.client.inbound.Client.connect(Client.java:134)
	at cn.psycall.ccmgt.util.FreeSwitchManage.monitor(FreeSwitchManage.java:86)
	at cn.psycall.ccmgt.util.FreeSwitchManage.run(FreeSwitchManage.java:42)
Caused by: io.netty.channel.AbstractChannel$AnnotatedConnectException: Connection refused: /61.158.166.46:8021
Caused by: java.net.ConnectException: Connection refused
	at java.base/sun.nio.ch.SocketChannelImpl.checkConnect(Native Method)
	at java.base/sun.nio.ch.SocketChannelImpl.finishConnect(SocketChannelImpl.java:777)
	at io.netty.channel.socket.nio.NioSocketChannel.doFinishConnect(NioSocketChannel.java:330)
	at io.netty.channel.nio.AbstractNioChannel$AbstractNioUnsafe.finishConnect(AbstractNioChannel.java:334)
	at io.netty.channel.nio.NioEventLoop.processSelectedKey(NioEventLoop.java:707)
	at io.netty.channel.nio.NioEventLoop.processSelectedKeysOptimized(NioEventLoop.java:655)
	at io.netty.channel.nio.NioEventLoop.processSelectedKeys(NioEventLoop.java:581)
	at io.netty.channel.nio.NioEventLoop.run(NioEventLoop.java:493)
	at io.netty.util.concurrent.SingleThreadEventExecutor$4.run(SingleThreadEventExecutor.java:989)
	at io.netty.util.internal.ThreadExecutorMap$2.run(ThreadExecutorMap.java:74)
	at io.netty.util.concurrent.FastThreadLocalRunnable.run(FastThreadLocalRunnable.java:30)
	at java.base/java.lang.Thread.run(Thread.java:829)
2026-02-24 03:06:45.118 - [WARN ] - esl
org.freeswitch.esl.client.inbound.InboundConnectionException: Could not connect to /61.158.166.46:8021
	at org.freeswitch.esl.client.inbound.Client.connect(Client.java:134)
	at cn.psycall.ccmgt.util.FreeSwitchManage.monitor(FreeSwitchManage.java:86)
	at cn.psycall.ccmgt.util.FreeSwitchManage.run(FreeSwitchManage.java:42)
Caused by: io.netty.channel.AbstractChannel$AnnotatedConnectException: Connection refused: /61.158.166.46:8021
Caused by: java.net.ConnectException: Connection refused
	at java.base/sun.nio.ch.SocketChannelImpl.checkConnect(Native Method)
	at java.base/sun.nio.ch.SocketChannelImpl.finishConnect(SocketChannelImpl.java:777)
	at io.netty.channel.socket.nio.NioSocketChannel.doFinishConnect(NioSocketChannel.java:330)
	at io.netty.channel.nio.AbstractNioChannel$AbstractNioUnsafe.finishConnect(AbstractNioChannel.java:334)
	at io.netty.channel.nio.NioEventLoop.processSelectedKey(NioEventLoop.java:707)
	at io.netty.channel.nio.NioEventLoop.processSelectedKeysOptimized(NioEventLoop.java:655)
	at io.netty.channel.nio.NioEventLoop.processSelectedKeys(NioEventLoop.java:581)
	at io.netty.channel.nio.NioEventLoop.run(NioEventLoop.java:493)
	at io.netty.util.concurrent.SingleThreadEventExecutor$4.run(SingleThreadEventExecutor.java:989)
	at io.netty.util.internal.ThreadExecutorMap$2.run(ThreadExecutorMap.java:74)
	at io.netty.util.concurrent.FastThreadLocalRunnable.run(FastThreadLocalRunnable.java:30)
	at java.base/java.lang.Thread.run(Thread.java:829)
2026-02-24 03:06:46.199 - [WARN ] - esl
org.freeswitch.esl.client.inbound.InboundConnectionException: Could not connect to /61.158.166.46:8021
	at org.freeswitch.esl.client.inbound.Client.connect(Client.java:134)
	at cn.psycall.ccmgt.util.FreeSwitchManage.monitor(FreeSwitchManage.java:86)
	at cn.psycall.ccmgt.util.FreeSwitchManage.run(FreeSwitchManage.java:42)
Caused by: io.netty.channel.AbstractChannel$AnnotatedConnectException: Connection refused: /61.158.166.46:8021
Caused by: java.net.ConnectException: Connection refused
	at java.base/sun.nio.ch.SocketChannelImpl.checkConnect(Native Method)
	at java.base/sun.nio.ch.SocketChannelImpl.finishConnect(SocketChannelImpl.java:777)
	at io.netty.channel.socket.nio.NioSocketChannel.doFinishConnect(NioSocketChannel.java:330)
	at io.netty.channel.nio.AbstractNioChannel$AbstractNioUnsafe.finishConnect(AbstractNioChannel.java:334)
	at io.netty.channel.nio.NioEventLoop.processSelectedKey(NioEventLoop.java:707)
	at io.netty.channel.nio.NioEventLoop.processSelectedKeysOptimized(NioEventLoop.java:655)
	at io.netty.channel.nio.NioEventLoop.processSelectedKeys(NioEventLoop.java:581)
	at io.netty.channel.nio.NioEventLoop.run(NioEventLoop.java:493)
	at io.netty.util.concurrent.SingleThreadEventExecutor$4.run(SingleThreadEventExecutor.java:989)
	at io.netty.util.internal.ThreadExecutorMap$2.run(ThreadExecutorMap.java:74)
	at io.netty.util.concurrent.FastThreadLocalRunnable.run(FastThreadLocalRunnable.java:30)
	at java.base/java.lang.Thread.run(Thread.java:829)
2026-02-24 03:06:47.280 - [WARN ] - esl
org.freeswitch.esl.client.inbound.InboundConnectionException: Could not connect to /61.158.166.46:8021
	at org.freeswitch.esl.client.inbound.Client.connect(Client.java:134)
	at cn.psycall.ccmgt.util.FreeSwitchManage.monitor(FreeSwitchManage.java:86)
	at cn.psycall.ccmgt.util.FreeSwitchManage.run(FreeSwitchManage.java:42)
Caused by: io.netty.channel.AbstractChannel$AnnotatedConnectException: Connection refused: /61.158.166.46:8021
Caused by: java.net.ConnectException: Connection refused
	at java.base/sun.nio.ch.SocketChannelImpl.checkConnect(Native Method)
	at java.base/sun.nio.ch.SocketChannelImpl.finishConnect(SocketChannelImpl.java:777)
	at io.netty.channel.socket.nio.NioSocketChannel.doFinishConnect(NioSocketChannel.java:330)
	at io.netty.channel.nio.AbstractNioChannel$AbstractNioUnsafe.finishConnect(AbstractNioChannel.java:334)
	at io.netty.channel.nio.NioEventLoop.processSelectedKey(NioEventLoop.java:707)
	at io.netty.channel.nio.NioEventLoop.processSelectedKeysOptimized(NioEventLoop.java:655)
	at io.netty.channel.nio.NioEventLoop.processSelectedKeys(NioEventLoop.java:581)
	at io.netty.channel.nio.NioEventLoop.run(NioEventLoop.java:493)
	at io.netty.util.concurrent.SingleThreadEventExecutor$4.run(SingleThreadEventExecutor.java:989)
	at io.netty.util.internal.ThreadExecutorMap$2.run(ThreadExecutorMap.java:74)
	at io.netty.util.concurrent.FastThreadLocalRunnable.run(FastThreadLocalRunnable.java:30)
	at java.base/java.lang.Thread.run(Thread.java:829)
2026-02-24 03:06:48.363 - [WARN ] - esl
org.freeswitch.esl.client.inbound.InboundConnectionException: Could not connect to /61.158.166.46:8021
	at org.freeswitch.esl.client.inbound.Client.connect(Client.java:134)
	at cn.psycall.ccmgt.util.FreeSwitchManage.monitor(FreeSwitchManage.java:86)
	at cn.psycall.ccmgt.util.FreeSwitchManage.run(FreeSwitchManage.java:42)
Caused by: io.netty.channel.AbstractChannel$AnnotatedConnectException: Connection refused: /61.158.166.46:8021
Caused by: java.net.ConnectException: Connection refused
	at java.base/sun.nio.ch.SocketChannelImpl.checkConnect(Native Method)
	at java.base/sun.nio.ch.SocketChannelImpl.finishConnect(SocketChannelImpl.java:777)
	at io.netty.channel.socket.nio.NioSocketChannel.doFinishConnect(NioSocketChannel.java:330)
	at io.netty.channel.nio.AbstractNioChannel$AbstractNioUnsafe.finishConnect(AbstractNioChannel.java:334)
	at io.netty.channel.nio.NioEventLoop.processSelectedKey(NioEventLoop.java:707)
	at io.netty.channel.nio.NioEventLoop.processSelectedKeysOptimized(NioEventLoop.java:655)
	at io.netty.channel.nio.NioEventLoop.processSelectedKeys(NioEventLoop.java:581)
	at io.netty.channel.nio.NioEventLoop.run(NioEventLoop.java:493)
	at io.netty.util.concurrent.SingleThreadEventExecutor$4.run(SingleThreadEventExecutor.java:989)
	at io.netty.util.internal.ThreadExecutorMap$2.run(ThreadExecutorMap.java:74)
	at io.netty.util.concurrent.FastThreadLocalRunnable.run(FastThreadLocalRunnable.java:30)
	at java.base/java.lang.Thread.run(Thread.java:829)
2026-02-24 03:06:49.447 - [WARN ] - esl
org.freeswitch.esl.client.inbound.InboundConnectionException: Could not connect to /61.158.166.46:8021
	at org.freeswitch.esl.client.inbound.Client.connect(Client.java:134)
	at cn.psycall.ccmgt.util.FreeSwitchManage.monitor(FreeSwitchManage.java:86)
	at cn.psycall.ccmgt.util.FreeSwitchManage.run(FreeSwitchManage.java:42)
Caused by: io.netty.channel.AbstractChannel$AnnotatedConnectException: Connection refused: /61.158.166.46:8021
Caused by: java.net.ConnectException: Connection refused
	at java.base/sun.nio.ch.SocketChannelImpl.checkConnect(Native Method)
	at java.base/sun.nio.ch.SocketChannelImpl.finishConnect(SocketChannelImpl.java:777)
	at io.netty.channel.socket.nio.NioSocketChannel.doFinishConnect(NioSocketChannel.java:330)
	at io.netty.channel.nio.AbstractNioChannel$AbstractNioUnsafe.finishConnect(AbstractNioChannel.java:334)
	at io.netty.channel.nio.NioEventLoop.processSelectedKey(NioEventLoop.java:707)
	at io.netty.channel.nio.NioEventLoop.processSelectedKeysOptimized(NioEventLoop.java:655)
	at io.netty.channel.nio.NioEventLoop.processSelectedKeys(NioEventLoop.java:581)
	at io.netty.channel.nio.NioEventLoop.run(NioEventLoop.java:493)
	at io.netty.util.concurrent.SingleThreadEventExecutor$4.run(SingleThreadEventExecutor.java:989)
	at io.netty.util.internal.ThreadExecutorMap$2.run(ThreadExecutorMap.java:74)
	at io.netty.util.concurrent.FastThreadLocalRunnable.run(FastThreadLocalRunnable.java:30)
	at java.base/java.lang.Thread.run(Thread.java:829)
2026-02-24 03:06:50.530 - [WARN ] - esl
org.freeswitch.esl.client.inbound.InboundConnectionException: Could not connect to /61.158.166.46:8021
	at org.freeswitch.esl.client.inbound.Client.connect(Client.java:134)
	at cn.psycall.ccmgt.util.FreeSwitchManage.monitor(FreeSwitchManage.java:86)
	at cn.psycall.ccmgt.util.FreeSwitchManage.run(FreeSwitchManage.java:42)
Caused by: io.netty.channel.AbstractChannel$AnnotatedConnectException: Connection refused: /61.158.166.46:8021
Caused by: java.net.ConnectException: Connection refused
	at java.base/sun.nio.ch.SocketChannelImpl.checkConnect(Native Method)
	at java.base/sun.nio.ch.SocketChannelImpl.finishConnect(SocketChannelImpl.java:777)
	at io.netty.channel.socket.nio.NioSocketChannel.doFinishConnect(NioSocketChannel.java:330)
	at io.netty.channel.nio.AbstractNioChannel$AbstractNioUnsafe.finishConnect(AbstractNioChannel.java:334)
	at io.netty.channel.nio.NioEventLoop.processSelectedKey(NioEventLoop.java:707)
	at io.netty.channel.nio.NioEventLoop.processSelectedKeysOptimized(NioEventLoop.java:655)
	at io.netty.channel.nio.NioEventLoop.processSelectedKeys(NioEventLoop.java:581)
	at io.netty.channel.nio.NioEventLoop.run(NioEventLoop.java:493)
	at io.netty.util.concurrent.SingleThreadEventExecutor$4.run(SingleThreadEventExecutor.java:989)
	at io.netty.util.internal.ThreadExecutorMap$2.run(ThreadExecutorMap.java:74)
	at io.netty.util.concurrent.FastThreadLocalRunnable.run(FastThreadLocalRunnable.java:30)
	at java.base/java.lang.Thread.run(Thread.java:829)
2026-02-24 03:06:51.619 - [WARN ] - esl
org.freeswitch.esl.client.inbound.InboundConnectionException: Could not connect to /61.158.166.46:8021
	at org.freeswitch.esl.client.inbound.Client.connect(Client.java:134)
	at cn.psycall.ccmgt.util.FreeSwitchManage.monitor(FreeSwitchManage.java:86)
	at cn.psycall.ccmgt.util.FreeSwitchManage.run(FreeSwitchManage.java:42)
Caused by: io.netty.channel.AbstractChannel$AnnotatedConnectException: Connection refused: /61.158.166.46:8021
Caused by: java.net.ConnectException: Connection refused
	at java.base/sun.nio.ch.SocketChannelImpl.checkConnect(Native Method)
	at java.base/sun.nio.ch.SocketChannelImpl.finishConnect(SocketChannelImpl.java:777)
	at io.netty.channel.socket.nio.NioSocketChannel.doFinishConnect(NioSocketChannel.java:330)
	at io.netty.channel.nio.AbstractNioChannel$AbstractNioUnsafe.finishConnect(AbstractNioChannel.java:334)
	at io.netty.channel.nio.NioEventLoop.processSelectedKey(NioEventLoop.java:707)
	at io.netty.channel.nio.NioEventLoop.processSelectedKeysOptimized(NioEventLoop.java:655)
	at io.netty.channel.nio.NioEventLoop.processSelectedKeys(NioEventLoop.java:581)
	at io.netty.channel.nio.NioEventLoop.run(NioEventLoop.java:493)
	at io.netty.util.concurrent.SingleThreadEventExecutor$4.run(SingleThreadEventExecutor.java:989)
	at io.netty.util.internal.ThreadExecutorMap$2.run(ThreadExecutorMap.java:74)
	at io.netty.util.concurrent.FastThreadLocalRunnable.run(FastThreadLocalRunnable.java:30)
	at java.base/java.lang.Thread.run(Thread.java:829)
2026-02-24 03:06:52.705 - [WARN ] - esl
org.freeswitch.esl.client.inbound.InboundConnectionException: Could not connect to /61.158.166.46:8021
	at org.freeswitch.esl.client.inbound.Client.connect(Client.java:134)
	at cn.psycall.ccmgt.util.FreeSwitchManage.monitor(FreeSwitchManage.java:86)
	at cn.psycall.ccmgt.util.FreeSwitchManage.run(FreeSwitchManage.java:42)
Caused by: io.netty.channel.AbstractChannel$AnnotatedConnectException: Connection refused: /61.158.166.46:8021
Caused by: java.net.ConnectException: Connection refused
	at java.base/sun.nio.ch.SocketChannelImpl.checkConnect(Native Method)
	at java.base/sun.nio.ch.SocketChannelImpl.finishConnect(SocketChannelImpl.java:777)
	at io.netty.channel.socket.nio.NioSocketChannel.doFinishConnect(NioSocketChannel.java:330)
	at io.netty.channel.nio.AbstractNioChannel$AbstractNioUnsafe.finishConnect(AbstractNioChannel.java:334)
	at io.netty.channel.nio.NioEventLoop.processSelectedKey(NioEventLoop.java:707)
	at io.netty.channel.nio.NioEventLoop.processSelectedKeysOptimized(NioEventLoop.java:655)
	at io.netty.channel.nio.NioEventLoop.processSelectedKeys(NioEventLoop.java:581)
	at io.netty.channel.nio.NioEventLoop.run(NioEventLoop.java:493)
	at io.netty.util.concurrent.SingleThreadEventExecutor$4.run(SingleThreadEventExecutor.java:989)
	at io.netty.util.internal.ThreadExecutorMap$2.run(ThreadExecutorMap.java:74)
	at io.netty.util.concurrent.FastThreadLocalRunnable.run(FastThreadLocalRunnable.java:30)
	at java.base/java.lang.Thread.run(Thread.java:829)
2026-02-24 03:06:53.791 - [WARN ] - esl
org.freeswitch.esl.client.inbound.InboundConnectionException: Could not connect to /61.158.166.46:8021
	at org.freeswitch.esl.client.inbound.Client.connect(Client.java:134)
	at cn.psycall.ccmgt.util.FreeSwitchManage.monitor(FreeSwitchManage.java:86)
	at cn.psycall.ccmgt.util.FreeSwitchManage.run(FreeSwitchManage.java:42)
Caused by: io.netty.channel.AbstractChannel$AnnotatedConnectException: Connection refused: /61.158.166.46:8021
Caused by: java.net.ConnectException: Connection refused
	at java.base/sun.nio.ch.SocketChannelImpl.checkConnect(Native Method)
	at java.base/sun.nio.ch.SocketChannelImpl.finishConnect(SocketChannelImpl.java:777)
	at io.netty.channel.socket.nio.NioSocketChannel.doFinishConnect(NioSocketChannel.java:330)
	at io.netty.channel.nio.AbstractNioChannel$AbstractNioUnsafe.finishConnect(AbstractNioChannel.java:334)
	at io.netty.channel.nio.NioEventLoop.processSelectedKey(NioEventLoop.java:707)
	at io.netty.channel.nio.NioEventLoop.processSelectedKeysOptimized(NioEventLoop.java:655)
	at io.netty.channel.nio.NioEventLoop.processSelectedKeys(NioEventLoop.java:581)
	at io.netty.channel.nio.NioEventLoop.run(NioEventLoop.java:493)
	at io.netty.util.concurrent.SingleThreadEventExecutor$4.run(SingleThreadEventExecutor.java:989)
	at io.netty.util.internal.ThreadExecutorMap$2.run(ThreadExecutorMap.java:74)
	at io.netty.util.concurrent.FastThreadLocalRunnable.run(FastThreadLocalRunnable.java:30)
	at java.base/java.lang.Thread.run(Thread.java:829)
2026-02-24 03:06:54.873 - [WARN ] - esl
org.freeswitch.esl.client.inbound.InboundConnectionException: Could not connect to /61.158.166.46:8021
	at org.freeswitch.esl.client.inbound.Client.connect(Client.java:134)
	at cn.psycall.ccmgt.util.FreeSwitchManage.monitor(FreeSwitchManage.java:86)
	at cn.psycall.ccmgt.util.FreeSwitchManage.run(FreeSwitchManage.java:42)
Caused by: io.netty.channel.AbstractChannel$AnnotatedConnectException: Connection refused: /61.158.166.46:8021
Caused by: java.net.ConnectException: Connection refused
	at java.base/sun.nio.ch.SocketChannelImpl.checkConnect(Native Method)
	at java.base/sun.nio.ch.SocketChannelImpl.finishConnect(SocketChannelImpl.java:777)
	at io.netty.channel.socket.nio.NioSocketChannel.doFinishConnect(NioSocketChannel.java:330)
	at io.netty.channel.nio.AbstractNioChannel$AbstractNioUnsafe.finishConnect(AbstractNioChannel.java:334)
	at io.netty.channel.nio.NioEventLoop.processSelectedKey(NioEventLoop.java:707)
	at io.netty.channel.nio.NioEventLoop.processSelectedKeysOptimized(NioEventLoop.java:655)
	at io.netty.channel.nio.NioEventLoop.processSelectedKeys(NioEventLoop.java:581)
	at io.netty.channel.nio.NioEventLoop.run(NioEventLoop.java:493)
	at io.netty.util.concurrent.SingleThreadEventExecutor$4.run(SingleThreadEventExecutor.java:989)
	at io.netty.util.internal.ThreadExecutorMap$2.run(ThreadExecutorMap.java:74)
	at io.netty.util.concurrent.FastThreadLocalRunnable.run(FastThreadLocalRunnable.java:30)
	at java.base/java.lang.Thread.run(Thread.java:829)
2026-02-24 03:06:55.959 - [WARN ] - esl
org.freeswitch.esl.client.inbound.InboundConnectionException: Could not connect to /61.158.166.46:8021
	at org.freeswitch.esl.client.inbound.Client.connect(Client.java:134)
	at cn.psycall.ccmgt.util.FreeSwitchManage.monitor(FreeSwitchManage.java:86)
	at cn.psycall.ccmgt.util.FreeSwitchManage.run(FreeSwitchManage.java:42)
Caused by: io.netty.channel.AbstractChannel$AnnotatedConnectException: Connection refused: /61.158.166.46:8021
Caused by: java.net.ConnectException: Connection refused
	at java.base/sun.nio.ch.SocketChannelImpl.checkConnect(Native Method)
	at java.base/sun.nio.ch.SocketChannelImpl.finishConnect(SocketChannelImpl.java:777)
	at io.netty.channel.socket.nio.NioSocketChannel.doFinishConnect(NioSocketChannel.java:330)
	at io.netty.channel.nio.AbstractNioChannel$AbstractNioUnsafe.finishConnect(AbstractNioChannel.java:334)
	at io.netty.channel.nio.NioEventLoop.processSelectedKey(NioEventLoop.java:707)
	at io.netty.channel.nio.NioEventLoop.processSelectedKeysOptimized(NioEventLoop.java:655)
	at io.netty.channel.nio.NioEventLoop.processSelectedKeys(NioEventLoop.java:581)
	at io.netty.channel.nio.NioEventLoop.run(NioEventLoop.java:493)
	at io.netty.util.concurrent.SingleThreadEventExecutor$4.run(SingleThreadEventExecutor.java:989)
	at io.netty.util.internal.ThreadExecutorMap$2.run(ThreadExecutorMap.java:74)
	at io.netty.util.concurrent.FastThreadLocalRunnable.run(FastThreadLocalRunnable.java:30)
	at java.base/java.lang.Thread.run(Thread.java:829)
2026-02-24 03:06:57.043 - [WARN ] - esl
org.freeswitch.esl.client.inbound.InboundConnectionException: Could not connect to /61.158.166.46:8021
	at org.freeswitch.esl.client.inbound.Client.connect(Client.java:134)
	at cn.psycall.ccmgt.util.FreeSwitchManage.monitor(FreeSwitchManage.java:86)
	at cn.psycall.ccmgt.util.FreeSwitchManage.run(FreeSwitchManage.java:42)
Caused by: io.netty.channel.AbstractChannel$AnnotatedConnectException: Connection refused: /61.158.166.46:8021
Caused by: java.net.ConnectException: Connection refused
	at java.base/sun.nio.ch.SocketChannelImpl.checkConnect(Native Method)
	at java.base/sun.nio.ch.SocketChannelImpl.finishConnect(SocketChannelImpl.java:777)
	at io.netty.channel.socket.nio.NioSocketChannel.doFinishConnect(NioSocketChannel.java:330)
	at io.netty.channel.nio.AbstractNioChannel$AbstractNioUnsafe.finishConnect(AbstractNioChannel.java:334)
	at io.netty.channel.nio.NioEventLoop.processSelectedKey(NioEventLoop.java:707)
	at io.netty.channel.nio.NioEventLoop.processSelectedKeysOptimized(NioEventLoop.java:655)
	at io.netty.channel.nio.NioEventLoop.processSelectedKeys(NioEventLoop.java:581)
	at io.netty.channel.nio.NioEventLoop.run(NioEventLoop.java:493)
	at io.netty.util.concurrent.SingleThreadEventExecutor$4.run(SingleThreadEventExecutor.java:989)
	at io.netty.util.internal.ThreadExecutorMap$2.run(ThreadExecutorMap.java:74)
	at io.netty.util.concurrent.FastThreadLocalRunnable.run(FastThreadLocalRunnable.java:30)
	at java.base/java.lang.Thread.run(Thread.java:829)
2026-02-24 03:06:58.129 - [WARN ] - esl
org.freeswitch.esl.client.inbound.InboundConnectionException: Could not connect to /61.158.166.46:8021
	at org.freeswitch.esl.client.inbound.Client.connect(Client.java:134)
	at cn.psycall.ccmgt.util.FreeSwitchManage.monitor(FreeSwitchManage.java:86)
	at cn.psycall.ccmgt.util.FreeSwitchManage.run(FreeSwitchManage.java:42)
Caused by: io.netty.channel.AbstractChannel$AnnotatedConnectException: Connection refused: /61.158.166.46:8021
Caused by: java.net.ConnectException: Connection refused
	at java.base/sun.nio.ch.SocketChannelImpl.checkConnect(Native Method)
	at java.base/sun.nio.ch.SocketChannelImpl.finishConnect(SocketChannelImpl.java:777)
	at io.netty.channel.socket.nio.NioSocketChannel.doFinishConnect(NioSocketChannel.java:330)
	at io.netty.channel.nio.AbstractNioChannel$AbstractNioUnsafe.finishConnect(AbstractNioChannel.java:334)
	at io.netty.channel.nio.NioEventLoop.processSelectedKey(NioEventLoop.java:707)
	at io.netty.channel.nio.NioEventLoop.processSelectedKeysOptimized(NioEventLoop.java:655)
	at io.netty.channel.nio.NioEventLoop.processSelectedKeys(NioEventLoop.java:581)
	at io.netty.channel.nio.NioEventLoop.run(NioEventLoop.java:493)
	at io.netty.util.concurrent.SingleThreadEventExecutor$4.run(SingleThreadEventExecutor.java:989)
	at io.netty.util.internal.ThreadExecutorMap$2.run(ThreadExecutorMap.java:74)
	at io.netty.util.concurrent.FastThreadLocalRunnable.run(FastThreadLocalRunnable.java:30)
	at java.base/java.lang.Thread.run(Thread.java:829)
2026-02-24 03:06:59.216 - [WARN ] - esl
org.freeswitch.esl.client.inbound.InboundConnectionException: Could not connect to /61.158.166.46:8021
	at org.freeswitch.esl.client.inbound.Client.connect(Client.java:134)
	at cn.psycall.ccmgt.util.FreeSwitchManage.monitor(FreeSwitchManage.java:86)
	at cn.psycall.ccmgt.util.FreeSwitchManage.run(FreeSwitchManage.java:42)
Caused by: io.netty.channel.AbstractChannel$AnnotatedConnectException: Connection refused: /61.158.166.46:8021
Caused by: java.net.ConnectException: Connection refused
	at java.base/sun.nio.ch.SocketChannelImpl.checkConnect(Native Method)
	at java.base/sun.nio.ch.SocketChannelImpl.finishConnect(SocketChannelImpl.java:777)
	at io.netty.channel.socket.nio.NioSocketChannel.doFinishConnect(NioSocketChannel.java:330)
	at io.netty.channel.nio.AbstractNioChannel$AbstractNioUnsafe.finishConnect(AbstractNioChannel.java:334)
	at io.netty.channel.nio.NioEventLoop.processSelectedKey(NioEventLoop.java:707)
	at io.netty.channel.nio.NioEventLoop.processSelectedKeysOptimized(NioEventLoop.java:655)
	at io.netty.channel.nio.NioEventLoop.processSelectedKeys(NioEventLoop.java:581)
	at io.netty.channel.nio.NioEventLoop.run(NioEventLoop.java:493)
	at io.netty.util.concurrent.SingleThreadEventExecutor$4.run(SingleThreadEventExecutor.java:989)
	at io.netty.util.internal.ThreadExecutorMap$2.run(ThreadExecutorMap.java:74)
	at io.netty.util.concurrent.FastThreadLocalRunnable.run(FastThreadLocalRunnable.java:30)
	at java.base/java.lang.Thread.run(Thread.java:829)
2026-02-24 03:07:00.295 - [WARN ] - esl
org.freeswitch.esl.client.inbound.InboundConnectionException: Could not connect to /61.158.166.46:8021
	at org.freeswitch.esl.client.inbound.Client.connect(Client.java:134)
	at cn.psycall.ccmgt.util.FreeSwitchManage.monitor(FreeSwitchManage.java:86)
	at cn.psycall.ccmgt.util.FreeSwitchManage.run(FreeSwitchManage.java:42)
Caused by: io.netty.channel.AbstractChannel$AnnotatedConnectException: Connection refused: /61.158.166.46:8021
Caused by: java.net.ConnectException: Connection refused
	at java.base/sun.nio.ch.SocketChannelImpl.checkConnect(Native Method)
	at java.base/sun.nio.ch.SocketChannelImpl.finishConnect(SocketChannelImpl.java:777)
	at io.netty.channel.socket.nio.NioSocketChannel.doFinishConnect(NioSocketChannel.java:330)
	at io.netty.channel.nio.AbstractNioChannel$AbstractNioUnsafe.finishConnect(AbstractNioChannel.java:334)
	at io.netty.channel.nio.NioEventLoop.processSelectedKey(NioEventLoop.java:707)
	at io.netty.channel.nio.NioEventLoop.processSelectedKeysOptimized(NioEventLoop.java:655)
	at io.netty.channel.nio.NioEventLoop.processSelectedKeys(NioEventLoop.java:581)
	at io.netty.channel.nio.NioEventLoop.run(NioEventLoop.java:493)
	at io.netty.util.concurrent.SingleThreadEventExecutor$4.run(SingleThreadEventExecutor.java:989)
	at io.netty.util.internal.ThreadExecutorMap$2.run(ThreadExecutorMap.java:74)
	at io.netty.util.concurrent.FastThreadLocalRunnable.run(FastThreadLocalRunnable.java:30)
	at java.base/java.lang.Thread.run(Thread.java:829)
2026-02-24 03:07:01.376 - [WARN ] - esl
org.freeswitch.esl.client.inbound.InboundConnectionException: Could not connect to /61.158.166.46:8021
	at org.freeswitch.esl.client.inbound.Client.connect(Client.java:134)
	at cn.psycall.ccmgt.util.FreeSwitchManage.monitor(FreeSwitchManage.java:86)
	at cn.psycall.ccmgt.util.FreeSwitchManage.run(FreeSwitchManage.java:42)
Caused by: io.netty.channel.AbstractChannel$AnnotatedConnectException: Connection refused: /61.158.166.46:8021
Caused by: java.net.ConnectException: Connection refused
	at java.base/sun.nio.ch.SocketChannelImpl.checkConnect(Native Method)
	at java.base/sun.nio.ch.SocketChannelImpl.finishConnect(SocketChannelImpl.java:777)
	at io.netty.channel.socket.nio.NioSocketChannel.doFinishConnect(NioSocketChannel.java:330)
	at io.netty.channel.nio.AbstractNioChannel$AbstractNioUnsafe.finishConnect(AbstractNioChannel.java:334)
	at io.netty.channel.nio.NioEventLoop.processSelectedKey(NioEventLoop.java:707)
	at io.netty.channel.nio.NioEventLoop.processSelectedKeysOptimized(NioEventLoop.java:655)
	at io.netty.channel.nio.NioEventLoop.processSelectedKeys(NioEventLoop.java:581)
	at io.netty.channel.nio.NioEventLoop.run(NioEventLoop.java:493)
	at io.netty.util.concurrent.SingleThreadEventExecutor$4.run(SingleThreadEventExecutor.java:989)
	at io.netty.util.internal.ThreadExecutorMap$2.run(ThreadExecutorMap.java:74)
	at io.netty.util.concurrent.FastThreadLocalRunnable.run(FastThreadLocalRunnable.java:30)
	at java.base/java.lang.Thread.run(Thread.java:829)
2026-02-24 03:07:02.459 - [WARN ] - esl
org.freeswitch.esl.client.inbound.InboundConnectionException: Could not connect to /61.158.166.46:8021
	at org.freeswitch.esl.client.inbound.Client.connect(Client.java:134)
	at cn.psycall.ccmgt.util.FreeSwitchManage.monitor(FreeSwitchManage.java:86)
	at cn.psycall.ccmgt.util.FreeSwitchManage.run(FreeSwitchManage.java:42)
Caused by: io.netty.channel.AbstractChannel$AnnotatedConnectException: Connection refused: /61.158.166.46:8021
Caused by: java.net.ConnectException: Connection refused
	at java.base/sun.nio.ch.SocketChannelImpl.checkConnect(Native Method)
	at java.base/sun.nio.ch.SocketChannelImpl.finishConnect(SocketChannelImpl.java:777)
	at io.netty.channel.socket.nio.NioSocketChannel.doFinishConnect(NioSocketChannel.java:330)
	at io.netty.channel.nio.AbstractNioChannel$AbstractNioUnsafe.finishConnect(AbstractNioChannel.java:334)
	at io.netty.channel.nio.NioEventLoop.processSelectedKey(NioEventLoop.java:707)
	at io.netty.channel.nio.NioEventLoop.processSelectedKeysOptimized(NioEventLoop.java:655)
	at io.netty.channel.nio.NioEventLoop.processSelectedKeys(NioEventLoop.java:581)
	at io.netty.channel.nio.NioEventLoop.run(NioEventLoop.java:493)
	at io.netty.util.concurrent.SingleThreadEventExecutor$4.run(SingleThreadEventExecutor.java:989)
	at io.netty.util.internal.ThreadExecutorMap$2.run(ThreadExecutorMap.java:74)
	at io.netty.util.concurrent.FastThreadLocalRunnable.run(FastThreadLocalRunnable.java:30)
	at java.base/java.lang.Thread.run(Thread.java:829)
2026-02-24 03:07:03.537 - [WARN ] - esl
org.freeswitch.esl.client.inbound.InboundConnectionException: Could not connect to /61.158.166.46:8021
	at org.freeswitch.esl.client.inbound.Client.connect(Client.java:134)
	at cn.psycall.ccmgt.util.FreeSwitchManage.monitor(FreeSwitchManage.java:86)
	at cn.psycall.ccmgt.util.FreeSwitchManage.run(FreeSwitchManage.java:42)
Caused by: io.netty.channel.AbstractChannel$AnnotatedConnectException: Connection refused: /61.158.166.46:8021
Caused by: java.net.ConnectException: Connection refused
	at java.base/sun.nio.ch.SocketChannelImpl.checkConnect(Native Method)
	at java.base/sun.nio.ch.SocketChannelImpl.finishConnect(SocketChannelImpl.java:777)
	at io.netty.channel.socket.nio.NioSocketChannel.doFinishConnect(NioSocketChannel.java:330)
	at io.netty.channel.nio.AbstractNioChannel$AbstractNioUnsafe.finishConnect(AbstractNioChannel.java:334)
	at io.netty.channel.nio.NioEventLoop.processSelectedKey(NioEventLoop.java:707)
	at io.netty.channel.nio.NioEventLoop.processSelectedKeysOptimized(NioEventLoop.java:655)
	at io.netty.channel.nio.NioEventLoop.processSelectedKeys(NioEventLoop.java:581)
	at io.netty.channel.nio.NioEventLoop.run(NioEventLoop.java:493)
	at io.netty.util.concurrent.SingleThreadEventExecutor$4.run(SingleThreadEventExecutor.java:989)
	at io.netty.util.internal.ThreadExecutorMap$2.run(ThreadExecutorMap.java:74)
	at io.netty.util.concurrent.FastThreadLocalRunnable.run(FastThreadLocalRunnable.java:30)
	at java.base/java.lang.Thread.run(Thread.java:829)
2026-02-24 03:07:04.615 - [WARN ] - esl
org.freeswitch.esl.client.inbound.InboundConnectionException: Could not connect to /61.158.166.46:8021
	at org.freeswitch.esl.client.inbound.Client.connect(Client.java:134)
	at cn.psycall.ccmgt.util.FreeSwitchManage.monitor(FreeSwitchManage.java:86)
	at cn.psycall.ccmgt.util.FreeSwitchManage.run(FreeSwitchManage.java:42)
Caused by: io.netty.channel.AbstractChannel$AnnotatedConnectException: Connection refused: /61.158.166.46:8021
Caused by: java.net.ConnectException: Connection refused
	at java.base/sun.nio.ch.SocketChannelImpl.checkConnect(Native Method)
	at java.base/sun.nio.ch.SocketChannelImpl.finishConnect(SocketChannelImpl.java:777)
	at io.netty.channel.socket.nio.NioSocketChannel.doFinishConnect(NioSocketChannel.java:330)
	at io.netty.channel.nio.AbstractNioChannel$AbstractNioUnsafe.finishConnect(AbstractNioChannel.java:334)
	at io.netty.channel.nio.NioEventLoop.processSelectedKey(NioEventLoop.java:707)
	at io.netty.channel.nio.NioEventLoop.processSelectedKeysOptimized(NioEventLoop.java:655)
	at io.netty.channel.nio.NioEventLoop.processSelectedKeys(NioEventLoop.java:581)
	at io.netty.channel.nio.NioEventLoop.run(NioEventLoop.java:493)
	at io.netty.util.concurrent.SingleThreadEventExecutor$4.run(SingleThreadEventExecutor.java:989)
	at io.netty.util.internal.ThreadExecutorMap$2.run(ThreadExecutorMap.java:74)
	at io.netty.util.concurrent.FastThreadLocalRunnable.run(FastThreadLocalRunnable.java:30)
	at java.base/java.lang.Thread.run(Thread.java:829)
2026-02-24 03:07:05.697 - [WARN ] - esl
org.freeswitch.esl.client.inbound.InboundConnectionException: Could not connect to /61.158.166.46:8021
	at org.freeswitch.esl.client.inbound.Client.connect(Client.java:134)
	at cn.psycall.ccmgt.util.FreeSwitchManage.monitor(FreeSwitchManage.java:86)
	at cn.psycall.ccmgt.util.FreeSwitchManage.run(FreeSwitchManage.java:42)
Caused by: io.netty.channel.AbstractChannel$AnnotatedConnectException: Connection refused: /61.158.166.46:8021
Caused by: java.net.ConnectException: Connection refused
	at java.base/sun.nio.ch.SocketChannelImpl.checkConnect(Native Method)
	at java.base/sun.nio.ch.SocketChannelImpl.finishConnect(SocketChannelImpl.java:777)
	at io.netty.channel.socket.nio.NioSocketChannel.doFinishConnect(NioSocketChannel.java:330)
	at io.netty.channel.nio.AbstractNioChannel$AbstractNioUnsafe.finishConnect(AbstractNioChannel.java:334)
	at io.netty.channel.nio.NioEventLoop.processSelectedKey(NioEventLoop.java:707)
	at io.netty.channel.nio.NioEventLoop.processSelectedKeysOptimized(NioEventLoop.java:655)
	at io.netty.channel.nio.NioEventLoop.processSelectedKeys(NioEventLoop.java:581)
	at io.netty.channel.nio.NioEventLoop.run(NioEventLoop.java:493)
	at io.netty.util.concurrent.SingleThreadEventExecutor$4.run(SingleThreadEventExecutor.java:989)
	at io.netty.util.internal.ThreadExecutorMap$2.run(ThreadExecutorMap.java:74)
	at io.netty.util.concurrent.FastThreadLocalRunnable.run(FastThreadLocalRunnable.java:30)
	at java.base/java.lang.Thread.run(Thread.java:829)
2026-02-24 03:07:06.780 - [WARN ] - esl
org.freeswitch.esl.client.inbound.InboundConnectionException: Could not connect to /61.158.166.46:8021
	at org.freeswitch.esl.client.inbound.Client.connect(Client.java:134)
	at cn.psycall.ccmgt.util.FreeSwitchManage.monitor(FreeSwitchManage.java:86)
	at cn.psycall.ccmgt.util.FreeSwitchManage.run(FreeSwitchManage.java:42)
Caused by: io.netty.channel.AbstractChannel$AnnotatedConnectException: Connection refused: /61.158.166.46:8021
Caused by: java.net.ConnectException: Connection refused
	at java.base/sun.nio.ch.SocketChannelImpl.checkConnect(Native Method)
	at java.base/sun.nio.ch.SocketChannelImpl.finishConnect(SocketChannelImpl.java:777)
	at io.netty.channel.socket.nio.NioSocketChannel.doFinishConnect(NioSocketChannel.java:330)
	at io.netty.channel.nio.AbstractNioChannel$AbstractNioUnsafe.finishConnect(AbstractNioChannel.java:334)
	at io.netty.channel.nio.NioEventLoop.processSelectedKey(NioEventLoop.java:707)
	at io.netty.channel.nio.NioEventLoop.processSelectedKeysOptimized(NioEventLoop.java:655)
	at io.netty.channel.nio.NioEventLoop.processSelectedKeys(NioEventLoop.java:581)
	at io.netty.channel.nio.NioEventLoop.run(NioEventLoop.java:493)
	at io.netty.util.concurrent.SingleThreadEventExecutor$4.run(SingleThreadEventExecutor.java:989)
	at io.netty.util.internal.ThreadExecutorMap$2.run(ThreadExecutorMap.java:74)
	at io.netty.util.concurrent.FastThreadLocalRunnable.run(FastThreadLocalRunnable.java:30)
	at java.base/java.lang.Thread.run(Thread.java:829)
2026-02-24 03:07:07.865 - [WARN ] - esl
org.freeswitch.esl.client.inbound.InboundConnectionException: Could not connect to /61.158.166.46:8021
	at org.freeswitch.esl.client.inbound.Client.connect(Client.java:134)
	at cn.psycall.ccmgt.util.FreeSwitchManage.monitor(FreeSwitchManage.java:86)
	at cn.psycall.ccmgt.util.FreeSwitchManage.run(FreeSwitchManage.java:42)
Caused by: io.netty.channel.AbstractChannel$AnnotatedConnectException: Connection refused: /61.158.166.46:8021
Caused by: java.net.ConnectException: Connection refused
	at java.base/sun.nio.ch.SocketChannelImpl.checkConnect(Native Method)
	at java.base/sun.nio.ch.SocketChannelImpl.finishConnect(SocketChannelImpl.java:777)
	at io.netty.channel.socket.nio.NioSocketChannel.doFinishConnect(NioSocketChannel.java:330)
	at io.netty.channel.nio.AbstractNioChannel$AbstractNioUnsafe.finishConnect(AbstractNioChannel.java:334)
	at io.netty.channel.nio.NioEventLoop.processSelectedKey(NioEventLoop.java:707)
	at io.netty.channel.nio.NioEventLoop.processSelectedKeysOptimized(NioEventLoop.java:655)
	at io.netty.channel.nio.NioEventLoop.processSelectedKeys(NioEventLoop.java:581)
	at io.netty.channel.nio.NioEventLoop.run(NioEventLoop.java:493)
	at io.netty.util.concurrent.SingleThreadEventExecutor$4.run(SingleThreadEventExecutor.java:989)
	at io.netty.util.internal.ThreadExecutorMap$2.run(ThreadExecutorMap.java:74)
	at io.netty.util.concurrent.FastThreadLocalRunnable.run(FastThreadLocalRunnable.java:30)
	at java.base/java.lang.Thread.run(Thread.java:829)
2026-02-24 03:07:08.947 - [WARN ] - esl
org.freeswitch.esl.client.inbound.InboundConnectionException: Could not connect to /61.158.166.46:8021
	at org.freeswitch.esl.client.inbound.Client.connect(Client.java:134)
	at cn.psycall.ccmgt.util.FreeSwitchManage.monitor(FreeSwitchManage.java:86)
	at cn.psycall.ccmgt.util.FreeSwitchManage.run(FreeSwitchManage.java:42)
Caused by: io.netty.channel.AbstractChannel$AnnotatedConnectException: Connection refused: /61.158.166.46:8021
Caused by: java.net.ConnectException: Connection refused
	at java.base/sun.nio.ch.SocketChannelImpl.checkConnect(Native Method)
	at java.base/sun.nio.ch.SocketChannelImpl.finishConnect(SocketChannelImpl.java:777)
	at io.netty.channel.socket.nio.NioSocketChannel.doFinishConnect(NioSocketChannel.java:330)
	at io.netty.channel.nio.AbstractNioChannel$AbstractNioUnsafe.finishConnect(AbstractNioChannel.java:334)
	at io.netty.channel.nio.NioEventLoop.processSelectedKey(NioEventLoop.java:707)
	at io.netty.channel.nio.NioEventLoop.processSelectedKeysOptimized(NioEventLoop.java:655)
	at io.netty.channel.nio.NioEventLoop.processSelectedKeys(NioEventLoop.java:581)
	at io.netty.channel.nio.NioEventLoop.run(NioEventLoop.java:493)
	at io.netty.util.concurrent.SingleThreadEventExecutor$4.run(SingleThreadEventExecutor.java:989)
	at io.netty.util.internal.ThreadExecutorMap$2.run(ThreadExecutorMap.java:74)
	at io.netty.util.concurrent.FastThreadLocalRunnable.run(FastThreadLocalRunnable.java:30)
	at java.base/java.lang.Thread.run(Thread.java:829)
2026-02-24 03:07:10.027 - [WARN ] - esl
org.freeswitch.esl.client.inbound.InboundConnectionException: Could not connect to /61.158.166.46:8021
	at org.freeswitch.esl.client.inbound.Client.connect(Client.java:134)
	at cn.psycall.ccmgt.util.FreeSwitchManage.monitor(FreeSwitchManage.java:86)
	at cn.psycall.ccmgt.util.FreeSwitchManage.run(FreeSwitchManage.java:42)
Caused by: io.netty.channel.AbstractChannel$AnnotatedConnectException: Connection refused: /61.158.166.46:8021
Caused by: java.net.ConnectException: Connection refused
	at java.base/sun.nio.ch.SocketChannelImpl.checkConnect(Native Method)
	at java.base/sun.nio.ch.SocketChannelImpl.finishConnect(SocketChannelImpl.java:777)
	at io.netty.channel.socket.nio.NioSocketChannel.doFinishConnect(NioSocketChannel.java:330)
	at io.netty.channel.nio.AbstractNioChannel$AbstractNioUnsafe.finishConnect(AbstractNioChannel.java:334)
	at io.netty.channel.nio.NioEventLoop.processSelectedKey(NioEventLoop.java:707)
	at io.netty.channel.nio.NioEventLoop.processSelectedKeysOptimized(NioEventLoop.java:655)
	at io.netty.channel.nio.NioEventLoop.processSelectedKeys(NioEventLoop.java:581)
	at io.netty.channel.nio.NioEventLoop.run(NioEventLoop.java:493)
	at io.netty.util.concurrent.SingleThreadEventExecutor$4.run(SingleThreadEventExecutor.java:989)
	at io.netty.util.internal.ThreadExecutorMap$2.run(ThreadExecutorMap.java:74)
	at io.netty.util.concurrent.FastThreadLocalRunnable.run(FastThreadLocalRunnable.java:30)
	at java.base/java.lang.Thread.run(Thread.java:829)
2026-02-24 03:07:11.110 - [WARN ] - esl
org.freeswitch.esl.client.inbound.InboundConnectionException: Could not connect to /61.158.166.46:8021
	at org.freeswitch.esl.client.inbound.Client.connect(Client.java:134)
	at cn.psycall.ccmgt.util.FreeSwitchManage.monitor(FreeSwitchManage.java:86)
	at cn.psycall.ccmgt.util.FreeSwitchManage.run(FreeSwitchManage.java:42)
Caused by: io.netty.channel.AbstractChannel$AnnotatedConnectException: Connection refused: /61.158.166.46:8021
Caused by: java.net.ConnectException: Connection refused
	at java.base/sun.nio.ch.SocketChannelImpl.checkConnect(Native Method)
	at java.base/sun.nio.ch.SocketChannelImpl.finishConnect(SocketChannelImpl.java:777)
	at io.netty.channel.socket.nio.NioSocketChannel.doFinishConnect(NioSocketChannel.java:330)
	at io.netty.channel.nio.AbstractNioChannel$AbstractNioUnsafe.finishConnect(AbstractNioChannel.java:334)
	at io.netty.channel.nio.NioEventLoop.processSelectedKey(NioEventLoop.java:707)
	at io.netty.channel.nio.NioEventLoop.processSelectedKeysOptimized(NioEventLoop.java:655)
	at io.netty.channel.nio.NioEventLoop.processSelectedKeys(NioEventLoop.java:581)
	at io.netty.channel.nio.NioEventLoop.run(NioEventLoop.java:493)
	at io.netty.util.concurrent.SingleThreadEventExecutor$4.run(SingleThreadEventExecutor.java:989)
	at io.netty.util.internal.ThreadExecutorMap$2.run(ThreadExecutorMap.java:74)
	at io.netty.util.concurrent.FastThreadLocalRunnable.run(FastThreadLocalRunnable.java:30)
	at java.base/java.lang.Thread.run(Thread.java:829)
2026-02-24 03:07:12.198 - [WARN ] - esl
org.freeswitch.esl.client.inbound.InboundConnectionException: Could not connect to /61.158.166.46:8021
	at org.freeswitch.esl.client.inbound.Client.connect(Client.java:134)
	at cn.psycall.ccmgt.util.FreeSwitchManage.monitor(FreeSwitchManage.java:86)
	at cn.psycall.ccmgt.util.FreeSwitchManage.run(FreeSwitchManage.java:42)
Caused by: io.netty.channel.AbstractChannel$AnnotatedConnectException: Connection refused: /61.158.166.46:8021
Caused by: java.net.ConnectException: Connection refused
	at java.base/sun.nio.ch.SocketChannelImpl.checkConnect(Native Method)
	at java.base/sun.nio.ch.SocketChannelImpl.finishConnect(SocketChannelImpl.java:777)
	at io.netty.channel.socket.nio.NioSocketChannel.doFinishConnect(NioSocketChannel.java:330)
	at io.netty.channel.nio.AbstractNioChannel$AbstractNioUnsafe.finishConnect(AbstractNioChannel.java:334)
	at io.netty.channel.nio.NioEventLoop.processSelectedKey(NioEventLoop.java:707)
	at io.netty.channel.nio.NioEventLoop.processSelectedKeysOptimized(NioEventLoop.java:655)
	at io.netty.channel.nio.NioEventLoop.processSelectedKeys(NioEventLoop.java:581)
	at io.netty.channel.nio.NioEventLoop.run(NioEventLoop.java:493)
	at io.netty.util.concurrent.SingleThreadEventExecutor$4.run(SingleThreadEventExecutor.java:989)
	at io.netty.util.internal.ThreadExecutorMap$2.run(ThreadExecutorMap.java:74)
	at io.netty.util.concurrent.FastThreadLocalRunnable.run(FastThreadLocalRunnable.java:30)
	at java.base/java.lang.Thread.run(Thread.java:829)
2026-02-24 03:07:13.277 - [WARN ] - esl
org.freeswitch.esl.client.inbound.InboundConnectionException: Could not connect to /61.158.166.46:8021
	at org.freeswitch.esl.client.inbound.Client.connect(Client.java:134)
	at cn.psycall.ccmgt.util.FreeSwitchManage.monitor(FreeSwitchManage.java:86)
	at cn.psycall.ccmgt.util.FreeSwitchManage.run(FreeSwitchManage.java:42)
Caused by: io.netty.channel.AbstractChannel$AnnotatedConnectException: Connection refused: /61.158.166.46:8021
Caused by: java.net.ConnectException: Connection refused
	at java.base/sun.nio.ch.SocketChannelImpl.checkConnect(Native Method)
	at java.base/sun.nio.ch.SocketChannelImpl.finishConnect(SocketChannelImpl.java:777)
	at io.netty.channel.socket.nio.NioSocketChannel.doFinishConnect(NioSocketChannel.java:330)
	at io.netty.channel.nio.AbstractNioChannel$AbstractNioUnsafe.finishConnect(AbstractNioChannel.java:334)
	at io.netty.channel.nio.NioEventLoop.processSelectedKey(NioEventLoop.java:707)
	at io.netty.channel.nio.NioEventLoop.processSelectedKeysOptimized(NioEventLoop.java:655)
	at io.netty.channel.nio.NioEventLoop.processSelectedKeys(NioEventLoop.java:581)
	at io.netty.channel.nio.NioEventLoop.run(NioEventLoop.java:493)
	at io.netty.util.concurrent.SingleThreadEventExecutor$4.run(SingleThreadEventExecutor.java:989)
	at io.netty.util.internal.ThreadExecutorMap$2.run(ThreadExecutorMap.java:74)
	at io.netty.util.concurrent.FastThreadLocalRunnable.run(FastThreadLocalRunnable.java:30)
	at java.base/java.lang.Thread.run(Thread.java:829)
2026-02-24 03:07:14.354 - [WARN ] - esl
org.freeswitch.esl.client.inbound.InboundConnectionException: Could not connect to /61.158.166.46:8021
	at org.freeswitch.esl.client.inbound.Client.connect(Client.java:134)
	at cn.psycall.ccmgt.util.FreeSwitchManage.monitor(FreeSwitchManage.java:86)
	at cn.psycall.ccmgt.util.FreeSwitchManage.run(FreeSwitchManage.java:42)
Caused by: io.netty.channel.AbstractChannel$AnnotatedConnectException: Connection refused: /61.158.166.46:8021
Caused by: java.net.ConnectException: Connection refused
	at java.base/sun.nio.ch.SocketChannelImpl.checkConnect(Native Method)
	at java.base/sun.nio.ch.SocketChannelImpl.finishConnect(SocketChannelImpl.java:777)
	at io.netty.channel.socket.nio.NioSocketChannel.doFinishConnect(NioSocketChannel.java:330)
	at io.netty.channel.nio.AbstractNioChannel$AbstractNioUnsafe.finishConnect(AbstractNioChannel.java:334)
	at io.netty.channel.nio.NioEventLoop.processSelectedKey(NioEventLoop.java:707)
	at io.netty.channel.nio.NioEventLoop.processSelectedKeysOptimized(NioEventLoop.java:655)
	at io.netty.channel.nio.NioEventLoop.processSelectedKeys(NioEventLoop.java:581)
	at io.netty.channel.nio.NioEventLoop.run(NioEventLoop.java:493)
	at io.netty.util.concurrent.SingleThreadEventExecutor$4.run(SingleThreadEventExecutor.java:989)
	at io.netty.util.internal.ThreadExecutorMap$2.run(ThreadExecutorMap.java:74)
	at io.netty.util.concurrent.FastThreadLocalRunnable.run(FastThreadLocalRunnable.java:30)
	at java.base/java.lang.Thread.run(Thread.java:829)
2026-02-24 03:07:15.415 - [WARN ] - esl
org.freeswitch.esl.client.inbound.InboundConnectionException: Could not connect to /61.158.166.46:8021
	at org.freeswitch.esl.client.inbound.Client.connect(Client.java:134)
	at cn.psycall.ccmgt.util.FreeSwitchManage.monitor(FreeSwitchManage.java:86)
	at cn.psycall.ccmgt.util.FreeSwitchManage.run(FreeSwitchManage.java:42)
Caused by: io.netty.channel.AbstractChannel$AnnotatedConnectException: Connection refused: /61.158.166.46:8021
Caused by: java.net.ConnectException: Connection refused
	at java.base/sun.nio.ch.SocketChannelImpl.checkConnect(Native Method)
	at java.base/sun.nio.ch.SocketChannelImpl.finishConnect(SocketChannelImpl.java:777)
	at io.netty.channel.socket.nio.NioSocketChannel.doFinishConnect(NioSocketChannel.java:330)
	at io.netty.channel.nio.AbstractNioChannel$AbstractNioUnsafe.finishConnect(AbstractNioChannel.java:334)
	at io.netty.channel.nio.NioEventLoop.processSelectedKey(NioEventLoop.java:707)
	at io.netty.channel.nio.NioEventLoop.processSelectedKeysOptimized(NioEventLoop.java:655)
	at io.netty.channel.nio.NioEventLoop.processSelectedKeys(NioEventLoop.java:581)
	at io.netty.channel.nio.NioEventLoop.run(NioEventLoop.java:493)
	at io.netty.util.concurrent.SingleThreadEventExecutor$4.run(SingleThreadEventExecutor.java:989)
	at io.netty.util.internal.ThreadExecutorMap$2.run(ThreadExecutorMap.java:74)
	at io.netty.util.concurrent.FastThreadLocalRunnable.run(FastThreadLocalRunnable.java:30)
	at java.base/java.lang.Thread.run(Thread.java:829)
2026-02-24 03:07:16.500 - [WARN ] - esl
org.freeswitch.esl.client.inbound.InboundConnectionException: Could not connect to /61.158.166.46:8021
	at org.freeswitch.esl.client.inbound.Client.connect(Client.java:134)
	at cn.psycall.ccmgt.util.FreeSwitchManage.monitor(FreeSwitchManage.java:86)
	at cn.psycall.ccmgt.util.FreeSwitchManage.run(FreeSwitchManage.java:42)
Caused by: io.netty.channel.AbstractChannel$AnnotatedConnectException: Connection refused: /61.158.166.46:8021
Caused by: java.net.ConnectException: Connection refused
	at java.base/sun.nio.ch.SocketChannelImpl.checkConnect(Native Method)
	at java.base/sun.nio.ch.SocketChannelImpl.finishConnect(SocketChannelImpl.java:777)
	at io.netty.channel.socket.nio.NioSocketChannel.doFinishConnect(NioSocketChannel.java:330)
	at io.netty.channel.nio.AbstractNioChannel$AbstractNioUnsafe.finishConnect(AbstractNioChannel.java:334)
	at io.netty.channel.nio.NioEventLoop.processSelectedKey(NioEventLoop.java:707)
	at io.netty.channel.nio.NioEventLoop.processSelectedKeysOptimized(NioEventLoop.java:655)
	at io.netty.channel.nio.NioEventLoop.processSelectedKeys(NioEventLoop.java:581)
	at io.netty.channel.nio.NioEventLoop.run(NioEventLoop.java:493)
	at io.netty.util.concurrent.SingleThreadEventExecutor$4.run(SingleThreadEventExecutor.java:989)
	at io.netty.util.internal.ThreadExecutorMap$2.run(ThreadExecutorMap.java:74)
	at io.netty.util.concurrent.FastThreadLocalRunnable.run(FastThreadLocalRunnable.java:30)
	at java.base/java.lang.Thread.run(Thread.java:829)
2026-02-24 03:07:17.581 - [WARN ] - esl
org.freeswitch.esl.client.inbound.InboundConnectionException: Could not connect to /61.158.166.46:8021
	at org.freeswitch.esl.client.inbound.Client.connect(Client.java:134)
	at cn.psycall.ccmgt.util.FreeSwitchManage.monitor(FreeSwitchManage.java:86)
	at cn.psycall.ccmgt.util.FreeSwitchManage.run(FreeSwitchManage.java:42)
Caused by: io.netty.channel.AbstractChannel$AnnotatedConnectException: Connection refused: /61.158.166.46:8021
Caused by: java.net.ConnectException: Connection refused
	at java.base/sun.nio.ch.SocketChannelImpl.checkConnect(Native Method)
	at java.base/sun.nio.ch.SocketChannelImpl.finishConnect(SocketChannelImpl.java:777)
	at io.netty.channel.socket.nio.NioSocketChannel.doFinishConnect(NioSocketChannel.java:330)
	at io.netty.channel.nio.AbstractNioChannel$AbstractNioUnsafe.finishConnect(AbstractNioChannel.java:334)
	at io.netty.channel.nio.NioEventLoop.processSelectedKey(NioEventLoop.java:707)
	at io.netty.channel.nio.NioEventLoop.processSelectedKeysOptimized(NioEventLoop.java:655)
	at io.netty.channel.nio.NioEventLoop.processSelectedKeys(NioEventLoop.java:581)
	at io.netty.channel.nio.NioEventLoop.run(NioEventLoop.java:493)
	at io.netty.util.concurrent.SingleThreadEventExecutor$4.run(SingleThreadEventExecutor.java:989)
	at io.netty.util.internal.ThreadExecutorMap$2.run(ThreadExecutorMap.java:74)
	at io.netty.util.concurrent.FastThreadLocalRunnable.run(FastThreadLocalRunnable.java:30)
	at java.base/java.lang.Thread.run(Thread.java:829)
2026-02-24 03:07:18.663 - [WARN ] - esl
org.freeswitch.esl.client.inbound.InboundConnectionException: Could not connect to /61.158.166.46:8021
	at org.freeswitch.esl.client.inbound.Client.connect(Client.java:134)
	at cn.psycall.ccmgt.util.FreeSwitchManage.monitor(FreeSwitchManage.java:86)
	at cn.psycall.ccmgt.util.FreeSwitchManage.run(FreeSwitchManage.java:42)
Caused by: io.netty.channel.AbstractChannel$AnnotatedConnectException: Connection refused: /61.158.166.46:8021
Caused by: java.net.ConnectException: Connection refused
	at java.base/sun.nio.ch.SocketChannelImpl.checkConnect(Native Method)
	at java.base/sun.nio.ch.SocketChannelImpl.finishConnect(SocketChannelImpl.java:777)
	at io.netty.channel.socket.nio.NioSocketChannel.doFinishConnect(NioSocketChannel.java:330)
	at io.netty.channel.nio.AbstractNioChannel$AbstractNioUnsafe.finishConnect(AbstractNioChannel.java:334)
	at io.netty.channel.nio.NioEventLoop.processSelectedKey(NioEventLoop.java:707)
	at io.netty.channel.nio.NioEventLoop.processSelectedKeysOptimized(NioEventLoop.java:655)
	at io.netty.channel.nio.NioEventLoop.processSelectedKeys(NioEventLoop.java:581)
	at io.netty.channel.nio.NioEventLoop.run(NioEventLoop.java:493)
	at io.netty.util.concurrent.SingleThreadEventExecutor$4.run(SingleThreadEventExecutor.java:989)
	at io.netty.util.internal.ThreadExecutorMap$2.run(ThreadExecutorMap.java:74)
	at io.netty.util.concurrent.FastThreadLocalRunnable.run(FastThreadLocalRunnable.java:30)
	at java.base/java.lang.Thread.run(Thread.java:829)
2026-02-24 03:07:19.743 - [WARN ] - esl
org.freeswitch.esl.client.inbound.InboundConnectionException: Could not connect to /61.158.166.46:8021
	at org.freeswitch.esl.client.inbound.Client.connect(Client.java:134)
	at cn.psycall.ccmgt.util.FreeSwitchManage.monitor(FreeSwitchManage.java:86)
	at cn.psycall.ccmgt.util.FreeSwitchManage.run(FreeSwitchManage.java:42)
Caused by: io.netty.channel.AbstractChannel$AnnotatedConnectException: Connection refused: /61.158.166.46:8021
Caused by: java.net.ConnectException: Connection refused
	at java.base/sun.nio.ch.SocketChannelImpl.checkConnect(Native Method)
	at java.base/sun.nio.ch.SocketChannelImpl.finishConnect(SocketChannelImpl.java:777)
	at io.netty.channel.socket.nio.NioSocketChannel.doFinishConnect(NioSocketChannel.java:330)
	at io.netty.channel.nio.AbstractNioChannel$AbstractNioUnsafe.finishConnect(AbstractNioChannel.java:334)
	at io.netty.channel.nio.NioEventLoop.processSelectedKey(NioEventLoop.java:707)
	at io.netty.channel.nio.NioEventLoop.processSelectedKeysOptimized(NioEventLoop.java:655)
	at io.netty.channel.nio.NioEventLoop.processSelectedKeys(NioEventLoop.java:581)
	at io.netty.channel.nio.NioEventLoop.run(NioEventLoop.java:493)
	at io.netty.util.concurrent.SingleThreadEventExecutor$4.run(SingleThreadEventExecutor.java:989)
	at io.netty.util.internal.ThreadExecutorMap$2.run(ThreadExecutorMap.java:74)
	at io.netty.util.concurrent.FastThreadLocalRunnable.run(FastThreadLocalRunnable.java:30)
	at java.base/java.lang.Thread.run(Thread.java:829)
2026-02-24 03:07:21.037 - [WARN ] - conn_rabbit_mq
org.springframework.web.client.ResourceAccessException: I/O error on POST request for "http://61.158.166.46:8888/command/conn_rabbit_mq": Connect to 61.158.166.46:8888 [/61.158.166.46] failed: Connection refused (Connection refused); nested exception is org.apache.http.conn.HttpHostConnectException: Connect to 61.158.166.46:8888 [/61.158.166.46] failed: Connection refused (Connection refused)
	at org.springframework.web.client.RestTemplate.doExecute(RestTemplate.java:791)
	at org.springframework.web.client.RestTemplate.execute(RestTemplate.java:717)
	at org.springframework.web.client.RestTemplate.exchange(RestTemplate.java:608)
	at cn.psycall.ccmgt.util.FreeSwitchManage.conn_rabbit_mq(FreeSwitchManage.java:272)
	at cn.psycall.ccmgt.util.FreeSwitchManage.monitor(FreeSwitchManage.java:89)
	at cn.psycall.ccmgt.util.FreeSwitchManage.run(FreeSwitchManage.java:42)
Caused by: org.apache.http.conn.HttpHostConnectException: Connect to 61.158.166.46:8888 [/61.158.166.46] failed: Connection refused (Connection refused)
	at org.apache.http.impl.conn.DefaultHttpClientConnectionOperator.connect(DefaultHttpClientConnectionOperator.java:156)
	at org.apache.http.impl.conn.PoolingHttpClientConnectionManager.connect(PoolingHttpClientConnectionManager.java:376)
	at org.apache.http.impl.execchain.MainClientExec.establishRoute(MainClientExec.java:393)
	at org.apache.http.impl.execchain.MainClientExec.execute(MainClientExec.java:236)
	at org.apache.http.impl.execchain.ProtocolExec.execute(ProtocolExec.java:186)
	at org.apache.http.impl.execchain.RetryExec.execute(RetryExec.java:89)
	at org.apache.http.impl.execchain.RedirectExec.execute(RedirectExec.java:110)
	at org.apache.http.impl.client.InternalHttpClient.doExecute(InternalHttpClient.java:185)
	at org.apache.http.impl.client.CloseableHttpClient.execute(CloseableHttpClient.java:83)
	at org.apache.http.impl.client.CloseableHttpClient.execute(CloseableHttpClient.java:56)
	at org.springframework.http.client.HttpComponentsClientHttpRequest.executeInternal(HttpComponentsClientHttpRequest.java:87)
	at org.springframework.http.client.AbstractBufferingClientHttpRequest.executeInternal(AbstractBufferingClientHttpRequest.java:48)
	at org.springframework.http.client.AbstractClientHttpRequest.execute(AbstractClientHttpRequest.java:66)
	at org.springframework.web.client.RestTemplate.doExecute(RestTemplate.java:782)
	... 5 common frames omitted
Caused by: java.net.ConnectException: Connection refused (Connection refused)
	at java.base/java.net.PlainSocketImpl.socketConnect(Native Method)
	at java.base/java.net.AbstractPlainSocketImpl.doConnect(AbstractPlainSocketImpl.java:412)
	at java.base/java.net.AbstractPlainSocketImpl.connectToAddress(AbstractPlainSocketImpl.java:255)
	at java.base/java.net.AbstractPlainSocketImpl.connect(AbstractPlainSocketImpl.java:237)
	at java.base/java.net.SocksSocketImpl.connect(SocksSocketImpl.java:392)
	at java.base/java.net.Socket.connect(Socket.java:609)
	at org.apache.http.conn.socket.PlainConnectionSocketFactory.connectSocket(PlainConnectionSocketFactory.java:75)
	at org.apache.http.impl.conn.DefaultHttpClientConnectionOperator.connect(DefaultHttpClientConnectionOperator.java:142)
	... 18 common frames omitted
2026-02-24 03:07:22.316 - [WARN ] - conn_rabbit_mq
org.springframework.web.client.ResourceAccessException: I/O error on POST request for "http://61.158.166.46:8888/command/conn_rabbit_mq": Connect to 61.158.166.46:8888 [/61.158.166.46] failed: Connection refused (Connection refused); nested exception is org.apache.http.conn.HttpHostConnectException: Connect to 61.158.166.46:8888 [/61.158.166.46] failed: Connection refused (Connection refused)
	at org.springframework.web.client.RestTemplate.doExecute(RestTemplate.java:791)
	at org.springframework.web.client.RestTemplate.execute(RestTemplate.java:717)
	at org.springframework.web.client.RestTemplate.exchange(RestTemplate.java:608)
	at cn.psycall.ccmgt.util.FreeSwitchManage.conn_rabbit_mq(FreeSwitchManage.java:272)
	at cn.psycall.ccmgt.util.FreeSwitchManage.monitor(FreeSwitchManage.java:89)
	at cn.psycall.ccmgt.util.FreeSwitchManage.run(FreeSwitchManage.java:42)
Caused by: org.apache.http.conn.HttpHostConnectException: Connect to 61.158.166.46:8888 [/61.158.166.46] failed: Connection refused (Connection refused)
	at org.apache.http.impl.conn.DefaultHttpClientConnectionOperator.connect(DefaultHttpClientConnectionOperator.java:156)
	at org.apache.http.impl.conn.PoolingHttpClientConnectionManager.connect(PoolingHttpClientConnectionManager.java:376)
	at org.apache.http.impl.execchain.MainClientExec.establishRoute(MainClientExec.java:393)
	at org.apache.http.impl.execchain.MainClientExec.execute(MainClientExec.java:236)
	at org.apache.http.impl.execchain.ProtocolExec.execute(ProtocolExec.java:186)
	at org.apache.http.impl.execchain.RetryExec.execute(RetryExec.java:89)
	at org.apache.http.impl.execchain.RedirectExec.execute(RedirectExec.java:110)
	at org.apache.http.impl.client.InternalHttpClient.doExecute(InternalHttpClient.java:185)
	at org.apache.http.impl.client.CloseableHttpClient.execute(CloseableHttpClient.java:83)
	at org.apache.http.impl.client.CloseableHttpClient.execute(CloseableHttpClient.java:56)
	at org.springframework.http.client.HttpComponentsClientHttpRequest.executeInternal(HttpComponentsClientHttpRequest.java:87)
	at org.springframework.http.client.AbstractBufferingClientHttpRequest.executeInternal(AbstractBufferingClientHttpRequest.java:48)
	at org.springframework.http.client.AbstractClientHttpRequest.execute(AbstractClientHttpRequest.java:66)
	at org.springframework.web.client.RestTemplate.doExecute(RestTemplate.java:782)
	... 5 common frames omitted
Caused by: java.net.ConnectException: Connection refused (Connection refused)
	at java.base/java.net.PlainSocketImpl.socketConnect(Native Method)
	at java.base/java.net.AbstractPlainSocketImpl.doConnect(AbstractPlainSocketImpl.java:412)
	at java.base/java.net.AbstractPlainSocketImpl.connectToAddress(AbstractPlainSocketImpl.java:255)
	at java.base/java.net.AbstractPlainSocketImpl.connect(AbstractPlainSocketImpl.java:237)
	at java.base/java.net.SocksSocketImpl.connect(SocksSocketImpl.java:392)
	at java.base/java.net.Socket.connect(Socket.java:609)
	at org.apache.http.conn.socket.PlainConnectionSocketFactory.connectSocket(PlainConnectionSocketFactory.java:75)
	at org.apache.http.impl.conn.DefaultHttpClientConnectionOperator.connect(DefaultHttpClientConnectionOperator.java:142)
	... 18 common frames omitted
2026-02-24 03:07:32.903 - [INFO ] - internal->61.158.166.46:5060
2026-02-24 03:07:32.904 - [INFO ] - ESL Client connected ..(61.158.166.46:8021[156ed2c4-e018-4c22-b302-e3cf0edec24c])
2026-02-24 03:07:33.634 - [INFO ] - internal_sip_port->5060
2026-02-24 03:07:33.634 - [INFO ] - external_sip_port->5080
2026-02-24 03:07:39.406 - [INFO ] - fs[156ed2c4-e018-4c22-b302-e3cf0edec24c] CallThread start
2026-02-24 04:06:09.204 - [INFO ] - hikari-pool - Shutdown initiated...
2026-02-24 04:06:09.212 - [INFO ] - hikari-pool - Shutdown completed.
2026-02-24 04:08:09.704 - [INFO ] - Starting CcmgtApplication v1.0 using Java 11.0.29 on 142-0 with PID 4795 (/usr/local/cc/ccmgt-1.0.jar started by root in /usr/local/cc)
2026-02-24 04:08:09.735 - [INFO ] - No active profile set, falling back to default profiles: default
2026-02-24 04:08:19.483 - [INFO ] - Initializing ProtocolHandler ["http-nio-8020"]
2026-02-24 04:08:19.487 - [INFO ] - Starting service [Tomcat]
2026-02-24 04:08:19.488 - [INFO ] - Starting Servlet engine: [Apache Tomcat/9.0.41]
2026-02-24 04:08:19.818 - [INFO ] - Initializing Spring embedded WebApplicationContext
2026-02-24 04:08:27.083 - [INFO ] - Starting ProtocolHandler ["http-nio-8020"]
2026-02-24 04:08:27.403 - [INFO ] - Started CcmgtApplication in 22.416 seconds (JVM running for 26.722)
2026-02-24 04:08:27.484 - [INFO ] - ccmgt init
2026-02-24 04:08:28.062 - [INFO ] - hikari-pool - Starting...
2026-02-24 04:08:28.466 - [INFO ] - RabbitMQ connected!
2026-02-24 04:08:29.915 - [INFO ] - hikari-pool - Start completed.
2026-02-24 04:08:36.071 - [INFO ] - Initializing Spring DispatcherServlet 'dispatcherServlet'
2026-02-24 04:08:56.369 - [INFO ] - internal->61.158.166.43:5060
2026-02-24 04:08:56.378 - [INFO ] - ESL Client connected ..(61.158.166.43:8021[b5b0da6f-cb6d-48e6-a5bb-5b62591b3d28])
2026-02-24 04:08:56.499 - [INFO ] - internal_sip_port->5060
2026-02-24 04:08:56.500 - [INFO ] - external_sip_port->5080
2026-02-24 04:09:02.005 - [INFO ] - fs[b5b0da6f-cb6d-48e6-a5bb-5b62591b3d28] CallThread start
2026-02-24 04:09:02.367 - [INFO ] - internal->61.158.166.44:5060
2026-02-24 04:09:02.368 - [INFO ] - ESL Client connected ..(61.158.166.44:8021[8017ad90-ce56-4f72-b4a2-f5bd3409f824])
2026-02-24 04:09:02.421 - [INFO ] - internal_sip_port->5060
2026-02-24 04:09:02.422 - [INFO ] - external_sip_port->5080
2026-02-24 04:09:08.205 - [INFO ] - fs[8017ad90-ce56-4f72-b4a2-f5bd3409f824] CallThread start
2026-02-24 04:09:08.564 - [INFO ] - internal->61.158.166.45:5060
2026-02-24 04:09:08.564 - [INFO ] - ESL Client connected ..(61.158.166.45:8021[23725a4f-ef02-41d9-8caa-68a371939e59])
2026-02-24 04:09:08.609 - [INFO ] - internal_sip_port->5060
2026-02-24 04:09:08.609 - [INFO ] - external_sip_port->5080
2026-02-24 04:09:14.138 - [INFO ] - fs[23725a4f-ef02-41d9-8caa-68a371939e59] CallThread start
2026-02-24 04:09:14.514 - [INFO ] - internal->61.158.166.46:5060
2026-02-24 04:09:14.515 - [INFO ] - ESL Client connected ..(61.158.166.46:8021[156ed2c4-e018-4c22-b302-e3cf0edec24c])
2026-02-24 04:09:14.557 - [INFO ] - internal_sip_port->5060
2026-02-24 04:09:14.557 - [INFO ] - external_sip_port->5080
2026-02-24 04:09:20.099 - [INFO ] - fs[156ed2c4-e018-4c22-b302-e3cf0edec24c] CallThread start
2026-02-24 05:11:37.829 - [INFO ] - Error parsing HTTP request header
 Note: further occurrences of HTTP request parsing errors will be logged at DEBUG level.
java.lang.IllegalArgumentException: Invalid character found in method name [0x160x030x010x00{0x010x000x00w0x030x03c0x890x8a0xdcJr0x1a0xaaR0xaa-0xff0xcc0xa4/z0x860xc3V0xeb0xc70xf90x06F[0x1f0xd1k0x8c0xb4ht0x000x000x1a0xc0/0xc0+0xc00x110xc00x070xc00x130xc00x090xc00x140xc00x0a0x000x050x00/0x0050xc00x120x000x0a0x010x000x0040x000x050x000x050x010x000x000x000x000x000x0a0x000x080x000x060x000x170x000x180x000x190x000x0b0x000x020x010x000x000x0d0x000x100x000x0e0x040x010x040x030x020x010x020x030x040x010x050x010x060x010xff0x010x000x01...]. HTTP method names must be tokens
	at org.apache.coyote.http11.Http11InputBuffer.parseRequestLine(Http11InputBuffer.java:417)
	at org.apache.coyote.http11.Http11Processor.service(Http11Processor.java:261)
	at org.apache.coyote.AbstractProcessorLight.process(AbstractProcessorLight.java:65)
	at org.apache.coyote.AbstractProtocol$ConnectionHandler.process(AbstractProtocol.java:888)
	at org.apache.tomcat.util.net.NioEndpoint$SocketProcessor.doRun(NioEndpoint.java:1597)
	at org.apache.tomcat.util.net.SocketProcessorBase.run(SocketProcessorBase.java:49)
	at java.base/java.util.concurrent.ThreadPoolExecutor.runWorker(ThreadPoolExecutor.java:1128)
	at java.base/java.util.concurrent.ThreadPoolExecutor$Worker.run(ThreadPoolExecutor.java:628)
	at org.apache.tomcat.util.threads.TaskThread$WrappingRunnable.run(TaskThread.java:61)
	at java.base/java.lang.Thread.run(Thread.java:829)
2026-02-24 05:12:42.391 - [INFO ] - Error parsing HTTP request header
 Note: further occurrences of HTTP request parsing errors will be logged at DEBUG level.
java.lang.IllegalArgumentException: Invalid character found in method name [SSH-2.0-Go0x0d...]. HTTP method names must be tokens
	at org.apache.coyote.http11.Http11InputBuffer.parseRequestLine(Http11InputBuffer.java:417)
	at org.apache.coyote.http11.Http11Processor.service(Http11Processor.java:261)
	at org.apache.coyote.AbstractProcessorLight.process(AbstractProcessorLight.java:65)
	at org.apache.coyote.AbstractProtocol$ConnectionHandler.process(AbstractProtocol.java:888)
	at org.apache.tomcat.util.net.NioEndpoint$SocketProcessor.doRun(NioEndpoint.java:1597)
	at org.apache.tomcat.util.net.SocketProcessorBase.run(SocketProcessorBase.java:49)
	at java.base/java.util.concurrent.ThreadPoolExecutor.runWorker(ThreadPoolExecutor.java:1128)
	at java.base/java.util.concurrent.ThreadPoolExecutor$Worker.run(ThreadPoolExecutor.java:628)
	at org.apache.tomcat.util.threads.TaskThread$WrappingRunnable.run(TaskThread.java:61)
	at java.base/java.lang.Thread.run(Thread.java:829)
2026-02-24 08:58:22.001 - [WARN ] - AgentQueue
java.lang.NullPointerException: null
	at cn.psycall.ccmgt.cti.AssignedAgent.execute(AssignedAgent.java:34)
	at cn.psycall.ccmgt.util.AgentQueue.exec(AgentQueue.java:43)
	at cn.psycall.ccmgt.util.AgentQueue.run(AgentQueue.java:24)
2026-02-24 08:58:22.506 - [WARN ] - AgentQueue
java.lang.NullPointerException: null
	at cn.psycall.ccmgt.cti.AssignedAgent.execute(AssignedAgent.java:34)
	at cn.psycall.ccmgt.util.AgentQueue.exec(AgentQueue.java:43)
	at cn.psycall.ccmgt.util.AgentQueue.run(AgentQueue.java:24)
2026-02-24 09:44:56.867 - [INFO ] - Error parsing HTTP request header
 Note: further occurrences of HTTP request parsing errors will be logged at DEBUG level.
java.lang.IllegalArgumentException: Invalid character found in method name [0x160x030x010x000xee0x010x000x000xea0x030x03i0xdcQ0xf14Uo^N0x880x17D0x860xe6"`0x090x82f0xb60xd00xb80xe80xe50xc20xf0`(0x0e0x910x0a0xd8]. HTTP method names must be tokens
	at org.apache.coyote.http11.Http11InputBuffer.parseRequestLine(Http11InputBuffer.java:417)
	at org.apache.coyote.http11.Http11Processor.service(Http11Processor.java:261)
	at org.apache.coyote.AbstractProcessorLight.process(AbstractProcessorLight.java:65)
	at org.apache.coyote.AbstractProtocol$ConnectionHandler.process(AbstractProtocol.java:888)
	at org.apache.tomcat.util.net.NioEndpoint$SocketProcessor.doRun(NioEndpoint.java:1597)
	at org.apache.tomcat.util.net.SocketProcessorBase.run(SocketProcessorBase.java:49)
	at java.base/java.util.concurrent.ThreadPoolExecutor.runWorker(ThreadPoolExecutor.java:1128)
	at java.base/java.util.concurrent.ThreadPoolExecutor$Worker.run(ThreadPoolExecutor.java:628)
	at org.apache.tomcat.util.threads.TaskThread$WrappingRunnable.run(TaskThread.java:61)
	at java.base/java.lang.Thread.run(Thread.java:829)
2026-02-24 09:52:56.254 - [WARN ] - ChannelPark
java.lang.NullPointerException: null
2026-02-24 10:11:57.566 - [WARN ] - ChannelPark
java.lang.NullPointerException: null
2026-02-24 10:11:57.643 - [WARN ] - ChannelPark
java.lang.NullPointerException: null
	at cn.psycall.ccmgt.cti.ChannelPark.run(ChannelPark.java:83)
	at java.base/java.util.concurrent.ThreadPoolExecutor.runWorker(ThreadPoolExecutor.java:1128)
	at java.base/java.util.concurrent.ThreadPoolExecutor$Worker.run(ThreadPoolExecutor.java:628)
	at java.base/java.lang.Thread.run(Thread.java:829)
2026-02-24 10:11:57.760 - [WARN ] - ChannelPark
java.lang.NullPointerException: null
	at cn.psycall.ccmgt.cti.ChannelPark.run(ChannelPark.java:83)
	at java.base/java.util.concurrent.ThreadPoolExecutor.runWorker(ThreadPoolExecutor.java:1128)
	at java.base/java.util.concurrent.ThreadPoolExecutor$Worker.run(ThreadPoolExecutor.java:628)
	at java.base/java.lang.Thread.run(Thread.java:829)
2026-02-24 10:11:57.763 - [WARN ] - ChannelPark
java.lang.NullPointerException: null
2026-02-24 10:13:35.117 - [WARN ] - ChannelPark
java.lang.NullPointerException: null
2026-02-24 10:13:35.439 - [WARN ] - AgentQueue
java.lang.NullPointerException: null
2026-02-24 10:13:35.942 - [WARN ] - AgentQueue
java.lang.NullPointerException: null
2026-02-24 10:58:54.931 - [WARN ] - ChannelPark
java.lang.NullPointerException: null
2026-02-24 11:15:11.763 - [WARN ] - ChannelPark
java.lang.NullPointerException: null
2026-02-24 11:15:11.791 - [WARN ] - ChannelPark
java.lang.NullPointerException: null
2026-02-24 11:33:02.289 - [WARN ] - ChannelPark
java.lang.NullPointerException: null
2026-02-24 13:12:31.205 - [INFO ] - Error parsing HTTP request header
 Note: further occurrences of HTTP request parsing errors will be logged at DEBUG level.
java.lang.IllegalArgumentException: Invalid character found in method name [0x030x000x00/*0xe00x000x000x000x000x00Cookie:]. HTTP method names must be tokens
	at org.apache.coyote.http11.Http11InputBuffer.parseRequestLine(Http11InputBuffer.java:417)
	at org.apache.coyote.http11.Http11Processor.service(Http11Processor.java:261)
	at org.apache.coyote.AbstractProcessorLight.process(AbstractProcessorLight.java:65)
	at org.apache.coyote.AbstractProtocol$ConnectionHandler.process(AbstractProtocol.java:888)
	at org.apache.tomcat.util.net.NioEndpoint$SocketProcessor.doRun(NioEndpoint.java:1597)
	at org.apache.tomcat.util.net.SocketProcessorBase.run(SocketProcessorBase.java:49)
	at java.base/java.util.concurrent.ThreadPoolExecutor.runWorker(ThreadPoolExecutor.java:1128)
	at java.base/java.util.concurrent.ThreadPoolExecutor$Worker.run(ThreadPoolExecutor.java:628)
	at org.apache.tomcat.util.threads.TaskThread$WrappingRunnable.run(TaskThread.java:61)
	at java.base/java.lang.Thread.run(Thread.java:829)
2026-02-24 14:40:12.609 - [WARN ] - ChannelPark
java.lang.NullPointerException: null
2026-02-24 18:25:22.719 - [INFO ] - Error parsing HTTP request header
 Note: further occurrences of HTTP request parsing errors will be logged at DEBUG level.
java.lang.IllegalArgumentException: Invalid character found in method name [0x160x030x010x00{0x010x000x00w0x030x0330xbd0x910xdb0xd6"U0xcf0xcb0xd1Z0xeb0xa9Y0x9f0x100xedK0xca0xcc/0xf5e0xe20xf00x8c0x85H0xc890x8f0xd20x000x000x1a0xc0/0xc0+0xc00x110xc00x070xc00x130xc00x090xc00x140xc00x0a0x000x050x00/0x0050xc00x120x000x0a0x010x000x0040x000x050x000x050x010x000x000x000x000x000x0a0x000x080x000x060x000x170x000x180x000x190x000x0b0x000x020x010x000x000x0d0x000x100x000x0e0x040x010x040x030x020x010x020x030x040x010x050x010x060x010xff0x010x000x01...]. HTTP method names must be tokens
	at org.apache.coyote.http11.Http11InputBuffer.parseRequestLine(Http11InputBuffer.java:417)
	at org.apache.coyote.http11.Http11Processor.service(Http11Processor.java:261)
	at org.apache.coyote.AbstractProcessorLight.process(AbstractProcessorLight.java:65)
	at org.apache.coyote.AbstractProtocol$ConnectionHandler.process(AbstractProtocol.java:888)
	at org.apache.tomcat.util.net.NioEndpoint$SocketProcessor.doRun(NioEndpoint.java:1597)
	at org.apache.tomcat.util.net.SocketProcessorBase.run(SocketProcessorBase.java:49)
	at java.base/java.util.concurrent.ThreadPoolExecutor.runWorker(ThreadPoolExecutor.java:1128)
	at java.base/java.util.concurrent.ThreadPoolExecutor$Worker.run(ThreadPoolExecutor.java:628)
	at org.apache.tomcat.util.threads.TaskThread$WrappingRunnable.run(TaskThread.java:61)
	at java.base/java.lang.Thread.run(Thread.java:829)
2026-02-24 22:48:13.077 - [INFO ] - Error parsing HTTP request header
 Note: further occurrences of HTTP request parsing errors will be logged at DEBUG level.
java.lang.IllegalArgumentException: Invalid character found in method name [0x160x030x010x000xee0x010x000x000xea0x030x03<0xdfb(un0x920xdc0x830xb3nw0xef0x0a20xcdv|U]. HTTP method names must be tokens
	at org.apache.coyote.http11.Http11InputBuffer.parseRequestLine(Http11InputBuffer.java:417)
	at org.apache.coyote.http11.Http11Processor.service(Http11Processor.java:261)
	at org.apache.coyote.AbstractProcessorLight.process(AbstractProcessorLight.java:65)
	at org.apache.coyote.AbstractProtocol$ConnectionHandler.process(AbstractProtocol.java:888)
	at org.apache.tomcat.util.net.NioEndpoint$SocketProcessor.doRun(NioEndpoint.java:1597)
	at org.apache.tomcat.util.net.SocketProcessorBase.run(SocketProcessorBase.java:49)
	at java.base/java.util.concurrent.ThreadPoolExecutor.runWorker(ThreadPoolExecutor.java:1128)
	at java.base/java.util.concurrent.ThreadPoolExecutor$Worker.run(ThreadPoolExecutor.java:628)
	at org.apache.tomcat.util.threads.TaskThread$WrappingRunnable.run(TaskThread.java:61)
	at java.base/java.lang.Thread.run(Thread.java:829)
